[1,["c0NiNM8YtLZrtIHc25DNRM"],["_textureSetter"],["cc.SpriteFrame"],0,[[[{"name":"ui_bg_btm","rect":[759,1133,756,181],"offset":[0,0],"originalSize":[756,181],"capInsets":[0,0,0,0]}],[0],0,[0],[0],[0]],[[{"name":"ui_reel_bg","rect":[1,1,756,778],"offset":[0,0],"originalSize":[756,778],"capInsets":[0,0,0,0]}],[0],0,[0],[0],[0]],[[{"name":"ui_footer","rect":[1,781,756,450],"offset":[0,0],"originalSize":[756,450],"capInsets":[0,0,0,0]}],[0],0,[0],[0],[0]],[[{"name":"ui_bg_top","rect":[759,759,756,372],"offset":[0,0],"originalSize":[756,372],"capInsets":[0,0,0,0]}],[0],0,[0],[0],[0]]]]