[1,["26rOyUZM1AUoDBSQQjJEMa"],["_textureSetter"],["cc.SpriteFrame"],0,[[[{"name":"ps_border_c_screen_01","rect":[462,274,199,155],"offset":[1,1],"originalSize":[245,515],"capInsets":[0,0,0,0]}],[0],0,[0],[0],[0]],[[{"name":"ps_border_c_screen_02","rect":[462,1,199,271],"offset":[1,1],"originalSize":[245,515],"capInsets":[0,0,0,0]}],[0],0,[0],[0],[0]],[[{"name":"ps_border_c_screen_03","rect":[204,1,201,403],"offset":[1,1],"originalSize":[245,515],"capInsets":[0,0,0,0]}],[0],0,[0],[0],[0]],[[{"name":"ps_border_c_screen_00","rect":[462,431,197,75],"offset":[1,1],"originalSize":[245,515],"capInsets":[0,0,0,0]}],[0],0,[0],[0],[0]]]]