[1,["41ADbapuFOvaCl7hZRIXGQ","b45UWMiM9Gnr5c/WLNAIrq","c5bRzwFCpE9qJAfsXwcIcE","3crvX/vopBYIj8U90y87oB","0dIhgfPzBLYqcAj9BdEyUW","3a20rQrxNGebrujf6qmpZI","d5rspckLtN1p+m4lqA95d3","fcrYkaWPFCVa+8F3LFLg9j","38c+H7EsxIPrkKJFRCbj7V","06IHUVe+9E9r3nhA36TxEr","51MbohqGlDkYs1A+BgPhPq","fbIVETWYBD6pu00lDSfuzY","beG+JqO5NCd7mgkky4uP7d","575eqly7tC7Z4uTvmSszIM","efptUeS6lL3rUfPFTqVjyy","6feoWS2+lLJagX1gsvBTQ6","62aO7OySlKjJdr3NyrcG7K","127Sc3sOdL7JRHsU/LA2b9","e9XB0Z7E1JzKpPMiMCJR6L","402l8fBVtIBoZtTHAgKzfy","76aQ/aTchL0pmuyyIVGjM5","49PY4b3v9FybJUCBYdiJvl","aasybuVo1F0bpmzt5IUjmH","57Y5AfDVtDsaSM8PhkQ5Nh","c308/MnIBCMbjXc1cevFVW","1eyDMYuYhFwppPvULPoj6a","c2EE3acmtHcb8lDUyiyRfk","8dc6wBpN1NWIlOMi0NsTAv","6c5R78meJF+ZELk1y+pwX9"],["value"],[["cc.AnimationClip",["_name","_duration","sample","wrapMode","curveData"],-1,11]],[[0,0,1,2,3,4,5]],[[0,"firework_b",3.05,20,2,[{},"paths",11,[{},"firework_1",11,[{},"comps",11,[{},"cc.Sprite",11,[{},"spriteFrame",12,[[[{"frame":0},"value",6,0],[{"frame":0.05},"value",6,1],[{"frame":0.1},"value",6,2],[{"frame":0.15},"value",6,3],[{"frame":0.2},"value",6,4],[{"frame":0.25},"value",6,5],[{"frame":0.3},"value",6,6],[{"frame":0.35},"value",6,7],[{"frame":0.4},"value",6,8],[{"frame":0.45},"value",6,9],[{"frame":0.5},"value",6,10],[{"frame":0.55},"value",6,11],[{"frame":0.6},"value",6,12],[{"frame":0.65},"value",6,13],[{"frame":0.7},"value",6,14],[{"frame":0.75},"value",6,15],[{"frame":0.8},"value",6,16],[{"frame":0.85},"value",6,17],[{"frame":0.9},"value",6,18],[{"frame":0.95},"value",6,19],[{"frame":1},"value",6,20],[{"frame":1.05},"value",6,21],[{"frame":1.1},"value",6,22],[{"frame":1.15},"value",6,23],[{"frame":1.2},"value",6,24],[{"frame":1.25},"value",6,25],[{"frame":1.3},"value",6,26],[{"frame":1.35},"value",6,27],[{"frame":1.4},"value",6,28],{"frame":1.45,"value":null},{"frame":3,"value":null}],11,11,11,11,11,11,11,11,11,11,11,11,11,11,11,11,11,11,11,11,11,11,11,11,11,11,11,11,11,0,0]]]],"firework_2",11,[{},"comps",11,[{},"cc.Sprite",11,[{},"spriteFrame",12,[[[{"frame":0},"value",6,29],[{"frame":0.05},"value",6,30],[{"frame":0.1},"value",6,31],[{"frame":0.15},"value",6,32],[{"frame":0.2},"value",6,33],[{"frame":0.25},"value",6,34],[{"frame":0.3},"value",6,35],[{"frame":0.35},"value",6,36],[{"frame":0.4},"value",6,37],[{"frame":0.45},"value",6,38],[{"frame":0.5},"value",6,39],[{"frame":0.55},"value",6,40],[{"frame":0.6},"value",6,41],[{"frame":0.65},"value",6,42],[{"frame":0.7},"value",6,43],[{"frame":0.75},"value",6,44],[{"frame":0.8},"value",6,45],[{"frame":0.85},"value",6,46],[{"frame":0.9},"value",6,47],[{"frame":0.95},"value",6,48],[{"frame":1},"value",6,49],[{"frame":1.05},"value",6,50],[{"frame":1.1},"value",6,51],[{"frame":1.15},"value",6,52],[{"frame":1.2},"value",6,53],[{"frame":1.25},"value",6,54],[{"frame":1.3},"value",6,55],[{"frame":1.35},"value",6,56],[{"frame":1.4},"value",6,57],{"frame":1.45,"value":null}],11,11,11,11,11,11,11,11,11,11,11,11,11,11,11,11,11,11,11,11,11,11,11,11,11,11,11,11,11,0]]]],"firework_3",11,[{},"comps",11,[{},"cc.Sprite",11,[{},"spriteFrame",12,[[[{"frame":0},"value",6,58],[{"frame":0.05},"value",6,59],[{"frame":0.1},"value",6,60],[{"frame":0.15},"value",6,61],[{"frame":0.2},"value",6,62],[{"frame":0.25},"value",6,63],[{"frame":0.3},"value",6,64],[{"frame":0.35},"value",6,65],[{"frame":0.4},"value",6,66],[{"frame":0.45},"value",6,67],[{"frame":0.5},"value",6,68],[{"frame":0.55},"value",6,69],[{"frame":0.6},"value",6,70],[{"frame":0.65},"value",6,71],[{"frame":0.7},"value",6,72],[{"frame":0.75},"value",6,73],[{"frame":0.8},"value",6,74],[{"frame":0.85},"value",6,75],[{"frame":0.9},"value",6,76],[{"frame":0.95},"value",6,77],[{"frame":1},"value",6,78],[{"frame":1.05},"value",6,79],[{"frame":1.1},"value",6,80],[{"frame":1.15},"value",6,81],[{"frame":1.2},"value",6,82],[{"frame":1.25},"value",6,83],[{"frame":1.3},"value",6,84],[{"frame":1.35},"value",6,85],[{"frame":1.4},"value",6,86],{"frame":1.45,"value":null}],11,11,11,11,11,11,11,11,11,11,11,11,11,11,11,11,11,11,11,11,11,11,11,11,11,11,11,11,11,0]]]],"firework_4",11,[{},"comps",11,[{},"cc.Sprite",11,[{},"spriteFrame",12,[[[{"frame":0},"value",6,87],[{"frame":0.05},"value",6,88],[{"frame":0.1},"value",6,89],[{"frame":0.15},"value",6,90],[{"frame":0.2},"value",6,91],[{"frame":0.25},"value",6,92],[{"frame":0.3},"value",6,93],[{"frame":0.35},"value",6,94],[{"frame":0.4},"value",6,95],[{"frame":0.45},"value",6,96],[{"frame":0.5},"value",6,97],[{"frame":0.55},"value",6,98],[{"frame":0.6},"value",6,99],[{"frame":0.65},"value",6,100],[{"frame":0.7},"value",6,101],[{"frame":0.75},"value",6,102],[{"frame":0.8},"value",6,103],[{"frame":0.85},"value",6,104],[{"frame":0.9},"value",6,105],[{"frame":0.95},"value",6,106],[{"frame":1},"value",6,107],[{"frame":1.05},"value",6,108],[{"frame":1.1},"value",6,109],[{"frame":1.15},"value",6,110],[{"frame":1.2},"value",6,111],[{"frame":1.25},"value",6,112],[{"frame":1.3},"value",6,113],[{"frame":1.35},"value",6,114],[{"frame":1.4},"value",6,115],{"frame":1.45,"value":null}],11,11,11,11,11,11,11,11,11,11,11,11,11,11,11,11,11,11,11,11,11,11,11,11,11,11,11,11,11,0]]]]]]]],0,0,[0,0,0,0,0,0,0,0,0,0,0,0,0,0,0,0,0,0,0,0,0,0,0,0,0,0,0,0,0,0,0,0,0,0,0,0,0,0,0,0,0,0,0,0,0,0,0,0,0,0,0,0,0,0,0,0,0,0,0,0,0,0,0,0,0,0,0,0,0,0,0,0,0,0,0,0,0,0,0,0,0,0,0,0,0,0,0,0,0,0,0,0,0,0,0,0,0,0,0,0,0,0,0,0,0,0,0,0,0,0,0,0,0,0,0,0],[0,0,0,0,0,0,0,0,0,0,0,0,0,0,0,0,0,0,0,0,0,0,0,0,0,0,0,0,0,0,0,0,0,0,0,0,0,0,0,0,0,0,0,0,0,0,0,0,0,0,0,0,0,0,0,0,0,0,0,0,0,0,0,0,0,0,0,0,0,0,0,0,0,0,0,0,0,0,0,0,0,0,0,0,0,0,0,0,0,0,0,0,0,0,0,0,0,0,0,0,0,0,0,0,0,0,0,0,0,0,0,0,0,0,0,0],[0,1,2,3,4,5,6,7,8,9,10,11,12,13,14,15,16,17,18,19,20,21,22,23,24,25,26,27,28,0,1,2,3,4,5,6,7,8,9,10,11,12,13,14,15,16,17,18,19,20,21,22,23,24,25,26,27,28,0,1,2,3,4,5,6,7,8,9,10,11,12,13,14,15,16,17,18,19,20,21,22,23,24,25,26,27,28,0,1,2,3,4,5,6,7,8,9,10,11,12,13,14,15,16,17,18,19,20,21,22,23,24,25,26,27,28]]