[1,["13gPRE/vJJOr0vgoMH+rMi","42zScRMNxP1LQFk11im75X","20CS5NTulKdKm/kLiRCNJz","a5yZhTbeJM1ZiEtsB2fXj7","fcpShMsh5JbZqxU08tYp5X","ecaVxLzSNIM60vq4P2s0Bs","0eK3BQ2tdHeZ+JtuLJ2C/s","97rHBk13dGxKljBfqxeLev","60JYWv3BZLzr8WQSwT/0bk","70FYOmWvRKl7GzCCG/RVJs","a4Kinn36lARpg7YYa1+UXc","7d0M5bjzFD4YkrUkXzf41j","d3pR+ym4FPzrBK/IDE1ZcS"],["_textureSetter","0_green","1_green","2_green","3_green","4_green","5_green","6_green","7_green","8_green","9_green","comma_green","decimal_green"],["cc.SpriteFrame",["cc.SpriteAtlas",["_name","_spriteFrames"],2,11]],[[1,0,1,2]],[[[{"name":"5_green","rect":[85,1,26,39],"offset":[0,0],"originalSize":[26,39],"capInsets":[0,0,0,0]}],[0],0,[0],[0],[0]],[[{"name":"1_green","rect":[1,96,18,39],"offset":[0,0],"originalSize":[18,39],"rotated":1,"capInsets":[0,0,0,0]}],[0],0,[0],[0],[0]],[[{"name":"0_green","rect":[1,1,31,40],"offset":[0,0],"originalSize":[31,40],"rotated":1,"capInsets":[0,0,0,0]}],[0],0,[0],[0],[0]],[[{"name":"7_green","rect":[85,42,26,39],"offset":[0,0],"originalSize":[26,39],"capInsets":[0,0,0,0]}],[0],0,[0],[0],[0]],[[{"name":"8_green","rect":[43,32,28,40],"offset":[0,0],"originalSize":[28,40],"rotated":1,"capInsets":[0,0,0,0]}],[0],0,[0],[0],[0]],[[{"name":"comma_green","rect":[83,83,12,17],"offset":[0,0],"originalSize":[12,17],"rotated":1,"capInsets":[0,0,0,0]}],[0],0,[0],[0],[0]],[[{"name":"6_green","rect":[42,62,28,39],"offset":[0,0],"originalSize":[28,39],"rotated":1,"capInsets":[0,0,0,0]}],[0],0,[0],[0],[0]],[[{"name":"9_green","rect":[1,66,28,39],"offset":[0,0],"originalSize":[28,39],"rotated":1,"capInsets":[0,0,0,0]}],[0],0,[0],[0],[0]],[[{"name":"2_green","rect":[43,1,29,40],"offset":[0,0],"originalSize":[29,40],"rotated":1,"capInsets":[0,0,0,0]}],[0],0,[0],[0],[0]],[[[0,"Bmf_green.plist",[{},"0_green",6,0,"1_green",6,1,"2_green",6,2,"3_green",6,3,"4_green",6,4,"5_green",6,5,"6_green",6,6,"7_green",6,7,"8_green",6,8,"9_green",6,9,"comma_green",6,10,"decimal_green",6,11]]],0,0,[0,0,0,0,0,0,0,0,0,0,0,0],[1,2,3,4,5,6,7,8,9,10,11,12],[1,2,3,4,5,6,7,8,9,10,11,12]],[[{"name":"decimal_green","rect":[83,97,12,13],"offset":[0,0],"originalSize":[12,13],"capInsets":[0,0,0,0]}],[0],0,[0],[0],[0]],[[{"name":"4_green","rect":[1,34,30,39],"offset":[0,0],"originalSize":[30,39],"rotated":1,"capInsets":[0,0,0,0]}],[0],0,[0],[0],[0]],[[{"name":"3_green","rect":[42,92,27,39],"offset":[0,0],"originalSize":[27,39],"rotated":1,"capInsets":[0,0,0,0]}],[0],0,[0],[0],[0]]]]