[1,["dbC6j+x8hGYrd2TuKwTyKW","2e4KKXekxK2pkK3Ql4t86A","16NdHVv1lABa574sHjz5ub","54753cI19OwZzR9LWH5nvg","cdeIdh0YNIeYDz459M7a4u","cet/1D9fRHU43hbtnsxg8e","b5T27oDFVN5pIsBG4uGkq/","f29soDPThOCZts6xuht/me","84bphIQG1C247GbowPxSx6"],["bw","bw_bg","bw_bg_coin","bw_pattern","mw","mw_bg_coin","smw","smw_bg_coin","_textureSetter"],["cc.SpriteFrame",["cc.SpriteAtlas",["_name","_spriteFrames"],2,11]],[[1,0,1,2]],[[[[0,"bw_effect.plist",[{},"bw",6,0,"bw_bg",6,1,"bw_bg_coin",6,2,"bw_pattern",6,3,"mw",6,4,"mw_bg_coin",6,5,"smw",6,6,"smw_bg_coin",6,7]]],0,0,[0,0,0,0,0,0,0,0],[0,1,2,3,4,5,6,7],[0,1,2,3,4,5,6,7]],[[{"name":"bw_pattern","rect":[1,761,758,530],"offset":[0,-1],"originalSize":[1512,1060],"rotated":1,"capInsets":[0,0,0,0]}],[0],0,[0],[8],[8]]]]