{"paths":{"0":["assetGet/alats/Symbol/Alats35",4],"1":["Audio/featureBuyStart",0],"2":["Audio/vox/voxRandom06",0],"3":["Audio/vox/voxRandom02",0],"4":["assetGet/alats/Symbol/Scatter/Alats46",4],"5":["assetGet/alats/Symbol/Alats64",4],"6":["Audio/heartbeatSlowdrop",0],"7":["assetGet/alats/InfoBar/Alats17",4],"8":["Audio/vox/voxPayout2tiao",0],"9":["Audio/vox/voxRandom04",0],"10":["assetGet/alats/Alats60",4],"11":["assetGet/alats/InfoBar/Alats24",4],"12":["Audio/featureBuyBtn",0],"13":["assetGet/img/2",4],"14":["assetGet/alats/Symbol/Alats68",4],"15":["Audio/menu_icon_press",0],"16":["assetGet/alats/Fs/Atlast4/Alats4",4],"17":["assetGet/CachChoi/02",4],"18":["assetGet/alats/Symbol/Alats38",4],"19":["Audio/vox/voxPayout8wan",0],"20":["Audio/vox/voxPayoutBaiban",0],"21":["Audio/vox/voxRandom05",0],"22":["assetGet/alats/Alats14",4],"23":["assetGet/img/16",4],"24":["Audio/vox/voxPayoutHongzhong",0],"25":["assetGet/alats/Fs/Alats32",4],"26":["Audio/multiCombine",0],"27":["assetGet/alats/InfoBar/Alats16",4],"28":["Audio/prizeInfobarTotalwinMedMain",0],"29":["assetGet/alats/Symbol/Scatter/Alats47",4],"30":["assetGet/alats/MultiControl/Alats52",4],"31":["Audio/vox/reelStopSingle",0],"32":["Audio/vox/voxRandom08",0],"33":["Audio/vox/voxPayoutFacai",0],"34":["assetGet/alats/Fs/Alats43",4],"35":["Audio/vox/voxRandom07",0],"36":["Audio/uiInfo",0],"37":["Audio/fastspinStart",0],"38":["assetGet/img/3",4],"39":["Audio/vox/voxRandom09",0],"40":["assetGet/alats/Fs/Alats7",4],"41":["Audio/heartbeat",0],"42":["Audio/vox/infoBoard/infoboardTotalwinMedwinEnd",0],"43":["assetGet/alats/InfoBar/Alats26",4],"44":["Audio/vox/infoBoard/infoboardTotalwin",0],"45":["assetGet/CachChoi/06",4],"46":["Audio/uiCollect",0],"47":["assetGet/alats/InfoBar/Alats59",4],"48":["assetGet/alats/Symbol/Alats42",4],"49":["assetGet/alats/Dragon/Alats61",4],"50":["Audio/symWild",0],"51":["assetGet/CachChoi/04",4],"52":["assetGet/alats/InfoBar/Alats23",4],"53":["Audio/vox/voxMultiply4x",0],"54":["assetGet/alats/Fs/Alats10",4],"55":["assetGet/alats/Dragon/Alats63",4],"56":["Audio/vox/voxRandom11",0],"57":["assetGet/CachChoi/05",4],"58":["Audio/spinStopQuick",0],"59":["assetGet/alats/InfoBar/Alats19",4],"60":["assetGet/alats/ButtonSpin/Alats55",4],"61":["assetGet/img/66",4],"62":["Audio/bgm_mg",0],"63":["Audio/symScatter",0],"64":["Audio/scatterWinHighligh",0],"65":["assetGet/alats/Dragon/Alats67",4],"66":["assetGet/alats/Background/Alats66",4],"67":["Audio/vox/voxPayout5tiao",0],"68":["assetGet/alats/InfoBar/Alats62",4],"69":["Audio/spinActiveLoop",0],"70":["assetGet/alats/InfoBar/Alats29",4],"71":["Audio/list_item_click",0],"72":["assetGet/alats/Fs/Alats33",4],"73":["Audio/vox/voxRandom03",0],"74":["assetGet/alats/InfoBar/Alats20",4],"75":["Audio/vox/voxMultiply5x",0],"76":["Audio/vox/voxMultiply6x",0],"77":["assetGet/CachChoi/03",4],"78":["assetGet/alats/Fs/Alats6",4],"79":["assetGet/img/9",4],"80":["assetGet/alats/Symbol/Scatter/Alats45",4],"81":["assetGet/alats/Dragon/Alats13",4],"82":["Audio/vox/reelQuickstop",0],"83":["Audio/fsWonRemainingIncrease",0],"84":["assetGet/alats/Win/Alats8",4],"85":["Audio/vox/voxRandom01",0],"86":["Audio/prizeInfobarTotalwin",0],"87":["assetGet/alats/Fs/Alats2",4],"88":["Audio/vox/infoBoard/infoboardTotalwinBigwin",0],"89":["assetGet/CachChoi/01",4],"90":["Audio/spinStop",0],"91":["Audio/bgmTotalwinEnd",0],"92":["Audio/fsSpin",0],"93":["Audio/prizeInfobarTotalwinMedEnd",0],"94":["Audio/vox/voxPayout5tong",0],"95":["assetGet/alats/Symbol/Alats39",4],"96":["assetGet/alats/Dragon/Alats30",4],"97":["assetGet/alats/Symbol/Scatter/Alats41",4],"98":["Audio/vox/voxRandom12",0],"99":["Audio/vox/voxMultiply10x",0],"100":["Audio/fsIntro",0],"101":["assetGet/alats/ButtonSpin/Alats54",4],"102":["assetGet/alats/MultiControl/Alats51",4],"103":["Audio/symCollapse",0],"104":["assetGet/img/19",4],"105":["Audio/prizeSmallwin",0],"106":["Audio/vox/fsDragonFly",0],"107":["assetGet/alats/MultiControl/Alats50",4],"108":["Audio/vox/maJiangHuLe",0],"109":["assetGet/alats/Fs/Alats12",4],"110":["Audio/featureBuyHover",0],"111":["Audio/prizeSmallwinMultiplied",0],"112":["assetGet/img/10",4],"113":["assetGet/alats/Fs/Alats5",4],"114":["assetGet/alats/ButtonSpin/Alats31",4],"115":["Audio/vox/voxMultiply3x",0],"116":["assetGet/alats/MultiControl/Alats49",4],"117":["Audio/prizeInfobarUpgrade",0],"118":["assetGet/alats/InfoBar/Alats18",4],"119":["assetGet/alats/Win/Alats34",4],"120":["assetGet/img/launch",4],"121":["Audio/fsWonTitle",0],"122":["Audio/vox/voxRandom10",0],"123":["Audio/rouletteStart",0],"124":["assetGet/img/1",4],"125":["assetGet/alats/InfoBar/Alats27",4],"126":["assetGet/alats/Win/Alats40",4],"127":["Audio/heartbeatNoise",0],"128":["Audio/bgmTotalwinMain",0],"129":["Audio/vox/fsMultiplyRefresh",0],"130":["Audio/slider_effect",0],"131":["Audio/symShrink",0],"132":["assetGet/alats/ButtonSpin/Alats53",4],"133":["assetGet/alats/Symbol/Alats36",4],"134":["assetGet/alats/Symbol/Alats37",4],"135":["assetGet/alats/Background/Alats65",4],"136":["Audio/vox/infoBoard/infoboardTotalwinMedwin",0],"137":["assetGet/alats/BigWin/Alats57",4],"138":["Audio/bgm_fs",0],"139":["Audio/rouletteLoop",0],"140":["Audio/uiStart",0],"141":["assetGet/alats/Alats58",4],"142":["assetGet/alats/Font/Alats9",4],"143":["assetGet/alats/Symbol/Scatter/Alats48",4],"144":["assetGet/alats/BigWin/Alats56",4],"145":["Audio/spinBtn",0],"146":["Audio/fastspinEnd",0],"147":["Audio/bgmBigwinMain",0],"148":["Audio/vox/voxPayout3tong",0],"149":["Audio/fsTrans",0],"150":["assetGet/alats/InfoBar/Alats25",4],"151":["Audio/bgmBigwinEndCoins",0],"152":["Audio/vox/multiplierUpUpUp",0],"153":["Audio/featureBuyCancel",0],"154":["assetGet/alats/Font/Alats44",4],"155":["Audio/bgmBigwinEnd",0],"156":["Audio/vox/voxPayout2tong",0],"157":["Audio/vox/voxMultiply2x",0],"158":["assetGet/alats/InfoBar/Alats20",5],"159":["assetGet/Animation/MultiCtr/upMultiFS",2],"160":["assetGet/alats/Fs/Alats7",5],"161":["assetGet/alats/Dragon/Alats61",5],"162":["assetGet/Animation/wincoin",2],"163":["assetGet/Animation/Scatter/effectBgScatter",2],"164":["Frefabs/TakeSymbol1",1],"165":["assetGet/Animation/Scatter/effBgFs",2],"166":["assetGet/alats/Symbol/Alats38",5],"167":["assetGet/Animation/MultiCtr/bonusBgMulti",2],"168":["assetGet/Animation/MultiCtr/multiplierLoop",2],"169":["assetGet/alats/Fs/Alats6",5],"170":["assetGet/img/2",3,1],"171":["assetGet/Animation/ButtonSpin/Btn_Click",2],"172":["assetGet/alats/InfoBar/Alats16",5],"173":["assetGet/CachChoi/05",3,1],"174":["Frefabs/Coin",1],"175":["assetGet/alats/MultiControl/Alats50",5],"176":["assetGet/Animation/fast_vfx_c",2],"177":["assetGet/alats/InfoBar/Alats29",5],"178":["assetGet/alats/Symbol/Scatter/Alats48",5],"179":["assetGet/Animation/FreeSpin/btnEndFS",2],"180":["assetGet/img/16",3,1],"181":["Frefabs/NearFreeSpin",1],"182":["assetGet/alats/InfoBar/Alats62",5],"183":["assetGet/alats/Symbol/Alats37",5],"184":["Frefabs/EffectRemoveItem",1],"185":["assetGet/Animation/FreeSpin/particleFs",2],"186":["assetGet/img/66",3,1],"187":["assetGet/Animation/fast_vfx_a",2],"188":["assetGet/alats/BigWin/Alats56",5],"189":["assetGet/alats/Alats58",5],"190":["assetGet/Animation/BigWin/MegaWin1",2],"191":["assetGet/alats/InfoBar/Alats24",5],"192":["assetGet/alats/Win/Alats8",5],"193":["assetGet/Animation/InfoBar/TakeMoney",2],"194":["assetGet/img/3",3,1],"195":["assetGet/alats/Fs/Alats2",5],"196":["assetGet/Animation/ingot_shine",2],"197":["assetGet/alats/InfoBar/Alats25",5],"198":["assetGet/Animation/TakeItem/remove",2],"199":["Frefabs/Bigwin",1],"200":["assetGet/Animation/BigWin/LoopBg",2],"202":["assetGet/alats/Symbol/Alats64",5],"203":["assetGet/alats/Symbol/Alats42",5],"204":["assetGet/Animation/InfoBar/TakeTotalWin",2],"205":["assetGet/Animation/TakeItem/takeSymbol1",2],"206":["assetGet/Animation/TakeItem/takeSymbol2",2],"207":["assetGet/Animation/bonus_glow",2],"208":["assetGet/alats/InfoBar/Alats23",5],"209":["assetGet/CachChoi/02",3,1],"210":["assetGet/alats/Fs/Alats12",5],"211":["Frefabs/NodeAddShuff",1],"212":["assetGet/Animation/TakeItem/takeSymbol",2],"213":["assetGet/Animation/BigWin/BgCoinLoop",2],"215":["assetGet/alats/InfoBar/Alats59",5],"216":["assetGet/Animation/BigWin/ParticleLoop",2],"217":["assetGet/CachChoi/03",3,1],"218":["assetGet/alats/Dragon/Alats13",5],"219":["assetGet/alats/Symbol/Scatter/Alats45",5],"220":["assetGet/Animation/FreeSpin/particleLoopFS",2],"221":["assetGet/Animation/fast_vfx_d",2],"222":["assetGet/alats/InfoBar/Alats19",5],"223":["assetGet/alats/MultiControl/Alats49",5],"224":["assetGet/CachChoi/01",3,1],"225":["assetGet/Animation/dragon",2],"227":["assetGet/alats/ButtonSpin/Alats54",5],"228":["assetGet/Animation/BigWin/LoopLight",2],"229":["assetGet/Animation/TakeItem/takeSymbolWild",2],"230":["assetGet/alats/Symbol/Scatter/Alats47",5],"231":["assetGet/alats/Background/Alats65",5],"232":["assetGet/alats/Win/Alats34",5],"233":["assetGet/alats/Fs/Alats43",5],"234":["Frefabs/CachChoi",1],"235":["assetGet/img/9",3,1],"236":["assetGet/alats/InfoBar/Alats17",5],"237":["Frefabs/DragonFreeSpin",1],"238":["assetGet/alats/Symbol/Alats35",5],"239":["assetGet/alats/Symbol/Scatter/Alats46",5],"240":["assetGet/CachChoi/06",3,1],"241":["assetGet/alats/Background/Alats66",5],"242":["assetGet/alats/Dragon/Alats30",5],"243":["Frefabs/EndFreeSpin",1],"244":["assetGet/Animation/BigWin/BigWin3",2],"245":["assetGet/Animation/Scatter/effectScatter",2],"246":["assetGet/alats/InfoBar/Alats27",5],"248":["assetGet/Animation/scatter_vfx_b",2],"249":["assetGet/alats/Symbol/Scatter/Alats41",5],"250":["assetGet/alats/Fs/Alats32",5],"251":["Frefabs/ItemSymbolMatChuoc",1],"252":["assetGet/img/19",3,1],"253":["Frefabs/LichSu",1],"254":["assetGet/Animation/InfoBar/TakeMoney2",2],"255":["assetGet/Animation/BigWin/BigWin2",2],"256":["assetGet/alats/InfoBar/Alats26",5],"257":["assetGet/CachChoi/04",3,1],"258":["assetGet/img/10",3,1],"259":["assetGet/Animation/scatter_vfx_c",2],"260":["assetGet/alats/Fs/Alats10",5],"261":["Frefabs/BkgTakeSymbol",1],"262":["assetGet/alats/Symbol/Alats36",5],"263":["assetGet/Animation/InfoBar/TakeBig",2],"264":["assetGet/alats/BigWin/Alats57",5],"265":["assetGet/alats/Dragon/Alats63",5],"266":["assetGet/alats/Alats60",5],"267":["assetGet/img/launch",3,1],"268":["Frefabs/NearFS",1],"269":["assetGet/alats/ButtonSpin/Alats55",5],"270":["assetGet/alats/Font/Alats9",5],"271":["assetGet/Animation/InfoBar/laplanh",2],"272":["assetGet/Animation/MultiCtr/multiTake",2],"273":["assetGet/alats/Fs/Alats5",5],"274":["assetGet/alats/MultiControl/Alats51",5],"275":["assetGet/img/1",3,1],"277":["assetGet/alats/MultiControl/Alats52",5],"278":["assetGet/Animation/BigWin/SuperWin1",2],"279":["assetGet/alats/ButtonSpin/Alats53",5],"280":["assetGet/alats/Symbol/Alats39",5],"281":["Frefabs/NodeAddScater",1],"282":["assetGet/Animation/win_vfx_b",2],"283":["assetGet/alats/Symbol/Alats68",5],"284":["assetGet/alats/Dragon/Alats67",5],"285":["assetGet/alats/Font/Alats44",5],"286":["assetGet/Animation/FreeSpin/particleLoopBtnStart",2],"287":["assetGet/alats/ButtonSpin/Alats31",5],"288":["assetGet/alats/Fs/Atlast4/Alats4",5],"289":["assetGet/Animation/ButtonSpin/Start",2],"290":["Frefabs/ShowFreeSpin",1],"291":["assetGet/Animation/InfoBar/laplanh1",2],"293":["assetGet/Animation/InfoBar/Take1",2],"294":["assetGet/alats/Win/Alats40",5],"295":["assetGet/alats/Alats14",5],"296":["assetGet/Animation/fast_vfx_b",2],"297":["assetGet/Animation/BigWin/BigWin1",2],"298":["assetGet/Animation/FreeSpin/effectPopupFS",2],"299":["assetGet/alats/InfoBar/Alats18",5],"300":["assetGet/alats/Fs/Alats33",5]},"types":["cc.AudioClip","cc.Prefab","cc.AnimationClip","cc.SpriteFrame","cc.Texture2D","cc.SpriteAtlas"],"uuids":["01BBlnpdBBgro6yCHvZk/P","05HEB9P5hN/5ExWfntwPVe","05J5hwNQdIxq2voSGb5U7V","05cBWyKUZDjrOdrA9KUgtb","05cy415ZpIxr4ct4OLbrDR","058yqLhp9F1I1IAhaVrR3H","08a8A68cZI6pQjlpG66bfe","0a9Y2SF39PbqJeaQd2FVPc","0bPKGsHGJKcay0UnP6oLIr","0cARkYURRIE6qNfiMO71oH","0cxXz7hIBC9IsVavG+gs+1","0eAonu+QFLnbgCSDnnvNPH","0ff9/dHBhOBIumX6rlupaQ","11HSQGWoZKzoC6hs0sJ0aN","11xkG7QDpJQLnN6T+JWNg0","12VfUgO6NAXpbYVAAVPdT6","13l/CydWRJBYldJJWOcMQH","14fc7oSsxBKpPc6uE2rYhK","18TDUuReFAH56ke6AGP8q8","1a3DGObdZKC5lYyKJIfLA8","1chEyqJ0pHnbhMuyZnompM","1eCGzFcH9H56sdLvaLGXg4","1f/lLSKUtO+IbYQSsCkK61","24waSO+k1OdppXAykVk9h7","25ToaKApZEDoWqADENeCAY","2cJ7lGLi9BMZltCrRPqun1","2choAjHGdMTI0g7sVg2jZe","2ex3V1PPRAm7aF2douatZa","2fJtKxUfFCX6FIox7O+Xkw","31PpvlbABPuISQBe4DJKIr","31dSH+VUpLa6A4R377QaYi","35IJ2TALJMCKmOOgvvpfoG","36Ze8gyhtF36kuXtFaaUcK","38MvEPfRlDqKJoGWg6C8Bt","3bWCxdESZGzIe5oJp0P9N6","3bcRNbC/9HpqCPykrW5J/N","3dBQek5ApAX7wpfBnIb5xd","3eqFKCPlFCV7FwcwOhZT7l","3e4kaLf7lCWJHMQ4yIhsJg","4166IHJyhMB6HMZ1UugJ77","43GAHPh0ZMkbUzAIuZ4rrf","46Q0hYiHFKJa0XCwfz/+HY","48Nd2NmpBFYKiWj23el334","48mfYI5I5Cv4SYIdDgwLnB","4am4mFy61IurbaGasjecTD","4bXZ6Ym5pECrv+F7S6sOTM","4cgctI2ItB3bY6LWRpFJqo","51ARd8j8JFH64igCgL2Zqy","51ScC7mRlA7Ky8eQdP5XQ7","53oIdC3aBHqJ+mjzISzfRR","58QQ13VsBPHaWC4/nME1pd","58nsK1Rn5OIaTli+gs6yiQ","59hJoNwllKJ5pBqw3s/elp","5a207K9ARO6Yxzq26PY0DW","5a+DXtFtpLm73xKnEB6yoG","5dZ27tzZtP8rxt6aVN1dn1","60UTEE2mRNKIYWVMT73uGv","618wl2PrhAtZ/FWkLdqE77","68xuMrDUdFxIVgkBQlWZoz","6axQrJIsFKja3I3rDwB3nw","70eCRNIhxKYpv7Fw5tatq0","730C8VntFDpade1LqL8X57","74GS4f5zBCIKY8E5q2l+n4","75zSq4Cp1GiKWsxh8iStrE","7871sIVnxLYK2ON35mbl4t","79Dr+wVYBLM4s6Y+RIfdA6","7dKUhYdo5CHLz/COj/iD16","7daIiT3SJNLJQ48to7TQ7N","7fWARLsjdDi5W1/LWDGD7P","7f/btlnYVA+JfH0jPojB9o","82Mbvw1WtD0JYxT3MUD+56","82OLZOa5BP+okxZRPUOn7L","82npaM/5hK3If5FvnRqZKp","83vw+xNLRL6aswd5KYk53E","86Qq5b8r5Dt540KcloHRK+","88XsONvz9KObhU8HPo7+5L","89OAwQBylD7ZV8EGyN69Dm","89atyb7RpNW5m0uBPTuK1d","8aqyfVRhVGA5THyvZeHcrS","8cC/oJqDBDgIGzV3a/lafk","8cKvOrZstHU5HDjr4IafvF","8dZ+w8+yhGEZNipyWuScpc","8eHbltDopBxazfwz1mJ8wD","90GSTm8e5InpocfbnJeXru","90pUXRTcNP6LO4oh6F8q6u","9aR1HNJXpNrqa4qscS7Fap","9cIIOPRgxMSKqhGEIjglnp","9eDsuBiiBGIKojknIdn2OK","9fvUIP8FBJ4JxUW+thg0BE","a0RMcDQxJEs4BXSfU1OHcI","a2SqJPi+1H5r1w1bx+MRT9","a2zspaQ+5I3pAND9r654YQ","a3E85ZYblMPpXF59mAwBn8","a4cWqWf49MX5GfKwmFn2ZL","a40F+vkjVBPLJ4QwC+EHmg","a49rmyXsdAY4Z787UoLB/H","a7KZpMDyxIZ5diWkk2e8PF","a7knF1dqpFvYouB+2ux1Nz","a7x7HlHIVIZr8OULHinf1e","a9PnJm4y1DKJs5d0F1PUDb","a9tex1Kz5D0rSdVreZxi2p","aaXAgsujxCT6UO/V1JjIok","aaXw5O/BNDjaQJe81IVp2F","abYJGCuGNDuqVPC1zHgr0y","acPRV+Vr9FcqRLDTHGacV8","adEfQON7NCYqgELn/WQePM","adFn8ZYq5HeJhsZcRzPCT9","aeIycX7SJOVYepEFNm2ty1","b0khOvXLNET5rPXN4gRYJx","b4rwgaRnRClZbl/h5jIGhc","b5n3/84cVCiph9mArEoxD7","b8dwLkPwJCZIGaHArG7Q/i","b9bh6xGfdMfYvC9AMJweX1","bcnadjwjxFsayVbD+uFhee","bfIVUYFUJKUIzY83oN2UT7","c1JNNccvxJZLk1NlMKuJsl","c6FU6OeIFHp6IYKaLXFcRl","c6LqblPI1LxbcMcyWpqPUu","c64OMSpbtNJKYv0kWmr/F9","c7efEvdDZEkbpMULohYlB5","caVUkxHHNKnrvKqu60KYRb","cazfIWjt5AGZUGBJ6RuK5B","cd0vcpGD9PxI8FqEJdJucs","cezDK07WBD0KymTlZ3eW9W","d4cSH6GwdK7ruH9WFimevj","d43jIOjjJGIKxIdGXlIBoQ","d6QtjyQBFC0bn6p3iZKsr3","d82Q0GVLlDMIOgHhPaWeuk","d9y3W+GtVCMbFvyrhoMUdE","ddsIdeb/NPQLDz14eY3c7g","de1lqmP7RMCIEIUO0NpKQK","e1LRoiuxNJWpkEoA5aYbcn","e2hoFYBMpLFpSz+1EIVkzh","e2y8hRchZNtqqf3+PR9q4N","e3IpR9U0VOMrhTDWKhnBvO","e3ltifkb9Mk4um44an1TOa","e4Jqfks+tHn7ARJDtMU3u1","e5ghc723JHPbUKquF0f55b","e7nrmpGGZNWqAkUDkp4oYJ","e8uEEyCENPA4KqQqp13cxz","ea1itulaNCsqV8+SGKdprf","eckmkQrx5Ou4LYiy4d5glD","edQbGhhG1GppweLRpIiY3A","edxAY98t1AsriWtLYSUdyc","eeVidCwa1BLq8P2NVDOazS","f2q7Zsn91GSr65Gq4RpABx","f5BICIuOtMKLpiBHdnQzNh","f6MQdZJ1FE44DbtLoRVN7C","f7l3ZU/PxI17ow9kJ01vZg","f7+yxTdyVPQIU0Vpd30XZf","f8ozuv7uJG57pBoNe3P0KA","f95tMIHZBDiK4JcesYBOhX","faNvh3nbJNgZbBPJBBUDmr","fb3QaN8ZhLApBRBZuq7EnH","fcrDhO50pGWbisv1CJcFB1","feZFte7LxEbaBzQy+srFht","fero4jR1JGnJg7fvYTlpdy","ffdlmmdi5PWaZ9qJYvMA5j","00EfFaQPBHkbXKl6mTblWk","00iGt+5whA6JhfrgPKgrCN","02TStXSTFMvZym5ijE1MQp","04IwWSY5lBWpZAPViUpAo1","05jcRuHqxKa7N92vCWzePZ","07Cc4wssFC15UDMiWHJp1I","07MNzl8dBOL6DI+7eCD5FQ","0abt4mIsxHpb1JbPK6a9wG","0dBIUxPZNLh4G5jHWgRCxr","0fT5p0TVVDoohKfd7ITJxm","0fmxWeoiJNwYu+ytECcxR/","10V+4vcGtMJ62EZ777qh3p","111d2406-5a86-4ace-80ba-86cd2c27468d@6c48a","14d/A879hHAa9yBIEz3G9e","18ogwGLhtAVJ57Q7Zistxx","1a7e5eba-1044-42d3-a49a-a0d080736f03@6c48a","1cNGLlbZ9Mgpp5EAdNtSdv","1e8p5c37ZEqKMbsA7HajrD","1fE9IlsFtGNb0Ie5ZZAjTw","21hgJjJipEqoJ50ZtHQvrA","21uQIiPytIMa4tcefNqIuJ","23hQDDF21DLINV8ZkJjmoa","24c1a48e-fa4d-4e76-9a57-03291593d87b@6c48a","266f77nFRFMpEAxpRzZdhT","27n28vtB1OMbhKKAR+BZKf","27pT83NRdIxYZADjtoFebS","28mtBidgNLpJ913WGO/AO5","295/JeALZB4rQr6rw9wvU7","2cszIWOf5ECLqFHsO7FnZI","2eGxF4rUNKHa0LTZXSTyiD","33UNh3/3JFu6i7yfp5cmnA","36ypf548ZFAIHhtPNayccP","37v4YPL3NE8JGTdNnqzC4f","384VS4HOpDjZSQZXkfp1OC","3a5AGSXu5HuIKg2GHa6XUf","3elPiUls5Oer8W/1OC/Xbf","3ee2468b-7fb9-4258-91cc-438c8886c260@6c48a","3flTi0xFdGmo21kBumJ4uo","4088EtM+FOq6811QtbchRi","42cOi4neJCJqnkxVLz3kwj","44OM/Sen5CmZrThPgUNt57","46WT6KmDBBeJCkDhvV3Qng","47DdP/mWpI/KxS4W2vuIH2","48FzB5HpxPi7Rjom+cygoD","48yPiOjM1A6J9teexPP9ME","4bfuiLSEdGX4+o7EQlBkjQ","4cQXn0LcVN1oX2OYfLEvMr","4dAlUPrWROBLQ6BC1yu9H2","4fhM7Q6KpBzYl9FL0su7Ig","55qQQaQYxDsYZlqYeytZAd","5616LQk/xPspqbAuSiYxDT","59168b5d-7696-47b6-a7a3-1545fe87aebb@6c48a","5b+f75JllNupGCwA/WK8wR","5dPxsgtbhPI5t9BCWCDVXb","60IY9IxX9Kt5YiemI49d/V","60ql52JmJOKJwuIjOkjiv9","61cyPdEfRN047sDK9rO0W5","61zE61qbhBgJ7sKCwjiM1+","65lPCSr4VFBZ+h6UBHp0r8","68178bf0-5373-4fd4-8fcd-e6a1e6636063@6c48a","6bHxwsqdZPk7a9I05oJ5bn","6eFQ0lgSpNX79elJJ3crzA","6fMBXtf69DcYdsQPiOtZU9","72B2Hilo9F/bkT31nF0JdR","779xQYAEtM9bZMAIv+wYEt","7ahaJWngdHVrvqZorxGCyV","7fb75e9a-ebbe-4aad-8a92-c745a963630f@6c48a","81gotNhsFJ4oG7ZOVuq57C","83cc3oPdJO9KWRRUs50T2z","85rJ3p2U1JtqOP4ms7vZEc","8576YJekxHc63obs7HKMQs","86ER7wEU1BnL6SbiLRdzeD","86YFZm/YxKtp4AWUoK1i9U","87IrTE4EBJFIOj9bo54wcW","88GpxkTqND7YsgA7e7+Ka2","88hfHqy2VH+6dj9lt3ZehB","8bjKjGEXtCmIz+jgt1qG6T","8c0bfa09-a830-4380-81b3-5776bf95a7e4@6c48a","8cdtNCnzRMwIKc8JP7ydet","8frPXcwPtGyKhKdc5qcXy2","91He+fmYJOXr4t3Xsn2E5b","93VJfFM5VFM6WGQbQ0aNy9","966274f8-ea0d-4e52-90ac-7f72ffbd43b6@6c48a","97SJp1CgtFxpJuG7Sy3SbJ","9boYvT1OVGwrZXs9pic5nW","9bzltTa8pBRpMksevBGolr","9eQwamrIlFe7Noa2fb0lEF","a0N90aeipDlZakQfP4s4e1","a1wAZrOe5HPInLorcQtB4i","a43APIVFdKYJvNMjh2DEy+","a70p+5OxNI/KXhfJxqzaiq","a8ubsBaUtEAKGe13+aJ78K","a8/sl2hVhBzLcrNRnLHwS4","aaOlGHkXtJAJlAxed6g2Fb","ac3d157e-56bf-4572-a44b-0d31c669c57c@6c48a","adxG7qDXdHHZhjPeEsG7Pu","afLpWXmm1KrbBRXdWBP6yG","b2CR0nMBJOg4tmrzx7DGfO","b4v6h3JxNAl5mAxk3HPyX3","b8483c36-6782-4841-bb27-cce96c65234f@6c48a","b96e1eb1-19f7-4c7d-8bc2-f40309c1e5f5@6c48a","baNsY8ihxALZR3hMvomdnR","bcw7tIaqpIgII7zNvuUChA","c3ryepdr5DyKKASxH43VG1","c31yCkCe9Aeqlu2LsFXRUx","c4uiorWhRD25408+rNN0/p","c62JKi7PdNWJ4zZWVRyE67","c7ifQ0nw5HCb4jwX4yryVS","c7xhRlKGFJyJh+OcAjku0r","ca554931-1c73-4a9e-bbca-aaeeb429845b@6c48a","ceEjDTvuBM56ovK2VS0vi4","cej/tLDRJBPb2s5dlaan3a","cf8TgF7wFDcbbIF4/xh7Db","d057S9/0dDpY7lWw1kzHgz","d2GIzxhZ5ABKF8C291cJ/8","d2qsqSK7NBib+3Zmr3pAkd","d3Ekrd8NVLdLCS5JuYEHKg","d47121fa-1b07-4aee-bb87-f5616299ebe3@6c48a","d608qFRoFHwbXd0Dap056i","d7X6Bv/65B1Lzd+0CH6kDT","dceKTxwCFBA7ACDX2IyBad","dd8PoMayNF34Mxd3UVw1Kw","de42RlNN9EKqZfmidZKZWG","e1XAOTXAdP6LdZaTVfb2Fw","e2PdB3pElJ+IC0D5Rzp8ym","e2ZnkcSHdI7YrVKrGW66pd","e7PQy8zadJsaT7ZEHKItPl","e7vHcRDiVJY5+NrTyBvXgz","e70qYzvQ1GQZNPxBxQHSKl","e75/I/BiZPapvHOFWQQ2Wu","ed+ZiObU5PKrdHl4vpahff","eeEc18kQtDtaJvRRx06Bdt","efp6cpC9NBH5cv37pti51a","f1HcJQqGlEOYYsgtSCkLOo","f2+6cAyDFJsbT3BwIjNOWK","f3rDBw8mFEbJNeV9O2qQq/","f5Bu6ga+9IQ6TMF4X6QiiN","f5mSAXRUNAIavpXNzfudWe","f6brhgTSFNiLNYT7uPxKsQ","f7TXn1Mq1KhbiXy6t5IFep","f8XaQAtp1Mdo4zCw8fqzuy","fc2ItkxRVGH58fQsC5eVYB","fdMK5OuYBKhaHXpChZNYrs","00WqBFGilLrZmFxC65kw6e","00aJeaPNVEy7jOVmZdsgVu","00l1nJlONCWJXASMfIp6lS","00/rU/hmhC2pYU7WPmB+L5","01Drjg+w1M/r6RpjGrWhGw","01a/PX2X1MVIqLU+435Zmj","01hzgzLQpFqoDDs2QWtB0w","01kwvfRlhJyYB5iMl3fQ3X","014iMMVY1KhJO5+k0cFg8+","019lYInkNLqJODbNyeEMBA","02U1rTB5ZEibgujAgjXdw5","02aWOSPttO8YJY/vVUT7lm","02abLhkWJAG4voamwyz6Bu","02kJufQXhIyLxQPlAdK/UK","02l3MHxudEyqy8h41tlUeG","026u7cdPdOCaYS5blFKpJ8","027tbwK3FIlpCQBEMVh8Os","03H0iW/tBAR41h3Z9BwcZb","03aFWBdglFULWXpYeNHlnn","03yAYfb4NKpKGyPygG0qJZ","034Y3bKs9E+KYT9aLARvSC","04DljzvRhLzqRUjKvJ/UK7","04OmJDH0JG25DoFz+IAbxU","04tbTzY55E9qzkUynDax1t","05BteMR2RGJ4cLLz+xiYr+","05IYp4beZH7KBBxZt+E9/f","05NjARiZZGmL2pwjN9tkSh","05Q1VEW3JMEJ+uB3v2d35Y","05mpPrPx9OM6RrUPZSs6bA","055K3kAuJNz45izbgZyamD","06dT/kyb9FH517vSI2gdKl","06gQWOg+1OMbYvVpwOdDVb","06qwWtIzZOU5eMP2oMzM/v","066+coXPJPLqX2+4C6kywh","08T1EOAp9BCLr9Hnb91yQL","09IbeO7utOyJTua6dawJJs","09TGP695pHxKMlw/lyHFY5","09eLRITzZE1Jn3MIE6q045","09gUIb69NH7YoIdTXeiVHr","0aBMN+MCVEYaqQHzyoAPuV","0aCyCGwSNDCKAOUKcxy457","0aRS1VpehPDLTYWBQe4HXo","0a/s2U1ZZOSqgsu2RzkR82","0bFXxcxdVKH6M9Aow+cnkE","0bH1h9ktpNFaWKeOHiATZi","0ba2fwK8xBgI49Dt68Dn8y","0b8wsY2h9Cb6KDi/KyXpp1","0cA0cm4vFEyKI/Ds9/LjA/","0cpYlwMotGG5WcxJNHZNYZ","0dBSNNX1pANYTBUdnUP+4L","0dBwuVEDRBpppcOQuOj3Pc","0dmzV/Ul5EXa1B1iPMPoDe","0eO226yY1JfoUbE8bVhnuN","0eRnP1IRFNC5IqTLN9da8C","0eqpb2PCJFDokQZHRkf77W","0fa+RwY9hIob30GsnZWnFT","0fngz1tv1ICYWMZHZddtbB","10pweZunhLc5O8M4p2MHE0","10q0M38lNHH6mk6SFG51bP","12CJvV3+xCnKAXVMgmZw8M","12HGUiZXRGA4evS7kXh6SS","12HL3zINxOeq6vVM+bjz24","12SEf6hP1ACIpqqnZmwzyd","125RVKZfZKh4EuEgdXn1CL","13FORm30FNZo6UiH0Q8ewB","13Rc748jlP65yfrJ3nxZxC","13WnrKaQFPc4/v91OYdNvV","13vPWUHZlI5bzmWTFmqHu1","14YyF9MxJJzaDV/LeG37Rn","14nltPOkRFM5ZfXsINYOg9","147P9VBXpA55z2gnGKz783","15u3wCNYVMHK2mWnMWN9qz","15wrdiGfFIn5ieMAYJb9GS","15wvBlXtVN2qAPsXAusREo","156UQi64dD5LP9dfdBheRM","1595AUSoVCDJqbqEjI/Y5K","16yXTpjTFIxYv3JBooLlWo","165eYUYVhAM51aOE7pTdk5","18Sl2J0nZNmIKIrK+zIm1B","18TrhbG85DcbMaVf5N/Vuv","18bItWHztATLeTVdIAvVSz","18r6ObVtxN1rXbQYSHSZJJ","18sghod0JLDpLllu8yESJE","18sm4LnnxPY5Fn9UQf2ulh","19HHF364VKCbzbRjmcGE5c","1aCRz6uslA4agTNYZls611","1aGCQaF1BHbKNGCe4/HrJn","1aORRB8SZG0aABWdJpNib1","1aoH3FI6NGO7pNZwnLd96x","1bBcqXPoRKmbTPTX4JYYHW","1bwXw+KoBEWrWzDrrDwGsU","1b5AmUr95OxKhcCSSrJmLn","1b/QLXvvlN6oF5okRKB+0y","1cBXQVbSBJwLR05a0BDzwV","1cOWnjS2BH5IHBTbq5pPyR","1cevAFOBVCNJ9v3deyQUvF","1cu5vtWTdDeKFrM9BDf5bE","1cz8re5zpHrJ9CZppjCUE0","1c85Jt04ZKb7pEOhgC+9eq","1dPfLUzJhOZZ60lduRP9Hu","1dTPXIwrBPzYvrqVu2xjpq","1dV7lxLt5ETKrOCYeZjya6","1daBzfgL1HNYYe06to9wRZ","1doliD+0FAT7KEQ6N48hST","1dtfZujsJERqR5edlY43gs","1dwcSqo21F+YfrebcD4C9n","1ePDb6RYNOB56krbk6QNbk","1eY1tiNQ1OG4DZyLGWcl6L","1eh+I08XtBz6SxEd3EY+98","1e7hmWaxRCna7/xEqGP8FQ","1fs5NLtSpNabNvwwevz2fy","20W/8piMhDYIjS/IGQHv2v","20gvMcRvtLCrrjbLxeLS3b","21bNRV3pdLzqJ1qi7lqzxR","21gV0e+g1Jv7xSJzZphqQN","212X84U0JMQ4CpZhSfh2MP","214+1cO6RPJJY9DSLzmLBL","22JBtVFMVLGJhHWObxIafI","22ZxpVlk5AsLFhnaD3llhu","22hlvhmbBE/576PEgu9tMV","22izItC/FP25bG2DfWp+P+","22l0mKAPlCyrtvNVUhY+9z","23Nxz7xDtDeaBxi8F5uUPt","23kntoHghLF5DCCjmtiYjI","23nX332WpDJKEZxLWWL7uI","232EULMf5Fkq0fsxEVN5iY","24kxEINglBBrfKYCdQ6nHk","24xO7rGhxMmKb+iAMcHKQ6","24y9Txg39J4aCCyWqyV7Ca","24+Zn/hpBKwbYfG3jk8Rrz","25qSIAFXdF26mQf+9631lk","26B6/lgN1GVrgFs3X428Xf","26bKJlPhNNZbxqZJ6wX9dq","26c3siOvJNEpuJVk6ccyzR","26ht6jXW5NrY+BuJVZo2lc","26mO6GzQFEDYAfNPUGDmVG","26zK/tBhxOYLELelr/P94+","26+5Gl5TFO1L8bKGGglRJy","27JVGpua9OoqeREckZHV1g","27gTKok8pNpID1NDzIThSV","27liZjxctFvrX16zGOPNvc","27pTjl1tpEOYb2ihwFVNZM","27y1hCR3pOx4RF9vf3dY+Y","28Mo2/kG1JdaItFmYa5n6D","28QtqaaJtJFKgJTBM9DS6n","28SmQIWuBL3rByHRvRF/A/","28stBETYtHH6CjOtEnKpOW","281F9Q8ytD6ppTiq7pWm3n","29ATeUIp5Pj5WzF56OcTMZ","29FYIk+N1GYaeWH/q1NxQO","29bewdEQBJAqJM3IRjripu","29yOHavghCGZd7/I0nnfgR","29+Ah4pGBCrY3pVcRJPgwd","2adyuhspdIeZS2SBFwvzW8","2ano2aIntOPK6MFqImSjDr","2auSQh6LVJMIeBdziYfUU4","2awx/7iAlC+qdgz2lHU8kR","2a3pqRK39E+ZH1tGy3r2zV","2bB00xJopDzY5y1mQFm++a","2bEsJ/RdhDZ7fonVWAc+VK","2bFwVDaKdME6HPiVUGSiCH","2brOFZjWtLzZrFLbyKjryL","2cECcpEYJAYY3sFUN6tkPf","2cPtIXa+pA6LrwODZDA+Vn","2cmXaV0ORGRrSt5N//cSyV","2cy6dMt95CXLjgrQwSmU/5","2dC15FTMpEpa8CABU9uYoe","2dIm1eyqRP/YoBTiW2D5yB","2dlVPINWNBcrFggCCmZa3X","2d1HXpJdlDZIrMc/ZPUtN1","2d3LMcHNdGvKuTJeMnT/Qa","2eCazDDaFGgZGqhGmGun/v","2eQCYLvtRCK6qg7tJu4tTi","2eW5/xOUZJmr4J0Vr6th/s","2e4MKQ2+RKJ6hdh2gVxPqn","2e/hIB6W1AFoFXaCtXwAoB","2fJ8PrYd9CeZRLjaH8xqY7","2ft3pEqZtM/It1mnXysoht","2fyELBSdpBjpq9Ffcq+DWJ","30SwElzWFMQ7C1HH5r5LTz","30dl+S0eZCO6qzC4vJFbzG","30grvu9tVEkphUKnU6dtSi","30wyPpUjJG2oBncdcK5uE6","30/6c7gT5PSYUHu5wRSTaL","31I6/U2olITYLDRj0ROcK/","31laaZumhBLKPsD6j6Za14","31r4uic1hLdIRDO2uKUF74","311rMH1IFK1LFtFwIegiZE","32IYvXeexL6YzmbZ+V14E7","32PZETgnxC8oXeoSvdZS4d","32uFxe7yRLgJcMJfsejbU3","3240g/5jZBY4rSz6wgWUud","33TcLfmO9JG7FiympYYi6u","33/MUePr5M7YeU3ib2uiwB","34CbvhYwBEN4SuoB5gZwHj","34HLU6oClBRaKKDMa0CquG","34X+YNC+FPkaTK3jp3VwOK","34bmTgpv5KH7eaMtYaejS9","347InabqdMdLfE04aUJtFP","35ISp1jl1H3JQ9M2YlGjUz","35NaKpOORFRZicH6HOWMJP","35Qq/0l/hGyKPxJ6CTefry","35WSvXzn9I1JlKcXp93Iyi","35gh0hV/pLj5Ej/YdX3F2y","35l0QKymBJaJzOvYi4G+oK","351SIzCEJM95qKFtKTwBIq","37MXJyyGtK6LkiIWa8GUm+","37Pr7s3PFJ+4jVYzaVa1cl","37UVKbYdhCEqHAP934/+/R","37qYQQ45FPSK+4YQaKm/n2","38HwgY7S5I54R1u5X9YipO","38dcg1Sv1J1qTez3VlzsA7","38ihwR08pJyK8HVEsiXEDo","39AY3czhNHxpcM3bh3Ku44","39He73/YpIUL4cmWKcz2EZ","39jcgWV4lGha9cFPt0Gl3l","39qMZt0dpKxYrdoKyZPF0I","39yA/ZxYhBwYV8i438FFtS","392zF6USBPqIMiwC6km5sv","399aaPlgpEDK7ekq6IXndo","3aSQYa8INPlJ4ghxNVKLDf","3aUlEOukdCSqusvEhqP1aY","3ae7efMv1CLq2ilvUY/tQi","3akMd7DwZIbJLCU1prRH2s","3a4+CvUABCr7YJzsPFJyw8","3a9E1pm+5IAYSt4WmHnVgA","3bn7LwE9lBd6VKnZOfKyZm","3boKjO7JhEi7BDk8vehubo","3cHJ14iDNOyI+PUUD+j+5M","3cca9A4l1M2qbY18eGixZw","3c+bxRsuFCcoietDwzfYbO","3dTDye9vxAWqRlyjO+I6vI","3eF0poU1RAI5haLlOR8wWq","3fNKJ/vXJCybj+CAIBFtU6","3fkwXgHK1KZooP04PEyXem","3fx+i+NAxJP6Z0di6nFfZ1","40ZGu4x5xC6p0mwMxMi6+a","40Z5+7pzpO/plppGWs+Imp","40b7npzptFc6zOzY687IUO","41ApjFnCpNArRAQIYnCHIB","41RVsvwxVIR5lk+YmPih/W","41WmCv/uJNj4jNJzJwCwdr","41d40kAPdBYa0JfARbUZgc","41kv7rykRMorSp+UDsZmVd","411vHSMWZN5KokYXBPMeP6","416xC8BJZGmI9NstUjU40d","4184WUORBJIpGY6nd8IstJ","42DsE8CatLILRBOAT0oFX7","42XgDzgPhGzqMT2MqT1va6","42jnB03nFFd4J4v2EC8FQO","420upE2a9F1J74darOTJGa","423ZR0EQdPCIch9S213cfl","43Bkep2/ZJ05IpieKqjRV8","43J8oLmGxNkYFK8deZQjdl","43ZR6hnCxAiJrGVSJyA6+r","43oRpE10RBMafTa3vUReaU","43pdj7qd9NIp9hsnTfzlN1","43sKzv6jFGBrXX3nl+6z/g","43zGqK67xIZ5oOKiGkIxHf","44JAGRZl9D1Jt6+D9sajz9","44atkb8pdLALuVJt0jqqUR","44oj0shbVHOpStC58+i+Iu","44yMxzBMpJTbeEddoFxs5z","45Vj5GlANFmLdwDF641xSb","45f3IXSzlHQbnGM5FD1Bak","45zofisgtC2II0qhac1Wl8","458LFbsrFB6YI2of/+9i4y","46SvDTzChNXI4qY655bdZs","46TPYO6KdFPoDn/ETlu1l1","46WYRU37dAG77z5ir95RHG","46l442B8xC2qQJYB/GA98U","46zFQDE7tDprVqnGl6It6h","47F74U1e5DOKld5H0bVgwM","47LOFJX7RB6ZS0Aac4ysuT","47k8vL+vNHqoBjVI2HzOHG","476q8MN55BD6ELZ0Tbu8Ie","479tcZ6vlC+px79adBqQLl","48GjUZ+bVD4Ke9AqIDEsOF","48Pl68nu9D2pGwseeo/jy+","48R1lzHvZHwZ7QlfwxLyTZ","48nssV/9pFPqdJqQSP6C5A","48+6BE4W1Ji7U36XyLR32Z","49EWObYwxK8ZRKGKaP7F8F","49ikVuqPdIa56m5MfWLNQy","49mSNnswNMHbzS6IfDcEWP","49x/TDRQVDA4+K0KY/cH2M","499bV75EVIUqqylEWs9QX/","4aVIpqc2tAEL82hIX3ti9O","4aW11pQF5OEZKJ2KQxr9DV","4a1bZ0kNNBG6xveVfI86m8","4bKUjF6dNE56blOLe/7lNG","4bOAZiz0pDL7cuylm9jMC3","4bnI4XIvZLnKYb6jduiIxN","4bnMfTvh9PLolxpd//sj6r","4coaqbjNxOPLFUGACFMEbm","4cyQbZmrFKcrr0PZu/nqhN","4c1fipB+5NAYlhLu4tH/Ik","4c+aeRvzZH7oi/UyunpD3Y","4dFG8a6VdIiIjTIDM1fwWn","4dh5qF93RKBL2ugFinSxpq","4dmCVlRXZDPq4ccaOnDDpz","4d0fJAqTdNk5+fPtYryyxJ","4eFdukDYJEQYXLqgEHAchr","4eGjwjhGlK/JO7GCuqL8Nj","4ehYygutlPF5r+Ay4wyZ6o","4enld/CrVN6ps3cHBXPU59","4eq1mKnjVF6ZLeA5gyCZcc","4e4MGjA6xGSq1cRLwoolfv","4e86tigNBAoofmaXaakLC9","4e+6LYQjxJMKmVOUgIKn3w","4fICmXQ1NACpVnkvL3nFWO","4f11iVU4lIYJNyLWqU4oJl","50CqGyjw1E553GPb8yxDlh","50G4k41QJNkqUodpS2zVe8","50Nbs7rzJKwKJUZsZTfRGT","50WHKkLQRBzYwr9ECzZMwv","50XJUtp0xLibJRpWbmpmi4","503XkJPzRIX4TKHI2W3n3U","51CkMwiLVOWYlIqRvkYkN2","51I4wSh1FJ+Kl8IGW8sSDs","51MA4Q10VJgZTyt92EgOxy","51ZpffILlC3J9xhTw5alba","51gvPL6TtJuZXo/L7DferV","51jNFYk35H5p6BwSQ8Z5hS","52AVHwK6hOBIOsMlbCp8R6","52DEWHWKdLMq2rPab/Eqay","52JPYk3jFL5KFORB66Xqs4","52SDnqWhFJa6txW0HbQPUV","52d/n/kRFCRLwaxHodY2nu","52zpXGNT9KKKWg9Lk2aOqd","53JVeLaxpGwpx0Ei92t83n","53WqFAn85J+4I8rGfHFY5h","53pP4ihm5ABJsy/40UYEov","544KL0nLBCfZqG19FMvjEb","55Mspd6exOy4j2c7+BPDaX","55bpZq3kxEBbgXqX7dPKe0","55iHVfStZG77mRJPsZvGFm","56HDGvVVZALqXzcG0Kv5gx","56JAF5r05P6bdv7Evof+M9","56UjHD3yxD9qtHh5ace4is","57V/y25+pOXbR9zQjKL77g","57/VCtuKlKKbzWm6hX2Qqi","58RrWoW+9MW5HjceOc8syz","58W9jrZTRCopEGt/tcEAT+","58s9XVFcdE2ovNyNZEcHYk","59QYeaoZVKTbpHlypLp5b5","59U7X2JblBY7si2Ejbq3XV","59VHJKP+hOOrkr97baOHHa","592jAHgw1CEZ54G0u6A1Ds","5aFZiTyLBKgaMsXguaxWZ2","5ajCdrptlC+4N3FhzzntCD","5awaSaYaZP4KoNFrB+DypF","5bE5PtWbFC8Z8qXFociS1X","5bPLw1gaxEOYHbhst8Eu7/","5bWItKc+pBlK8j0+OxFZTU","5bipHtYzVE4r/4qpBFKHNp","5cO7kybDxGj4ipyMYdRYZB","5cc1rAkxlEkLYvxg7U6QDP","5c3xvE3IlMNpphjea2ZLme","5c95ekUHdGIqxu2jF+Zmy7","5dCiwsspVOqbP/CSqWhkk2","5dI4R22sNIvaQDQlj8skPt","5ds32qKBFHhrbPwNnjbSAx","5e0KRu6X5LCq2CiUbu2AKY","5fG++kCRpNkKWSY00pPJpC","5fbfMmX5FPiKm9opcuZW15","5fnePtPpxJ3KKpbog7f304","5f5dyqtRNNxaFmVzYns6FZ","5f+GF3c7BBjrQSESNJRqDf","61Acv7NdFH1JZMZmkGLSUt","61QcupdN1OKaGvK6MnQuhc","61vK4f555HephvFWkGm9pf","61ykKhom1HqLNEnehataqP","611l20WGJGRpVZPukZY8GV","62CP8aYOpJYqmtMCLWquYP","62QgK8JKpMOICQ0uunqGZQ","62pv6+GRRP2bYjA/DpO6xb","628EN5mIlBHL3NJta265g2","63lDjbmEJPYIVd/yLk2NUa","63r6DhW7NBvZqQvqiC79Nb","64NLy7ysBFTILQVizjwG3A","641j8tAERMBaorT90q/qZj","65Hjfp+ERCIJD5yOi9l0gY","65ewCmZcJBE5lEysrK0LGk","65fLAfdGVLmoJXOtNOJl/7","653MZHBOZPUpK7g1klfkYb","66NOTEfT1DjIPrEWx18og0","66VlDmBLRJW7/CnqzaffJD","66W1ql7EtO7r7Kgw/TOSO2","66nQzkG6JGYY2JUwc1Ch4K","66ubwhNAdNmobHV4/Hcsh4","67TKxDENxHIr3/xQdSYIXh","67004ncBZIeIp80yWGbEmT","6727ga8d9OfY53KAPujecm","68LzTOBpFNI5q81Odh0jTg","68wz6Sbt9PmJW87ciolQkD","68zv+MqS1BLY0O5L3rAemc","683z9uVR5BDZhrCE2DR2Vi","69G78AOSRMEL+9yGc0AABu","69JffDtHZLDrAgYxlUYqwX","69NCTltppG7rcOIcyF9yM+","69O6wlXGBLSJMTntOrwIyt","69axMx8yBP14XxndjOPwQ3","69tPwtsqNOw4kAmJg2e3c/","693wFFw1VGmoJYQdqQ/jhV","6a6O1U9htJvqvDH8sien3R","6bHOzu1vRPd4dSGmc2xr4/","6cB0vOZWRD+ZdC7BCiMZzj","6cmz0p8thAJpQp2faY9iR1","6c9G6xZyRA6IfZb3NyJxqK","6dFJQhdUVLGY+yCe7QBqeq","6dK/CkpRRNEKECvFpzYylh","6dOmC/h+1C2b4O4+T2+IZ8","6dcuZMW5BCVbB8SYZ3MKAs","6dgNBYQzVBbYPSyMDWbgWh","6dyu06ajBMVal6zlmQj4/D","6d15BE8zlGuLvUTtFaSwzl","6d5rzUTbpDO6wVpm/60zX3","6eNKji+/VN8ooFEH73/Kqk","6e6aaspYxJQr8SBVOMmVOT","6fCJf5QNBJz4AtpwMK66So","6fDLDHmQhGzogdtpbvLitM","6fHyXNqnpPP7RiQhTFwwWB","6fdajIxzdLILzCR2b/EtRh","6fib27NzJG9rnKrfZRyCR4","6fkVNJdHJEhay0I4T5SjZB","6foEh531dCT4WdjG/f/h4X","6fpjeSRMhMY7w+abPvKj+5","70S83ISfNNN4jU2wlCVUId","70hHn1QedEp5tbGS+KcUQq","70oSWx0IFLhrePZ2esC98q","71Kpq61UlLh49v+VeJfoZI","71Z1zVewtDoqHTeQujE5vY","71cgEeywZDg5Q2dJYo4FlV","71019y85NFYJ+w6zdNSfUD","711ZXy3ptCKLpVa5Y1K7EH","72kuI7yqxB+ZZeA33ozI1u","722qngiUlGyqHvHfemWStg","735olg7YdMh7MN7+LnSM4A","737kUenv9NqIUNThuIy43p","74OOAbgyNCQogYoJl7wUwR","74pfkM4FRGp7ZaBWqEDm6i","74qjLGxNdMaq6Nvh5d1cvM","74u77fkIJJ6amomSPjplNf","74yYxGyEBGMZxvNkPpg8A+","741uXEGqtOyZcmvY72jBdz","75GsvGwdpM1qQEzxqx4iTA","75JlvW+gxL7rY09AaDUNMx","75NymNRlxDrq1thEVCpk0S","75OVV+fZ9JjrNMxnoNm4et","75TZnpLBBP8JYZADwUjftS","75WOjv7clAOpNLfcHefwUs","75bsblkjNA87yXMefGbgmV","75mw/8JqxOaLFKWlRLVqGg","75ruu2WIBOvo4czFu9knum","752Ba9FgpLBI49uOXQByfW","75+YkFnpBAhL3sTZTL6MCN","76twBV12ZAY44iMs2zijQO","77ddI3X0dOWrCFL8aMT8Bs","78HjhL88xDrJGWRuJ9Vsnj","78SCI6e3BHkZxurgpjqFeG","789nQMGJ9F8LaUP5LZQ16S","79LlzoTHdBK6HWsO3/Edl1","79SibBEbJMLKy01RyuUXRj","7aN9gSoH5PH6IDU/ApJn9J","7baJNZa/lAZ4Vhnux13tiG","7baeloEeZLlIc3ITq7i26R","7bdXwAow5Pkoy/TwLZCFq9","7bkbd/evZCH49v8V3H2qTU","7b7m9ujYlG7LlIpluSl9SB","7cUbKytixIHo39m7rZvKjm","7ce76pVJVJSL6IYey0o54b","7c/UvWv4dPVbIJB7W7bf7Q","7dU/JGMEZBYadBH11KTeYH","7fJzel/WBJA51QZvjQL7fY","7fP83hZv9PkK2WPP8cWCSt","7fT8+EPXJDCo49ZRrPqBXS","7fhsAiLTRJBLiKt/AEZIlh","7fl+rWBglMo4VJ0BPQ22CU","7f4Q4Kj/xPTaeaa/4RmSoS","7f8deiAJlBd5n/S2jWOOEp","80ZJObzQVMVqFjf9FFG7RJ","80dLRemM1IKJimDGdcOmhz","802UDNDSdKLJWaJBAupbr3","81RXtb0nVFoLvcOyiFxIdN","81pV8X/MlGn6h4CejNDiPN","82DsdoU65KVKsP5jLeUlaD","82Er5R58lKjYfyN76aByiJ","82ZLpdZBNEXLHt4ypcX7YR","83DiqgCr5DF5L8RKkg6oLW","84LDmNQWROPo0Xt5f7F03S","84gt/cAydNO7R3y9raAkC9","84tRGxEuVG3o6ZQw/0Zduo","85HumZ7eJMeZxeq72IA9RK","85bs0E2ZZBdbEjNnsa9gcq","85lRTuJD5HIqFH3S8S4Ewr","86N/HgZ1lCY5tgSbKMfUKF","86QLNRjytLY7PCN7XuPW2d","86QTwk2fhDsKuJyXPADS0F","86fcKhQFtM05TZ2QWTICzx","86mum6ScpDm7csVkV2s4Wl","860z0j4TBIspM4mQ+vb/LV","87GABAKnhCuLieF5SNKIZB","87QI4NdrtIiJlSvE7xnrJd","87TBGo/lhK679+3VxgwrMX","872V3PJdFNpYgWSEsqSOxi","88wzLrMSlKVpKI7Q8+0cRF","88+KoO3mtCsYO0OpYskrZA","896y0IIuVJjqfG9T8sjqQV","8acVsZU7FKOL/PnQtFKGSG","8awyRkL29FjqmFwQGPkxFO","8azPsxX0JLJo8ZjEJLsbQB","8azW+E1wpDjpmusqABfjgq","8a9gJnkZ1Mm5cysH4CtEJ/","8bSBWHRxdM9IGd078Qwfzk","8bYwj+6+dKw5ZSmhvs0pmW","8cinWSsslAuIc+hjjfJKJ+","8cpMBxfLJISbdXneG6hd3u","8dGO3c59NGmpjWeH+9Soet","8dJ9i3NKJBAKnc192IDWgt","8diYKQvy9LToxApw3WDBXe","8d0PPs4qlGcoOaX4olfOjl","8eOqX90ENEqJscQJI2Xl1f","8enMTfA6dP+5XTyUoBgWWa","8eqEafzYZO/618H6KUEFGz","8fJ3PDA2FC1acfDy6FDgD5","8fSxxQBCZEFoA5aQf1Aisc","8fav5dXr1Ix7s4b8yIUVSX","8f12vGQxxLo7O7qc3SPz6j","8f8ePQoqRHHJsVzaqFNfSo","90R+XxqCRC3o04ycjdmA4v","90TU9i6w1DCpK8s8Gy/Qgj","90pBFZfntDIZnUipsMOVJw","903ZxhbU9ETJu00Gg8eATR","91Eu4hRF1Pjo1Z/st1gAse","91JWRKTrlIOruITc+AbGZi","91LtUcwllCSpcyeR9MCxZI","91ixC0dexImICYouIGRfoy","91p3YSoUFDP680XlZd+ZNJ","918DvK0IpP0JLiKXRp6qzN","92CWXFjwBGIJVxzJ0Md9U9","92cdK9S81DIJVFn3ab80Ea","92kZmbW79DgY7jHsAgWZGH","92775+w8lOMJJ3Whxivqmp","93LHMMYihAlJz7CjWnYNfj","93ifMcVVpJ0bsUBH5Of8M0","93zRKgYC1Myq9mKwnQULv3","935SvL5GdG45qtgfS5qIRw","9350e0V1JGh4caF/RjdITS","94B4yRTr9LZ7ghaZvZdOWz","94Ms23bL5GQISTDjcW57v+","94SXsJpcFGkYIrwQAzhF8l","94jYhhH71NE55ocOWpjyJs","94uL7oaZlBkanoINhnrYpf","94uPgwLn5BcraMBoxDAOzb","94zNppqnFAp5jn+bnhPZN1","95TrFr1ANIGqe0DBPDzY/s","95cGMQM+FEqYLyY3k51ODc","96Rl2S3DVHj5C2d6TLSPac","96ai6GtPdLW735pLRDuOuN","96gVu1ybFNbo7JYdbA6lXI","96tH0+bgZLYavWcJZjGrhK","96u3KsSDdFWJXNcYQOHDUO","96+KT9Pj9K2JtUIUHUt44m","96/m5VNC1Nv5TWSoMBlcS0","97O1nut6NKBaRf5ZJgrF37","98hKthYR1A6YVT39hqiYCU","98zWOa6btKpZyaXU9Hzuht","99GIePdaFE2Z+uI2nkAyly","99MrQE0OBB1rvAIrD5dGpA","993mnX9FBEwoabF6CysQM4","9aLwZLIChM1rr5p4HH9kVN","9aoq9LUmdDdLLW3ryqKHOx","9auxc3wZJLbZbpDw96Rd/I","9a1JEcT7tG7Igu9ubqw8Q6","9a22/I0BRJqbOD3Fw7kJ7j","9a5RsUbwxFcLAUsBUh1/yL","9bFiGHKbRLc6QroOYYDDDZ","9bJVFS9sZFOpKVA7vY9P5d","9bKyZNpZ5EBIishAcZz34h","9bLXPtg9hHV6cmFomvXqJv","9bjNOpv39NaryQ217nZQKM","9bxx7rKqlJ7pBrB4Uzns1k","9by65N8SRLeLW9cbGDkedr","9cKp0Q0NlC5Yi4h6199h4h","9cYrgqBflILLXEyfYEC4Th","9c8Vt8n1BHrJ5swJm8XGJP","9df2huIn5FcLFg8RzwQsYD","9dgur0tNhLOJ0glPLjGNer","9dimYALrVKt5eg8x+VnK4D","9djZAc3YdE24lGwetvsC6V","9duQrsNelKzYvKnBC7ZI47","9d0Q+zCqNJyI9m4obzkv1C","9eBHCCV0FPJYcgOOYDurZz","9eDu3jv7hCNqLsrAYV+bNV","9eRVct5d1HHZ3E0ynMe/rd","9e2yfhvDlPWYVthPVR2bJf","9e875FRttDZLzjb5rv86Kg","9fMLVgaI5HJYdVXhEY5U3k","9fYjiFgEZLqbSIov+MQzLx","9f1pa+3IpPILRKZSLNZiDa","9f5EVHiE5Dr7Y/15C3Ti8u","9f+5HQsLRNWpKXWfrqDCXX","9f/8uW6oVFnrmP8m/7P3/A","a0iQBQkDBOnZrkuAjtiIxd","a1QG5LEWNHXbQvTdEJUgxH","a15EdpKfJFh70sdfKbc0tZ","a1+ri8tnRP8o1nQWb3wCvy","a1/s1ZStdFc5ZP9kC5tm75","a2MjXRFdtLlYQ5ouAFv/+R","a2aozYeWxI+6ZUgpz5pvod","a2gHHClatGJ53JeFHU7YvV","a3aRA5MO9He4cB2sLA7Q3V","a3h2VRvqFBoIFr2HYtVBHT","a3ii62vnJJfKxd41iX8b75","a3pmtdxPFCwZ30RfngKkd+","a308q7CjtJt5ll0VfRvVbr","a4XpGpxklAzpg5JDtVCZPg","a4auNkMPZNl7wiA7ggVImR","a4tCVI2lFExLpc1HHx96GK","a5Hs4NqoxPFYGOvc4K/bHK","a5LYqnB7JG2K9D4uvc0ERb","a5Ukx2VwVK0qEznIvCEapl","a5XlenRGtKk6mzhRnKkzSP","a6DDX41y1MVI8BDk7dXEgp","a6hVelwPFE57OJlraQcVuz","a6laOBY/BGc4h9+4MShfsj","a7D8eZFfNFHrEd0evVMgoY","a7ETFwCkdEr4y0xTw9fhpa","a7nI9h3dFFJqCYZn6+OpF2","a7vSuwgFRPP5W6RROhFVrr","a8fv7BOrJEmI9ZqX4137Hl","a80Ee/sspG/Ke5T9F0XytF","a9NJK7eWZH+poV4x6Lg+sH","a9a6aOnLdB8KMnH2bIJqLD","aaBiecgSdPBa3e/jn5ZHuY","aaVjCalbNCrIqHIRrbX5MV","aabZaktTZAS4Sz8OpHDPey","aaeZ/NeVlCJbG/VcMa589r","abgdsTKLFEc6n0xglJ+hVC","acQrfAAS5BNqctDCKoaOtb","adGENbjMtPkZGx46sl7bJ6","adLMGRtCBLZ4fUxG5iN2tu","aeNwSoLwBK5rgaTf1uFoco","aeZLf/fT9Llq7PL3uCk3V7","aefE5TfCRCCKMB1j1dbk1C","aegRnXwKpOF6gpVaisqV2U","aekOLy2NBBn6rxMy9h40+u","ae5G5hmWBM1blrZ6GcKCMk","afVX1iXipJcavc8BN9W6WW","afXgmYv9BFPZwjc/EzpIK7","afc/jTHgpLeLUyIc03ThBT","affNvH1gJAKZpaCg88U3i4","b0BRtEbARP8qsqWhxJKqlb","b0FjeQxZ5BuY2FgIuJYdxV","b0JugGT2RNuJ8VdVEOCId3","b0ikVr4yBBErUCc+/5xuky","b00lJfC1RLH5TfaYMalRVD","b1DgT3/GJDLoVCaxtIV4u4","b2ECW60shKW4wyb+H2OAZL","b2bwEEaX1Na76HF5XjOkHZ","b2vMKwA85IPoml8HMmkNq+","b3dA7BihZEOrm89+Y3Hf8U","b3hol2HfVOhp2VYYT+Qh5C","b33TmMub1BFZAaDWkpnwXH","b5LCBU0apKSK2o5lVBWogp","b5yFRSLkBNiIgV/u3jczTi","b55hvqPBJFd4izT/jFNSSi","b7Gu9a3jFCuJI+if1sRnTO","b77DZQyR5OXK0X7d9PdVZ2","b8F5KcYgtN+6OtPQLv5adb","b8XyZ8W11EgbCitwonEzg0","b8mJFk5ZFLnIqhYZceKh54","b89wzkeIlBTqPTmol9vAtB","b9N4W/qR5PI5kSRqXLPMp3","b9QeKuOLJJRIylRJD4etaL","b9UuSgd0dEh4CC02idYX//","b9dmuUS/RD6K9pCtfc1Cib","b90HnCcD1OSJDifSOxbwRF","b92h9Se8xNuIkhLU4m4SSC","b98V2dTp1Oi55/ylIYjwod","b9/dXVqEtKb6/yMcPNCch9","baOoja2ERIooU1O11B28Gx","batOb9xEtAr5pF/drdjLnF","bbQsWFDApI0a3fvRyLvNW0","bb5v0oHLZE2Y1JeohFAAaa","bc5eb38sVBYYwb8at52Vcq","bc/umbHU1BB4YpD+6W5so6","bc/vdehKxLp42XjlfeelZH","bdGY0HuqBKU4yamUhEyXWZ","bdQMwjglZI8qJkT2vHCZI3","bdVuplUmFARb2Y3sj29dnJ","bdbSukA5dJiKf/QQiFW+Du","bdgAw2/bNHXIaFHlOYjUqa","beEYk6Uh5GJIYatfgMQPcR","beyS8q959Oe7oP33D4Vmdj","bfOMEMuTdH/6mtumtWMLwX","bfOSLfhUZKeZoxgfyBQ9rf","bfX6A3iQNLA5dK4eeNShV2","bfeQp2o4lPzb+VTx8z1Byo","bfh2ct1OxDCIHLejR1RErS","bf3BeBNPBOd68IaYT96Mqk","bf3hECeTNHKIWUPLIMFMOT","c0gkQyClJGW6nFA9MFhrlm","c1NpV6KxhLTrOXNC9Cwk9t","c2OeML22xM9pQXi03pqlcr","c2/SwXkpRBxp5cvoRhRzbG","c3Ehse7H1E6LGm6qvmfxDu","c3GlkdsfBH+4+5YzQR8Dui","c3rF91hgZKsaLo3p7Y2myw","c37gFlpg9B2KNJDwvKSPUE","c39832StRMC5zvMRoMrbUO","c4v3MhWQxKrIgK3x1nu48c","c43Qsul5ZDe4MDVqYCzcnC","c5tRCgXqhIQLYI9ZOpIB9K","c5/ftgx5BDK4pH/J83/Eh2","c6FU7iD2ZKGIVWbA28QKXM","c6N9ca6TxJZrZGFF3pXaWr","c7JE9gc6lE9KWBjjTG/8Pq","c7QmautRNKp45k2huEN2tl","c78t5UBJZLT5oPas/y/8Br","c8CGWRak9C9qy6rUinVJpZ","c8TlhjJNdJX6UNsXwvf2nn","c8ueORW2hI7pbVH7Rak01S","c83cxwHEROXapllQ2mQ2dF","c9QeOA2GhIRYvGprRtEMeO","c9VupEoCxGbIrIXOJwwOth","c9w0DXfg9BSJMDUNMf9bg7","c9/92TtqNOVL6GKh/g1DRM","caH+Ln4g9HOKR5gEHQdjRW","cbEqMev0BNDZ5TVRc6D9pf","cbjSDevGdIJ5XBmYjSwP7U","cb73K5kMRAgYeFUt8iNROv","ccrwNSNyxOsJkFutRhIDIG","cd6ebZZvFD2o2rFTy3NAl+","cd6ssMvFtMkp4AwU5zx8/8","ceK5sp5ndGpYBCHpUKoXq6","ceUe9LDypEK6v/drrC9JLW","cea3s43qNJ3YxDvo1Pj6j3","cenaCXoZlKgaUvz2VwOhC5","ceu0z6px1F0aJQdVmRynus","cfImDpi6dA7oZz4kLJ6smA","cf61NBGEtPZbjdwvyJMQP1","d0D8ZrxjVBQY9MDVxX2HyM","d0VAoZp2NF2Y4LaCozfmRt","d0clPH7PVDg4PZes6ofkrx","d0t5+kcaVFiaHGHmSENkiw","d0ybjKI0xEL564M/OGwvbK","d02viHCDRO9Zq0nZ6TQjDr","d03rIJs5pDcJAz7kTZuaO0","d08ED8r7dPo58tLUMc5ml2","d1I3talNJPD48G7WJeL4ng","d1Px+agrNJy4BBYlrxZhFd","d1WB9klHRLXabmsfMn8F7x","d1WHen6v1GgaDLQQ1NIF2V","d1bihw0YxKmLS/x8Fi4y7t","d1zNbViPNMAqVTNJu2dcB8","d182MU1BZEHK3HHI+DTusb","d2VVpUjEJGrYzxhWMKPj03","d2htedOTFFtKEkIRz2kGzp","d2vFsuSNFKR41BRUXOBnpD","d2yOfoXjVCOqmvFY3e5woU","d3ZtcbcsFHR4p2dg4PW7Ye","d3ib7pCMZB/5JaaNy5K1e/","d3ys7qOE1Baru5r3/Y25Yb","d38Fg4e/dB5Z+EzWxAbevn","d3+E6o96RLA7VHQS1PZGCq","d4dr8l9UZEZ4Q5cFUcejTt","d4g7laSs5Eirox4Y4RY1du","d4mbApN2JFCYsVt5gCMte4","d47uwzEWZDrZyVYTYMrA/d","d5OMBx695CC6Us6tXlAYUV","d5QQv0drdMy6vEA8WoSyeI","d5RjDpNUpNVJIldlXdux8o","d5Uail1SVPTaKApn5PZW5r","d5cQFc0i9G7Ie9qoM3j3D3","d6AB38felO4YlWzpkHG+hi","d6EudmCIBCb5N68Avws7qd","d6WmuM451MsoBnN3wojyJk","d6q5JzOutE5YSbYL6x+kr/","d6vq+k0JBC6ooM+Mk9YjXK","d7OH+MmJZAe40oore99B14","d7Pc48cLVB7qrUZ7okTW+B","d7eTP+WKFIz4WEkZ7QGhnO","d8k6Dqq/FBZJJ6zekyPrC7","d8oMX0bBlFaoz8dozDODh2","daKGkJHypKUZFhdwiQD5jK","danLf8QqdKlbmoeN2T7jDY","da76YwbctF+q1qbgOQdfre","dbVPjdiQNC6ayx3D04guDJ","dbWdmAqKRBNYVyByPYKtPC","dbW7Ndd5VKvLTu041yBWP4","dbzMYZp+tLcJQEgGJrZ+28","dcAmTsobpL84y1os/z1Wmt","dcEQb8QP5Fg5BkCzmcFgWb","dczj6P+51EfYVCBslDw2fn","ddNsiSY+pNW50DrvOvBduv","ddgz9N6ttLwpDZW3MJl1lz","ddzR9ALjdD9Zb4R9dzBHhy","dd01AwIklD/ayn4D5VeTlc","dd5/3+BPRIXJcF04zKrThG","deCwtmXKNJnYbYhWRYRSng","deuVt26UZLDpoQYKi6AZ+w","dexHIVC45Ld7QvKumKHeqC","dflMTnF8hADK6boMnaMNKv","df6XQz5mdKUb0L5daOFkL9","e0wRAo2mpCb7h4CIDtUUSW","e0x4jH8t9GwbBg6tx9OoE2","e0/22iW8FD6aTRE0gCctWg","e1TWgBlRFOj4ypzahsUjdB","e1Ue0ZNdlC8oLB0DcLTHk6","e1wl3w6uZLErB0Nge7msPb","e2Z06eEXZMRKUD8VdVGeci","e2hpL6rs1HiYbaEkt1KEb2","e3OjCDRvlEQp4MLgHHibtB","e300juheFBPbUHMQoKk/O7","e37LpJ45ZJ4Jmp9aBLABYI","e41OfP9mFMWZPmiqwUvAs3","e45cAI+gVBlKNHWe36+Sgb","e5IZ8G4/BO3JEBS5d45Hbt","e5TYtc4Q9G7Zymhg0SMSt7","e5fyuuuAZLireh5tB/badu","e6MIHCHsVDBLzWJAO9E51s","e6zNkAlSZJ1ZjCwdZpXY0f","e7CorP3lBJTLqKFjKFeL2g","e7REUaI0ZB4KQ7j+zyD2rf","e7XTr5o5RGtreldNlPlhrU","e7fB2MFABGXoc0yM9+mKXS","e8uvxklYFEQIyyGuUY8Gcq","e8+AFyrWBKu6U7R1636r57","e9vjPiwDFAI4fZ2VG+V+Tt","e9weCYNrlPbI/WYtsmF7HO","e97GVMl6JHh5Ml5qEDdSGa","eaku3rOtRFyIMqG2I7PGNI","eazCFLeoNPyJiknseppn5I","ea8UP+jglBtqTEipCfwFiQ","ebROd4HRNJdq1yuq50H9bT","ecCTW49kJJYZX+93y4H/Sv","ecClTKAXRDG6y+MMuyLOO3","ecL83ZjSpDQadY2Z2CPk06","ecpdLyjvZBwrvm+cedCcQy","ecqmDUL7ZCz5JRCmZcX+dL","ecxRUrMahGOrteAdiZEF+w","ec34oNigdEQKKGOfCX1rdp","edHF9bpiFF8JYBTvVJaCBB","edKIOKf7ZKWZRkCwVgXMdC","edVBZAOdpLi7gd6sDZgajs","edVoWuzE9HeImhALWYRGID","eeND0ZeUJM87fkknh4I5fL","eeutYc5nFGmrtMPkYBDC1R","efMhRaOy1CHqlVmDtcwqUU","efRYNEkOVBp54RC67db6ch","efV5jjI01NFoHa7pbw+Ih5","efbxQbifFAzYOj/S21Ehmn","efeBqIQOlHaIcgTLEehIz2","efeifHwHRAqqZULDwchHgf","efgou8nXFEVI5Gx0ySdatZ","efhjTVRSpAf6r/CIGloCcT","ef8WzABclBa40DBIQwTVaK","f0BIwQ8D5Ml7nTNQbh1YlS","f0LeV0QkdPdaajroJV4Kuy","f0j4rr/URFHag1ggv6HNOR","f02xneDYlBcJ9QXo8kn5cR","f1l+N6zIdG1qWXB8dr/gbY","f1yuqNFodFMagcpB/PWvcC","f11qRnxWFPE52lhev0AM1W","f1+190mi9J8YG9msKqm+rN","f2D9MWAx9A8ZNO16ytEa+w","f2XNqA0m1EkLjSQYFrCFqL","f2/+U0vFRH6qtgbUDRY58U","f3EX8+IhJFaLNds6I+zUhW","f3F3TlheBBmIz56Gz9+J2c","f3iKWKlahJebB5ePs1LJiM","f3xuoY8KlKkolZ4OzppjpN","f3zXt2Wf1AZKAhlMx5VCA1","f36ywnk55JeoFB8sBau/D2","f4Kgky5Q1I9Z6KFiw/Uqwz","f4O8AKALpIcrn7NkdvJmW+","f4P5vYH6RADoaTxgBs/LOm","f4axRBfChKKanHV1U+cbVo","f4ewO+HQJGlbs+plqYk7b9","f4mjYLrztPiLXr9A3DyX7a","f4tw4P59dBooMDtCantbeo","f5HZJu4mVLGrTDQu+mk80j","f5Ryn7qDVFZq7Y2oanpI7f","f5VxPvWjBOioRO5tjrttbZ","f5f7PpCnJFB5k3UIWLF6IS","f5ptGqIGtKPYsOarY4Am5x","f506Nmqb5A9IezQX70F0CM","f6YPncn7JJ65Y9ShuXMHrw","f6g4H2DBlHpJDR+koyPRrj","f6n0ILr/hI9LiuoyTBZfmG","f61h85Nu5POroBDU3I4SQd","f7GksbOxNIybX/Rut1JaCK","f7fGIgiYVJhZOZ4pDbN+99","f85zdgdddE16p7rvejPVjE","f9XgNg5ehLc4whIbTXnsB8","fabs9KmmRAtL/a+oA6mwLO","fa7MJlsiRPv5Y2E8xPDQ+f","fbO1HgzxpA7LKPByDWKSsX","fb9Qr+HNFNeb6A6drStQJ5","fcYuZQ0adMSY/h4kEjYx9u","fc6x+MvE5IfYcymD4MuKm5","fdm8SQh51HYbulSdYmUG/J","fdtWtdethLKZyPl+tIydTB","feffv9AsRKr5f7PHkHogch","ffpJClRwBDBLq4ThK/6UST","ffrzt6oztBE7aoYY8iff25","ff84UKQgpEB4o5pBqZ66BV"],"scenes":{"db://assets/Bundle/MatChuoc/MatChuoc.fire":226},"redirect":[450,0,523,1,910,0,1027,0,1133,0,1138,0,1141,1,1160,0],"deps":["resources","internal"],"packs":{"0129c0b23":[381,388,393,418,424,447,519,522,532,552,563,658,688,699,735,745,749,1155,1181],"01b58b6df":[179,243],"01b8d05bd":[335,342,405,446,470,486,492,642,671,696,709,737,739,780,784,786,793,801,807,816,820,840,869,878,889,925,935,947,961,982,994,999,1029,1034,1064,1081,1083,1100,1112,1162],"01d9fd737":[323,396,459,464,512,600,663,875,919,953,1017,285,1171],"023eefb96":[350,351,389,409,484,509,529,576,203,599,613,669,694,811,939,966,973,1035,1073,1091,1110,1117],"02639d1ed":[173,209,217,224,234,240,257],"0266a68f2":[831,863,295],"026ddfd00":[313,331,399,431,720,753,954],"027a5f068":[190,199,200,213,228,278,297],"027c85577":[657,668],"02b9ee1c1":[302,369,460,461,607,662,667,866,894,903,1023,1076,1101,1122,1147,1156],"02c76ff9e":[182,575,728,1203],"02d4b0d22":[303,530,644,945],"02e9d8d69":[320,362,428,435,448,449,569,584,587,611,630,677,693,733,795,884,962,980,995,1008,1118,1157],"02efff590":[326,344,366,374,452,494,606,638,666,700,712,803,876,1021,1049,1084,1119,1153,1158,1191,1198],"031489865":[686,724],"0351e1e81":[457,477,500,506,508,510,513,527,546,562,582,593,651,665,681,690,706,755,759,767,794,797,798,824,844,883,895,958,1018,1058,1060,1065,1067,1104,1108,1139,1144,1148,1159,1182],"03acd6b2a":[311,836,279],"04099bc3d":[318,337,387,402,416,421,445,451,473,478,483,544,565,568,591,612,618,625,673,685,711,717,764,788,792,806,812,854,870,886,937,944,967,1007,1057,1077,1098,1114,1170,1174,1177],"043651f6e":[321,327,355,370,376,382,407,465,535,547,590,629,631,660,678,684,818,887,993,1071,1097,1140],"04592c0a7":[306,458,463,697,809],"048d8af60":[307,367,436,479,604,664,714,790,800,821,860,898,901,924,1002,1048,1053,1078,1096,1204,1209],"04b7c232a":[175,605,719,828,955,1044,1132],"0500a1d9b":[177,595,747,852,1085],"050c47d9e":[316,403,443,469,488,493,521,653,725,765,768,847,857,862,882,917,926,938,996,1004,1006],"0513f5469":[233,849],"051b2ed4d":[308,497,566,646,703,729,817,978,1063,1127,1142],"052b4873e":[305,359,368,379,474,476,525,645,698,710,772,879,908,911,977,981,1025,1069,1105,1123,1143],"05a17d387":[353,408,782],"05b176ec8":[309,390,246,1013,1109,1120,1192],"0612c01a6":[340,394,517,560,614,707,740,868,975,1070,1167,1188],"06330aa9a":[395,439,454,551,661,923,1003,1195],"06380a78c":[0,4,5,7,10,11,13,14,16,17,18,22,23,25,27,29,30,34,38,40,201,43,45,47,48,49,51,52,54,55,214,57,59,60,61,65,66,68,70,72,74,77,78,79,80,81,84,87,89,247,95,96,97,101,102,104,107,109,112,113,114,116,118,119,120,124,125,126,276,132,133,134,135,137,141,142,143,144,292,150,154],"065af0a52":[304,647,748,880,912,1062,1180],"06adce4a1":[440,730],"070db430e":[462,555,556,758,839,916,969,971,1061,1145],"072f887a8":[347,378,380,391,406,526,641,654,680,842,873,874,877,902,932,933,943,957,1019,1201],"0757266a3":[726,744,823],"07641b221":[635,1036,1166],"07aa12b7f":[180,286,290,298],"07e759786":[656,838,256,1074,1200],"07f910e39":[174,235],"0808e0200":[202,679,881],"0822cc6c0":[330,339,434,480,490,511,648,704,734,936,983,992,1015,1026,1031,1040,1116,1151,1185],"082c4d39c":[970,274],"0832f7f00":[170,542,915,252,1189],"084fa2fcf":[349,769,918],"08a4dd6ab":[738,946,972],"098172eb0":[301,1,2,3,6,8,9,12,15,19,20,21,415,24,455,26,28,31,32,33,35,36,37,39,41,42,44,46,609,50,53,56,670,58,62,63,64,67,69,71,226,73,791,75,76,82,83,85,86,899,88,90,91,92,93,94,98,99,100,103,105,106,942,956,108,960,110,968,111,976,258,115,117,267,121,122,123,1043,275,127,128,129,130,131,136,138,139,140,1150,1161,145,293,146,147,148,149,151,152,1199,153,155,156,157],"09933d6a0":[495,283],"09c132e8a":[423,485,557,558,585,617,619,723,867,896,1173],"0ab7a8cf0":[356,364,375,385,398,482,518,520,543,548,549,561,567,586,596,615,639,675,676,713,731,736,751,776,815,826,841,858,859,865,872,905,909,921,986,1010,1014,1033,1037,1052,1056,1090,1125,1128,1149,1152,1169,1175],"0acfbcd00":[373,442,466,468,507,516,553,632,695,837,871,949,1039,1111,1135,1154,1196],"0b0c4d28d":[404,620,830,855,913,1012,1095,1207],"0b4f96623":[536,1020,1130],"0b595c035":[324,328,329,413,429,491,578,598,701,778,787,835,856,864,890,974,985,1102,1131],"0b8ab049a":[438,277],"0c06e305f":[322,354,444,498,503,541,682,760,810,825,827,931,990,1005,1045],"0c5df2c54":[163,165],"0c7662433":[325,332,343,411,419,471,489,550,574,581,608,624,636,672,687,708,715,718,732,752,757,785,802,834,900,914,922,948,984,989,1022,1055,1080,1106,1146,1187,1197],"0c9133245":[579,750,940,1046,1075],"0ca16f0b8":[341,357,400,412,496,524,564,594,702,705,742,781,893,927,964,1042,1066,1094,1134,1163,1164,1172,1206],"0d0058694":[813,264],"0d0d17921":[410,505,537,545,583,589,626,683,814,904,950,1038,1184],"0d182beb9":[383,430,501,528,580,640,650,773,789,965,997,998,1001,1009,1051,1092,1168],"0d6e7d609":[319,533,534,627,628,746,851,1000,1050,1099,1124],"0dafaf5a4":[426,456,775],"0dc3c2da3":[425,269,1179],"0dd41e98f":[420,472,634,655,689,741,804,833,850,892,920,988,1030,1086,1129,1137,1183],"0df52062a":[310,333,358,371,453,727,743,783,799,885,906,941,1093,1121,1186,1193],"0e2002007":[352,365,417,499,622,633,643,691,754,763,766,822,843,848,897,907,1011,1024,1041,1082,1136,1165,1176],"0e499bbf0":[314,315,317,363,372,392,571,572,610,716,721,832,963,1059],"0e4d6c509":[437,623,756],"0e7e6806b":[427,487,540,559,602,819,929,1068,1088],"0e8a0cea1":[481,987],"0f2c20c74":[422,504,597,637,659,771,796,808,891,934,270,1089,1190],"0f33206ea":[432,441,502,777,853,1016],"0f894dce8":[194,237],"0fa12a5b7":[334,336,348,377,386,433,514,531,538,539,573,577,592,616,621,652,674,692,761,762,770,774,845,846,861,959,979,991,1028,1072,1079,1103,1107,1178,1194,1205,1208],"0fae75d38":[338,397],"0fb918ebd":[345,570,779,888,928,951,1054,1113],"0fdb48b0a":[361,829]},"name":"57","importBase":"import","nativeBase":"native","debug":false,"isZip":false,"encrypted":false,"versions":{"import":[158,"018b6",159,"6eaec","0129c0b23","87286","01b58b6df","db637","01b8d05bd","0ff59","01d9fd737","b4f53","023eefb96","2cd13",160,"cc33b","02639d1ed","deefd","0266a68f2","cad58",312,"27e7a","026ddfd00","82b7e","027a5f068","e7c9d","027c85577","c370b","02b9ee1c1","325b9","02c76ff9e","d55ce","02d4b0d22","a16a6","02e9d8d69","bd659","02efff590","f6be2","031489865","31979","0351e1e81","85ac7","03acd6b2a","5c3eb","04099bc3d","5de63",161,"341bf","043651f6e","27c0d","04592c0a7","0cf11","048d8af60","aa667","04b7c232a","cfe0b","0500a1d9b","882c9","050c47d9e","89062","0513f5469","7f77f","051b2ed4d","d92b5","052b4873e","29c47",162,"2202a","05a17d387","3d73f","05b176ec8","31d23","0612c01a6","bc09a","06330aa9a","5c015","06380a78c","7cfff","065af0a52","8f797","06adce4a1","14b32","070db430e","2f491","072f887a8","1927e",164,"5a8a4","0757266a3","f192c","07641b221","d6343","07aa12b7f","4f815","07e759786","f4846","07f910e39","41778","0808e0200","9e040","0822cc6c0","3f412","082c4d39c","4cb6a","0832f7f00","443f5","084fa2fcf","6ee6c","08a4dd6ab","5b6cb","098172eb0","340a4","09933d6a0","29220","09c132e8a","f1ca9","0ab7a8cf0","df34e","0acfbcd00","e47d7","0b0c4d28d","9b839","0b4f96623","8d460","0b595c035","21827",346,"c3dde","0b8ab049a","7486e","0c06e305f","c4243","0c5df2c54","72a90","0c7662433","1d7fa","0c9133245","f6727","0ca16f0b8","2043c","0d0058694","206a0",166,"c1ba5","0d0d17921","aa67d","0d182beb9","5019d","0d6e7d609","56408","0dafaf5a4","1076b","0dc3c2da3","94a04","0dd41e98f","cac88","0df52062a","ab783","0e2002007","f3ecc","0e499bbf0","6d8a2","0e4d6c509","c7121","0e7e6806b","74f25","0e8a0cea1","b0bf6","0f2c20c74","6202b","0f33206ea","39b39",167,"9afa4","0f894dce8","94ea3",168,"ab15f","0fa12a5b7","f7a80","0fae75d38","33f60","0fb918ebd","07a74","0fdb48b0a","f9a93",169,"71c67",360,"4ec0a",171,"a9d37",172,"9118b",384,"8de7d",401,"8460f",176,"5db08",414,"8b5d6",178,"0c305",181,"92ae6",183,"02111",184,"d7de9",185,"6a774",186,"3c854",467,"03367",187,"9fe1d",475,"2afdf",188,"314d5",189,"b7c0b",191,"90a82",515,"8c63f",192,"2625b",193,"87a75",195,"29332",196,"1d4b1",197,"df68e",554,"95bae",198,"5d310",588,"eaa3b",204,"fe81b",205,"bf23b",601,"390f0",603,"24e09",206,"443ab",207,"d7c07",208,"2e434",649,"2c336",210,"0f877",211,"9a71f",212,"01a7b",215,"d6d21",216,"eea4c",218,"c43e1",219,"0e68a",722,"36356",220,"f868e",221,"69bf5",222,"1a1b5",223,"692dd",225,"be80c",227,"d09be",229,"9b042",230,"8b493",231,"f8959",805,"66071",232,"66f98",236,"e6f59",238,"8fd24",239,"5c4b3",241,"e05a3",242,"68cbe",244,"f0c56",245,"8214d",930,"cf8ce",248,"ec61e",249,"40579",250,"5ec6c",251,"efaf1",253,"33a9e",254,"314ee",952,"eedd0",255,"33959",259,"02276",260,"66571",261,"fb0ea",262,"3f8e4",263,"cf421",265,"3ba61",266,"95c8b",1032,"6b73c",268,"ee4b9",1047,"eec49",271,"1bdcd",272,"9e268",273,"946c2",1087,"5de4d",280,"b059b",281,"2a16a",282,"869fb",1115,"feada",284,"8badc",1126,"2b4dc",287,"47848",288,"7935b",289,"829ed",291,"be204",294,"dea33",296,"50a18",1202,"8764b",299,"51e35",300,"27ef6"],"native":[0,"c886d",1,"5b5dd",2,"79e13",3,"be0da",4,"28ce7",5,"9a386",6,"32f26",7,"11d04",8,"1c41d",9,"4369e",10,"a4e7d",11,"ee927",12,"e92a5",13,"77833",14,"46d21",15,"c3f38",16,"a8465",17,"dd81f",18,"9af3c",19,"a5558",20,"40e31",21,"b20ca",22,"b8374",23,"55593",24,"586eb",25,"b4765",26,"18a56",27,"834d5",28,"a3f41",29,"07d4b",30,"ac47e",31,"59697",32,"b26e4",33,"f615d",34,"ac178",35,"6bb42",36,"bc4d9",37,"4caca",38,"57e4b",39,"57ec3",40,"75bc5",41,"3bee0",201,"4265d",42,"8f44c",43,"9d3aa",44,"0d0c3",45,"4365e",46,"8cb85",47,"99f6b",48,"a79fe",49,"86dbc",50,"eb894",51,"0c574",52,"576d6",53,"677c8",54,"a06dc",55,"cdfdc",56,"8c86f",214,"6d707",57,"edb50",58,"a2f7d",59,"09d07",60,"3cec8",61,"07cdc",62,"c1757",63,"b1037",64,"7f6d9",65,"42b36",66,"bc91a",67,"2d82c",68,"8822b",69,"780f5",70,"59537",71,"0864c",72,"8e390",73,"5acec",74,"14b9d",75,"cbd86",76,"ec939",77,"0fa34",78,"8ff0f",79,"9c7e9",80,"40993",81,"9d463",82,"dbdda",83,"ea747",84,"10cc8",85,"3a779",86,"a9dc8",87,"48380",88,"3d028",89,"5abf7",90,"6440b",91,"343fa",92,"df38c",93,"26a5e",94,"229ce",247,"37b53",95,"6428d",96,"424f3",97,"0c6cf",98,"4d9ef",99,"8e72b",100,"c8607",101,"be119",102,"56a85",103,"70d08",104,"e41c3",105,"47498",106,"104b2",107,"17dd9",108,"ffc4e",109,"95238",110,"10527",111,"4bcd8",112,"8b77c",113,"8c8a1",114,"42757",115,"86c26",116,"16c2d",117,"001fb",118,"b7380",119,"a0fbd",120,"8302e",121,"9585c",122,"1dc1e",123,"0c5bc",124,"8c50d",125,"84dfb",126,"ba479",276,"d55c2",127,"605ac",128,"1563d",129,"b2738",130,"babe8",131,"c6457",132,"79f8d",133,"1b84f",134,"236b1",135,"38124",136,"b1ffd",137,"79bfd",138,"15610",139,"73729",140,"18716",141,"8a617",142,"104e4",143,"b71fc",144,"4a425",145,"71212",292,"284a9",146,"a98d1",147,"7582a",148,"ae2f1",149,"dc28b",150,"171e7",151,"d07e4",152,"f97b8",153,"758e2",154,"828f2",155,"31e1a",156,"91038",157,"0a72f"]}}