{"paths":{"0":["assetGet/alats/Symbol/Alats35",2],"1":["Audio/featureBuyStart",0],"2":["Audio/vox/voxRandom06",0],"3":["Audio/vox/voxRandom02",0],"4":["assetGet/alats/Symbol/Scatter/Alats46",2],"5":["assetGet/alats/Symbol/Alats64",2],"6":["assetGet/CachChoi/ruleJPMatChuoc",2],"7":["Audio/heartbeatSlowdrop",0],"8":["assetGet/alats/InfoBar/Alats17",2],"9":["Audio/vox/voxPayout2tiao",0],"10":["Audio/vox/voxRandom04",0],"11":["assetGet/alats/Alats60",2],"12":["assetGet/alats/InfoBar/Alats24",2],"13":["Audio/featureBuyBtn",0],"14":["assetGet/img/2",2],"15":["assetGet/alats/Symbol/Alats68",2],"16":["Audio/menu_icon_press",0],"17":["assetGet/alats/Fs/Atlast4/Alats4",2],"18":["assetGet/CachChoi/02",2],"19":["assetGet/alats/Symbol/Alats38",2],"20":["Audio/vox/voxPayout8wan",0],"21":["Audio/vox/voxPayoutBaiban",0],"22":["Audio/vox/voxRandom05",0],"23":["assetGet/alats/Alats14",2],"24":["assetGet/img/16",2],"25":["Audio/vox/voxPayoutHongzhong",0],"26":["assetGet/alats/Fs/Alats32",2],"27":["Audio/multiCombine",0],"28":["assetGet/alats/InfoBar/Alats16",2],"29":["Audio/prizeInfobarTotalwinMedMain",0],"30":["assetGet/alats/Symbol/Scatter/Alats47",2],"31":["assetGet/alats/MultiControl/Alats52",2],"32":["Audio/vox/reelStopSingle",0],"33":["Audio/vox/voxRandom08",0],"34":["Audio/vox/voxPayoutFacai",0],"35":["assetGet/alats/Fs/Alats43",2],"36":["Audio/vox/voxRandom07",0],"37":["Audio/uiInfo",0],"38":["Audio/fastspinStart",0],"39":["assetGet/img/3",2],"40":["Audio/vox/voxRandom09",0],"41":["assetGet/alats/Fs/Alats7",2],"42":["Audio/heartbeat",0],"43":["Audio/vox/infoBoard/infoboardTotalwinMedwinEnd",0],"44":["assetGet/alats/InfoBar/Alats26",2],"45":["Audio/vox/infoBoard/infoboardTotalwin",0],"46":["assetGet/CachChoi/06",2],"47":["Audio/uiCollect",0],"48":["assetGet/alats/InfoBar/Alats59",2],"49":["assetGet/alats/Symbol/Alats42",2],"50":["assetGet/alats/Dragon/Alats61",2],"51":["Audio/symWild",0],"52":["assetGet/CachChoi/04",2],"53":["assetGet/alats/InfoBar/Alats23",2],"54":["Audio/vox/voxMultiply4x",0],"55":["assetGet/alats/Fs/Alats10",2],"56":["assetGet/alats/Dragon/Alats63",2],"57":["Audio/vox/voxRandom11",0],"58":["assetGet/CachChoi/05",2],"59":["Spine/Jackpot/jackpot",2],"60":["Audio/spinStopQuick",0],"61":["assetGet/alats/InfoBar/Alats19",2],"62":["assetGet/alats/ButtonSpin/Alats55",2],"63":["assetGet/img/66",2],"64":["Audio/bgm_mg",0],"65":["Audio/symScatter",0],"66":["Audio/scatterWinHighligh",0],"67":["assetGet/alats/Dragon/Alats67",2],"68":["assetGet/alats/Background/Alats66",2],"69":["Audio/vox/voxPayout5tiao",0],"70":["assetGet/alats/InfoBar/Alats62",2],"71":["Audio/spinActiveLoop",0],"72":["Spine/Jackpot/jackpot",4],"73":["assetGet/alats/InfoBar/Alats29",2],"74":["Audio/list_item_click",0],"75":["assetGet/alats/Fs/Alats33",2],"76":["Audio/vox/voxRandom03",0],"77":["assetGet/alats/InfoBar/Alats20",2],"78":["Audio/vox/voxMultiply5x",0],"79":["Audio/vox/voxMultiply6x",0],"80":["assetGet/CachChoi/03",2],"81":["assetGet/alats/Fs/Alats6",2],"82":["assetGet/img/9",2],"83":["assetGet/alats/Symbol/Scatter/Alats45",2],"84":["assetGet/alats/Dragon/Alats13",2],"85":["Audio/vox/reelQuickstop",0],"86":["Audio/fsWonRemainingIncrease",0],"87":["assetGet/alats/Win/Alats8",2],"88":["Audio/vox/voxRandom01",0],"89":["Audio/prizeInfobarTotalwin",0],"90":["assetGet/alats/Fs/Alats2",2],"91":["Audio/vox/infoBoard/infoboardTotalwinBigwin",0],"92":["assetGet/CachChoi/01",2],"93":["Audio/spinStop",0],"94":["Audio/bgmTotalwinEnd",0],"95":["Audio/fsSpin",0],"96":["Audio/prizeInfobarTotalwinMedEnd",0],"97":["Audio/vox/voxPayout5tong",0],"98":["assetGet/alats/Symbol/Alats39",2],"99":["assetGet/alats/Dragon/Alats30",2],"100":["assetGet/alats/Symbol/Scatter/Alats41",2],"101":["Audio/vox/voxRandom12",0],"102":["Audio/vox/voxMultiply10x",0],"103":["Audio/fsIntro",0],"104":["assetGet/alats/ButtonSpin/Alats54",2],"105":["assetGet/alats/MultiControl/Alats51",2],"106":["Audio/symCollapse",0],"107":["assetGet/img/19",2],"108":["Audio/prizeSmallwin",0],"109":["Audio/vox/fsDragonFly",0],"110":["assetGet/alats/MultiControl/Alats50",2],"111":["Audio/vox/maJiangHuLe",0],"112":["assetGet/alats/Fs/Alats12",2],"113":["Audio/featureBuyHover",0],"114":["Audio/prizeSmallwinMultiplied",0],"115":["assetGet/img/10",2],"116":["assetGet/alats/Fs/Alats5",2],"117":["assetGet/alats/ButtonSpin/Alats31",2],"118":["Audio/vox/voxMultiply3x",0],"119":["assetGet/alats/MultiControl/Alats49",2],"120":["Audio/prizeInfobarUpgrade",0],"121":["assetGet/alats/InfoBar/Alats18",2],"122":["assetGet/alats/Win/Alats34",2],"123":["assetGet/img/launch",2],"124":["Audio/fsWonTitle",0],"125":["Audio/vox/voxRandom10",0],"126":["Audio/rouletteStart",0],"127":["assetGet/img/1",2],"128":["assetGet/alats/InfoBar/Alats27",2],"129":["assetGet/alats/Win/Alats40",2],"130":["Audio/heartbeatNoise",0],"131":["Audio/bgmTotalwinMain",0],"132":["Audio/vox/fsMultiplyRefresh",0],"133":["Audio/slider_effect",0],"134":["Audio/symShrink",0],"135":["assetGet/alats/ButtonSpin/Alats53",2],"136":["assetGet/alats/Symbol/Alats36",2],"137":["assetGet/alats/Symbol/Alats37",2],"138":["assetGet/alats/Background/Alats65",2],"139":["Audio/vox/infoBoard/infoboardTotalwinMedwin",0],"140":["assetGet/alats/BigWin/Alats57",2],"141":["Audio/bgm_fs",0],"142":["Audio/rouletteLoop",0],"143":["Audio/uiStart",0],"144":["assetGet/alats/Alats58",2],"145":["assetGet/alats/Font/Alats9",2],"146":["assetGet/alats/Symbol/Scatter/Alats48",2],"147":["assetGet/alats/BigWin/Alats56",2],"148":["Audio/spinBtn",0],"149":["Audio/fastspinEnd",0],"150":["Audio/bgmBigwinMain",0],"151":["Audio/vox/voxPayout3tong",0],"152":["Audio/fsTrans",0],"153":["assetGet/alats/InfoBar/Alats25",2],"154":["Audio/bgmBigwinEndCoins",0],"155":["Audio/vox/multiplierUpUpUp",0],"156":["Audio/featureBuyCancel",0],"157":["assetGet/alats/Font/Alats44",2],"158":["Audio/bgmBigwinEnd",0],"159":["Audio/vox/voxPayout2tong",0],"160":["Audio/vox/voxMultiply2x",0],"161":["assetGet/alats/InfoBar/Alats20",7],"162":["assetGet/Animation/MultiCtr/upMultiFS",6],"164":["assetGet/alats/Fs/Alats7",7],"165":["assetGet/alats/Dragon/Alats61",7],"166":["assetGet/Animation/wincoin",6],"167":["assetGet/Animation/Scatter/effectBgScatter",6],"168":["Frefabs/TakeSymbol1",1],"169":["assetGet/Animation/Scatter/effBgFs",6],"170":["assetGet/alats/Symbol/Alats38",7],"171":["assetGet/Animation/MultiCtr/bonusBgMulti",6],"172":["assetGet/Animation/MultiCtr/multiplierLoop",6],"173":["assetGet/alats/Fs/Alats6",7],"174":["assetGet/img/2",5,1],"175":["assetGet/Animation/ButtonSpin/Btn_Click",6],"176":["assetGet/alats/InfoBar/Alats16",7],"177":["assetGet/CachChoi/05",5,1],"178":["Frefabs/Coin",1],"179":["assetGet/alats/MultiControl/Alats50",7],"180":["assetGet/Animation/fast_vfx_c",6],"181":["assetGet/alats/InfoBar/Alats29",7],"182":["assetGet/alats/Symbol/Scatter/Alats48",7],"183":["assetGet/Animation/FreeSpin/btnEndFS",6],"184":["assetGet/img/16",5,1],"185":["Frefabs/NearFreeSpin",1],"186":["assetGet/alats/InfoBar/Alats62",7],"187":["assetGet/alats/Symbol/Alats37",7],"188":["Frefabs/EffectRemoveItem",1],"189":["assetGet/Animation/FreeSpin/particleFs",6],"190":["assetGet/img/66",5,1],"191":["assetGet/Animation/fast_vfx_a",6],"192":["assetGet/alats/BigWin/Alats56",7],"193":["assetGet/alats/Alats58",7],"194":["assetGet/Animation/BigWin/MegaWin1",6],"195":["assetGet/alats/InfoBar/Alats24",7],"196":["assetGet/alats/Win/Alats8",7],"197":["assetGet/Animation/InfoBar/TakeMoney",6],"198":["assetGet/img/3",5,1],"199":["assetGet/alats/Fs/Alats2",7],"200":["assetGet/Animation/ingot_shine",6],"201":["assetGet/alats/InfoBar/Alats25",7],"202":["assetGet/Animation/TakeItem/remove",6],"203":["Frefabs/Bigwin",1],"204":["assetGet/Animation/BigWin/LoopBg",6],"206":["assetGet/alats/Symbol/Alats64",7],"207":["assetGet/alats/Symbol/Alats42",7],"208":["assetGet/Animation/InfoBar/TakeTotalWin",6],"209":["assetGet/Animation/TakeItem/takeSymbol1",6],"210":["assetGet/Animation/TakeItem/takeSymbol2",6],"211":["assetGet/Animation/bonus_glow",6],"212":["assetGet/alats/InfoBar/Alats23",7],"213":["assetGet/CachChoi/02",5,1],"214":["assetGet/alats/Fs/Alats12",7],"215":["Frefabs/NodeAddShuff",1],"216":["assetGet/Animation/TakeItem/takeSymbol",6],"217":["assetGet/Animation/BigWin/BgCoinLoop",6],"218":["assetGet/alats/InfoBar/Alats59",7],"219":["assetGet/Animation/BigWin/ParticleLoop",6],"220":["assetGet/CachChoi/03",5,1],"221":["assetGet/alats/Dragon/Alats13",7],"222":["assetGet/alats/Symbol/Scatter/Alats45",7],"223":["assetGet/Animation/FreeSpin/particleLoopFS",6],"224":["assetGet/Animation/fast_vfx_d",6],"225":["Frefabs/RuleJPSlot",1],"226":["assetGet/alats/InfoBar/Alats19",7],"227":["Spine/Jackpot/jackpot",3],"228":["assetGet/alats/MultiControl/Alats49",7],"229":["assetGet/CachChoi/01",5,1],"230":["assetGet/Animation/dragon",6],"232":["assetGet/alats/ButtonSpin/Alats54",7],"233":["assetGet/Animation/BigWin/LoopLight",6],"234":["assetGet/Animation/TakeItem/takeSymbolWild",6],"235":["assetGet/alats/Symbol/Scatter/Alats47",7],"236":["assetGet/alats/Background/Alats65",7],"237":["assetGet/alats/Win/Alats34",7],"238":["assetGet/alats/Fs/Alats43",7],"239":["Frefabs/CachChoi",1],"240":["assetGet/img/9",5,1],"241":["assetGet/alats/InfoBar/Alats17",7],"242":["Frefabs/DragonFreeSpin",1],"243":["assetGet/alats/Symbol/Alats35",7],"244":["assetGet/alats/Symbol/Scatter/Alats46",7],"245":["assetGet/CachChoi/06",5,1],"246":["assetGet/alats/Background/Alats66",7],"247":["assetGet/alats/Dragon/Alats30",7],"248":["Frefabs/EndFreeSpin",1],"249":["assetGet/Animation/BigWin/BigWin3",6],"250":["assetGet/Animation/Scatter/effectScatter",6],"251":["assetGet/alats/InfoBar/Alats27",7],"252":["Spine/Jackpot/jackpot",5,1],"253":["assetGet/Animation/scatter_vfx_b",6],"254":["assetGet/alats/Symbol/Scatter/Alats41",7],"255":["assetGet/alats/Fs/Alats32",7],"256":["Frefabs/ItemSymbolMatChuoc",1],"257":["assetGet/img/19",5,1],"258":["Frefabs/LichSu",1],"259":["assetGet/Animation/InfoBar/TakeMoney2",6],"260":["assetGet/Animation/BigWin/BigWin2",6],"261":["assetGet/alats/InfoBar/Alats26",7],"262":["assetGet/CachChoi/04",5,1],"263":["assetGet/img/10",5,1],"264":["assetGet/Animation/scatter_vfx_c",6],"265":["assetGet/alats/Fs/Alats10",7],"266":["Frefabs/BkgTakeSymbol",1],"267":["assetGet/alats/Symbol/Alats36",7],"268":["assetGet/Animation/InfoBar/TakeBig",6],"269":["assetGet/alats/BigWin/Alats57",7],"270":["assetGet/alats/Dragon/Alats63",7],"271":["assetGet/alats/Alats60",7],"272":["assetGet/img/launch",5,1],"273":["Frefabs/NearFS",1],"274":["assetGet/alats/ButtonSpin/Alats55",7],"275":["assetGet/alats/Font/Alats9",7],"276":["assetGet/Animation/InfoBar/laplanh",6],"277":["assetGet/Animation/MultiCtr/multiTake",6],"278":["assetGet/alats/Fs/Alats5",7],"279":["assetGet/alats/MultiControl/Alats51",7],"280":["assetGet/img/1",5,1],"281":["assetGet/alats/MultiControl/Alats52",7],"282":["assetGet/Animation/BigWin/SuperWin1",6],"283":["assetGet/alats/ButtonSpin/Alats53",7],"284":["assetGet/alats/Symbol/Alats39",7],"285":["Frefabs/NodeAddScater",1],"286":["assetGet/Animation/win_vfx_b",6],"287":["assetGet/alats/Symbol/Alats68",7],"288":["assetGet/alats/Dragon/Alats67",7],"289":["assetGet/alats/Font/Alats44",7],"290":["assetGet/Animation/FreeSpin/particleLoopBtnStart",6],"291":["assetGet/alats/ButtonSpin/Alats31",7],"292":["assetGet/alats/Fs/Atlast4/Alats4",7],"293":["assetGet/Animation/ButtonSpin/Start",6],"294":["Frefabs/ShowFreeSpin",1],"295":["assetGet/Animation/InfoBar/laplanh1",6],"297":["assetGet/CachChoi/ruleJPMatChuoc",5,1],"298":["assetGet/Animation/InfoBar/Take1",6],"299":["assetGet/alats/Win/Alats40",7],"300":["assetGet/alats/Alats14",7],"301":["assetGet/Animation/fast_vfx_b",6],"302":["assetGet/Animation/BigWin/BigWin1",6],"303":["assetGet/Animation/FreeSpin/effectPopupFS",6],"304":["assetGet/alats/InfoBar/Alats18",7],"305":["assetGet/alats/Fs/Alats33",7]},"types":["cc.AudioClip","cc.Prefab","cc.Texture2D","sp.SkeletonData","cc.Asset","cc.SpriteFrame","cc.AnimationClip","cc.SpriteAtlas"],"uuids":["01BBlnpdBBgro6yCHvZk/P","05HEB9P5hN/5ExWfntwPVe","05J5hwNQdIxq2voSGb5U7V","05cBWyKUZDjrOdrA9KUgtb","05cy415ZpIxr4ct4OLbrDR","058yqLhp9F1I1IAhaVrR3H","08PGvVNupFtLAr5nxZ2G8E","08a8A68cZI6pQjlpG66bfe","0a9Y2SF39PbqJeaQd2FVPc","0bPKGsHGJKcay0UnP6oLIr","0cARkYURRIE6qNfiMO71oH","0cxXz7hIBC9IsVavG+gs+1","0eAonu+QFLnbgCSDnnvNPH","0ff9/dHBhOBIumX6rlupaQ","11HSQGWoZKzoC6hs0sJ0aN","11xkG7QDpJQLnN6T+JWNg0","12VfUgO6NAXpbYVAAVPdT6","13l/CydWRJBYldJJWOcMQH","14fc7oSsxBKpPc6uE2rYhK","18TDUuReFAH56ke6AGP8q8","1a3DGObdZKC5lYyKJIfLA8","1chEyqJ0pHnbhMuyZnompM","1eCGzFcH9H56sdLvaLGXg4","1f/lLSKUtO+IbYQSsCkK61","24waSO+k1OdppXAykVk9h7","25ToaKApZEDoWqADENeCAY","2cJ7lGLi9BMZltCrRPqun1","2choAjHGdMTI0g7sVg2jZe","2ex3V1PPRAm7aF2douatZa","2fJtKxUfFCX6FIox7O+Xkw","31PpvlbABPuISQBe4DJKIr","31dSH+VUpLa6A4R377QaYi","35IJ2TALJMCKmOOgvvpfoG","36Ze8gyhtF36kuXtFaaUcK","38MvEPfRlDqKJoGWg6C8Bt","3bWCxdESZGzIe5oJp0P9N6","3bcRNbC/9HpqCPykrW5J/N","3dBQek5ApAX7wpfBnIb5xd","3eqFKCPlFCV7FwcwOhZT7l","3e4kaLf7lCWJHMQ4yIhsJg","4166IHJyhMB6HMZ1UugJ77","43GAHPh0ZMkbUzAIuZ4rrf","46Q0hYiHFKJa0XCwfz/+HY","48Nd2NmpBFYKiWj23el334","48mfYI5I5Cv4SYIdDgwLnB","4am4mFy61IurbaGasjecTD","4bXZ6Ym5pECrv+F7S6sOTM","4cgctI2ItB3bY6LWRpFJqo","51ARd8j8JFH64igCgL2Zqy","51ScC7mRlA7Ky8eQdP5XQ7","53oIdC3aBHqJ+mjzISzfRR","58QQ13VsBPHaWC4/nME1pd","58nsK1Rn5OIaTli+gs6yiQ","59hJoNwllKJ5pBqw3s/elp","5a207K9ARO6Yxzq26PY0DW","5a+DXtFtpLm73xKnEB6yoG","5dZ27tzZtP8rxt6aVN1dn1","60UTEE2mRNKIYWVMT73uGv","618wl2PrhAtZ/FWkLdqE77","64nzRAAdFNd5KrOVR3MAU5","68xuMrDUdFxIVgkBQlWZoz","6axQrJIsFKja3I3rDwB3nw","70eCRNIhxKYpv7Fw5tatq0","730C8VntFDpade1LqL8X57","74GS4f5zBCIKY8E5q2l+n4","75zSq4Cp1GiKWsxh8iStrE","7871sIVnxLYK2ON35mbl4t","79Dr+wVYBLM4s6Y+RIfdA6","7dKUhYdo5CHLz/COj/iD16","7daIiT3SJNLJQ48to7TQ7N","7fWARLsjdDi5W1/LWDGD7P","7f/btlnYVA+JfH0jPojB9o","81IpqBBkFAK7r72iQsiL2r","82Mbvw1WtD0JYxT3MUD+56","82OLZOa5BP+okxZRPUOn7L","82npaM/5hK3If5FvnRqZKp","83vw+xNLRL6aswd5KYk53E","86Qq5b8r5Dt540KcloHRK+","88XsONvz9KObhU8HPo7+5L","89OAwQBylD7ZV8EGyN69Dm","89atyb7RpNW5m0uBPTuK1d","8aqyfVRhVGA5THyvZeHcrS","8cC/oJqDBDgIGzV3a/lafk","8cKvOrZstHU5HDjr4IafvF","8dZ+w8+yhGEZNipyWuScpc","8eHbltDopBxazfwz1mJ8wD","90GSTm8e5InpocfbnJeXru","90pUXRTcNP6LO4oh6F8q6u","9aR1HNJXpNrqa4qscS7Fap","9cIIOPRgxMSKqhGEIjglnp","9eDsuBiiBGIKojknIdn2OK","9fvUIP8FBJ4JxUW+thg0BE","a0RMcDQxJEs4BXSfU1OHcI","a2SqJPi+1H5r1w1bx+MRT9","a2zspaQ+5I3pAND9r654YQ","a3E85ZYblMPpXF59mAwBn8","a4cWqWf49MX5GfKwmFn2ZL","a40F+vkjVBPLJ4QwC+EHmg","a49rmyXsdAY4Z787UoLB/H","a7KZpMDyxIZ5diWkk2e8PF","a7knF1dqpFvYouB+2ux1Nz","a7x7HlHIVIZr8OULHinf1e","a9PnJm4y1DKJs5d0F1PUDb","a9tex1Kz5D0rSdVreZxi2p","aaXAgsujxCT6UO/V1JjIok","aaXw5O/BNDjaQJe81IVp2F","abYJGCuGNDuqVPC1zHgr0y","acPRV+Vr9FcqRLDTHGacV8","adEfQON7NCYqgELn/WQePM","adFn8ZYq5HeJhsZcRzPCT9","aeIycX7SJOVYepEFNm2ty1","b0khOvXLNET5rPXN4gRYJx","b4rwgaRnRClZbl/h5jIGhc","b5n3/84cVCiph9mArEoxD7","b8dwLkPwJCZIGaHArG7Q/i","b9bh6xGfdMfYvC9AMJweX1","bcnadjwjxFsayVbD+uFhee","bfIVUYFUJKUIzY83oN2UT7","c1JNNccvxJZLk1NlMKuJsl","c6FU6OeIFHp6IYKaLXFcRl","c6LqblPI1LxbcMcyWpqPUu","c64OMSpbtNJKYv0kWmr/F9","c7efEvdDZEkbpMULohYlB5","caVUkxHHNKnrvKqu60KYRb","cazfIWjt5AGZUGBJ6RuK5B","cd0vcpGD9PxI8FqEJdJucs","cezDK07WBD0KymTlZ3eW9W","d4cSH6GwdK7ruH9WFimevj","d43jIOjjJGIKxIdGXlIBoQ","d6QtjyQBFC0bn6p3iZKsr3","d82Q0GVLlDMIOgHhPaWeuk","d9y3W+GtVCMbFvyrhoMUdE","ddsIdeb/NPQLDz14eY3c7g","de1lqmP7RMCIEIUO0NpKQK","e1LRoiuxNJWpkEoA5aYbcn","e2hoFYBMpLFpSz+1EIVkzh","e2y8hRchZNtqqf3+PR9q4N","e3IpR9U0VOMrhTDWKhnBvO","e3ltifkb9Mk4um44an1TOa","e4Jqfks+tHn7ARJDtMU3u1","e5ghc723JHPbUKquF0f55b","e7nrmpGGZNWqAkUDkp4oYJ","e8uEEyCENPA4KqQqp13cxz","ea1itulaNCsqV8+SGKdprf","eckmkQrx5Ou4LYiy4d5glD","edQbGhhG1GppweLRpIiY3A","edxAY98t1AsriWtLYSUdyc","eeVidCwa1BLq8P2NVDOazS","f2q7Zsn91GSr65Gq4RpABx","f5BICIuOtMKLpiBHdnQzNh","f6MQdZJ1FE44DbtLoRVN7C","f7l3ZU/PxI17ow9kJ01vZg","f7+yxTdyVPQIU0Vpd30XZf","f8ozuv7uJG57pBoNe3P0KA","f95tMIHZBDiK4JcesYBOhX","faNvh3nbJNgZbBPJBBUDmr","fb3QaN8ZhLApBRBZuq7EnH","fcrDhO50pGWbisv1CJcFB1","feZFte7LxEbaBzQy+srFht","fero4jR1JGnJg7fvYTlpdy","ffdlmmdi5PWaZ9qJYvMA5j","00EfFaQPBHkbXKl6mTblWk","00iGt+5whA6JhfrgPKgrCN","01/0uqpGJBJ67c70/BDyFT","02TStXSTFMvZym5ijE1MQp","04IwWSY5lBWpZAPViUpAo1","05jcRuHqxKa7N92vCWzePZ","07Cc4wssFC15UDMiWHJp1I","07MNzl8dBOL6DI+7eCD5FQ","0abt4mIsxHpb1JbPK6a9wG","0dBIUxPZNLh4G5jHWgRCxr","0fT5p0TVVDoohKfd7ITJxm","0fmxWeoiJNwYu+ytECcxR/","10V+4vcGtMJ62EZ777qh3p","111d2406-5a86-4ace-80ba-86cd2c27468d@6c48a","14d/A879hHAa9yBIEz3G9e","18ogwGLhtAVJ57Q7Zistxx","1a7e5eba-1044-42d3-a49a-a0d080736f03@6c48a","1cNGLlbZ9Mgpp5EAdNtSdv","1e8p5c37ZEqKMbsA7HajrD","1fE9IlsFtGNb0Ie5ZZAjTw","21hgJjJipEqoJ50ZtHQvrA","21uQIiPytIMa4tcefNqIuJ","23hQDDF21DLINV8ZkJjmoa","24c1a48e-fa4d-4e76-9a57-03291593d87b@6c48a","266f77nFRFMpEAxpRzZdhT","27n28vtB1OMbhKKAR+BZKf","27pT83NRdIxYZADjtoFebS","28mtBidgNLpJ913WGO/AO5","295/JeALZB4rQr6rw9wvU7","2cszIWOf5ECLqFHsO7FnZI","2eGxF4rUNKHa0LTZXSTyiD","33UNh3/3JFu6i7yfp5cmnA","36ypf548ZFAIHhtPNayccP","37v4YPL3NE8JGTdNnqzC4f","384VS4HOpDjZSQZXkfp1OC","3a5AGSXu5HuIKg2GHa6XUf","3elPiUls5Oer8W/1OC/Xbf","3ee2468b-7fb9-4258-91cc-438c8886c260@6c48a","3flTi0xFdGmo21kBumJ4uo","4088EtM+FOq6811QtbchRi","42cOi4neJCJqnkxVLz3kwj","44OM/Sen5CmZrThPgUNt57","46WT6KmDBBeJCkDhvV3Qng","47DdP/mWpI/KxS4W2vuIH2","48FzB5HpxPi7Rjom+cygoD","48yPiOjM1A6J9teexPP9ME","4bfuiLSEdGX4+o7EQlBkjQ","4cQXn0LcVN1oX2OYfLEvMr","4dAlUPrWROBLQ6BC1yu9H2","4fhM7Q6KpBzYl9FL0su7Ig","55qQQaQYxDsYZlqYeytZAd","5616LQk/xPspqbAuSiYxDT","59168b5d-7696-47b6-a7a3-1545fe87aebb@6c48a","5b+f75JllNupGCwA/WK8wR","5dPxsgtbhPI5t9BCWCDVXb","60IY9IxX9Kt5YiemI49d/V","60ql52JmJOKJwuIjOkjiv9","61zE61qbhBgJ7sKCwjiM1+","65lPCSr4VFBZ+h6UBHp0r8","68178bf0-5373-4fd4-8fcd-e6a1e6636063@6c48a","6bHxwsqdZPk7a9I05oJ5bn","6eFQ0lgSpNX79elJJ3crzA","6fMBXtf69DcYdsQPiOtZU9","72B2Hilo9F/bkT31nF0JdR","75YTs8YHlMtKqiMrbkbO8b","779xQYAEtM9bZMAIv+wYEt","79TZXal/BBzq/g6q2s5Y7q","7ahaJWngdHVrvqZorxGCyV","7fb75e9a-ebbe-4aad-8a92-c745a963630f@6c48a","81gotNhsFJ4oG7ZOVuq57C","83cc3oPdJO9KWRRUs50T2z","85rJ3p2U1JtqOP4ms7vZEc","8576YJekxHc63obs7HKMQs","86ER7wEU1BnL6SbiLRdzeD","86YFZm/YxKtp4AWUoK1i9U","87IrTE4EBJFIOj9bo54wcW","88GpxkTqND7YsgA7e7+Ka2","88hfHqy2VH+6dj9lt3ZehB","8bjKjGEXtCmIz+jgt1qG6T","8c0bfa09-a830-4380-81b3-5776bf95a7e4@6c48a","8cdtNCnzRMwIKc8JP7ydet","8frPXcwPtGyKhKdc5qcXy2","91He+fmYJOXr4t3Xsn2E5b","93VJfFM5VFM6WGQbQ0aNy9","966274f8-ea0d-4e52-90ac-7f72ffbd43b6@6c48a","97SJp1CgtFxpJuG7Sy3SbJ","9boYvT1OVGwrZXs9pic5nW","9bzltTa8pBRpMksevBGolr","9eQwamrIlFe7Noa2fb0lEF","a0N90aeipDlZakQfP4s4e1","a1wAZrOe5HPInLorcQtB4i","a6iqWhirVAvLGxnkyoMpok","a70p+5OxNI/KXhfJxqzaiq","a8ubsBaUtEAKGe13+aJ78K","a8/sl2hVhBzLcrNRnLHwS4","aaOlGHkXtJAJlAxed6g2Fb","ac3d157e-56bf-4572-a44b-0d31c669c57c@6c48a","adxG7qDXdHHZhjPeEsG7Pu","afLpWXmm1KrbBRXdWBP6yG","b2CR0nMBJOg4tmrzx7DGfO","b4v6h3JxNAl5mAxk3HPyX3","b8483c36-6782-4841-bb27-cce96c65234f@6c48a","b96e1eb1-19f7-4c7d-8bc2-f40309c1e5f5@6c48a","baNsY8ihxALZR3hMvomdnR","bcw7tIaqpIgII7zNvuUChA","c3ryepdr5DyKKASxH43VG1","c31yCkCe9Aeqlu2LsFXRUx","c4uiorWhRD25408+rNN0/p","c62JKi7PdNWJ4zZWVRyE67","c7ifQ0nw5HCb4jwX4yryVS","c7xhRlKGFJyJh+OcAjku0r","ca554931-1c73-4a9e-bbca-aaeeb429845b@6c48a","ceEjDTvuBM56ovK2VS0vi4","cej/tLDRJBPb2s5dlaan3a","cf8TgF7wFDcbbIF4/xh7Db","d057S9/0dDpY7lWw1kzHgz","d2GIzxhZ5ABKF8C291cJ/8","d2qsqSK7NBib+3Zmr3pAkd","d3Ekrd8NVLdLCS5JuYEHKg","d47121fa-1b07-4aee-bb87-f5616299ebe3@6c48a","d7X6Bv/65B1Lzd+0CH6kDT","dceKTxwCFBA7ACDX2IyBad","dd8PoMayNF34Mxd3UVw1Kw","de42RlNN9EKqZfmidZKZWG","e1XAOTXAdP6LdZaTVfb2Fw","e2PdB3pElJ+IC0D5Rzp8ym","e2ZnkcSHdI7YrVKrGW66pd","e7PQy8zadJsaT7ZEHKItPl","e7vHcRDiVJY5+NrTyBvXgz","e70qYzvQ1GQZNPxBxQHSKl","e75/I/BiZPapvHOFWQQ2Wu","ed+ZiObU5PKrdHl4vpahff","eeEc18kQtDtaJvRRx06Bdt","efp6cpC9NBH5cv37pti51a","f1HcJQqGlEOYYsgtSCkLOo","f2+6cAyDFJsbT3BwIjNOWK","f3Au4kGsJAMbSsk63pvMxe","f3rDBw8mFEbJNeV9O2qQq/","f5Bu6ga+9IQ6TMF4X6QiiN","f5mSAXRUNAIavpXNzfudWe","f6brhgTSFNiLNYT7uPxKsQ","f7TXn1Mq1KhbiXy6t5IFep","f8XaQAtp1Mdo4zCw8fqzuy","fc2ItkxRVGH58fQsC5eVYB","fdMK5OuYBKhaHXpChZNYrs","00WqBFGilLrZmFxC65kw6e","00aJeaPNVEy7jOVmZdsgVu","00l1nJlONCWJXASMfIp6lS","00/rU/hmhC2pYU7WPmB+L5","01Drjg+w1M/r6RpjGrWhGw","01a/PX2X1MVIqLU+435Zmj","01hzgzLQpFqoDDs2QWtB0w","01kwvfRlhJyYB5iMl3fQ3X","014iMMVY1KhJO5+k0cFg8+","019lYInkNLqJODbNyeEMBA","02U1rTB5ZEibgujAgjXdw5","02aWOSPttO8YJY/vVUT7lm","02abLhkWJAG4voamwyz6Bu","02kJufQXhIyLxQPlAdK/UK","02l3MHxudEyqy8h41tlUeG","026u7cdPdOCaYS5blFKpJ8","027tbwK3FIlpCQBEMVh8Os","03H0iW/tBAR41h3Z9BwcZb","03aFWBdglFULWXpYeNHlnn","03yAYfb4NKpKGyPygG0qJZ","034Y3bKs9E+KYT9aLARvSC","04DljzvRhLzqRUjKvJ/UK7","04OmJDH0JG25DoFz+IAbxU","04tbTzY55E9qzkUynDax1t","05BteMR2RGJ4cLLz+xiYr+","05IYp4beZH7KBBxZt+E9/f","05NjARiZZGmL2pwjN9tkSh","05Q1VEW3JMEJ+uB3v2d35Y","05mpPrPx9OM6RrUPZSs6bA","055K3kAuJNz45izbgZyamD","06dT/kyb9FH517vSI2gdKl","06gQWOg+1OMbYvVpwOdDVb","06qwWtIzZOU5eMP2oMzM/v","066+coXPJPLqX2+4C6kywh","08T1EOAp9BCLr9Hnb91yQL","09IbeO7utOyJTua6dawJJs","09TGP695pHxKMlw/lyHFY5","09eLRITzZE1Jn3MIE6q045","09gUIb69NH7YoIdTXeiVHr","0aBMN+MCVEYaqQHzyoAPuV","0aCyCGwSNDCKAOUKcxy457","0aRS1VpehPDLTYWBQe4HXo","0a/s2U1ZZOSqgsu2RzkR82","0bFXxcxdVKH6M9Aow+cnkE","0bH1h9ktpNFaWKeOHiATZi","0ba2fwK8xBgI49Dt68Dn8y","0b8wsY2h9Cb6KDi/KyXpp1","0cA0cm4vFEyKI/Ds9/LjA/","0cpYlwMotGG5WcxJNHZNYZ","0dBSNNX1pANYTBUdnUP+4L","0dBwuVEDRBpppcOQuOj3Pc","0dmzV/Ul5EXa1B1iPMPoDe","0eO226yY1JfoUbE8bVhnuN","0eRnP1IRFNC5IqTLN9da8C","0eqpb2PCJFDokQZHRkf77W","0fa+RwY9hIob30GsnZWnFT","0fngz1tv1ICYWMZHZddtbB","10pweZunhLc5O8M4p2MHE0","10q0M38lNHH6mk6SFG51bP","12CJvV3+xCnKAXVMgmZw8M","12HGUiZXRGA4evS7kXh6SS","12HL3zINxOeq6vVM+bjz24","12SEf6hP1ACIpqqnZmwzyd","125RVKZfZKh4EuEgdXn1CL","13FORm30FNZo6UiH0Q8ewB","13Rc748jlP65yfrJ3nxZxC","13WnrKaQFPc4/v91OYdNvV","13vPWUHZlI5bzmWTFmqHu1","14YyF9MxJJzaDV/LeG37Rn","14nltPOkRFM5ZfXsINYOg9","147P9VBXpA55z2gnGKz783","15u3wCNYVMHK2mWnMWN9qz","15wrdiGfFIn5ieMAYJb9GS","15wvBlXtVN2qAPsXAusREo","156UQi64dD5LP9dfdBheRM","1595AUSoVCDJqbqEjI/Y5K","16yXTpjTFIxYv3JBooLlWo","165eYUYVhAM51aOE7pTdk5","18Sl2J0nZNmIKIrK+zIm1B","18TrhbG85DcbMaVf5N/Vuv","18bItWHztATLeTVdIAvVSz","18r6ObVtxN1rXbQYSHSZJJ","18sghod0JLDpLllu8yESJE","18sm4LnnxPY5Fn9UQf2ulh","19HHF364VKCbzbRjmcGE5c","1aCRz6uslA4agTNYZls611","1aGCQaF1BHbKNGCe4/HrJn","1aORRB8SZG0aABWdJpNib1","1aoH3FI6NGO7pNZwnLd96x","1bBcqXPoRKmbTPTX4JYYHW","1bwXw+KoBEWrWzDrrDwGsU","1b5AmUr95OxKhcCSSrJmLn","1b/QLXvvlN6oF5okRKB+0y","1cBXQVbSBJwLR05a0BDzwV","1cOWnjS2BH5IHBTbq5pPyR","1cevAFOBVCNJ9v3deyQUvF","1cu5vtWTdDeKFrM9BDf5bE","1cz8re5zpHrJ9CZppjCUE0","1c85Jt04ZKb7pEOhgC+9eq","1dPfLUzJhOZZ60lduRP9Hu","1dTPXIwrBPzYvrqVu2xjpq","1dV7lxLt5ETKrOCYeZjya6","1daBzfgL1HNYYe06to9wRZ","1doliD+0FAT7KEQ6N48hST","1dtfZujsJERqR5edlY43gs","1dwcSqo21F+YfrebcD4C9n","1ePDb6RYNOB56krbk6QNbk","1eY1tiNQ1OG4DZyLGWcl6L","1eh+I08XtBz6SxEd3EY+98","1e7hmWaxRCna7/xEqGP8FQ","1fs5NLtSpNabNvwwevz2fy","20W/8piMhDYIjS/IGQHv2v","20gvMcRvtLCrrjbLxeLS3b","21bNRV3pdLzqJ1qi7lqzxR","21gV0e+g1Jv7xSJzZphqQN","212X84U0JMQ4CpZhSfh2MP","214+1cO6RPJJY9DSLzmLBL","22JBtVFMVLGJhHWObxIafI","22ZxpVlk5AsLFhnaD3llhu","22hlvhmbBE/576PEgu9tMV","22izItC/FP25bG2DfWp+P+","22l0mKAPlCyrtvNVUhY+9z","23Nxz7xDtDeaBxi8F5uUPt","23kntoHghLF5DCCjmtiYjI","23nX332WpDJKEZxLWWL7uI","232EULMf5Fkq0fsxEVN5iY","24kxEINglBBrfKYCdQ6nHk","24xO7rGhxMmKb+iAMcHKQ6","24y9Txg39J4aCCyWqyV7Ca","24+Zn/hpBKwbYfG3jk8Rrz","25qSIAFXdF26mQf+9631lk","26B6/lgN1GVrgFs3X428Xf","26bKJlPhNNZbxqZJ6wX9dq","26c3siOvJNEpuJVk6ccyzR","26ht6jXW5NrY+BuJVZo2lc","26mO6GzQFEDYAfNPUGDmVG","26zK/tBhxOYLELelr/P94+","26+5Gl5TFO1L8bKGGglRJy","27JVGpua9OoqeREckZHV1g","27gTKok8pNpID1NDzIThSV","27liZjxctFvrX16zGOPNvc","27pTjl1tpEOYb2ihwFVNZM","27y1hCR3pOx4RF9vf3dY+Y","28Mo2/kG1JdaItFmYa5n6D","28QtqaaJtJFKgJTBM9DS6n","28SmQIWuBL3rByHRvRF/A/","28stBETYtHH6CjOtEnKpOW","281F9Q8ytD6ppTiq7pWm3n","29ATeUIp5Pj5WzF56OcTMZ","29FYIk+N1GYaeWH/q1NxQO","29bewdEQBJAqJM3IRjripu","29yOHavghCGZd7/I0nnfgR","29+Ah4pGBCrY3pVcRJPgwd","2adyuhspdIeZS2SBFwvzW8","2ano2aIntOPK6MFqImSjDr","2auSQh6LVJMIeBdziYfUU4","2awx/7iAlC+qdgz2lHU8kR","2a3pqRK39E+ZH1tGy3r2zV","2bB00xJopDzY5y1mQFm++a","2bEsJ/RdhDZ7fonVWAc+VK","2bFwVDaKdME6HPiVUGSiCH","2brOFZjWtLzZrFLbyKjryL","2cECcpEYJAYY3sFUN6tkPf","2cPtIXa+pA6LrwODZDA+Vn","2cmXaV0ORGRrSt5N//cSyV","2cy6dMt95CXLjgrQwSmU/5","2dC15FTMpEpa8CABU9uYoe","2dIm1eyqRP/YoBTiW2D5yB","2dlVPINWNBcrFggCCmZa3X","2d1HXpJdlDZIrMc/ZPUtN1","2d3LMcHNdGvKuTJeMnT/Qa","2eCazDDaFGgZGqhGmGun/v","2eQCYLvtRCK6qg7tJu4tTi","2eW5/xOUZJmr4J0Vr6th/s","2e4MKQ2+RKJ6hdh2gVxPqn","2e/hIB6W1AFoFXaCtXwAoB","2fJ8PrYd9CeZRLjaH8xqY7","2ft3pEqZtM/It1mnXysoht","2fyELBSdpBjpq9Ffcq+DWJ","30SwElzWFMQ7C1HH5r5LTz","30dl+S0eZCO6qzC4vJFbzG","30grvu9tVEkphUKnU6dtSi","30wyPpUjJG2oBncdcK5uE6","30/6c7gT5PSYUHu5wRSTaL","31I6/U2olITYLDRj0ROcK/","31laaZumhBLKPsD6j6Za14","31r4uic1hLdIRDO2uKUF74","311rMH1IFK1LFtFwIegiZE","32IYvXeexL6YzmbZ+V14E7","32PZETgnxC8oXeoSvdZS4d","32uFxe7yRLgJcMJfsejbU3","3240g/5jZBY4rSz6wgWUud","33TcLfmO9JG7FiympYYi6u","33/MUePr5M7YeU3ib2uiwB","34CbvhYwBEN4SuoB5gZwHj","34HLU6oClBRaKKDMa0CquG","34X+YNC+FPkaTK3jp3VwOK","34bmTgpv5KH7eaMtYaejS9","347InabqdMdLfE04aUJtFP","35ISp1jl1H3JQ9M2YlGjUz","35NaKpOORFRZicH6HOWMJP","35Qq/0l/hGyKPxJ6CTefry","35WSvXzn9I1JlKcXp93Iyi","35gh0hV/pLj5Ej/YdX3F2y","35l0QKymBJaJzOvYi4G+oK","351SIzCEJM95qKFtKTwBIq","37MXJyyGtK6LkiIWa8GUm+","37Pr7s3PFJ+4jVYzaVa1cl","37UVKbYdhCEqHAP934/+/R","37qYQQ45FPSK+4YQaKm/n2","38HwgY7S5I54R1u5X9YipO","38dcg1Sv1J1qTez3VlzsA7","38ihwR08pJyK8HVEsiXEDo","39AY3czhNHxpcM3bh3Ku44","39He73/YpIUL4cmWKcz2EZ","39jcgWV4lGha9cFPt0Gl3l","39qMZt0dpKxYrdoKyZPF0I","39yA/ZxYhBwYV8i438FFtS","392zF6USBPqIMiwC6km5sv","399aaPlgpEDK7ekq6IXndo","3aSQYa8INPlJ4ghxNVKLDf","3aUlEOukdCSqusvEhqP1aY","3ae7efMv1CLq2ilvUY/tQi","3akMd7DwZIbJLCU1prRH2s","3a4+CvUABCr7YJzsPFJyw8","3a9E1pm+5IAYSt4WmHnVgA","3bn7LwE9lBd6VKnZOfKyZm","3boKjO7JhEi7BDk8vehubo","3cHJ14iDNOyI+PUUD+j+5M","3cca9A4l1M2qbY18eGixZw","3c+bxRsuFCcoietDwzfYbO","3dTDye9vxAWqRlyjO+I6vI","3eF0poU1RAI5haLlOR8wWq","3fNKJ/vXJCybj+CAIBFtU6","3fkwXgHK1KZooP04PEyXem","3fx+i+NAxJP6Z0di6nFfZ1","40ZGu4x5xC6p0mwMxMi6+a","40Z5+7pzpO/plppGWs+Imp","40b7npzptFc6zOzY687IUO","41ApjFnCpNArRAQIYnCHIB","41RVsvwxVIR5lk+YmPih/W","41d40kAPdBYa0JfARbUZgc","41kv7rykRMorSp+UDsZmVd","411vHSMWZN5KokYXBPMeP6","416xC8BJZGmI9NstUjU40d","4184WUORBJIpGY6nd8IstJ","42DsE8CatLILRBOAT0oFX7","42XgDzgPhGzqMT2MqT1va6","42jnB03nFFd4J4v2EC8FQO","420upE2a9F1J74darOTJGa","423ZR0EQdPCIch9S213cfl","43Bkep2/ZJ05IpieKqjRV8","43J8oLmGxNkYFK8deZQjdl","43ZR6hnCxAiJrGVSJyA6+r","43oRpE10RBMafTa3vUReaU","43pdj7qd9NIp9hsnTfzlN1","43sKzv6jFGBrXX3nl+6z/g","43zGqK67xIZ5oOKiGkIxHf","44JAGRZl9D1Jt6+D9sajz9","44atkb8pdLALuVJt0jqqUR","44oj0shbVHOpStC58+i+Iu","44yMxzBMpJTbeEddoFxs5z","45Vj5GlANFmLdwDF641xSb","45f3IXSzlHQbnGM5FD1Bak","45zofisgtC2II0qhac1Wl8","458LFbsrFB6YI2of/+9i4y","46SvDTzChNXI4qY655bdZs","46TPYO6KdFPoDn/ETlu1l1","46WYRU37dAG77z5ir95RHG","46l442B8xC2qQJYB/GA98U","46zFQDE7tDprVqnGl6It6h","47F74U1e5DOKld5H0bVgwM","47LOFJX7RB6ZS0Aac4ysuT","47k8vL+vNHqoBjVI2HzOHG","476q8MN55BD6ELZ0Tbu8Ie","479tcZ6vlC+px79adBqQLl","48GjUZ+bVD4Ke9AqIDEsOF","48Pl68nu9D2pGwseeo/jy+","48R1lzHvZHwZ7QlfwxLyTZ","48nssV/9pFPqdJqQSP6C5A","48+6BE4W1Ji7U36XyLR32Z","49EWObYwxK8ZRKGKaP7F8F","49ikVuqPdIa56m5MfWLNQy","49mSNnswNMHbzS6IfDcEWP","49x/TDRQVDA4+K0KY/cH2M","499bV75EVIUqqylEWs9QX/","4aVIpqc2tAEL82hIX3ti9O","4aW11pQF5OEZKJ2KQxr9DV","4a1bZ0kNNBG6xveVfI86m8","4bKUjF6dNE56blOLe/7lNG","4bOAZiz0pDL7cuylm9jMC3","4bnI4XIvZLnKYb6jduiIxN","4bnMfTvh9PLolxpd//sj6r","4coaqbjNxOPLFUGACFMEbm","4cyQbZmrFKcrr0PZu/nqhN","4c1fipB+5NAYlhLu4tH/Ik","4c+aeRvzZH7oi/UyunpD3Y","4dFG8a6VdIiIjTIDM1fwWn","4dh5qF93RKBL2ugFinSxpq","4dmCVlRXZDPq4ccaOnDDpz","4d0fJAqTdNk5+fPtYryyxJ","4eFdukDYJEQYXLqgEHAchr","4eGjwjhGlK/JO7GCuqL8Nj","4ehYygutlPF5r+Ay4wyZ6o","4enld/CrVN6ps3cHBXPU59","4eq1mKnjVF6ZLeA5gyCZcc","4e4MGjA6xGSq1cRLwoolfv","4e86tigNBAoofmaXaakLC9","4e+6LYQjxJMKmVOUgIKn3w","4fICmXQ1NACpVnkvL3nFWO","4f11iVU4lIYJNyLWqU4oJl","50CqGyjw1E553GPb8yxDlh","50G4k41QJNkqUodpS2zVe8","50Nbs7rzJKwKJUZsZTfRGT","50WHKkLQRBzYwr9ECzZMwv","50XJUtp0xLibJRpWbmpmi4","503XkJPzRIX4TKHI2W3n3U","51CkMwiLVOWYlIqRvkYkN2","51I4wSh1FJ+Kl8IGW8sSDs","51MA4Q10VJgZTyt92EgOxy","51ZpffILlC3J9xhTw5alba","51gvPL6TtJuZXo/L7DferV","51jNFYk35H5p6BwSQ8Z5hS","52AVHwK6hOBIOsMlbCp8R6","52DEWHWKdLMq2rPab/Eqay","52JPYk3jFL5KFORB66Xqs4","52SDnqWhFJa6txW0HbQPUV","52d/n/kRFCRLwaxHodY2nu","52zpXGNT9KKKWg9Lk2aOqd","53JVeLaxpGwpx0Ei92t83n","53WqFAn85J+4I8rGfHFY5h","53pP4ihm5ABJsy/40UYEov","544KL0nLBCfZqG19FMvjEb","55Mspd6exOy4j2c7+BPDaX","55bpZq3kxEBbgXqX7dPKe0","55iHVfStZG77mRJPsZvGFm","56HDGvVVZALqXzcG0Kv5gx","56JAF5r05P6bdv7Evof+M9","56UjHD3yxD9qtHh5ace4is","57V/y25+pOXbR9zQjKL77g","57/VCtuKlKKbzWm6hX2Qqi","58RrWoW+9MW5HjceOc8syz","58W9jrZTRCopEGt/tcEAT+","58s9XVFcdE2ovNyNZEcHYk","59QYeaoZVKTbpHlypLp5b5","59U7X2JblBY7si2Ejbq3XV","59VHJKP+hOOrkr97baOHHa","592jAHgw1CEZ54G0u6A1Ds","5aFZiTyLBKgaMsXguaxWZ2","5ajCdrptlC+4N3FhzzntCD","5awaSaYaZP4KoNFrB+DypF","5bE5PtWbFC8Z8qXFociS1X","5bPLw1gaxEOYHbhst8Eu7/","5bWItKc+pBlK8j0+OxFZTU","5bipHtYzVE4r/4qpBFKHNp","5cO7kybDxGj4ipyMYdRYZB","5cc1rAkxlEkLYvxg7U6QDP","5c3xvE3IlMNpphjea2ZLme","5c95ekUHdGIqxu2jF+Zmy7","5dCiwsspVOqbP/CSqWhkk2","5dI4R22sNIvaQDQlj8skPt","5ds32qKBFHhrbPwNnjbSAx","5e0KRu6X5LCq2CiUbu2AKY","5fG++kCRpNkKWSY00pPJpC","5fbfMmX5FPiKm9opcuZW15","5fnePtPpxJ3KKpbog7f304","5f5dyqtRNNxaFmVzYns6FZ","5f+GF3c7BBjrQSESNJRqDf","61Acv7NdFH1JZMZmkGLSUt","61QcupdN1OKaGvK6MnQuhc","61vK4f555HephvFWkGm9pf","61ykKhom1HqLNEnehataqP","611l20WGJGRpVZPukZY8GV","62CP8aYOpJYqmtMCLWquYP","62QgK8JKpMOICQ0uunqGZQ","62pv6+GRRP2bYjA/DpO6xb","628EN5mIlBHL3NJta265g2","63lDjbmEJPYIVd/yLk2NUa","63r6DhW7NBvZqQvqiC79Nb","64NLy7ysBFTILQVizjwG3A","641j8tAERMBaorT90q/qZj","65Hjfp+ERCIJD5yOi9l0gY","65ewCmZcJBE5lEysrK0LGk","65fLAfdGVLmoJXOtNOJl/7","653MZHBOZPUpK7g1klfkYb","66NOTEfT1DjIPrEWx18og0","66VlDmBLRJW7/CnqzaffJD","66W1ql7EtO7r7Kgw/TOSO2","66nQzkG6JGYY2JUwc1Ch4K","66ubwhNAdNmobHV4/Hcsh4","67TKxDENxHIr3/xQdSYIXh","67004ncBZIeIp80yWGbEmT","6727ga8d9OfY53KAPujecm","68LzTOBpFNI5q81Odh0jTg","68wz6Sbt9PmJW87ciolQkD","68zv+MqS1BLY0O5L3rAemc","683z9uVR5BDZhrCE2DR2Vi","69G78AOSRMEL+9yGc0AABu","69JffDtHZLDrAgYxlUYqwX","69NCTltppG7rcOIcyF9yM+","69O6wlXGBLSJMTntOrwIyt","69axMx8yBP14XxndjOPwQ3","69tPwtsqNOw4kAmJg2e3c/","693wFFw1VGmoJYQdqQ/jhV","6a6O1U9htJvqvDH8sien3R","6bHOzu1vRPd4dSGmc2xr4/","6cB0vOZWRD+ZdC7BCiMZzj","6cmz0p8thAJpQp2faY9iR1","6c9G6xZyRA6IfZb3NyJxqK","6dFJQhdUVLGY+yCe7QBqeq","6dK/CkpRRNEKECvFpzYylh","6dOmC/h+1C2b4O4+T2+IZ8","6dcuZMW5BCVbB8SYZ3MKAs","6dgNBYQzVBbYPSyMDWbgWh","6dyu06ajBMVal6zlmQj4/D","6d15BE8zlGuLvUTtFaSwzl","6d5rzUTbpDO6wVpm/60zX3","6eNKji+/VN8ooFEH73/Kqk","6e6aaspYxJQr8SBVOMmVOT","6fCJf5QNBJz4AtpwMK66So","6fDLDHmQhGzogdtpbvLitM","6fHyXNqnpPP7RiQhTFwwWB","6fdajIxzdLILzCR2b/EtRh","6fib27NzJG9rnKrfZRyCR4","6fkVNJdHJEhay0I4T5SjZB","6foEh531dCT4WdjG/f/h4X","6fpjeSRMhMY7w+abPvKj+5","70S83ISfNNN4jU2wlCVUId","70hHn1QedEp5tbGS+KcUQq","70oSWx0IFLhrePZ2esC98q","71Kpq61UlLh49v+VeJfoZI","71Z1zVewtDoqHTeQujE5vY","71cgEeywZDg5Q2dJYo4FlV","71019y85NFYJ+w6zdNSfUD","711ZXy3ptCKLpVa5Y1K7EH","72kuI7yqxB+ZZeA33ozI1u","722qngiUlGyqHvHfemWStg","735olg7YdMh7MN7+LnSM4A","737kUenv9NqIUNThuIy43p","74OOAbgyNCQogYoJl7wUwR","74pfkM4FRGp7ZaBWqEDm6i","74qjLGxNdMaq6Nvh5d1cvM","74u77fkIJJ6amomSPjplNf","74yYxGyEBGMZxvNkPpg8A+","741uXEGqtOyZcmvY72jBdz","75GsvGwdpM1qQEzxqx4iTA","75JlvW+gxL7rY09AaDUNMx","75NymNRlxDrq1thEVCpk0S","75OVV+fZ9JjrNMxnoNm4et","75TZnpLBBP8JYZADwUjftS","75WOjv7clAOpNLfcHefwUs","75bsblkjNA87yXMefGbgmV","75mw/8JqxOaLFKWlRLVqGg","75ruu2WIBOvo4czFu9knum","752Ba9FgpLBI49uOXQByfW","75+YkFnpBAhL3sTZTL6MCN","76twBV12ZAY44iMs2zijQO","77ddI3X0dOWrCFL8aMT8Bs","78HjhL88xDrJGWRuJ9Vsnj","78SCI6e3BHkZxurgpjqFeG","789nQMGJ9F8LaUP5LZQ16S","79LlzoTHdBK6HWsO3/Edl1","79SibBEbJMLKy01RyuUXRj","7aN9gSoH5PH6IDU/ApJn9J","7a/QZLET9IDreTiBfRn2PD","7baJNZa/lAZ4Vhnux13tiG","7baeloEeZLlIc3ITq7i26R","7bdXwAow5Pkoy/TwLZCFq9","7bkbd/evZCH49v8V3H2qTU","7b7m9ujYlG7LlIpluSl9SB","7cUbKytixIHo39m7rZvKjm","7ce76pVJVJSL6IYey0o54b","7c/UvWv4dPVbIJB7W7bf7Q","7dU/JGMEZBYadBH11KTeYH","7fJzel/WBJA51QZvjQL7fY","7fP83hZv9PkK2WPP8cWCSt","7fT8+EPXJDCo49ZRrPqBXS","7fhsAiLTRJBLiKt/AEZIlh","7fl+rWBglMo4VJ0BPQ22CU","7f4Q4Kj/xPTaeaa/4RmSoS","7f8deiAJlBd5n/S2jWOOEp","80ZJObzQVMVqFjf9FFG7RJ","80dLRemM1IKJimDGdcOmhz","802UDNDSdKLJWaJBAupbr3","81RXtb0nVFoLvcOyiFxIdN","81pV8X/MlGn6h4CejNDiPN","82DsdoU65KVKsP5jLeUlaD","82Er5R58lKjYfyN76aByiJ","82ZLpdZBNEXLHt4ypcX7YR","83DiqgCr5DF5L8RKkg6oLW","84LDmNQWROPo0Xt5f7F03S","84gt/cAydNO7R3y9raAkC9","84tRGxEuVG3o6ZQw/0Zduo","85HumZ7eJMeZxeq72IA9RK","85bs0E2ZZBdbEjNnsa9gcq","85lRTuJD5HIqFH3S8S4Ewr","86N/HgZ1lCY5tgSbKMfUKF","86QLNRjytLY7PCN7XuPW2d","86QTwk2fhDsKuJyXPADS0F","86fcKhQFtM05TZ2QWTICzx","86mum6ScpDm7csVkV2s4Wl","860z0j4TBIspM4mQ+vb/LV","87GABAKnhCuLieF5SNKIZB","87QI4NdrtIiJlSvE7xnrJd","87TBGo/lhK679+3VxgwrMX","872V3PJdFNpYgWSEsqSOxi","88wzLrMSlKVpKI7Q8+0cRF","88+KoO3mtCsYO0OpYskrZA","896y0IIuVJjqfG9T8sjqQV","8acVsZU7FKOL/PnQtFKGSG","8awyRkL29FjqmFwQGPkxFO","8azPsxX0JLJo8ZjEJLsbQB","8azW+E1wpDjpmusqABfjgq","8a9gJnkZ1Mm5cysH4CtEJ/","8bSBWHRxdM9IGd078Qwfzk","8bYwj+6+dKw5ZSmhvs0pmW","8cinWSsslAuIc+hjjfJKJ+","8cpMBxfLJISbdXneG6hd3u","8dGO3c59NGmpjWeH+9Soet","8dJ9i3NKJBAKnc192IDWgt","8diYKQvy9LToxApw3WDBXe","8d0PPs4qlGcoOaX4olfOjl","8eOqX90ENEqJscQJI2Xl1f","8enMTfA6dP+5XTyUoBgWWa","8eqEafzYZO/618H6KUEFGz","8fJ3PDA2FC1acfDy6FDgD5","8fSxxQBCZEFoA5aQf1Aisc","8fav5dXr1Ix7s4b8yIUVSX","8f12vGQxxLo7O7qc3SPz6j","8f8ePQoqRHHJsVzaqFNfSo","90R+XxqCRC3o04ycjdmA4v","90TU9i6w1DCpK8s8Gy/Qgj","90pBFZfntDIZnUipsMOVJw","903ZxhbU9ETJu00Gg8eATR","91Eu4hRF1Pjo1Z/st1gAse","91JWRKTrlIOruITc+AbGZi","91LtUcwllCSpcyeR9MCxZI","91ixC0dexImICYouIGRfoy","91p3YSoUFDP680XlZd+ZNJ","918DvK0IpP0JLiKXRp6qzN","92CWXFjwBGIJVxzJ0Md9U9","92cdK9S81DIJVFn3ab80Ea","92kZmbW79DgY7jHsAgWZGH","92775+w8lOMJJ3Whxivqmp","93LHMMYihAlJz7CjWnYNfj","93ifMcVVpJ0bsUBH5Of8M0","93zRKgYC1Myq9mKwnQULv3","935SvL5GdG45qtgfS5qIRw","9350e0V1JGh4caF/RjdITS","94B4yRTr9LZ7ghaZvZdOWz","94Ms23bL5GQISTDjcW57v+","94SXsJpcFGkYIrwQAzhF8l","94jYhhH71NE55ocOWpjyJs","94uL7oaZlBkanoINhnrYpf","94uPgwLn5BcraMBoxDAOzb","94zNppqnFAp5jn+bnhPZN1","95TrFr1ANIGqe0DBPDzY/s","95cGMQM+FEqYLyY3k51ODc","96Rl2S3DVHj5C2d6TLSPac","96ai6GtPdLW735pLRDuOuN","96gVu1ybFNbo7JYdbA6lXI","96tH0+bgZLYavWcJZjGrhK","96u3KsSDdFWJXNcYQOHDUO","96+KT9Pj9K2JtUIUHUt44m","96/m5VNC1Nv5TWSoMBlcS0","97O1nut6NKBaRf5ZJgrF37","98hKthYR1A6YVT39hqiYCU","98zWOa6btKpZyaXU9Hzuht","99GIePdaFE2Z+uI2nkAyly","99MrQE0OBB1rvAIrD5dGpA","993mnX9FBEwoabF6CysQM4","9aLwZLIChM1rr5p4HH9kVN","9aoq9LUmdDdLLW3ryqKHOx","9auxc3wZJLbZbpDw96Rd/I","9a1JEcT7tG7Igu9ubqw8Q6","9a22/I0BRJqbOD3Fw7kJ7j","9a5RsUbwxFcLAUsBUh1/yL","9bFiGHKbRLc6QroOYYDDDZ","9bJVFS9sZFOpKVA7vY9P5d","9bKyZNpZ5EBIishAcZz34h","9bLXPtg9hHV6cmFomvXqJv","9bjNOpv39NaryQ217nZQKM","9bxx7rKqlJ7pBrB4Uzns1k","9by65N8SRLeLW9cbGDkedr","9cKp0Q0NlC5Yi4h6199h4h","9cYrgqBflILLXEyfYEC4Th","9c8Vt8n1BHrJ5swJm8XGJP","9df2huIn5FcLFg8RzwQsYD","9dgur0tNhLOJ0glPLjGNer","9dimYALrVKt5eg8x+VnK4D","9djZAc3YdE24lGwetvsC6V","9duQrsNelKzYvKnBC7ZI47","9d0Q+zCqNJyI9m4obzkv1C","9eBHCCV0FPJYcgOOYDurZz","9eDu3jv7hCNqLsrAYV+bNV","9eRVct5d1HHZ3E0ynMe/rd","9e2yfhvDlPWYVthPVR2bJf","9e875FRttDZLzjb5rv86Kg","9fMLVgaI5HJYdVXhEY5U3k","9fYjiFgEZLqbSIov+MQzLx","9f1pa+3IpPILRKZSLNZiDa","9f5EVHiE5Dr7Y/15C3Ti8u","9f+5HQsLRNWpKXWfrqDCXX","9f/8uW6oVFnrmP8m/7P3/A","a0iQBQkDBOnZrkuAjtiIxd","a1QG5LEWNHXbQvTdEJUgxH","a15EdpKfJFh70sdfKbc0tZ","a1+ri8tnRP8o1nQWb3wCvy","a1/s1ZStdFc5ZP9kC5tm75","a2MjXRFdtLlYQ5ouAFv/+R","a2aozYeWxI+6ZUgpz5pvod","a2gHHClatGJ53JeFHU7YvV","a3aRA5MO9He4cB2sLA7Q3V","a3h2VRvqFBoIFr2HYtVBHT","a3ii62vnJJfKxd41iX8b75","a3pmtdxPFCwZ30RfngKkd+","a308q7CjtJt5ll0VfRvVbr","a4XpGpxklAzpg5JDtVCZPg","a4auNkMPZNl7wiA7ggVImR","a4tCVI2lFExLpc1HHx96GK","a5Hs4NqoxPFYGOvc4K/bHK","a5LYqnB7JG2K9D4uvc0ERb","a5Ukx2VwVK0qEznIvCEapl","a5XlenRGtKk6mzhRnKkzSP","a6DDX41y1MVI8BDk7dXEgp","a6hVelwPFE57OJlraQcVuz","a6laOBY/BGc4h9+4MShfsj","a7D8eZFfNFHrEd0evVMgoY","a7ETFwCkdEr4y0xTw9fhpa","a7nI9h3dFFJqCYZn6+OpF2","a7vSuwgFRPP5W6RROhFVrr","a8fv7BOrJEmI9ZqX4137Hl","a80Ee/sspG/Ke5T9F0XytF","a9NJK7eWZH+poV4x6Lg+sH","a9a6aOnLdB8KMnH2bIJqLD","aaBiecgSdPBa3e/jn5ZHuY","aaVjCalbNCrIqHIRrbX5MV","aabZaktTZAS4Sz8OpHDPey","aaeZ/NeVlCJbG/VcMa589r","abgdsTKLFEc6n0xglJ+hVC","acQrfAAS5BNqctDCKoaOtb","adGENbjMtPkZGx46sl7bJ6","adLMGRtCBLZ4fUxG5iN2tu","aeNwSoLwBK5rgaTf1uFoco","aeZLf/fT9Llq7PL3uCk3V7","aefE5TfCRCCKMB1j1dbk1C","aegRnXwKpOF6gpVaisqV2U","aekOLy2NBBn6rxMy9h40+u","ae5G5hmWBM1blrZ6GcKCMk","afVX1iXipJcavc8BN9W6WW","afXgmYv9BFPZwjc/EzpIK7","afc/jTHgpLeLUyIc03ThBT","affNvH1gJAKZpaCg88U3i4","b0BRtEbARP8qsqWhxJKqlb","b0FjeQxZ5BuY2FgIuJYdxV","b0JugGT2RNuJ8VdVEOCId3","b0ikVr4yBBErUCc+/5xuky","b00lJfC1RLH5TfaYMalRVD","b1DgT3/GJDLoVCaxtIV4u4","b2ECW60shKW4wyb+H2OAZL","b2bwEEaX1Na76HF5XjOkHZ","b2vMKwA85IPoml8HMmkNq+","b3dA7BihZEOrm89+Y3Hf8U","b3hol2HfVOhp2VYYT+Qh5C","b33TmMub1BFZAaDWkpnwXH","b5LCBU0apKSK2o5lVBWogp","b5yFRSLkBNiIgV/u3jczTi","b55hvqPBJFd4izT/jFNSSi","b6Uf2XYlRIt4PMWLRGIIjT","b7Gu9a3jFCuJI+if1sRnTO","b77DZQyR5OXK0X7d9PdVZ2","b8F5KcYgtN+6OtPQLv5adb","b8XyZ8W11EgbCitwonEzg0","b8mJFk5ZFLnIqhYZceKh54","b89wzkeIlBTqPTmol9vAtB","b9N4W/qR5PI5kSRqXLPMp3","b9QeKuOLJJRIylRJD4etaL","b9UuSgd0dEh4CC02idYX//","b9dmuUS/RD6K9pCtfc1Cib","b90HnCcD1OSJDifSOxbwRF","b92h9Se8xNuIkhLU4m4SSC","b98V2dTp1Oi55/ylIYjwod","b9/dXVqEtKb6/yMcPNCch9","baOoja2ERIooU1O11B28Gx","batOb9xEtAr5pF/drdjLnF","bbQsWFDApI0a3fvRyLvNW0","bb5v0oHLZE2Y1JeohFAAaa","bc5eb38sVBYYwb8at52Vcq","bc/umbHU1BB4YpD+6W5so6","bc/vdehKxLp42XjlfeelZH","bdGY0HuqBKU4yamUhEyXWZ","bdQMwjglZI8qJkT2vHCZI3","bdVuplUmFARb2Y3sj29dnJ","bdbSukA5dJiKf/QQiFW+Du","bdgAw2/bNHXIaFHlOYjUqa","beEYk6Uh5GJIYatfgMQPcR","beyS8q959Oe7oP33D4Vmdj","bfOMEMuTdH/6mtumtWMLwX","bfOSLfhUZKeZoxgfyBQ9rf","bfX6A3iQNLA5dK4eeNShV2","bfeQp2o4lPzb+VTx8z1Byo","bfh2ct1OxDCIHLejR1RErS","bf3BeBNPBOd68IaYT96Mqk","bf3hECeTNHKIWUPLIMFMOT","c0gkQyClJGW6nFA9MFhrlm","c1NpV6KxhLTrOXNC9Cwk9t","c2OeML22xM9pQXi03pqlcr","c2/SwXkpRBxp5cvoRhRzbG","c3Ehse7H1E6LGm6qvmfxDu","c3GlkdsfBH+4+5YzQR8Dui","c3rF91hgZKsaLo3p7Y2myw","c37gFlpg9B2KNJDwvKSPUE","c39832StRMC5zvMRoMrbUO","c4v3MhWQxKrIgK3x1nu48c","c43Qsul5ZDe4MDVqYCzcnC","c5tRCgXqhIQLYI9ZOpIB9K","c5/ftgx5BDK4pH/J83/Eh2","c6FU7iD2ZKGIVWbA28QKXM","c6N9ca6TxJZrZGFF3pXaWr","c7JE9gc6lE9KWBjjTG/8Pq","c7QmautRNKp45k2huEN2tl","c78t5UBJZLT5oPas/y/8Br","c8CGWRak9C9qy6rUinVJpZ","c8TlhjJNdJX6UNsXwvf2nn","c8ueORW2hI7pbVH7Rak01S","c83cxwHEROXapllQ2mQ2dF","c9QeOA2GhIRYvGprRtEMeO","c9VupEoCxGbIrIXOJwwOth","c9w0DXfg9BSJMDUNMf9bg7","c9/92TtqNOVL6GKh/g1DRM","caH+Ln4g9HOKR5gEHQdjRW","cbEqMev0BNDZ5TVRc6D9pf","cbjSDevGdIJ5XBmYjSwP7U","cb73K5kMRAgYeFUt8iNROv","ccrwNSNyxOsJkFutRhIDIG","cd6ebZZvFD2o2rFTy3NAl+","cd6ssMvFtMkp4AwU5zx8/8","ceK5sp5ndGpYBCHpUKoXq6","ceUe9LDypEK6v/drrC9JLW","cea3s43qNJ3YxDvo1Pj6j3","cenaCXoZlKgaUvz2VwOhC5","ceu0z6px1F0aJQdVmRynus","cfImDpi6dA7oZz4kLJ6smA","cf61NBGEtPZbjdwvyJMQP1","d0D8ZrxjVBQY9MDVxX2HyM","d0VAoZp2NF2Y4LaCozfmRt","d0clPH7PVDg4PZes6ofkrx","d0t5+kcaVFiaHGHmSENkiw","d0ybjKI0xEL564M/OGwvbK","d02viHCDRO9Zq0nZ6TQjDr","d03rIJs5pDcJAz7kTZuaO0","d08ED8r7dPo58tLUMc5ml2","d1I3talNJPD48G7WJeL4ng","d1Px+agrNJy4BBYlrxZhFd","d1WB9klHRLXabmsfMn8F7x","d1WHen6v1GgaDLQQ1NIF2V","d1bihw0YxKmLS/x8Fi4y7t","d1soFh8HpBIoPYzNYWhJNg","d1zNbViPNMAqVTNJu2dcB8","d182MU1BZEHK3HHI+DTusb","d2VVpUjEJGrYzxhWMKPj03","d2htedOTFFtKEkIRz2kGzp","d2vFsuSNFKR41BRUXOBnpD","d2yOfoXjVCOqmvFY3e5woU","d3ZtcbcsFHR4p2dg4PW7Ye","d3ib7pCMZB/5JaaNy5K1e/","d3ys7qOE1Baru5r3/Y25Yb","d38Fg4e/dB5Z+EzWxAbevn","d3+E6o96RLA7VHQS1PZGCq","d4dr8l9UZEZ4Q5cFUcejTt","d4g7laSs5Eirox4Y4RY1du","d4mbApN2JFCYsVt5gCMte4","d47uwzEWZDrZyVYTYMrA/d","d5OMBx695CC6Us6tXlAYUV","d5QQv0drdMy6vEA8WoSyeI","d5RjDpNUpNVJIldlXdux8o","d5Uail1SVPTaKApn5PZW5r","d5cQFc0i9G7Ie9qoM3j3D3","d6AB38felO4YlWzpkHG+hi","d6EudmCIBCb5N68Avws7qd","d6WmuM451MsoBnN3wojyJk","d6q5JzOutE5YSbYL6x+kr/","d6vq+k0JBC6ooM+Mk9YjXK","d7OH+MmJZAe40oore99B14","d7Pc48cLVB7qrUZ7okTW+B","d7eTP+WKFIz4WEkZ7QGhnO","d8k6Dqq/FBZJJ6zekyPrC7","d8oMX0bBlFaoz8dozDODh2","daKGkJHypKUZFhdwiQD5jK","danLf8QqdKlbmoeN2T7jDY","da76YwbctF+q1qbgOQdfre","dbVPjdiQNC6ayx3D04guDJ","dbWdmAqKRBNYVyByPYKtPC","dbW7Ndd5VKvLTu041yBWP4","dbzMYZp+tLcJQEgGJrZ+28","dcAmTsobpL84y1os/z1Wmt","dcEQb8QP5Fg5BkCzmcFgWb","dczj6P+51EfYVCBslDw2fn","ddNsiSY+pNW50DrvOvBduv","ddgz9N6ttLwpDZW3MJl1lz","ddzR9ALjdD9Zb4R9dzBHhy","dd01AwIklD/ayn4D5VeTlc","dd5/3+BPRIXJcF04zKrThG","deCwtmXKNJnYbYhWRYRSng","deuVt26UZLDpoQYKi6AZ+w","dexHIVC45Ld7QvKumKHeqC","dflMTnF8hADK6boMnaMNKv","df6XQz5mdKUb0L5daOFkL9","e0wRAo2mpCb7h4CIDtUUSW","e0x4jH8t9GwbBg6tx9OoE2","e0/22iW8FD6aTRE0gCctWg","e1TWgBlRFOj4ypzahsUjdB","e1Ue0ZNdlC8oLB0DcLTHk6","e1wl3w6uZLErB0Nge7msPb","e2Z06eEXZMRKUD8VdVGeci","e2hpL6rs1HiYbaEkt1KEb2","e3OjCDRvlEQp4MLgHHibtB","e300juheFBPbUHMQoKk/O7","e37LpJ45ZJ4Jmp9aBLABYI","e41OfP9mFMWZPmiqwUvAs3","e45cAI+gVBlKNHWe36+Sgb","e5IZ8G4/BO3JEBS5d45Hbt","e5TYtc4Q9G7Zymhg0SMSt7","e5fyuuuAZLireh5tB/badu","e6MIHCHsVDBLzWJAO9E51s","e6zNkAlSZJ1ZjCwdZpXY0f","e7CorP3lBJTLqKFjKFeL2g","e7REUaI0ZB4KQ7j+zyD2rf","e7XTr5o5RGtreldNlPlhrU","e7fB2MFABGXoc0yM9+mKXS","e8uvxklYFEQIyyGuUY8Gcq","e8+AFyrWBKu6U7R1636r57","e9vjPiwDFAI4fZ2VG+V+Tt","e9weCYNrlPbI/WYtsmF7HO","e97GVMl6JHh5Ml5qEDdSGa","eaku3rOtRFyIMqG2I7PGNI","eazCFLeoNPyJiknseppn5I","ea8UP+jglBtqTEipCfwFiQ","ebROd4HRNJdq1yuq50H9bT","ecCTW49kJJYZX+93y4H/Sv","ecClTKAXRDG6y+MMuyLOO3","ecL83ZjSpDQadY2Z2CPk06","ecpdLyjvZBwrvm+cedCcQy","ecqmDUL7ZCz5JRCmZcX+dL","ecxRUrMahGOrteAdiZEF+w","ec34oNigdEQKKGOfCX1rdp","edHF9bpiFF8JYBTvVJaCBB","edKIOKf7ZKWZRkCwVgXMdC","edVBZAOdpLi7gd6sDZgajs","edVoWuzE9HeImhALWYRGID","eeND0ZeUJM87fkknh4I5fL","eeutYc5nFGmrtMPkYBDC1R","efMhRaOy1CHqlVmDtcwqUU","efRYNEkOVBp54RC67db6ch","efV5jjI01NFoHa7pbw+Ih5","efbxQbifFAzYOj/S21Ehmn","efeBqIQOlHaIcgTLEehIz2","efeifHwHRAqqZULDwchHgf","efgou8nXFEVI5Gx0ySdatZ","efhjTVRSpAf6r/CIGloCcT","ef8WzABclBa40DBIQwTVaK","f0BIwQ8D5Ml7nTNQbh1YlS","f0LeV0QkdPdaajroJV4Kuy","f0j4rr/URFHag1ggv6HNOR","f02xneDYlBcJ9QXo8kn5cR","f1l+N6zIdG1qWXB8dr/gbY","f1yuqNFodFMagcpB/PWvcC","f11qRnxWFPE52lhev0AM1W","f1+190mi9J8YG9msKqm+rN","f2D9MWAx9A8ZNO16ytEa+w","f2XNqA0m1EkLjSQYFrCFqL","f2/+U0vFRH6qtgbUDRY58U","f3EX8+IhJFaLNds6I+zUhW","f3F3TlheBBmIz56Gz9+J2c","f3iKWKlahJebB5ePs1LJiM","f3xuoY8KlKkolZ4OzppjpN","f3zXt2Wf1AZKAhlMx5VCA1","f36ywnk55JeoFB8sBau/D2","f4Kgky5Q1I9Z6KFiw/Uqwz","f4O8AKALpIcrn7NkdvJmW+","f4P5vYH6RADoaTxgBs/LOm","f4axRBfChKKanHV1U+cbVo","f4ewO+HQJGlbs+plqYk7b9","f4mjYLrztPiLXr9A3DyX7a","f4tw4P59dBooMDtCantbeo","f5HZJu4mVLGrTDQu+mk80j","f5Ryn7qDVFZq7Y2oanpI7f","f5VxPvWjBOioRO5tjrttbZ","f5f7PpCnJFB5k3UIWLF6IS","f5ptGqIGtKPYsOarY4Am5x","f506Nmqb5A9IezQX70F0CM","f6YPncn7JJ65Y9ShuXMHrw","f6g4H2DBlHpJDR+koyPRrj","f6n0ILr/hI9LiuoyTBZfmG","f61h85Nu5POroBDU3I4SQd","f7GksbOxNIybX/Rut1JaCK","f7fGIgiYVJhZOZ4pDbN+99","f85zdgdddE16p7rvejPVjE","f9XgNg5ehLc4whIbTXnsB8","fabs9KmmRAtL/a+oA6mwLO","fa7MJlsiRPv5Y2E8xPDQ+f","fbO1HgzxpA7LKPByDWKSsX","fb9Qr+HNFNeb6A6drStQJ5","fcYuZQ0adMSY/h4kEjYx9u","fc6x+MvE5IfYcymD4MuKm5","fdm8SQh51HYbulSdYmUG/J","fdtWtdethLKZyPl+tIydTB","feffv9AsRKr5f7PHkHogch","ffpJClRwBDBLq4ThK/6UST","ffrzt6oztBE7aoYY8iff25","ff84UKQgpEB4o5pBqZ66BV"],"scenes":{"db://assets/Bundle/MatChuoc/MatChuoc.fire":231},"redirect":[455,0,528,1,661,2,672,2,770,1,915,0,1033,0,1140,0,1145,0,1148,1,1167,0,1196,2],"deps":["resources","internal","main"],"packs":{"0129c0b23":[386,393,398,423,429,452,524,527,537,556,567,662,692,703,739,749,753,1162,1188],"01b58b6df":[183,248],"01b8d05bd":[340,347,410,451,475,491,497,646,675,700,713,741,743,785,789,791,798,806,812,821,825,845,874,883,894,930,940,952,966,988,1000,1005,1035,1040,1071,1088,1090,1107,1119,1169],"01d9fd737":[328,401,464,469,517,604,667,880,924,958,1023,289,1178],"023eefb96":[355,356,394,414,489,514,534,580,207,603,617,673,698,816,944,971,979,1041,1080,1098,1117,1124],"02639d1ed":[177,213,220,229,239,245,262],"0266a68f2":[836,868,300],"026ddfd00":[318,336,404,436,724,757,959],"02b9ee1c1":[307,374,465,466,611,666,671,871,899,908,1029,1083,1108,1129,1154,1163],"02c76ff9e":[186,579,732,1210],"02d4b0d22":[308,535,648,950],"02e9d8d69":[325,367,433,440,453,454,573,588,591,615,634,681,697,737,800,889,967,986,1001,1014,1125,1164],"02efff590":[331,349,371,379,457,499,610,642,670,704,716,808,881,1027,1055,1091,1126,1160,1165,1198,1205],"031489865":[690,728],"0351e1e81":[462,482,505,511,513,515,518,532,550,566,586,597,655,669,685,694,710,759,763,772,799,802,803,829,849,888,900,963,1024,1065,1067,1072,1074,1111,1115,1146,1151,1155,1166,1189],"03acd6b2a":[316,841,283],"04099bc3d":[323,342,392,407,421,426,450,456,478,483,488,548,569,572,595,616,622,629,677,689,715,721,768,793,797,811,817,859,875,891,942,949,972,1013,1064,1084,1105,1121,1177,1181,1184],"043651f6e":[326,332,360,375,381,387,412,470,540,551,594,633,635,664,682,688,823,892,999,1078,1104,1147],"04592c0a7":[311,463,468,701,814],"048d8af60":[312,372,441,484,608,668,718,795,805,826,865,903,906,929,1008,1054,1059,1085,1103,1211,1216],"04b7c232a":[179,609,723,833,960,1050,1139],"0500a1d9b":[181,599,751,857,1092],"050c47d9e":[321,408,448,474,493,498,526,657,729,769,773,852,862,867,887,922,931,943,1002,1010,1012],"0513f5469":[238,854],"051b2ed4d":[313,502,570,650,707,733,822,984,1070,1134,1149],"052b4873e":[310,364,373,384,479,481,530,649,702,714,777,884,913,916,983,987,1031,1076,1112,1130,1150],"057c69d1e":[174,920,257],"05a17d387":[358,413,787],"05b176ec8":[314,395,251,1019,1116,1127,1199],"0612c01a6":[345,399,522,564,618,711,744,873,981,1077,1174,1195],"06330aa9a":[400,444,459,555,665,928,1009,1202],"065af0a52":[309,651,752,885,917,1069,1187],"06adce4a1":[445,734],"070db430e":[467,559,560,762,844,921,975,977,1068,1152],"072f887a8":[352,383,385,396,411,531,645,658,684,847,878,879,882,907,937,938,948,962,1025,1208],"0757266a3":[730,748,828],"07641b221":[639,1042,1173],"07aa12b7f":[184,290,294,303],"07e759786":[660,843,261,1081,1207],"07ebffb18":[0,163,4,5,6,8,11,12,14,15,17,18,19,23,24,26,28,30,31,35,39,41,205,44,46,48,49,50,52,53,55,56,58,59,61,62,63,67,68,70,73,75,77,80,81,82,83,84,87,90,92,98,99,100,104,105,107,110,112,115,116,117,119,121,122,123,127,128,129,135,136,137,138,140,144,145,146,147,296,153,157],"07f910e39":[178,240],"0808e0200":[206,683,886],"0822cc6c0":[335,344,439,485,495,516,652,708,738,941,989,998,1021,1032,1037,1046,1123,1158,1192],"082c4d39c":[976,279],"084fa2fcf":[354,774,923],"08a4dd6ab":[742,951,978],"098172eb0":[306,1,2,3,7,9,10,13,16,20,21,22,420,25,460,27,29,32,33,34,36,37,38,40,42,43,45,47,613,51,54,57,674,60,64,65,66,69,71,74,231,76,796,78,79,85,86,88,89,904,91,93,94,95,96,97,101,102,103,106,108,109,947,961,111,965,113,973,114,982,263,118,120,272,124,125,126,1049,280,130,131,132,133,134,139,141,142,143,1157,1168,148,298,149,150,151,152,154,155,1206,156,158,159,160],"09933d6a0":[500,287],"09c132e8a":[428,490,561,562,589,621,623,727,872,901,1180],"0ab7a8cf0":[361,369,380,390,403,487,523,525,547,552,553,565,571,590,600,619,643,679,680,717,735,740,755,781,820,831,846,863,864,870,877,910,914,926,992,1016,1020,1039,1043,1058,1062,1097,1132,1135,1156,1159,1176,1182],"0acfbcd00":[378,447,471,473,512,521,557,636,699,842,876,954,1045,1118,1142,1161,1203],"0b0c4d28d":[409,624,835,860,918,1018,1102,1214],"0b4f96623":[541,1026,1137],"0b595c035":[329,333,334,418,434,496,582,602,705,783,792,840,861,869,895,980,991,1109,1138],"0b5a2f4b1":[194,203,204,217,233,974,1063,282,302],"0b8ab049a":[443,281],"0c06e305f":[327,359,449,503,508,546,686,764,815,830,832,936,996,1011,1051],"0c5df2c54":[167,169],"0c7662433":[330,337,348,416,424,476,494,554,578,585,612,628,640,676,691,712,719,722,736,756,761,790,807,839,905,919,927,953,990,995,1028,1061,1087,1113,1153,1194,1204],"0c9133245":[583,754,945,1052,1082],"0ca16f0b8":[346,362,405,417,501,529,568,598,706,709,746,786,898,932,969,1048,1073,1101,1141,1170,1171,1179,1213],"0cfd13b0e":[225,297],"0d0058694":[818,269],"0d0d17921":[415,510,542,549,587,593,630,687,819,909,955,1044,1191],"0d182beb9":[388,435,506,533,584,644,654,778,794,970,1003,1004,1007,1015,1057,1099,1175],"0d6e7d609":[324,538,539,631,632,750,856,1006,1056,1106,1131],"0dafaf5a4":[431,461,780],"0dc3c2da3":[430,274,1186],"0dd41e98f":[425,477,638,659,693,745,809,838,855,897,925,994,1036,1093,1136,1144,1190],"0df52062a":[315,338,363,376,458,731,747,788,804,890,911,946,1100,1128,1193,1200],"0e2002007":[357,370,422,504,626,637,647,695,758,767,771,827,848,853,902,912,1017,1030,1047,1089,1143,1172,1183],"0e499bbf0":[319,320,322,368,377,397,575,576,614,720,725,837,968,1066],"0e4d6c509":[442,627,760],"0e7e6806b":[432,492,545,563,606,824,934,1075,1095],"0e8a0cea1":[486,993],"0f2c20c74":[427,509,601,641,663,776,801,813,896,939,275,1096,1197],"0f33206ea":[437,446,507,782,858,1022],"0f894dce8":[198,242],"0fa12a5b7":[339,341,353,382,391,438,519,536,543,544,577,581,596,620,625,656,678,696,765,766,775,779,850,851,866,964,985,997,1034,1079,1086,1110,1114,1185,1201,1212,1215],"0fae75d38":[343,402],"0fb918ebd":[350,574,784,893,933,956,1060,1120],"0fdb48b0a":[366,834]},"name":"57","importBase":"import","nativeBase":"native","debug":false,"isZip":false,"encrypted":false,"versions":{"import":[161,"018b6",162,"6eaec","0129c0b23","87286","01b58b6df","db637","01b8d05bd","0ff59","01d9fd737","b4f53","023eefb96","2cd13",164,"cc33b","02639d1ed","deefd","0266a68f2","cad58",317,"27e7a","026ddfd00","82b7e","02b9ee1c1","325b9","02c76ff9e","d55ce","02d4b0d22","a16a6","02e9d8d69","bd659","02efff590","f6be2","031489865","31979","0351e1e81","85ac7","03acd6b2a","5c3eb","04099bc3d","5de63",165,"341bf","043651f6e","27c0d","04592c0a7","0cf11","048d8af60","aa667","04b7c232a","cfe0b","0500a1d9b","882c9","050c47d9e","89062","0513f5469","7f77f","051b2ed4d","d92b5","052b4873e","29c47","057c69d1e","6912b",166,"2202a","05a17d387","3d73f","05b176ec8","31d23","0612c01a6","bc09a","06330aa9a","5c015","065af0a52","8f797","06adce4a1","14b32","070db430e","2f491","072f887a8","1927e",168,"5a8a4","0757266a3","f192c","07641b221","d6343","07aa12b7f","4f815","07e759786","f4846","07ebffb18","61288","07f910e39","41778","0808e0200","9e040","0822cc6c0","3f412","082c4d39c","4cb6a","084fa2fcf","6ee6c","08a4dd6ab","5b6cb","098172eb0","340a4","09933d6a0","29220","09c132e8a","f1ca9","0ab7a8cf0","df34e","0acfbcd00","e47d7","0b0c4d28d","9b839","0b4f96623","8d460","0b595c035","21827","0b5a2f4b1","8cce2",351,"c3dde","0b8ab049a","7486e","0c06e305f","c4243","0c5df2c54","72a90","0c7662433","1d7fa","0c9133245","f6727","0ca16f0b8","2043c","0cfd13b0e","1fba9","0d0058694","206a0",170,"c1ba5","0d0d17921","aa67d","0d182beb9","5019d","0d6e7d609","56408","0dafaf5a4","1076b","0dc3c2da3","94a04","0dd41e98f","cac88","0df52062a","ab783","0e2002007","f3ecc","0e499bbf0","6d8a2","0e4d6c509","c7121","0e7e6806b","74f25","0e8a0cea1","b0bf6","0f2c20c74","6202b","0f33206ea","39b39",171,"9afa4","0f894dce8","94ea3",172,"ab15f","0fa12a5b7","f7a80","0fae75d38","33f60","0fb918ebd","07a74","0fdb48b0a","f9a93",173,"71c67",365,"4ec0a",175,"a9d37",176,"9118b",389,"8de7d",406,"8460f",180,"5db08",419,"8b5d6",182,"0c305",185,"92ae6",187,"02111",188,"d7de9",189,"6a774",190,"3c854",472,"03367",191,"9fe1d",480,"2afdf",192,"314d5",193,"b7c0b",195,"90a82",520,"8c63f",196,"2625b",197,"87a75",199,"29332",200,"1d4b1",201,"df68e",558,"95bae",202,"5d310",592,"eaa3b",208,"fe81b",209,"bf23b",605,"390f0",607,"24e09",210,"443ab",211,"d7c07",212,"2e434",653,"2c336",214,"0f877",215,"9a71f",216,"01a7b",218,"d6d21",219,"eea4c",221,"c43e1",222,"0e68a",726,"36356",223,"f868e",224,"69bf5",226,"1a1b5",227,"fb1e5",228,"692dd",72,"20cc0",230,"be80c",232,"d09be",234,"9b042",235,"8b493",236,"f8959",810,"66071",237,"66f98",241,"e6f59",243,"8fd24",244,"5c4b3",246,"e05a3",247,"68cbe",249,"f0c56",250,"8214d",252,"c7cd8",935,"cf8ce",253,"ec61e",254,"40579",255,"5ec6c",256,"efaf1",258,"33a9e",259,"314ee",957,"eedd0",260,"33959",264,"02276",265,"66571",266,"fb0ea",267,"3f8e4",268,"cf421",270,"3ba61",271,"95c8b",1038,"6b73c",273,"ee4b9",1053,"eec49",276,"1bdcd",277,"9e268",278,"946c2",1094,"5de4d",284,"b059b",285,"2a16a",286,"869fb",1122,"feada",288,"8badc",1133,"2b4dc",291,"47848",292,"7935b",293,"829ed",295,"be204",299,"dea33",301,"50a18",1209,"8764b",304,"51e35",305,"27ef6"],"native":[0,"c886d",163,"84af6",1,"5b5dd",2,"79e13",3,"be0da",4,"28ce7",5,"9a386",6,"d7a96",7,"32f26",8,"11d04",9,"1c41d",10,"4369e",11,"a4e7d",12,"ee927",13,"e92a5",14,"77833",15,"46d21",16,"c3f38",17,"a8465",18,"dd81f",19,"9af3c",20,"a5558",21,"40e31",22,"b20ca",23,"b8374",24,"55593",25,"586eb",26,"b4765",27,"18a56",28,"834d5",29,"a3f41",30,"07d4b",31,"ac47e",32,"59697",33,"b26e4",34,"f615d",35,"ac178",36,"6bb42",37,"bc4d9",38,"4caca",39,"57e4b",40,"57ec3",41,"75bc5",42,"3bee0",205,"4265d",43,"8f44c",44,"9d3aa",45,"0d0c3",46,"4365e",47,"8cb85",48,"99f6b",49,"a79fe",50,"86dbc",51,"eb894",52,"0c574",53,"576d6",54,"677c8",55,"a06dc",56,"cdfdc",57,"8c86f",58,"edb50",59,"0b330",60,"a2f7d",61,"09d07",62,"3cec8",63,"07cdc",64,"c1757",65,"b1037",66,"7f6d9",67,"42b36",68,"bc91a",69,"2d82c",70,"8822b",71,"780f5",72,"65350",73,"59537",74,"0864c",75,"8e390",76,"5acec",77,"14b9d",78,"cbd86",79,"ec939",80,"0fa34",81,"8ff0f",82,"9c7e9",83,"40993",84,"9d463",85,"dbdda",86,"ea747",87,"10cc8",88,"3a779",89,"a9dc8",90,"48380",91,"3d028",92,"5abf7",93,"6440b",94,"343fa",95,"df38c",96,"26a5e",97,"229ce",98,"6428d",99,"424f3",100,"0c6cf",101,"4d9ef",102,"8e72b",103,"c8607",104,"be119",105,"56a85",106,"70d08",107,"e41c3",108,"47498",109,"104b2",110,"17dd9",111,"ffc4e",112,"95238",113,"10527",114,"4bcd8",115,"8b77c",116,"8c8a1",117,"42757",118,"86c26",119,"16c2d",120,"001fb",121,"b7380",122,"a0fbd",123,"8302e",124,"9585c",125,"1dc1e",126,"0c5bc",127,"8c50d",128,"84dfb",129,"ba479",130,"605ac",131,"1563d",132,"b2738",133,"babe8",134,"c6457",135,"79f8d",136,"1b84f",137,"236b1",138,"38124",139,"b1ffd",140,"79bfd",141,"15610",142,"73729",143,"18716",144,"8a617",145,"104e4",146,"b71fc",147,"4a425",148,"71212",296,"284a9",149,"a98d1",150,"7582a",151,"ae2f1",152,"dc28b",153,"171e7",154,"d07e4",155,"f97b8",156,"758e2",157,"828f2",158,"31e1a",159,"91038",160,"0a72f"]}}