[1,["a0tOpoJ+FL050cXu13GaTM"],["_textureSetter"],["cc.SpriteFrame"],0,[[[{"name":"Coin_06","rect":[87,87,84,78],"offset":[0,-1],"originalSize":[90,90],"capInsets":[0,0,0,0]}],[0],0,[0],[0],[0]],[[{"name":"Coin_02","rect":[1,173,84,78],"offset":[-1,2],"originalSize":[90,90],"capInsets":[0,0,0,0]}],[0],0,[0],[0],[0]],[[{"name":"Coin_05","rect":[159,167,82,66],"offset":[0,-1],"originalSize":[90,90],"rotated":1,"capInsets":[0,0,0,0]}],[0],0,[0],[0],[0]],[[{"name":"Coin_03","rect":[87,167,84,70],"offset":[-1,2],"originalSize":[90,90],"rotated":1,"capInsets":[0,0,0,0]}],[0],0,[0],[0],[0]],[[{"name":"Coin_00","rect":[1,1,84,84],"offset":[0,0],"originalSize":[90,90],"capInsets":[0,0,0,0]}],[0],0,[0],[0],[0]],[[{"name":"Coin_04","rect":[173,1,80,60],"offset":[0,0],"originalSize":[90,90],"rotated":1,"capInsets":[0,0,0,0]}],[0],0,[0],[0],[0]],[[{"name":"Coin_01","rect":[87,1,84,84],"offset":[0,0],"originalSize":[90,90],"capInsets":[0,0,0,0]}],[0],0,[0],[0],[0]],[[{"name":"Coin_07","rect":[1,87,84,84],"offset":[0,0],"originalSize":[90,90],"capInsets":[0,0,0,0]}],[0],0,[0],[0],[0]]]]