[1,["f882YN2dZAvLFlF7kW0zum","030vFdjSdLFKcy/BtWSOHR","05KeAPB0RN66xe1aXRYgO0","daQDpy8e1OUqdwUyT8wR0z","5ffBih3wlEJ5pH86N7v+jb","46OJKTncRF4Y4eVE5p62hj","1cGuFPu41JoZkvZuU5DguN","666HE1RfVK5K5PIyNyWMnC","16IKrAr0lFAIYKj2N45+Zg","c4zcFL6tFLQqgCnApJYUdM","a0h1M7nqVIm73wIcXzpvxM","77bavWOcJJmqMeCl/Jksof","345/zHU7VFo6mftfLFLnhv","2e9bv+1WhM7IMILqzFXEDv","c81YC54LJIl7ujqzldeGII","fab+gQ5rtMX4Hd9Gw9tega","01XrRWaYFBK7mZY1bRH34d","dcWMrTn51O/J7cuOzxjlmW","9bMBPvYdZJJZJpYge24XJJ","60zDOLPzNHIq7mgqomFfvx","c4fnXoGjdC+ro/GZGBZygG","44YFKMHWhBKb1aBQxxYVS5","86Sykwb81FoYD43uCP1k6n","aeD8vJBWtIe7WJybo6LVSq","c3Sccw8GVAVq1c6fKYKOOW","918xCCY+dJToguSNdVdP9J","c3P08UDGpHjY3jgr+oLjU+","d6Cqb/eFhJP48uKiJYkGpo","d4fXL3pFFKxoBlo4FGr+HA","78afqviLJO/I4MGimg1+qr","ecyeql3zZEi7XnlKBRQJL8","c0ntmf0ARD7pRHI56TK4ZM","d8SFxWxyVOYKKvoQCT2Efp","ebHGNC0YxL/IwM778SLZxl","7fXdlf9MpLTYDbsVP6MIqi","28PxJ4jdlIirJZhifGG6ON","0aIWRTHVNBK4bRd6I5q6Lb","27sD8Hah5Dg4hrVPUPDscD","a6FRCg66dMoJjT7WZCiKNN","73FsvQmWtFmpWwZRyErKNj","74fHLTBMZIObfk5ac2ZOc7","06hFsKCBVISo5OkGe9iuad","41UHw3ztlDep0OZCNZnEr2","5dC2VO4jBESKThehZR1YoU","d170ey1NJLi4JxjSmhsOAe"],["value"],[["cc.AnimationClip",["_name","_duration","sample","curveData"],0,11]],[[0,0,1,2,3,4]],[[0,"TakeSymbol1_End",1.12,25,[{},"paths",11,[{"wh_vfx_d_screen_01":{"props":{"opacity":[{"frame":0,"value":255},{"frame":0.24,"value":0}]}},"wh_vfx_a_screen":{"props":{"opacity":[{"frame":0,"value":255},{"frame":0.24,"value":0}]}},"wh_vfx_b_screen_00":{"props":{"opacity":[{"frame":0,"value":255},{"frame":0.24,"value":0}]}},"wh_vfx_b_screen_01":{"props":{"opacity":[{"frame":0,"value":255},{"frame":0.24,"value":0}]}}},"wh_vfx_f_add_01_01",11,[{},"comps",11,[{},"cc.Sprite",11,[{},"spriteFrame",12,[[[{"frame":0},"value",6,0],[{"frame":0.04},"value",6,1],[{"frame":0.08},"value",6,2],[{"frame":0.12},"value",6,3],[{"frame":0.16},"value",6,4],[{"frame":0.2},"value",6,5],[{"frame":0.24},"value",6,6],[{"frame":0.28},"value",6,7],[{"frame":0.32},"value",6,8],[{"frame":0.36},"value",6,9],[{"frame":0.4},"value",6,10]],11,11,11,11,11,11,11,11,11,11,11]]]],"wh_vfx_e_add_03",11,[{"props":{"opacity":[{"frame":0,"value":255},{"frame":0.16,"value":255},{"frame":0.24,"value":0}]}},"comps",11,[{},"cc.Sprite",11,[{},"spriteFrame",12,[[[{"frame":0},"value",6,11],[{"frame":0.04},"value",6,12],[{"frame":0.08},"value",6,13],[{"frame":0.12},"value",6,14],[{"frame":0.16},"value",6,15],[{"frame":0.2},"value",6,16]],11,11,11,11,11,11]]]],"wh_particle_add_01_00",11,[{},"comps",11,[{},"cc.Sprite",11,[{},"spriteFrame",12,[[[{"frame":0},"value",6,17],[{"frame":0.04},"value",6,18],[{"frame":0.08},"value",6,19],[{"frame":0.12},"value",6,20],[{"frame":0.16},"value",6,21],[{"frame":0.2},"value",6,22],[{"frame":0.24},"value",6,23],[{"frame":0.28},"value",6,24],[{"frame":0.32},"value",6,25],[{"frame":0.36},"value",6,26],[{"frame":0.4},"value",6,27],[{"frame":0.44},"value",6,28],[{"frame":0.48},"value",6,29],[{"frame":0.52},"value",6,30],[{"frame":0.56},"value",6,31],[{"frame":0.6},"value",6,32],[{"frame":0.64},"value",6,33],[{"frame":0.68},"value",6,34],[{"frame":0.72},"value",6,35],[{"frame":0.76},"value",6,36],[{"frame":0.8},"value",6,37],[{"frame":0.84},"value",6,38],[{"frame":0.88},"value",6,39],[{"frame":0.92},"value",6,40],[{"frame":0.96},"value",6,41],[{"frame":1},"value",6,42],[{"frame":1.04},"value",6,43],[{"frame":1.08},"value",6,44]],11,11,11,11,11,11,11,11,11,11,11,11,11,11,11,11,11,11,11,11,11,11,11,11,11,11,11,11]]]]]]]],0,0,[0,0,0,0,0,0,0,0,0,0,0,0,0,0,0,0,0,0,0,0,0,0,0,0,0,0,0,0,0,0,0,0,0,0,0,0,0,0,0,0,0,0,0,0,0],[0,0,0,0,0,0,0,0,0,0,0,0,0,0,0,0,0,0,0,0,0,0,0,0,0,0,0,0,0,0,0,0,0,0,0,0,0,0,0,0,0,0,0,0,0],[0,1,2,3,4,5,6,7,8,9,10,11,12,13,14,15,16,17,18,19,20,21,22,23,24,25,26,27,28,29,30,31,32,33,34,35,36,37,38,39,40,41,42,43,44]]