[1,["28xhNFdFNLRJJbZEfyuGBq","3b9liG4f9Bnb7hyYfqdA8k","07PjxZl6ZJv4dpD3Gesu7I","e0+8lc2xBGo4/1/tlQ3Ssb","2bNofGIbdJh6KYClgAvKKq","e4Vptmm21JDI1VzRIeAcUe","22FOaelstCsop4cyQfiZjY","3dgmKzCVhPzKlyY8OTVgGU","b0CNK5wplMrpXBdFKcJME4","02U65fU2VOp6kpHljfOyKg","2e4O5nOlNCMYZ5hHBE2LHn","a7NtCID5JL8qVpJNMZZXnU","c5bdZf9zlJY4aQBW5zCum8","40X5Fgmz9Ku4Rks37WzPvX","cdcnCHZPVObJMXMBL59a2z","cdLIIy7ndAZZUIWHJD3NEb","a3nFB037dNlLDWIEybyvaH","83gOq2TZhBFqFPXk35nK8m","1d25qm5sdDwK5PDOJ005Ec","1acsgl0VVG1asBeS63dMx/"],["value"],[["cc.AnimationClip",["_name","_duration","sample","wrapMode","curveData"],-1,11]],[[0,0,1,2,3,4,5]],[[0,"scater_vfx_a",1.3333333333333333,15,2,[{},"comps",11,[{},"cc.Sprite",11,[{},"spriteFrame",12,[[[{"frame":0},"value",6,0],[{"frame":0.06666666666666667},"value",6,1],[{"frame":0.13333333333333333},"value",6,2],[{"frame":0.2},"value",6,3],[{"frame":0.26666666666666666},"value",6,4],[{"frame":0.3333333333333333},"value",6,5],[{"frame":0.4},"value",6,6],[{"frame":0.4666666666666667},"value",6,7],[{"frame":0.5333333333333333},"value",6,8],[{"frame":0.6},"value",6,9],[{"frame":0.6666666666666666},"value",6,10],[{"frame":0.7333333333333333},"value",6,11],[{"frame":0.8},"value",6,12],[{"frame":0.8666666666666667},"value",6,13],[{"frame":0.9333333333333333},"value",6,14],[{"frame":1},"value",6,15],[{"frame":1.0666666666666667},"value",6,16],[{"frame":1.1333333333333333},"value",6,17],[{"frame":1.2},"value",6,18],[{"frame":1.2666666666666666},"value",6,19]],11,11,11,11,11,11,11,11,11,11,11,11,11,11,11,11,11,11,11,11]]]]]],0,0,[0,0,0,0,0,0,0,0,0,0,0,0,0,0,0,0,0,0,0,0],[0,0,0,0,0,0,0,0,0,0,0,0,0,0,0,0,0,0,0,0],[0,1,2,3,4,5,6,7,8,9,10,11,12,13,14,15,16,17,18,19]]