[1,["f3Uad3IYZPc7R28XNkUh0H","c2plvG3Z5LaYK2OePoKAd9","f3SjikNOxONZI6ACDywI3p","7b1rakGgtIAYs5Xsegvvrm","aePQRglmxOAIpJHY/jJjHH","f0OSbdrRdCBZZ52wHQ0Jlm","55A9JGEXBF+5N8TSnhFy5d","8eCU5SvmdF4a/Dpog9tzul","71PFnH4INPyIGymM3f69UP","2cHU99ow1MwJPZ4+ABoAiE","63Iz6xLKhBmZYYIOWainhG","c0Npu1N21J1KD08eda2Urj","9137GVLt9EHaVuthL0gukY","9fWWngYdJOFpapuShDw5wq","a30DgiBMFD4bGLCXqpfLHj","bdNg52rBBMSo7Xbtzv5hoJ","c1fTGZsENFG5g441XXMaoo","d8A+jwxWZC0Jixw4BDaZ/f"],["_textureSetter","ps_end_glow_a","ps_end_glow_b","ps_end_glow_c","ps_end_glow_d","ps_glow_a","ps_glow_b","ps_glow_c","ps_glow_d","ps_hilight_a","ps_hilight_b","ps_hilight_c","ps_hilight_d","ps_out_glow","ps_shine_a","ps_shine_b","ps_shine_c","ps_shine_d"],["cc.SpriteFrame",["cc.SpriteAtlas",["_name","_spriteFrames"],2,11]],[[1,0,1,2]],[[[{"name":"ps_hilight_a","rect":[1142,1391,244,204],"offset":[0,0],"originalSize":[244,204],"capInsets":[0,0,0,0]}],[0],0,[0],[0],[0]],[[[0,"ps_symbol.plist",[{},"ps_end_glow_a",6,0,"ps_end_glow_b",6,1,"ps_end_glow_c",6,2,"ps_end_glow_d",6,3,"ps_glow_a",6,4,"ps_glow_b",6,5,"ps_glow_c",6,6,"ps_glow_d",6,7,"ps_hilight_a",6,8,"ps_hilight_b",6,9,"ps_hilight_c",6,10,"ps_hilight_d",6,11,"ps_out_glow",6,12,"ps_shine_a",6,13,"ps_shine_b",6,14,"ps_shine_c",6,15,"ps_shine_d",6,16]]],0,0,[0,0,0,0,0,0,0,0,0,0,0,0,0,0,0,0,0],[1,2,3,4,5,6,7,8,9,10,11,12,13,14,15,16,17],[1,2,3,4,5,6,7,8,9,10,11,12,13,14,15,16,17]],[[{"name":"ps_hilight_b","rect":[435,943,244,427],"offset":[0,0],"originalSize":[244,427],"rotated":1,"capInsets":[0,0,0,0]}],[0],0,[0],[0],[0]],[[{"name":"ps_hilight_d","rect":[896,754,244,815],"offset":[0,0],"originalSize":[244,815],"capInsets":[0,0,0,0]}],[0],0,[0],[0],[0]],[[{"name":"ps_hilight_c","rect":[1142,774,244,615],"offset":[0,0],"originalSize":[244,615],"capInsets":[0,0,0,0]}],[0],0,[0],[0],[0]]]]