[1,["50Y1smxZBH9YXZ62e6uXxy"],["_textureSetter"],["cc.SpriteFrame"],0,[[[{"name":"tw_bg","rect":[1,1,378,818],"offset":[0,0],"originalSize":[378,818],"capInsets":[0,0,0,0]}],[0],0,[0],[0],[0]],[[{"name":"tw_sun","rect":[742,1,725,750],"offset":[0,0],"originalSize":[1447,1496],"capInsets":[0,0,0,0]}],[0],0,[0],[0],[0]],[[{"name":"tw_button","rect":[1,821,395,142],"offset":[-1,1],"originalSize":[793,286],"capInsets":[0,0,0,0]}],[0],0,[0],[0],[0]],[[{"name":"tw_fish","rect":[1469,678,246,306],"offset":[0,0],"originalSize":[488,608],"rotated":1,"capInsets":[0,0,0,0]}],[0],0,[0],[0],[0]],[[{"name":"totalwin","rect":[398,802,676,153],"offset":[-1,1],"originalSize":[1354,307],"capInsets":[0,0,0,0]}],[0],0,[0],[0],[0]],[[{"name":"collect_btn","rect":[1076,835,221,66],"offset":[0,0],"originalSize":[439,128],"capInsets":[0,0,0,0]}],[0],0,[0],[0],[0]]]]