[1,["d5soexkrBK6IjQFjwum0s/"],["_textureSetter"],["cc.SpriteFrame"],0,[[[{"name":"ps_line_c_00","rect":[1,1,204,477],"offset":[0,0],"originalSize":[204,477],"capInsets":[0,0,0,0]}],[0],0,[0],[0],[0]],[[{"name":"ps_line_c_07","rect":[619,480,204,477],"offset":[0,0],"originalSize":[204,477],"capInsets":[0,0,0,0]}],[0],0,[0],[0],[0]],[[{"name":"ps_line_c_11","rect":[1031,480,204,477],"offset":[0,0],"originalSize":[204,477],"capInsets":[0,0,0,0]}],[0],0,[0],[0],[0]],[[{"name":"ps_line_c_03","rect":[207,480,204,477],"offset":[0,0],"originalSize":[204,477],"capInsets":[0,0,0,0]}],[0],0,[0],[0],[0]],[[{"name":"ps_line_c_13","rect":[1237,480,204,477],"offset":[0,0],"originalSize":[204,477],"capInsets":[0,0,0,0]}],[0],0,[0],[0],[0]],[[{"name":"ps_line_c_14","rect":[1443,1,204,477],"offset":[0,0],"originalSize":[204,477],"capInsets":[0,0,0,0]}],[0],0,[0],[0],[0]],[[{"name":"ps_line_c_09","rect":[825,480,204,477],"offset":[0,0],"originalSize":[204,477],"capInsets":[0,0,0,0]}],[0],0,[0],[0],[0]],[[{"name":"ps_line_c_02","rect":[207,1,204,477],"offset":[0,0],"originalSize":[204,477],"capInsets":[0,0,0,0]}],[0],0,[0],[0],[0]],[[{"name":"ps_line_c_12","rect":[1237,1,204,477],"offset":[0,0],"originalSize":[204,477],"capInsets":[0,0,0,0]}],[0],0,[0],[0],[0]],[[{"name":"ps_line_c_06","rect":[619,1,204,477],"offset":[0,0],"originalSize":[204,477],"capInsets":[0,0,0,0]}],[0],0,[0],[0],[0]],[[{"name":"ps_line_c_05","rect":[413,480,204,477],"offset":[0,0],"originalSize":[204,477],"capInsets":[0,0,0,0]}],[0],0,[0],[0],[0]],[[{"name":"ps_line_c_10","rect":[1031,1,204,477],"offset":[0,0],"originalSize":[204,477],"capInsets":[0,0,0,0]}],[0],0,[0],[0],[0]],[[{"name":"ps_line_c_04","rect":[413,1,204,477],"offset":[0,0],"originalSize":[204,477],"capInsets":[0,0,0,0]}],[0],0,[0],[0],[0]],[[{"name":"ps_line_c_08","rect":[825,1,204,477],"offset":[0,0],"originalSize":[204,477],"capInsets":[0,0,0,0]}],[0],0,[0],[0],[0]],[[{"name":"ps_line_c_01","rect":[1,480,204,477],"offset":[0,0],"originalSize":[204,477],"capInsets":[0,0,0,0]}],[0],0,[0],[0],[0]],[[{"name":"ps_line_c_15","rect":[1443,480,204,477],"offset":[0,0],"originalSize":[204,477],"capInsets":[0,0,0,0]}],[0],0,[0],[0],[0]]]]