[1,["bc5r8uGLxEtIAtAgc4taa9","cf40vVrhhIxZMAJiaH163I","2cSMeTRb1MU5/H8pGSU9kD","87DBohBvNN+Kv54CTqqEsg","c5EIvZNKpKs7+lM2F9wwQ4","84BQiqNFZMV6ZJCX24jRVn","2bfb8wB1NB/bmyHl4eD+rn","f2f6iBjBBG0Z6MyCeTyoJO"],["value"],[["cc.AnimationClip",["_name","_duration","sample","wrapMode","curveData"],-1,11]],[[0,0,1,2,3,4,5]],[[0,"Coin",0.4,20,2,[{},"comps",11,[{},"cc.Sprite",11,[{},"spriteFrame",12,[[[{"frame":0},"value",6,0],[{"frame":0.05},"value",6,1],[{"frame":0.1},"value",6,2],[{"frame":0.15},"value",6,3],[{"frame":0.2},"value",6,4],[{"frame":0.25},"value",6,5],[{"frame":0.3},"value",6,6],[{"frame":0.35},"value",6,7]],11,11,11,11,11,11,11,11]]]]]],0,0,[0,0,0,0,0,0,0,0],[0,0,0,0,0,0,0,0],[0,1,2,3,4,5,6,7]]