[1,["fc9P0Cck1M+qXZR7uuuaZN"],["_textureSetter"],["cc.SpriteFrame"],0,[[[{"name":"ps_vfx_a_b_14","rect":[495,501,123,245],"offset":[0,-2],"originalSize":[245,515],"rotated":1,"capInsets":[0,0,0,0]}],[0],0,[0],[0],[0]],[[{"name":"ps_vfx_a_b_06","rect":[1,251,123,245],"offset":[0,-2],"originalSize":[245,515],"rotated":1,"capInsets":[0,0,0,0]}],[0],0,[0],[0],[0]],[[{"name":"ps_vfx_a_b_13","rect":[248,501,123,245],"offset":[0,-2],"originalSize":[245,515],"rotated":1,"capInsets":[0,0,0,0]}],[0],0,[0],[0],[0]],[[{"name":"ps_vfx_a_b_02","rect":[495,1,123,245],"offset":[0,-2],"originalSize":[245,515],"rotated":1,"capInsets":[0,0,0,0]}],[0],0,[0],[0],[0]],[[{"name":"ps_vfx_a_b_18","rect":[1,1,123,245],"offset":[0,-2],"originalSize":[245,515],"rotated":1,"capInsets":[0,0,0,0]}],[0],0,[0],[0],[0]],[[{"name":"ps_vfx_a_b_15","rect":[1,626,123,245],"offset":[0,-2],"originalSize":[245,515],"rotated":1,"capInsets":[0,0,0,0]}],[0],0,[0],[0],[0]],[[{"name":"ps_vfx_a_b_11","rect":[495,376,123,245],"offset":[0,-2],"originalSize":[245,515],"rotated":1,"capInsets":[0,0,0,0]}],[0],0,[0],[0],[0]],[[{"name":"ps_vfx_a_b_17","rect":[495,626,123,245],"offset":[0,-2],"originalSize":[245,515],"rotated":1,"capInsets":[0,0,0,0]}],[0],0,[0],[0],[0]],[[{"name":"ps_vfx_a_b_01","rect":[248,1,123,245],"offset":[0,-2],"originalSize":[245,515],"rotated":1,"capInsets":[0,0,0,0]}],[0],0,[0],[0],[0]],[[{"name":"ps_vfx_a_b_07","rect":[248,251,123,245],"offset":[0,-2],"originalSize":[245,515],"rotated":1,"capInsets":[0,0,0,0]}],[0],0,[0],[0],[0]],[[{"name":"ps_vfx_a_b_03","rect":[1,126,123,245],"offset":[0,-2],"originalSize":[245,515],"rotated":1,"capInsets":[0,0,0,0]}],[0],0,[0],[0],[0]],[[{"name":"ps_vfx_a_b_04","rect":[248,126,123,245],"offset":[0,-2],"originalSize":[245,515],"rotated":1,"capInsets":[0,0,0,0]}],[0],0,[0],[0],[0]],[[{"name":"ps_vfx_a_b_12","rect":[1,501,123,245],"offset":[0,-2],"originalSize":[245,515],"rotated":1,"capInsets":[0,0,0,0]}],[0],0,[0],[0],[0]],[[{"name":"ps_vfx_a_b_08","rect":[495,251,123,245],"offset":[0,-2],"originalSize":[245,515],"rotated":1,"capInsets":[0,0,0,0]}],[0],0,[0],[0],[0]],[[{"name":"ps_vfx_a_b_00","rect":[1,1,123,245],"offset":[0,-2],"originalSize":[245,515],"rotated":1,"capInsets":[0,0,0,0]}],[0],0,[0],[0],[0]],[[{"name":"ps_vfx_a_b_10","rect":[248,376,123,245],"offset":[0,-2],"originalSize":[245,515],"rotated":1,"capInsets":[0,0,0,0]}],[0],0,[0],[0],[0]],[[{"name":"ps_vfx_a_b_16","rect":[248,626,123,245],"offset":[0,-2],"originalSize":[245,515],"rotated":1,"capInsets":[0,0,0,0]}],[0],0,[0],[0],[0]],[[{"name":"ps_vfx_a_b_05","rect":[495,126,123,245],"offset":[0,-2],"originalSize":[245,515],"rotated":1,"capInsets":[0,0,0,0]}],[0],0,[0],[0],[0]],[[{"name":"ps_vfx_a_b_09","rect":[1,376,123,245],"offset":[0,-2],"originalSize":[245,515],"rotated":1,"capInsets":[0,0,0,0]}],[0],0,[0],[0],[0]]]]