[1,["ceU6dEEJZPVZBwMMUR5gPT"],["_textureSetter"],["cc.SpriteFrame"],0,[[[{"name":"ps_vfx_e_screen_06","rect":[426,321,158,423],"offset":[0,0],"originalSize":[158,423],"capInsets":[0,0,0,0]}],[0],0,[0],[0],[0]],[[{"name":"ps_vfx_e_screen_05","rect":[161,161,158,423],"offset":[0,0],"originalSize":[158,423],"rotated":1,"capInsets":[0,0,0,0]}],[0],0,[0],[0],[0]],[[{"name":"ps_vfx_e_screen_07","rect":[1,586,158,423],"offset":[0,0],"originalSize":[158,423],"rotated":1,"capInsets":[0,0,0,0]}],[0],0,[0],[0],[0]],[[{"name":"ps_vfx_e_screen_04","rect":[161,1,158,423],"offset":[0,0],"originalSize":[158,423],"rotated":1,"capInsets":[0,0,0,0]}],[0],0,[0],[0],[0]],[[{"name":"ps_vfx_e_screen_01","rect":[586,1,158,419],"offset":[0,2],"originalSize":[158,423],"capInsets":[0,0,0,0]}],[0],0,[0],[0],[0]],[[{"name":"ps_vfx_e_screen_02","rect":[1,1,158,423],"offset":[0,0],"originalSize":[158,423],"capInsets":[0,0,0,0]}],[0],0,[0],[0],[0]],[[{"name":"ps_vfx_e_screen_00","rect":[586,422,158,283],"offset":[0,-4],"originalSize":[158,423],"capInsets":[0,0,0,0]}],[0],0,[0],[0],[0]],[[{"name":"ps_vfx_e_screen_03","rect":[1,426,158,423],"offset":[0,0],"originalSize":[158,423],"rotated":1,"capInsets":[0,0,0,0]}],[0],0,[0],[0],[0]]]]