[1,["70eCRNIhxKYpv7Fw5tatq0","3cca9A4l1M2qbY18eGixZw","23nX332WpDJKEZxLWWL7uI","18sm4LnnxPY5Fn9UQf2ulh","00l1nJlONCWJXASMfIp6lS","f4P5vYH6RADoaTxgBs/LOm","aeZLf/fT9Llq7PL3uCk3V7","58W9jrZTRCopEGt/tcEAT+"],["_textureSetter","auto_spin","spin_arrow_grey_blur","spin_arrow","mh_vfx_b_add","spin_arrow_grey","spin_arrow_blur","spin_button"],["cc.SpriteFrame",["cc.SpriteAtlas",["_name","_spriteFrames"],2,11]],[[1,0,1,2]],[[[{"name":"spin_arrow_grey_blur","rect":[124,174,121,121],"offset":[0,0],"originalSize":[129,129],"capInsets":[0,0,0,0]}],[0],0,[0],[0],[0]],[[[0,"Alats55.plist",[{},"auto_spin",6,0,"spin_arrow_grey_blur",6,1,"spin_arrow",6,2,"mh_vfx_b_add",6,3,"spin_arrow_grey",6,4,"spin_arrow_blur",6,5,"spin_button",6,6]]],0,0,[0,0,0,0,0,0,0],[1,2,3,4,5,6,7],[1,2,3,4,5,6,7]],[[{"name":"spin_arrow_grey","rect":[368,143,121,119],"offset":[0,0],"originalSize":[129,129],"rotated":1,"capInsets":[0,0,0,0]}],[0],0,[0],[0],[0]]]]