[1,["18TDUuReFAH56ke6AGP8q8"],["_textureSetter"],["cc.SpriteFrame"],0,[[[{"name":"win_frame_a_03","rect":[1,433,130,142],"offset":[3,4],"originalSize":[150,150],"capInsets":[0,0,0,0]}],[0],0,[0],[0],[0]],[[{"name":"win_frame_a_02","rect":[1,289,130,142],"offset":[3,4],"originalSize":[150,150],"capInsets":[0,0,0,0]}],[0],0,[0],[0],[0]],[[{"name":"win_frame_a_07","rect":[133,133,130,142],"offset":[3,4],"originalSize":[150,150],"capInsets":[0,0,0,0]}],[0],0,[0],[0],[0]],[[{"name":"win_frame_a_12","rect":[265,265,130,142],"offset":[3,4],"originalSize":[150,150],"capInsets":[0,0,0,0]}],[0],0,[0],[0],[0]],[[{"name":"win_frame_a_15","rect":[397,397,130,142],"offset":[3,4],"originalSize":[150,150],"capInsets":[0,0,0,0]}],[0],0,[0],[0],[0]],[[{"name":"win_frame_a_13","rect":[265,409,130,142],"offset":[3,4],"originalSize":[150,150],"capInsets":[0,0,0,0]}],[0],0,[0],[0],[0]],[[{"name":"win_frame_a_08","rect":[133,277,130,142],"offset":[3,4],"originalSize":[150,150],"capInsets":[0,0,0,0]}],[0],0,[0],[0],[0]],[[{"name":"win_frame_a_16","rect":[529,397,130,142],"offset":[3,4],"originalSize":[150,150],"capInsets":[0,0,0,0]}],[0],0,[0],[0],[0]],[[{"name":"win_frame_a_14","rect":[397,265,130,142],"offset":[3,4],"originalSize":[150,150],"rotated":1,"capInsets":[0,0,0,0]}],[0],0,[0],[0],[0]],[[{"name":"win_frame_a_06","rect":[421,1,130,142],"offset":[3,4],"originalSize":[150,150],"rotated":1,"capInsets":[0,0,0,0]}],[0],0,[0],[0],[0]],[[{"name":"win_frame_a_01","rect":[1,145,130,142],"offset":[3,4],"originalSize":[150,150],"capInsets":[0,0,0,0]}],[0],0,[0],[0],[0]],[[{"name":"win_frame_a_04","rect":[133,1,130,142],"offset":[3,4],"originalSize":[150,150],"rotated":1,"capInsets":[0,0,0,0]}],[0],0,[0],[0],[0]],[[{"name":"win_frame_a_00","rect":[1,1,130,142],"offset":[3,4],"originalSize":[150,150],"capInsets":[0,0,0,0]}],[0],0,[0],[0],[0]],[[{"name":"win_frame_a_10","rect":[265,133,130,142],"offset":[3,4],"originalSize":[150,150],"rotated":1,"capInsets":[0,0,0,0]}],[0],0,[0],[0],[0]],[[{"name":"win_frame_a_11","rect":[409,133,130,142],"offset":[3,4],"originalSize":[150,150],"rotated":1,"capInsets":[0,0,0,0]}],[0],0,[0],[0],[0]],[[{"name":"win_frame_a_09","rect":[133,421,130,142],"offset":[3,4],"originalSize":[150,150],"capInsets":[0,0,0,0]}],[0],0,[0],[0],[0]],[[{"name":"win_frame_a_05","rect":[277,1,130,142],"offset":[3,4],"originalSize":[150,150],"rotated":1,"capInsets":[0,0,0,0]}],[0],0,[0],[0],[0]]]]