[1,["c7efEvdDZEkbpMULohYlB5"],["_textureSetter"],["cc.SpriteFrame"],0,[[[{"name":"win_vfx_b_00","rect":[1,599,44,112],"offset":[-2,2],"originalSize":[200,250],"rotated":1,"capInsets":[0,0,0,0]}],[0],0,[0],[0],[0]],[[{"name":"win_vfx_b_10","rect":[177,1,160,188],"offset":[3,-3],"originalSize":[200,250],"capInsets":[0,0,0,0]}],[0],0,[0],[0],[0]],[[{"name":"win_vfx_b_01","rect":[487,543,70,130],"offset":[-2,1],"originalSize":[200,250],"rotated":1,"capInsets":[0,0,0,0]}],[0],0,[0],[0],[0]],[[{"name":"win_vfx_b_02","rect":[335,285,88,136],"offset":[1,0],"originalSize":[200,250],"rotated":1,"capInsets":[0,0,0,0]}],[0],0,[0],[0],[0]],[[{"name":"win_vfx_b_05","rect":[487,1,120,160],"offset":[6,-2],"originalSize":[200,250],"rotated":1,"capInsets":[0,0,0,0]}],[0],0,[0],[0],[0]],[[{"name":"win_vfx_b_15","rect":[1,1,174,198],"offset":[-1,-3],"originalSize":[200,250],"capInsets":[0,0,0,0]}],[0],0,[0],[0],[0]],[[{"name":"win_vfx_b_12","rect":[169,401,162,194],"offset":[0,-3],"originalSize":[200,250],"capInsets":[0,0,0,0]}],[0],0,[0],[0],[0]],[[{"name":"win_vfx_b_07","rect":[487,369,138,172],"offset":[5,-3],"originalSize":[200,250],"capInsets":[0,0,0,0]}],[0],0,[0],[0],[0]],[[{"name":"win_vfx_b_11","rect":[173,201,160,190],"offset":[0,-4],"originalSize":[200,250],"capInsets":[0,0,0,0]}],[0],0,[0],[0],[0]],[[{"name":"win_vfx_b_06","rect":[483,237,130,166],"offset":[6,-2],"originalSize":[200,250],"rotated":1,"capInsets":[0,0,0,0]}],[0],0,[0],[0],[0]],[[{"name":"win_vfx_b_13","rect":[1,401,166,196],"offset":[-1,-3],"originalSize":[200,250],"capInsets":[0,0,0,0]}],[0],0,[0],[0],[0]],[[{"name":"win_vfx_b_03","rect":[339,183,100,142],"offset":[4,-2],"originalSize":[200,250],"rotated":1,"capInsets":[0,0,0,0]}],[0],0,[0],[0],[0]],[[{"name":"win_vfx_b_14","rect":[1,201,170,198],"offset":[-1,-3],"originalSize":[200,250],"capInsets":[0,0,0,0]}],[0],0,[0],[0],[0]],[[{"name":"win_vfx_b_09","rect":[333,393,152,186],"offset":[4,-2],"originalSize":[200,250],"capInsets":[0,0,0,0]}],[0],0,[0],[0],[0]],[[{"name":"win_vfx_b_04","rect":[487,123,112,152],"offset":[5,-2],"originalSize":[200,250],"rotated":1,"capInsets":[0,0,0,0]}],[0],0,[0],[0],[0]],[[{"name":"win_vfx_b_08","rect":[339,1,146,180],"offset":[5,-2],"originalSize":[200,250],"capInsets":[0,0,0,0]}],[0],0,[0],[0],[0]]]]