[1,["89h/1XtANAho+klZvyZ3qU","b50oxOUa5PAJwetFQe6Yzv","2cNoF25s9L/pJtM69lI57F","a8cSMUhOVMOKTkrRAkDe3N","06DItlYHND17iutHYJ95tf"],["_textureSetter","mtp_vfx_c_add","mtp_vfx_d_add","mtp_vfx_a_screen","mtp_vfx_e_add"],["cc.SpriteFrame",["cc.SpriteAtlas",["_name","_spriteFrames"],2,11]],[[1,0,1,2]],[[[{"name":"mtp_vfx_e_add","rect":[501,589,53,53],"offset":[0,0],"originalSize":[53,53],"capInsets":[0,0,0,0]}],[0],0,[0],[0],[0]],[[{"name":"mtp_vfx_a_screen","rect":[1,589,498,161],"offset":[0,0],"originalSize":[498,161],"capInsets":[0,0,0,0]}],[0],0,[0],[0],[0]],[[[0,"Alats55.plist",[{},"mtp_vfx_c_add",6,0,"mtp_vfx_d_add",6,1,"mtp_vfx_a_screen",6,2,"mtp_vfx_e_add",6,3]]],0,0,[0,0,0,0],[1,2,3,4],[1,2,3,4]]]]