[1,["ecpdLyjvZBwrvm+cedCcQy","16lk/wyxFDJK2F97fEfCSi","c5hVnGNipOeJmQ2WB4liCO","38Q2DEdhlGCrkhqhyN2ceU","d9DhMJmrhIIaDlcgEUEZIg","915jSqnudIIJpCi2QEuuJS","08E4JQ4fJB5p8hTnYo2fwI","04oWwtNRlJEKGVUV+SWZp4","a0cNxnx5dCXroFy0a7PGcZ","607BltTGpKxJ5cQ6sgosV0","82nVZ+OipIw52YhiCUKd2s","e1xY1NAVNLT5H//KGQ1P1g","12U57kYatPQo7K7vFgTM/i","deR739J4ZHDKrPp3bI6Zkj","db4M6xPZNJrreojTELmPtG","25D8cft+tEn7r4hhIfl1gp","b9yzfNIUZDc4IGSZrlkHXj","c7UxLPi9lONIlSCZa2ArRL","5ei/jBsPJNpp/g+zu+Lb2g","d8g1WQ7qBB3pASImoLXCAo","2bHHLgzItDdI8MIKHkNBuD","ffpcYujopBy6zmAXQcrP/A","573Fdw38tKdrl1/fDKeNh9","b5p7O9r3tBJJBIxY5jYMZN","21qBHcOK5DgqE/yuNbAhDb","e68DL8sOZPaIVKaisaDI55","56kGBrJx1NZa4iDuOsqBdG","78GMLElCFI+b6cJ8qzR52L","17qoZ90wpAtKUGctW3HkYW","9a/Y6D6vRG7pqm60s2OQ+D","ccvBropxpBs5sxsM7mfdqP","79YffG45lBZqV4ZVUwXDAX","21NgmKAixIn653q4zv79wG","10wWmsfLdOtJWz4g36Sbdv","3fKwA5ljtAgLGMF0iCYegG","5aUnrerlBJ0pcLgNU6TbdN","beYRnXEOJBD7iLrSbwErFH","3dtWrl8SNKXqzDqrTIQWgF","13f8ho/eBMSJvpogPcByek","48r2P2NNBInYL+IBkD3dNq","0c9mGCMQRC0oMtzcnaHZQ/","7a/QZLET9IDreTiBfRn2PD","b4JWLWx7hL8q/yJFAjFYbC","e0a2f8cJdKjaIXzHZq5Cqp","04zBTzdW5PAa+AloSq3DKK","716c7i/YNBVaTXbSBfBXst","f8Zvur9+dE67OrzL0PnRkv","63ftui+dhPOabQoZ1RWQgq","d6nnb3LqVAV5TD31SU7Imh","6aykngXQRLjIJ4qw/RHlKS","2crVqmqChPo5IMSY0dxlzN","3erjBaKr1AQqLvJm9pAyD5","61Dw1ko0FF95W9a0IMCaUV","7bNslJQgpIgrVf77ftBXXD"],["node","_spriteFrame","root","data","_defaultClip"],[["cc.Node",["_name","_active","_components","_prefab","_contentSize","_parent","_trs","_children"],1,9,4,5,1,7,2],["cc.PrefabInfo",["fileId","root","asset"],2,1,1],["cc.Sprite",["_dstBlendFactor","_sizeMode","_isTrimmedMode","node","_materials","_spriteFrame"],0,1,3,6],["26495mkYd9K87r1dH28RUj3",["sample","isLoop","node","listFrame"],1,1,3],["cc.AnimationClip",["_name","_duration","curveData"],1,11],["cc.Prefab",["_name"],2],["cc.Animation",["playOnLoad","node","_clips","_defaultClip"],2,1,3,6],["d1870rZGRBJ26kico+tuC5W",["node"],3,1],["sp.Skeleton",["premultipliedAlpha","node","_materials"],2,1,3]],[[1,0,1,2,2],[2,0,1,2,3,4,5,4],[0,0,5,2,3,4,2],[3,0,2,3,2],[0,0,5,2,3,4,6,2],[3,1,0,2,3,3],[4,0,1,2,3],[5,0,2],[0,0,7,2,3,4,2],[0,0,1,5,2,3,4,3],[0,0,5,2,3,6,2],[6,0,1,2,3,2],[7,0,1],[1,1,2,1],[2,3,4,1],[8,0,1,2,2]],[[[[6,"TakeSymbolStart_1",0.16666666666666666,[{},"paths",11,[{"ps_vfx_c_add_00":{"props":{"opacity":[{"frame":0,"value":0},{"frame":0.11666666666666667,"value":0},{"frame":0.16666666666666666,"value":255}]}},"ps_vfx_c_add_01":{"props":{"opacity":[{"frame":0,"value":0},{"frame":0.11666666666666667,"value":0},{"frame":0.16666666666666666,"value":255}]}}},"ps_vfx_a_a_00",11,[{},"props",11,[{},"scale",12,[[[{"frame":0},"value",8,[1,0,0,1]],[{"frame":0.16666666666666666},"value",8,[1,1,1,1]]],11,11]]],"ps_border_a_screen_00",11,[{},"props",11,[{},"scale",12,[[[{"frame":0},"value",8,[1,0,0,1]],[{"frame":0.16666666666666666},"value",8,[1,1,1,1]]],11,11]]]]]]],0,0,[],[],[]],[[[7,"TakeSymbol1"],[8,"TakeSymbol1",[-4,-5,-6,-7,-8,-9,-10],[[11,true,-2,[82],81],[12,-3]],[13,-1,0],[5,175,165]],[4,"ps_vfx_c_add_00",1,[[1,1,2,false,-11,[0],1],[3,20,-12,[2,3,4,5,6,7,8,9,10,11,12,13,14,15,16,17,18,19]]],[0,"e1o8DuxkJBpYjQxZ7t4Vkd",1,0],[5,142,135],[0,118.204,0,0,0,0,1,1.03,1,1]],[4,"ps_vfx_c_add_01",1,[[1,1,2,false,-13,[20],21],[3,20,-14,[22,23,24,25,26,27,28,29,30,31,32,33,34,35,36,37,38,39]]],[0,"39dpf6OpdCg53FJzyMUFqD",1,0],[5,142,135],[0,-118.204,0,0,0,0,1,1.03,-1,1]],[2,"ps_vfx_a_a_00",1,[[1,1,2,false,-15,[40],41],[3,30,-16,[42,43,44,45,46,47,48,49,50,51,52,53,54,55,56,57,58,59,60]]],[0,"ecoP2DKfxFDaj6u58+olHZ",1,0],[5,245,245]],[2,"ps_border_a_screen_00",1,[[1,1,2,false,-17,[63],64],[5,false,30,-18,[65,66,67,68,69]]],[0,"74k0JbKgNIu6Bzf58Hwmey",1,0],[5,245,245]],[2,"ps_vfx_d_add",1,[[1,1,2,false,-19,[70],71],[5,false,20,-20,[72,73,74,75,76,77,78,79,80]]],[0,"39Ce8sYLxHZ4cT9Xk8x/Ok",1,0],[5,258,349]],[9,"item",false,1,[[14,-21,[61]]],[0,"f5D1ifl6dHApWgmj80IDMs",1,0],[5,158,144]],[10,"spine",1,[[15,false,-22,[62]]],[0,"56IzBSenxAMJTXGf4sn/pz",1,0],[0,0,0,0,0,0,1,0.6666667,0.6666667,1]]],0,[0,2,1,0,0,1,0,0,1,0,-1,2,0,-2,3,0,-3,4,0,-4,7,0,-5,8,0,-6,5,0,-7,6,0,0,2,0,0,2,0,0,3,0,0,3,0,0,4,0,0,4,0,0,5,0,0,5,0,0,6,0,0,6,0,0,7,0,0,8,0,3,1,22],[0,0,0,0,0,0,0,0,0,0,0,0,0,0,0,0,0,0,0,0,0,0,0,0,0,0,0,0,0,0,0,0,0,0,0,0,0,0,0,0,0,0,0,0,0,0,0,0,0,0,0,0,0,0,0,0,0,0,0,0,0,0,0,0,0,0,0,0,0,0,0,0,0,0,0,0,0,0,0,0,0,0,0],[-1,1,-1,-2,-3,-4,-5,-6,-7,-8,-9,-10,-11,-12,-13,-14,-15,-16,-17,-18,-1,1,-1,-2,-3,-4,-5,-6,-7,-8,-9,-10,-11,-12,-13,-14,-15,-16,-17,-18,-1,1,-1,-2,-3,-4,-5,-6,-7,-8,-9,-10,-11,-12,-13,-14,-15,-16,-17,-18,-19,-1,-1,-1,1,-1,-2,-3,-4,-5,-1,1,-1,-2,-3,-4,-5,-6,-7,-8,-9,4,-1],[0,1,1,2,3,4,5,6,7,8,9,10,11,12,13,14,15,16,17,18,0,1,1,2,3,4,5,6,7,8,9,10,11,12,13,14,15,16,17,18,0,19,19,23,24,25,26,27,28,29,30,31,32,33,34,35,36,37,38,39,40,0,41,0,20,42,43,44,45,20,0,21,46,47,48,49,50,51,52,53,21,22,22]]]]