[1,["e4YmXu5SRKBqfMAMFgf0Ne"],["_textureSetter"],["cc.SpriteFrame"],0,[[[{"name":"mtp_vfx_h_add_01","rect":[1477,1,302,300],"offset":[5,4],"originalSize":[550,562],"capInsets":[0,0,0,0]}],[0],0,[0],[0],[0]],[[{"name":"mtp_vfx_h_add_08","rect":[1,1009,482,490],"offset":[4,4],"originalSize":[550,562],"capInsets":[0,0,0,0]}],[0],0,[0],[0],[0]],[[{"name":"mtp_vfx_h_add_05","rect":[503,1,492,492],"offset":[5,4],"originalSize":[550,562],"capInsets":[0,0,0,0]}],[0],0,[0],[0],[0]],[[{"name":"mtp_vfx_h_add_04","rect":[997,481,468,468],"offset":[4,4],"originalSize":[550,562],"capInsets":[0,0,0,0]}],[0],0,[0],[0],[0]],[[{"name":"mtp_vfx_h_add_02","rect":[957,1409,392,390],"offset":[5,4],"originalSize":[550,562],"capInsets":[0,0,0,0]}],[0],0,[0],[0],[0]],[[{"name":"mtp_vfx_h_add_10","rect":[485,1009,470,470],"offset":[5,4],"originalSize":[550,562],"capInsets":[0,0,0,0]}],[0],0,[0],[0],[0]],[[{"name":"mtp_vfx_h_add_07","rect":[1,505,498,502],"offset":[5,4],"originalSize":[550,562],"capInsets":[0,0,0,0]}],[0],0,[0],[0],[0]],[[{"name":"mtp_vfx_h_add_09","rect":[997,1,478,478],"offset":[4,4],"originalSize":[550,562],"capInsets":[0,0,0,0]}],[0],0,[0],[0],[0]],[[{"name":"mtp_vfx_h_add_06","rect":[1,1,500,502],"offset":[5,4],"originalSize":[550,562],"capInsets":[0,0,0,0]}],[0],0,[0],[0],[0]],[[{"name":"mtp_vfx_h_add_03","rect":[503,495,448,446],"offset":[5,4],"originalSize":[550,562],"capInsets":[0,0,0,0]}],[0],0,[0],[0],[0]],[[{"name":"mtp_vfx_h_add_00","rect":[1,1501,226,226],"offset":[4,4],"originalSize":[550,562],"capInsets":[0,0,0,0]}],[0],0,[0],[0],[0]],[[{"name":"mtp_vfx_h_add_11","rect":[957,951,456,456],"offset":[5,4],"originalSize":[550,562],"capInsets":[0,0,0,0]}],[0],0,[0],[0],[0]]]]