[1,["abkiC4FLRHwakyoI+G8KSy"],["_textureSetter"],["cc.SpriteFrame"],0,[[[{"name":"ib_vfx_d_add_01","rect":[1,71,695,68],"offset":[0,2],"originalSize":[701,118],"capInsets":[0,0,0,0]}],[0],0,[0],[0],[0]],[[{"name":"ib_vfx_d_add_03","rect":[1,211,695,68],"offset":[0,2],"originalSize":[701,118],"capInsets":[0,0,0,0]}],[0],0,[0],[0],[0]],[[{"name":"ib_vfx_d_add_00","rect":[1,1,695,68],"offset":[0,2],"originalSize":[701,118],"capInsets":[0,0,0,0]}],[0],0,[0],[0],[0]],[[{"name":"ib_vfx_d_add_07","rect":[1,491,695,68],"offset":[0,2],"originalSize":[701,118],"capInsets":[0,0,0,0]}],[0],0,[0],[0],[0]],[[{"name":"ib_vfx_d_add_02","rect":[1,141,695,68],"offset":[0,2],"originalSize":[701,118],"capInsets":[0,0,0,0]}],[0],0,[0],[0],[0]],[[{"name":"ib_vfx_d_add_05","rect":[1,351,695,68],"offset":[0,2],"originalSize":[701,118],"capInsets":[0,0,0,0]}],[0],0,[0],[0],[0]],[[{"name":"ib_vfx_d_add_06","rect":[1,421,695,68],"offset":[0,2],"originalSize":[701,118],"capInsets":[0,0,0,0]}],[0],0,[0],[0],[0]],[[{"name":"ib_vfx_d_add_04","rect":[1,281,695,68],"offset":[0,2],"originalSize":[701,118],"capInsets":[0,0,0,0]}],[0],0,[0],[0],[0]],[[{"name":"ib_vfx_d_add_08","rect":[1,561,695,68],"offset":[0,2],"originalSize":[701,118],"capInsets":[0,0,0,0]}],[0],0,[0],[0],[0]]]]