[1,["64905PU9hJQJibRkCVW6z1"],["_textureSetter"],["cc.SpriteFrame"],0,[[[{"name":"mtp_sym_bg_a_screen_02","rect":[1,495,245,245],"offset":[0,0],"originalSize":[245,245],"capInsets":[0,0,0,0]}],[0],0,[0],[0],[0]],[[{"name":"mtp_sym_bg_a_screen_07","rect":[248,742,245,245],"offset":[0,0],"originalSize":[245,245],"capInsets":[0,0,0,0]}],[0],0,[0],[0],[0]],[[{"name":"mtp_sym_bg_a_screen_03","rect":[1,742,245,245],"offset":[0,0],"originalSize":[245,245],"capInsets":[0,0,0,0]}],[0],0,[0],[0],[0]],[[{"name":"mtp_sym_bg_a_screen_09","rect":[495,248,245,245],"offset":[0,0],"originalSize":[245,245],"capInsets":[0,0,0,0]}],[0],0,[0],[0],[0]],[[{"name":"mtp_sym_bg_a_screen_13","rect":[742,248,245,245],"offset":[0,0],"originalSize":[245,245],"capInsets":[0,0,0,0]}],[0],0,[0],[0],[0]],[[{"name":"mtp_sym_bg_a_screen_18","rect":[989,495,245,245],"offset":[0,0],"originalSize":[245,245],"capInsets":[0,0,0,0]}],[0],0,[0],[0],[0]],[[{"name":"mtp_sym_bg_a_screen_11","rect":[495,742,245,245],"offset":[0,0],"originalSize":[245,245],"capInsets":[0,0,0,0]}],[0],0,[0],[0],[0]],[[{"name":"mtp_sym_bg_a_screen_17","rect":[989,248,245,245],"offset":[0,0],"originalSize":[245,245],"capInsets":[0,0,0,0]}],[0],0,[0],[0],[0]],[[{"name":"mtp_sym_bg_a_screen_00","rect":[1,1,245,245],"offset":[0,0],"originalSize":[245,245],"capInsets":[0,0,0,0]}],[0],0,[0],[0],[0]],[[{"name":"mtp_sym_bg_a_screen_10","rect":[495,495,245,245],"offset":[0,0],"originalSize":[245,245],"capInsets":[0,0,0,0]}],[0],0,[0],[0],[0]],[[{"name":"mtp_sym_bg_a_screen_15","rect":[742,742,245,245],"offset":[0,0],"originalSize":[245,245],"capInsets":[0,0,0,0]}],[0],0,[0],[0],[0]],[[{"name":"mtp_sym_bg_a_screen_01","rect":[1,248,245,245],"offset":[0,0],"originalSize":[245,245],"capInsets":[0,0,0,0]}],[0],0,[0],[0],[0]],[[{"name":"mtp_sym_bg_a_screen_16","rect":[989,1,245,245],"offset":[0,0],"originalSize":[245,245],"capInsets":[0,0,0,0]}],[0],0,[0],[0],[0]],[[{"name":"mtp_sym_bg_a_screen_14","rect":[742,495,245,245],"offset":[0,0],"originalSize":[245,245],"capInsets":[0,0,0,0]}],[0],0,[0],[0],[0]],[[{"name":"mtp_sym_bg_a_screen_04","rect":[248,1,245,245],"offset":[0,0],"originalSize":[245,245],"capInsets":[0,0,0,0]}],[0],0,[0],[0],[0]],[[{"name":"mtp_sym_bg_a_screen_06","rect":[248,495,245,245],"offset":[0,0],"originalSize":[245,245],"capInsets":[0,0,0,0]}],[0],0,[0],[0],[0]],[[{"name":"mtp_sym_bg_a_screen_12","rect":[742,1,245,245],"offset":[0,0],"originalSize":[245,245],"capInsets":[0,0,0,0]}],[0],0,[0],[0],[0]],[[{"name":"mtp_sym_bg_a_screen_05","rect":[248,248,245,245],"offset":[0,0],"originalSize":[245,245],"capInsets":[0,0,0,0]}],[0],0,[0],[0],[0]],[[{"name":"mtp_sym_bg_a_screen_08","rect":[495,1,245,245],"offset":[0,0],"originalSize":[245,245],"capInsets":[0,0,0,0]}],[0],0,[0],[0],[0]]]]