[1,0,0,[["cc.AnimationClip",["_name","_duration","curveData"],0]],[[0,0,1,2,4]],[[0,"EffectTakeSymbol3",0.3333333333333333,{"paths":{"ps_out_glow":{"props":{"opacity":[{"frame":0,"value":0},{"frame":0.16666666666666666,"value":255}]}},"ps_out_glow copy":{"props":{"opacity":[{"frame":0,"value":0},{"frame":0.16666666666666666,"value":255}]}},"ps_line_a_00":{"props":{"opacity":[{"frame":0,"value":0},{"frame":0.16666666666666666,"value":255}]}},"ps_shine_a":{"props":{"opacity":[{"frame":0.08333333333333333,"value":0},{"frame":0.3333333333333333,"value":255}]}},"ps_glow":{"props":{"active":[{"frame":0,"value":false}]}},"caishenBg":{"props":{"active":[{"frame":0,"value":false}]}},"f_bg":{"props":{"active":[{"frame":0,"value":false}]}},"khung":{"props":{"active":[{"frame":0,"value":false}]}},"s_pattern_b_glow":{"props":{"active":[{"frame":0,"value":false}]}}}}]],0,0,[],[],[]]