[1,["33HfwWuDBKn7JdBT4QQWsv"],["_textureSetter"],["cc.SpriteFrame"],0,[[[{"name":"mh_spin_13","rect":[649,1,158,158],"offset":[0,0],"originalSize":[158,158],"capInsets":[0,0,0,0]}],[0],0,[0],[0],[0]],[[{"name":"mh_spin_02","rect":[1,163,160,160],"offset":[0,0],"originalSize":[160,160],"capInsets":[0,0,0,0]}],[0],0,[0],[0],[0]],[[{"name":"mh_spin_07","rect":[325,1,160,160],"offset":[0,0],"originalSize":[160,160],"capInsets":[0,0,0,0]}],[0],0,[0],[0],[0]],[[{"name":"mh_spin_11","rect":[487,163,160,160],"offset":[0,0],"originalSize":[160,160],"capInsets":[0,0,0,0]}],[0],0,[0],[0],[0]],[[{"name":"mh_spin_09","rect":[325,325,160,160],"offset":[0,0],"originalSize":[160,160],"capInsets":[0,0,0,0]}],[0],0,[0],[0],[0]],[[{"name":"mh_spin_04","rect":[163,1,160,160],"offset":[0,0],"originalSize":[160,160],"capInsets":[0,0,0,0]}],[0],0,[0],[0],[0]],[[{"name":"mh_spin_06","rect":[163,325,160,160],"offset":[0,0],"originalSize":[160,160],"capInsets":[0,0,0,0]}],[0],0,[0],[0],[0]],[[{"name":"mh_spin_03","rect":[1,325,160,160],"offset":[0,0],"originalSize":[160,160],"capInsets":[0,0,0,0]}],[0],0,[0],[0],[0]],[[{"name":"mh_spin_05","rect":[163,163,160,160],"offset":[0,0],"originalSize":[160,160],"capInsets":[0,0,0,0]}],[0],0,[0],[0],[0]],[[{"name":"mh_spin_00","rect":[649,161,154,154],"offset":[0,0],"originalSize":[154,154],"capInsets":[0,0,0,0]}],[0],0,[0],[0],[0]],[[{"name":"mh_spin_12","rect":[487,325,160,160],"offset":[0,0],"originalSize":[160,160],"capInsets":[0,0,0,0]}],[0],0,[0],[0],[0]],[[{"name":"mh_spin_01","rect":[1,1,160,160],"offset":[0,0],"originalSize":[160,160],"capInsets":[0,0,0,0]}],[0],0,[0],[0],[0]],[[{"name":"mh_spin_08","rect":[325,163,160,160],"offset":[0,0],"originalSize":[160,160],"capInsets":[0,0,0,0]}],[0],0,[0],[0],[0]],[[{"name":"mh_spin_10","rect":[487,1,160,160],"offset":[0,0],"originalSize":[160,160],"capInsets":[0,0,0,0]}],[0],0,[0],[0],[0]]]]