[1,["f5OhWnLQxAgIWhJdaJ53ve"],["_textureSetter"],["cc.SpriteFrame"],0,[[[{"name":"infoboard_vfx_e","rect":[1083,131,460,95],"offset":[0,0],"originalSize":[460,95],"capInsets":[0,0,0,0]}],[0],0,[0],[0],[0]],[[{"name":"ib_scatter_glow","rect":[1,1,1080,351],"offset":[0,0],"originalSize":[1080,351],"capInsets":[0,0,0,0]}],[0],0,[0],[0],[0]],[[{"name":"infoboard_vfx_a","rect":[1083,1,472,128],"offset":[0,0],"originalSize":[472,128],"capInsets":[0,0,0,0]}],[0],0,[0],[0],[0]],[[{"name":"infoboard_vfx_c","rect":[1083,228,360,43],"offset":[0,0],"originalSize":[360,43],"capInsets":[0,0,0,0]}],[0],0,[0],[0],[0]],[[{"name":"infoboard_vfx_f","rect":[1083,273,360,43],"offset":[0,0],"originalSize":[360,43],"capInsets":[0,0,0,0]}],[0],0,[0],[0],[0]]]]