[1,["71E+qbGuNFq4EYzmYWY06t"],0,[["sp.SkeletonData",["_name","_atlasText","textureNames","_skeletonJson","textures"],-1,3]],[[0,0,1,2,3,4,5]],[[0,"s_wild_a_atlas_specials","\nspecials.png\nsize: 2017,859\nformat: RGBA8888\nfilter: Linear,Linear\nrepeat: none\nfs\n  rotate: true\n  xy: 628, 106\n  size: 250, 144\n  orig: 250, 144\n  offset: 0, 0\n  index: -1\nfs_fx01\n  rotate: true\n  xy: 1708, 63\n  size: 40, 48\n  orig: 40, 48\n  offset: 0, 0\n  index: -1\nfs_fx02\n  rotate: false\n  xy: 1366, 135\n  size: 55, 77\n  orig: 55, 77\n  offset: 0, 0\n  index: -1\nfs_fx03\n  rotate: true\n  xy: 1001, 43\n  size: 79, 95\n  orig: 79, 95\n  offset: 0, 0\n  index: -1\nfs_fx04\n  rotate: true\n  xy: 1413, 17\n  size: 81, 95\n  orig: 81, 95\n  offset: 0, 0\n  index: -1\nfs_fx05\n  rotate: false\n  xy: 1098, 42\n  size: 126, 95\n  orig: 126, 95\n  offset: 0, 0\n  index: -1\nfs_fx06\n  rotate: false\n  xy: 1423, 100\n  size: 124, 92\n  orig: 124, 92\n  offset: 0, 0\n  index: -1\nfs_fx07\n  rotate: false\n  xy: 575, 9\n  size: 154, 95\n  orig: 154, 95\n  offset: 0, 0\n  index: -1\nfs_fx08\n  rotate: true\n  xy: 1920, 27\n  size: 156, 95\n  orig: 156, 95\n  offset: 0, 0\n  index: -1\nfs_fx09\n  rotate: false\n  xy: 1226, 42\n  size: 123, 95\n  orig: 123, 95\n  offset: 0, 0\n  index: -1\nfs_fx10\n  rotate: false\n  xy: 1950, 378\n  size: 62, 88\n  orig: 62, 88\n  offset: 0, 0\n  index: -1\nfs_fx11\n  rotate: true\n  xy: 1646, 66\n  size: 37, 60\n  orig: 37, 60\n  offset: 0, 0\n  index: -1\ns_fs_bg\n  rotate: false\n  xy: 1507, 638\n  size: 258, 219\n  orig: 258, 219\n  offset: 0, 0\n  index: -1\ns_fs_bgfx01\n  rotate: false\n  xy: 1767, 497\n  size: 181, 154\n  orig: 181, 154\n  offset: 0, 0\n  index: -1\ns_fs_bgfx02\n  rotate: false\n  xy: 1767, 341\n  size: 181, 154\n  orig: 181, 154\n  offset: 0, 0\n  index: -1\ns_fs_bgfx03\n  rotate: true\n  xy: 1425, 194\n  size: 181, 154\n  orig: 181, 154\n  offset: 0, 0\n  index: -1\ns_fs_bgfx04\n  rotate: false\n  xy: 1581, 261\n  size: 181, 154\n  orig: 181, 154\n  offset: 0, 0\n  index: -1\ns_fs_bgfx05\n  rotate: false\n  xy: 1764, 185\n  size: 181, 154\n  orig: 181, 154\n  offset: 0, 0\n  index: -1\ns_fs_bgfx06\n  rotate: false\n  xy: 1581, 105\n  size: 181, 154\n  orig: 181, 154\n  offset: 0, 0\n  index: -1\ns_fs_bgfx07\n  rotate: true\n  xy: 1764, 2\n  size: 181, 154\n  orig: 181, 154\n  offset: 0, 0\n  index: -1\ns_fs_fx_sparkle\n  rotate: false\n  xy: 847, 576\n  size: 21, 21\n  orig: 21, 21\n  offset: 0, 0\n  index: -1\ns_w_a_bg\n  rotate: false\n  xy: 1767, 653\n  size: 242, 204\n  orig: 242, 204\n  offset: 0, 0\n  index: -1\ns_w_a_frame\n  rotate: false\n  xy: 1507, 417\n  size: 258, 219\n  orig: 258, 219\n  offset: 0, 0\n  index: -1\ns_w_b_aurora\n  rotate: true\n  xy: 880, 618\n  size: 239, 625\n  orig: 239, 625\n  offset: 0, 0\n  index: -1\ns_w_b_bg\n  rotate: true\n  xy: 2, 358\n  size: 239, 843\n  orig: 239, 843\n  offset: 0, 0\n  index: -1\ns_w_b_frame\n  rotate: true\n  xy: 2, 599\n  size: 258, 876\n  orig: 258, 876\n  offset: 0, 0\n  index: -1\ns_w_b_star01\n  rotate: true\n  xy: 2, 117\n  size: 239, 624\n  orig: 239, 624\n  offset: 0, 0\n  index: -1\ns_w_b_star02\n  rotate: true\n  xy: 880, 377\n  size: 239, 624\n  orig: 239, 624\n  offset: 0, 0\n  index: -1\ns_w_txt_a\n  rotate: false\n  xy: 832, 124\n  size: 261, 88\n  orig: 261, 88\n  offset: 0, 0\n  index: -1\ns_w_txt_ax\n  rotate: true\n  xy: 1950, 468\n  size: 183, 62\n  orig: 183, 62\n  offset: 0, 0\n  index: -1\ns_w_txt_b\n  rotate: true\n  xy: 847, 214\n  size: 161, 576\n  orig: 161, 576\n  offset: 0, 0\n  index: -1\ns_w_txt_bx\n  rotate: true\n  xy: 2, 2\n  size: 113, 403\n  orig: 113, 403\n  offset: 0, 0\n  index: -1\ns_wild_b_fx01\n  rotate: true\n  xy: 774, 2\n  size: 59, 60\n  orig: 59, 60\n  offset: 0, 0\n  index: -1\ns_wild_b_fx02\n  rotate: true\n  xy: 832, 63\n  size: 59, 167\n  orig: 59, 167\n  offset: 0, 0\n  index: -1\ns_wild_b_fx03\n  rotate: false\n  xy: 774, 69\n  size: 56, 287\n  orig: 56, 287\n  offset: 0, 0\n  index: -1\ns_wild_b_fx04\n  rotate: true\n  xy: 1095, 139\n  size: 73, 269\n  orig: 73, 269\n  offset: 0, 0\n  index: -1\ns_wild_b_fx05\n  rotate: true\n  xy: 407, 26\n  size: 89, 166\n  orig: 89, 166\n  offset: 0, 0\n  index: -1\ns_wild_b_fx06\n  rotate: true\n  xy: 1351, 43\n  size: 90, 60\n  orig: 90, 60\n  offset: 0, 0\n  index: -1\ns_wild_b_fx07\n  rotate: true\n  xy: 731, 14\n  size: 90, 41\n  orig: 90, 41\n  offset: 0, 0\n  index: -1\ns_wild_fx01\n  rotate: true\n  xy: 1950, 334\n  size: 42, 47\n  orig: 42, 47\n  offset: 0, 0\n  index: -1\ns_wild_fx02\n  rotate: false\n  xy: 1559, 7\n  size: 76, 47\n  orig: 76, 47\n  offset: 0, 0\n  index: -1\ns_wild_fx03\n  rotate: true\n  xy: 1510, 4\n  size: 94, 47\n  orig: 94, 47\n  offset: 0, 0\n  index: -1\ns_wild_fx04\n  rotate: false\n  xy: 1559, 56\n  size: 85, 47\n  orig: 85, 47\n  offset: 0, 0\n  index: -1\ns_wild_fx05\n  rotate: false\n  xy: 836, 14\n  size: 87, 47\n  orig: 87, 47\n  offset: 0, 0\n  index: -1\ns_wild_fx06\n  rotate: false\n  xy: 925, 14\n  size: 63, 47\n  orig: 63, 47\n  offset: 0, 0\n  index: -1\ns_wild_fx07\n  rotate: true\n  xy: 1920, 2\n  size: 23, 41\n  orig: 23, 41\n  offset: 0, 0\n  index: -1\n",["specials.png"],{"skeleton":{"hash":"gC39sa6F9FeT6BRV/a1bCLcLp2M","spine":"3.6.53","width":0,"height":0,"images":"./images/"},"bones":[{"name":"root","scaleX":0.5,"scaleY":0.5},{"name":"_subroot","parent":"root","scaleX":0.989,"scaleY":0.989},{"name":"s_w_txt_ax","parent":"_subroot"},{"name":"txt","parent":"_subroot"}],"slots":[{"name":"s_w_a_bg","bone":"_subroot","attachment":"s_w_a_bg"},{"name":"s_w_a_bg2","bone":"_subroot","blend":"screen"},{"name":"s_w_a_frame","bone":"_subroot","attachment":"s_w_a_frame"},{"name":"s_w_txt_a","bone":"txt","attachment":"s_w_txt_a"},{"name":"s_w_txt_ax","bone":"s_w_txt_ax","blend":"additive"},{"name":"s_wild_fx01","bone":"txt","blend":"additive"},{"name":"s_wild_fx02","bone":"txt","blend":"additive"},{"name":"s_wild_fx03","bone":"txt","blend":"additive"},{"name":"s_wild_fx04","bone":"txt","blend":"additive"},{"name":"s_wild_fx05","bone":"txt","blend":"additive"},{"name":"s_wild_fx06","bone":"txt","blend":"additive"},{"name":"s_wild_fx07","bone":"txt","blend":"additive"},{"name":"s_w_txt_a2","bone":"txt","blend":"screen"}],"skins":{"default":{"s_w_a_bg":{"s_w_a_bg":{"scaleX":0.989,"scaleY":0.989,"width":483,"height":408}},"s_w_a_bg2":{"s_w_a_bg":{"width":483,"height":408}},"s_w_a_frame":{"s_w_a_frame":{"width":516,"height":438}},"s_w_txt_a":{"s_w_txt_a":{"width":521,"height":176}},"s_w_txt_a2":{"s_w_txt_a":{"width":521,"height":176}},"s_w_txt_ax":{"s_w_txt_ax":{"scaleX":1.43,"scaleY":1.43,"width":365,"height":123}},"s_wild_fx01":{"s_wild_fx01":{"x":-179.34,"y":3.76,"scaleX":1.43,"scaleY":1.43,"width":83,"height":93}},"s_wild_fx02":{"s_wild_fx02":{"x":-128.45,"y":5.23,"scaleX":1.43,"scaleY":1.43,"width":152,"height":94}},"s_wild_fx03":{"s_wild_fx03":{"x":-66.25,"y":5.23,"scaleX":1.43,"scaleY":1.43,"width":188,"height":94}},"s_wild_fx04":{"s_wild_fx04":{"x":-5.65,"y":5.23,"scaleX":1.43,"scaleY":1.43,"width":169,"height":94}},"s_wild_fx05":{"s_wild_fx05":{"x":101.21,"y":5.23,"scaleX":1.43,"scaleY":1.43,"width":173,"height":94}},"s_wild_fx06":{"s_wild_fx06":{"x":148.52,"y":5.23,"scaleX":1.43,"scaleY":1.43,"width":125,"height":94}},"s_wild_fx07":{"s_wild_fx07":{"x":207.53,"y":12.67,"scaleX":1.43,"scaleY":1.43,"width":46,"height":82}}}},"animations":{"idle":{"slots":{"s_w_a_bg2":{"color":[{"time":0,"color":"ffffff00"},{"time":0.6667,"color":"ffffff20"},{"time":1.3333,"color":"ffffff00"}],"attachment":[{"time":0,"name":"s_w_a_bg"}]},"s_w_txt_a2":{"color":[{"time":0,"color":"ffffff46","curve":[0.25,0,0.75,1]},{"time":0.6667,"color":"ffffff00","curve":[0.25,0,0.75,1]},{"time":1.3333,"color":"ffffff46"}],"attachment":[{"time":0,"name":"s_w_txt_a"}]},"s_w_txt_ax":{"color":[{"time":0,"color":"ffffff00","curve":[0.25,0,0.75,1]},{"time":0.6667,"color":"ffffff75","curve":[0.25,0,0.75,1]},{"time":1.3333,"color":"ffffff00"}],"attachment":[{"time":0,"name":"s_w_txt_ax"}]},"s_wild_fx01":{"color":[{"time":0,"color":"ffffff00"},{"time":0.2333,"color":"ffffff75"},{"time":0.6,"color":"ffffff00"}],"attachment":[{"time":0,"name":"s_wild_fx01"},{"time":0.6,"name":null}]},"s_wild_fx02":{"color":[{"time":0.1,"color":"ffffff00"},{"time":0.3333,"color":"ffffff75"},{"time":0.7,"color":"ffffff00"}],"attachment":[{"time":0.1,"name":"s_wild_fx02"},{"time":0.7,"name":null}]},"s_wild_fx03":{"color":[{"time":0.2,"color":"ffffff00"},{"time":0.4333,"color":"ffffff75"},{"time":0.8,"color":"ffffff00"}],"attachment":[{"time":0.2,"name":"s_wild_fx03"},{"time":0.8,"name":null}]},"s_wild_fx04":{"color":[{"time":0.3,"color":"ffffff00"},{"time":0.5333,"color":"ffffff75"},{"time":0.9,"color":"ffffff00"}],"attachment":[{"time":0.3,"name":"s_wild_fx04"},{"time":0.9,"name":null}]},"s_wild_fx05":{"color":[{"time":0.4,"color":"ffffff00"},{"time":0.6333,"color":"ffffff75"},{"time":1,"color":"ffffff00"}],"attachment":[{"time":0.4,"name":"s_wild_fx05"},{"time":1,"name":null}]},"s_wild_fx06":{"color":[{"time":0.5,"color":"ffffff00"},{"time":0.7333,"color":"ffffff75"},{"time":1.1,"color":"ffffff00"}],"attachment":[{"time":0.5,"name":"s_wild_fx06"},{"time":1.1,"name":null}]},"s_wild_fx07":{"color":[{"time":0.6,"color":"ffffff00"},{"time":0.8333,"color":"ffffff75"},{"time":1.2,"color":"ffffff00"}],"attachment":[{"time":0.6,"name":"s_wild_fx07"},{"time":1.2,"name":null}]}},"bones":{"txt":{"scale":[{"time":0,"x":1,"y":1,"curve":[0.384,0.5,0.75,1]},{"time":0.3333,"x":0.99,"y":0.99,"curve":[0.25,0,0.75,1]},{"time":1,"x":1.01,"y":1.01,"curve":[0.25,0,0.607,0.49]},{"time":1.3333,"x":1,"y":1}]}}},"spawn":{"slots":{"s_w_txt_a2":{"color":[{"time":0.1,"color":"ffffff00"},{"time":0.2667,"color":"ffffff78"},{"time":0.5,"color":"ffffff46"}],"attachment":[{"time":0.1,"name":"s_w_txt_a"}]},"s_w_txt_ax":{"color":[{"time":0.0667,"color":"ffffff00","curve":[0.25,0,0.75,1]},{"time":0.2333,"color":"ffffffa5","curve":[0.25,0,0.75,1]},{"time":0.5,"color":"ffffff00"}],"attachment":[{"time":0.0667,"name":"s_w_txt_ax"},{"time":0.5,"name":null}]}},"bones":{"txt":{"scale":[{"time":0,"x":1,"y":1,"curve":[0.375,0.51,0.75,1]},{"time":0.0667,"x":0.98,"y":0.98,"curve":[0.25,0,0.75,1]},{"time":0.2,"x":1.02,"y":1.02,"curve":[0.25,0,0.714,0.64]},{"time":0.5,"x":1,"y":1}]}}},"win":{"slots":{"s_w_txt_a2":{"color":[{"time":0,"color":"ffffff46","curve":[0.411,0.51,0.75,1]},{"time":0.1,"color":"ffffff00"},{"time":0.2667,"color":"ffffffff"},{"time":0.8333,"color":"ffffff00"}],"attachment":[{"time":0,"name":"s_w_txt_a"}]},"s_w_txt_ax":{"color":[{"time":0.0667,"color":"ffffff00"},{"time":0.2333,"color":"ffffffff","curve":[0.25,0,0,1]},{"time":0.8333,"color":"ffffff00"}],"attachment":[{"time":0.0667,"name":"s_w_txt_ax"}]},"s_wild_fx01":{"color":[{"time":0,"color":"ffffff00"},{"time":0.1667,"color":"ffffff75"},{"time":0.4,"color":"ffffff00"}],"attachment":[{"time":0,"name":"s_wild_fx01"},{"time":0.4,"name":null}]},"s_wild_fx02":{"color":[{"time":0.0667,"color":"ffffff00"},{"time":0.2333,"color":"ffffff75"},{"time":0.4667,"color":"ffffff00"}],"attachment":[{"time":0.0667,"name":"s_wild_fx02"},{"time":0.5,"name":null}]},"s_wild_fx03":{"color":[{"time":0.1333,"color":"ffffff00"},{"time":0.3,"color":"ffffff75"},{"time":0.5333,"color":"ffffff00"}],"attachment":[{"time":0.1333,"name":"s_wild_fx03"},{"time":0.5667,"name":null}]},"s_wild_fx04":{"color":[{"time":0.2,"color":"ffffff00"},{"time":0.3667,"color":"ffffff75"},{"time":0.6,"color":"ffffff00"}],"attachment":[{"time":0.2,"name":"s_wild_fx04"},{"time":0.6333,"name":null}]},"s_wild_fx05":{"color":[{"time":0.2667,"color":"ffffff00"},{"time":0.4333,"color":"ffffff75"},{"time":0.7,"color":"ffffff00"}],"attachment":[{"time":0.2667,"name":"s_wild_fx05"},{"time":0.7,"name":null}]},"s_wild_fx06":{"color":[{"time":0.3333,"color":"ffffff00"},{"time":0.5,"color":"ffffff75"},{"time":0.7667,"color":"ffffff00"}],"attachment":[{"time":0.3333,"name":"s_wild_fx06"},{"time":0.7667,"name":null}]},"s_wild_fx07":{"color":[{"time":0.4,"color":"ffffff00"},{"time":0.5667,"color":"ffffff75"},{"time":0.8333,"color":"ffffff00"}],"attachment":[{"time":0.4,"name":"s_wild_fx07"},{"time":0.8333,"name":null}]}},"bones":{"txt":{"scale":[{"time":0,"x":1,"y":1,"curve":[0.366,0.49,0.75,1]},{"time":0.0667,"x":0.96,"y":0.96,"curve":[0.25,0,0.75,1]},{"time":0.2333,"x":1.05,"y":1.05,"curve":[0.25,0,0.75,1]},{"time":0.4,"x":0.99,"y":0.99,"curve":[0.25,0,0.75,1]},{"time":0.6333,"x":1,"y":1}]},"s_w_txt_ax":{"scale":[{"time":0.0667,"x":1,"y":1,"curve":[0.119,0.49,0.122,0.9]},{"time":0.8333,"x":1.084,"y":1.26}]}}}}},[0]]],0,0,[0],[-1],[0]]