[1,["b85HuXGN5Nhbv/S5Dsjf2R","dayWih4UNBSZ29E5SpOXmn"],["value"],[["cc.AnimationClip",["_name","_duration","curveData"],1,11]],[[0,0,1,2,3]],[[0,"NormalState",0.016666666666666666,[{},"paths",11,[{"BigWin":{"props":{"active":[{"frame":0,"value":false}]}},"ParentMoney":{"props":{"active":[{"frame":0,"value":false}]}},"Normal":{"props":{"active":[{"frame":0,"value":true}]}},"FreeSpin":{"props":{"active":[{"frame":0,"value":false}]}},"infoboard_vfx_d_loop_00":{"props":{"active":[{"frame":0,"value":false}]}},"infoboard_vfx_d_loop_00 copy":{"props":{"active":[{"frame":0,"value":false}]}},"infoboard_vfx_a":{"props":{"active":[{"frame":0,"value":false}]}},"infoboard_vfx_b_1":{"props":{"active":[{"frame":0,"value":false}]}},"infoboard_vfx_b_1 copy":{"props":{"active":[{"frame":0,"value":false}]}},"Normal/ib_bar_a/infoboard_vfx_c":{"props":{"active":[{"frame":0,"value":false}]}}},"Normal/ib_bar_a",11,[{"props":{"width":[{"frame":0,"value":1363}],"height":[{"frame":0,"value":223}]}},"comps",11,[{},"cc.Sprite",11,[{},"spriteFrame",12,[[[{"frame":0},"value",6,0]],11]]]],"Normal/ib_bar_a_mask",11,[{"props":{"position":[{"frame":0,"value":[-299.199,-5.007,0]}]}},"comps",11,[{},"cc.Sprite",11,[{},"spriteFrame",12,[[[{"frame":0},"value",6,1]],11]]]],"Normal/ib_bar_a_mask copy",11,[{"props":{"position":[{"frame":0,"value":[297.887,-5.007,0]}]}},"comps",11,[{},"cc.Sprite",11,[{},"spriteFrame",12,[[[{"frame":0},"value",6,2]],11]]]]]]]],0,0,[0,0,0],[0,0,0],[1,0,0]]