[1,["71E+qbGuNFq4EYzmYWY06t"],0,[["sp.SkeletonData",["_name","_atlasText","textureNames","_skeletonJson","textures"],-1,3]],[[0,0,1,2,3,4,5]],[[0,"s_fspins_atlas_specials","\nspecials.png\nsize: 2017,859\nformat: RGBA8888\nfilter: Linear,Linear\nrepeat: none\nfs\n  rotate: true\n  xy: 628, 106\n  size: 250, 144\n  orig: 250, 144\n  offset: 0, 0\n  index: -1\nfs_fx01\n  rotate: true\n  xy: 1708, 63\n  size: 40, 48\n  orig: 40, 48\n  offset: 0, 0\n  index: -1\nfs_fx02\n  rotate: false\n  xy: 1366, 135\n  size: 55, 77\n  orig: 55, 77\n  offset: 0, 0\n  index: -1\nfs_fx03\n  rotate: true\n  xy: 1001, 43\n  size: 79, 95\n  orig: 79, 95\n  offset: 0, 0\n  index: -1\nfs_fx04\n  rotate: true\n  xy: 1413, 17\n  size: 81, 95\n  orig: 81, 95\n  offset: 0, 0\n  index: -1\nfs_fx05\n  rotate: false\n  xy: 1098, 42\n  size: 126, 95\n  orig: 126, 95\n  offset: 0, 0\n  index: -1\nfs_fx06\n  rotate: false\n  xy: 1423, 100\n  size: 124, 92\n  orig: 124, 92\n  offset: 0, 0\n  index: -1\nfs_fx07\n  rotate: false\n  xy: 575, 9\n  size: 154, 95\n  orig: 154, 95\n  offset: 0, 0\n  index: -1\nfs_fx08\n  rotate: true\n  xy: 1920, 27\n  size: 156, 95\n  orig: 156, 95\n  offset: 0, 0\n  index: -1\nfs_fx09\n  rotate: false\n  xy: 1226, 42\n  size: 123, 95\n  orig: 123, 95\n  offset: 0, 0\n  index: -1\nfs_fx10\n  rotate: false\n  xy: 1950, 378\n  size: 62, 88\n  orig: 62, 88\n  offset: 0, 0\n  index: -1\nfs_fx11\n  rotate: true\n  xy: 1646, 66\n  size: 37, 60\n  orig: 37, 60\n  offset: 0, 0\n  index: -1\ns_fs_bg\n  rotate: false\n  xy: 1507, 638\n  size: 258, 219\n  orig: 258, 219\n  offset: 0, 0\n  index: -1\ns_fs_bgfx01\n  rotate: false\n  xy: 1767, 497\n  size: 181, 154\n  orig: 181, 154\n  offset: 0, 0\n  index: -1\ns_fs_bgfx02\n  rotate: false\n  xy: 1767, 341\n  size: 181, 154\n  orig: 181, 154\n  offset: 0, 0\n  index: -1\ns_fs_bgfx03\n  rotate: true\n  xy: 1425, 194\n  size: 181, 154\n  orig: 181, 154\n  offset: 0, 0\n  index: -1\ns_fs_bgfx04\n  rotate: false\n  xy: 1581, 261\n  size: 181, 154\n  orig: 181, 154\n  offset: 0, 0\n  index: -1\ns_fs_bgfx05\n  rotate: false\n  xy: 1764, 185\n  size: 181, 154\n  orig: 181, 154\n  offset: 0, 0\n  index: -1\ns_fs_bgfx06\n  rotate: false\n  xy: 1581, 105\n  size: 181, 154\n  orig: 181, 154\n  offset: 0, 0\n  index: -1\ns_fs_bgfx07\n  rotate: true\n  xy: 1764, 2\n  size: 181, 154\n  orig: 181, 154\n  offset: 0, 0\n  index: -1\ns_fs_fx_sparkle\n  rotate: false\n  xy: 847, 576\n  size: 21, 21\n  orig: 21, 21\n  offset: 0, 0\n  index: -1\ns_w_a_bg\n  rotate: false\n  xy: 1767, 653\n  size: 242, 204\n  orig: 242, 204\n  offset: 0, 0\n  index: -1\ns_w_a_frame\n  rotate: false\n  xy: 1507, 417\n  size: 258, 219\n  orig: 258, 219\n  offset: 0, 0\n  index: -1\ns_w_b_aurora\n  rotate: true\n  xy: 880, 618\n  size: 239, 625\n  orig: 239, 625\n  offset: 0, 0\n  index: -1\ns_w_b_bg\n  rotate: true\n  xy: 2, 358\n  size: 239, 843\n  orig: 239, 843\n  offset: 0, 0\n  index: -1\ns_w_b_frame\n  rotate: true\n  xy: 2, 599\n  size: 258, 876\n  orig: 258, 876\n  offset: 0, 0\n  index: -1\ns_w_b_star01\n  rotate: true\n  xy: 2, 117\n  size: 239, 624\n  orig: 239, 624\n  offset: 0, 0\n  index: -1\ns_w_b_star02\n  rotate: true\n  xy: 880, 377\n  size: 239, 624\n  orig: 239, 624\n  offset: 0, 0\n  index: -1\ns_w_txt_a\n  rotate: false\n  xy: 832, 124\n  size: 261, 88\n  orig: 261, 88\n  offset: 0, 0\n  index: -1\ns_w_txt_ax\n  rotate: true\n  xy: 1950, 468\n  size: 183, 62\n  orig: 183, 62\n  offset: 0, 0\n  index: -1\ns_w_txt_b\n  rotate: true\n  xy: 847, 214\n  size: 161, 576\n  orig: 161, 576\n  offset: 0, 0\n  index: -1\ns_w_txt_bx\n  rotate: true\n  xy: 2, 2\n  size: 113, 403\n  orig: 113, 403\n  offset: 0, 0\n  index: -1\ns_wild_b_fx01\n  rotate: true\n  xy: 774, 2\n  size: 59, 60\n  orig: 59, 60\n  offset: 0, 0\n  index: -1\ns_wild_b_fx02\n  rotate: true\n  xy: 832, 63\n  size: 59, 167\n  orig: 59, 167\n  offset: 0, 0\n  index: -1\ns_wild_b_fx03\n  rotate: false\n  xy: 774, 69\n  size: 56, 287\n  orig: 56, 287\n  offset: 0, 0\n  index: -1\ns_wild_b_fx04\n  rotate: true\n  xy: 1095, 139\n  size: 73, 269\n  orig: 73, 269\n  offset: 0, 0\n  index: -1\ns_wild_b_fx05\n  rotate: true\n  xy: 407, 26\n  size: 89, 166\n  orig: 89, 166\n  offset: 0, 0\n  index: -1\ns_wild_b_fx06\n  rotate: true\n  xy: 1351, 43\n  size: 90, 60\n  orig: 90, 60\n  offset: 0, 0\n  index: -1\ns_wild_b_fx07\n  rotate: true\n  xy: 731, 14\n  size: 90, 41\n  orig: 90, 41\n  offset: 0, 0\n  index: -1\ns_wild_fx01\n  rotate: true\n  xy: 1950, 334\n  size: 42, 47\n  orig: 42, 47\n  offset: 0, 0\n  index: -1\ns_wild_fx02\n  rotate: false\n  xy: 1559, 7\n  size: 76, 47\n  orig: 76, 47\n  offset: 0, 0\n  index: -1\ns_wild_fx03\n  rotate: true\n  xy: 1510, 4\n  size: 94, 47\n  orig: 94, 47\n  offset: 0, 0\n  index: -1\ns_wild_fx04\n  rotate: false\n  xy: 1559, 56\n  size: 85, 47\n  orig: 85, 47\n  offset: 0, 0\n  index: -1\ns_wild_fx05\n  rotate: false\n  xy: 836, 14\n  size: 87, 47\n  orig: 87, 47\n  offset: 0, 0\n  index: -1\ns_wild_fx06\n  rotate: false\n  xy: 925, 14\n  size: 63, 47\n  orig: 63, 47\n  offset: 0, 0\n  index: -1\ns_wild_fx07\n  rotate: true\n  xy: 1920, 2\n  size: 23, 41\n  orig: 23, 41\n  offset: 0, 0\n  index: -1\n",["specials.png"],{"skeleton":{"hash":"YDNzGzNoDYkXPYPhFP4Rw7syQtQ","spine":"3.6.53","width":258,"height":219,"images":"./images/"},"bones":[{"name":"root","scaleX":0.5,"scaleY":0.5},{"name":"_subroot","parent":"root"},{"name":"txt","parent":"_subroot"},{"name":"fx_sparkle0","parent":"txt","transform":"noScale"},{"name":"fx_sparkle1","parent":"txt","transform":"noScale"},{"name":"fx_sparkle2","parent":"txt","transform":"noScale"},{"name":"fx_sparkle3","parent":"txt","transform":"noScale"},{"name":"fx_sparkle4","parent":"txt","transform":"noScale"}],"slots":[{"name":"s_fs_bg","bone":"_subroot","attachment":"s_fs_bg"},{"name":"s_fs_bgfx01","bone":"_subroot","blend":"screen"},{"name":"s_fs_bgfx02","bone":"_subroot","blend":"screen"},{"name":"s_fs_bgfx03","bone":"_subroot","blend":"screen"},{"name":"s_fs_bgfx04","bone":"_subroot","blend":"screen"},{"name":"s_fs_bgfx05","bone":"_subroot","blend":"screen"},{"name":"s_fs_bgfx06","bone":"_subroot","blend":"screen"},{"name":"s_fs_bgfx07","bone":"_subroot","blend":"screen"},{"name":"fs","bone":"txt","attachment":"fs"},{"name":"fs_2","bone":"txt","blend":"screen"},{"name":"fs_fx01","bone":"txt","blend":"additive"},{"name":"fs_fx02","bone":"txt","blend":"additive"},{"name":"fs_fx03","bone":"txt","blend":"additive"},{"name":"fs_fx04","bone":"txt","blend":"additive"},{"name":"fs_fx05","bone":"txt","blend":"additive"},{"name":"fs_fx06","bone":"txt","blend":"additive"},{"name":"fs_fx07","bone":"txt","blend":"additive"},{"name":"fs_fx08","bone":"txt","blend":"additive"},{"name":"fs_fx09","bone":"txt","blend":"additive"},{"name":"fs_fx10","bone":"txt","blend":"additive"},{"name":"fs_fx11","bone":"txt","blend":"additive"},{"name":"s_fs_fx_sparkle","bone":"fx_sparkle0","blend":"additive"},{"name":"s_fs_fx_sparkle2","bone":"fx_sparkle1","blend":"additive"},{"name":"s_fs_fx_sparkle3","bone":"fx_sparkle2","blend":"additive"},{"name":"s_fs_fx_sparkle4","bone":"fx_sparkle3","blend":"additive"},{"name":"s_fs_fx_sparkle5","bone":"fx_sparkle4","blend":"additive"}],"skins":{"default":{"fs":{"fs":{"width":499,"height":287}},"fs_2":{"fs":{"width":499,"height":287}},"fs_fx01":{"fs_fx01":{"x":-183.18,"y":-64.66,"scaleX":1.43,"scaleY":1.43,"width":80,"height":95}},"fs_fx02":{"fs_fx02":{"x":-162.72,"y":-22.66,"scaleX":1.43,"scaleY":1.43,"width":109,"height":154}},"fs_fx03":{"fs_fx03":{"x":-127.6,"y":3.68,"scaleX":1.43,"scaleY":1.43,"width":158,"height":189}},"fs_fx04":{"fs_fx04":{"x":-125.29,"y":3.68,"scaleX":1.43,"scaleY":1.43,"width":162,"height":189}},"fs_fx05":{"fs_fx05":{"x":-60.61,"y":2.75,"scaleX":1.43,"scaleY":1.43,"width":252,"height":189}},"fs_fx06":{"fs_fx06":{"x":-50.91,"y":5.99,"scaleX":1.43,"scaleY":1.43,"width":248,"height":184}},"fs_fx07":{"fs_fx07":{"x":12.84,"y":1.83,"scaleX":1.43,"scaleY":1.43,"width":307,"height":190}},"fs_fx08":{"fs_fx08":{"x":18.39,"y":2.29,"scaleX":1.43,"scaleY":1.43,"width":312,"height":190}},"fs_fx09":{"fs_fx09":{"x":65.51,"y":1.37,"scaleX":1.43,"scaleY":1.43,"width":246,"height":190}},"fs_fx10":{"fs_fx10":{"x":152.83,"y":11.99,"scaleX":1.43,"scaleY":1.43,"width":123,"height":176}},"fs_fx11":{"fs_fx11":{"x":182.86,"y":52.65,"scaleX":1.43,"scaleY":1.43,"width":73,"height":120}},"s_fs_bg":{"s_fs_bg":{"width":516,"height":438}},"s_fs_bgfx01":{"s_fs_bgfx01":{"scaleX":1.43,"scaleY":1.43,"width":361,"height":307}},"s_fs_bgfx02":{"s_fs_bgfx02":{"scaleX":1.43,"scaleY":1.43,"width":361,"height":307}},"s_fs_bgfx03":{"s_fs_bgfx03":{"scaleX":1.43,"scaleY":1.43,"width":361,"height":307}},"s_fs_bgfx04":{"s_fs_bgfx04":{"scaleX":1.43,"scaleY":1.43,"width":361,"height":307}},"s_fs_bgfx05":{"s_fs_bgfx05":{"scaleX":1.43,"scaleY":1.43,"width":361,"height":307}},"s_fs_bgfx06":{"s_fs_bgfx06":{"scaleX":1.43,"scaleY":1.43,"width":361,"height":307}},"s_fs_bgfx07":{"s_fs_bgfx07":{"scaleX":1.43,"scaleY":1.43,"width":361,"height":307}},"s_fs_fx_sparkle":{"s_fs_fx_sparkle":{"width":42,"height":42}},"s_fs_fx_sparkle2":{"s_fs_fx_sparkle":{"width":42,"height":42}},"s_fs_fx_sparkle3":{"s_fs_fx_sparkle":{"width":42,"height":42}},"s_fs_fx_sparkle4":{"s_fs_fx_sparkle":{"width":42,"height":42}},"s_fs_fx_sparkle5":{"s_fs_fx_sparkle":{"width":42,"height":42}}}},"animations":{"fastspin_end":{"slots":{"fs_2":{"color":[{"time":0,"color":"ffffffff","curve":[0.25,0,0.653,0.56]},{"time":0.1667,"color":"ffffff46"}],"attachment":[{"time":0,"name":"fs"}]}},"bones":{"txt":{"scale":[{"time":0,"x":1.03,"y":1.03,"curve":[0.25,0,0.653,0.56]},{"time":0.1667,"x":1,"y":1}]}}},"fastspin_idle":{"slots":{"fs_2":{"color":[{"time":0,"color":"ffffffff","curve":[0.25,0,0.75,1]},{"time":0.2667,"color":"ffffff70","curve":[0.25,0,0.75,1]},{"time":0.5333,"color":"ffffffff","curve":[0.25,0,0.75,1]},{"time":0.8,"color":"ffffff70","curve":[0.25,0,0.75,1]},{"time":1.0667,"color":"ffffffff","curve":[0.25,0,0.75,1]},{"time":1.3333,"color":"ffffff70","curve":[0.25,0,0.75,1]},{"time":1.6,"color":"ffffffff","curve":[0.25,0,0.75,1]},{"time":1.8667,"color":"ffffff70","curve":[0.25,0,0.75,1]},{"time":2.1333,"color":"ffffffff","curve":[0.25,0,0.75,1]},{"time":2.4,"color":"ffffff70","curve":[0.25,0,0.75,1]},{"time":2.6667,"color":"ffffffff","curve":[0.25,0,0.75,1]},{"time":2.9333,"color":"ffffff70","curve":[0.25,0,0.75,1]},{"time":3.2,"color":"ffffffff"}],"attachment":[{"time":0,"name":"fs"}]},"s_fs_bgfx01":{"color":[{"time":0,"color":"ffffff00"},{"time":0.2667,"color":"ffffffff"},{"time":0.9333,"color":"ffffff00","curve":"stepped"},{"time":1.6,"color":"ffffff00"},{"time":1.8667,"color":"ffffffff"},{"time":2.5333,"color":"ffffff00"}],"attachment":[{"time":0,"name":"s_fs_bgfx01"},{"time":0.9333,"name":null},{"time":1.6,"name":"s_fs_bgfx01"},{"time":2.5333,"name":null}]},"s_fs_bgfx02":{"color":[{"time":0.1,"color":"ffffff00"},{"time":0.3667,"color":"ffffffff"},{"time":1.0333,"color":"ffffff00","curve":"stepped"},{"time":1.7,"color":"ffffff00"},{"time":1.9667,"color":"ffffffff"},{"time":2.6333,"color":"ffffff00"}],"attachment":[{"time":0.1,"name":"s_fs_bgfx02"},{"time":1.0333,"name":null},{"time":1.7,"name":"s_fs_bgfx02"},{"time":2.6333,"name":null}]},"s_fs_bgfx03":{"color":[{"time":0.2333,"color":"ffffff00"},{"time":0.5,"color":"fff5f9ff"},{"time":1.1667,"color":"ffffff00","curve":"stepped"},{"time":1.8333,"color":"ffffff00"},{"time":2.1,"color":"fff5f9ff"},{"time":2.7667,"color":"ffffff00"}],"attachment":[{"time":0.2333,"name":"s_fs_bgfx03"},{"time":1.1667,"name":null},{"time":1.8333,"name":"s_fs_bgfx03"},{"time":2.7667,"name":null}]},"s_fs_bgfx04":{"color":[{"time":0.3333,"color":"ffffff00"},{"time":0.6,"color":"ffbed3ff"},{"time":1.2667,"color":"ffffff00","curve":"stepped"},{"time":1.9333,"color":"ffffff00"},{"time":2.2,"color":"ffbed3ff"},{"time":2.8667,"color":"ffffff00"}],"attachment":[{"time":0.3333,"name":"s_fs_bgfx04"},{"time":1.2667,"name":null},{"time":1.9333,"name":"s_fs_bgfx04"},{"time":2.8667,"name":null}]},"s_fs_bgfx05":{"color":[{"time":0.4333,"color":"ffffff00"},{"time":0.7,"color":"ff7a93ff"},{"time":1.4,"color":"ffffff00","curve":"stepped"},{"time":2.0333,"color":"ffffff00"},{"time":2.3,"color":"ff7a93ff"},{"time":3,"color":"ffffff00"}],"attachment":[{"time":0.4333,"name":"s_fs_bgfx05"},{"time":1.4,"name":null},{"time":2.0333,"name":"s_fs_bgfx05"},{"time":3,"name":null}]},"s_fs_bgfx06":{"color":[{"time":0.5667,"color":"ffffff00"},{"time":0.8333,"color":"ff626fff"},{"time":1.5,"color":"ffffff00","curve":"stepped"},{"time":2.1667,"color":"ffffff00"},{"time":2.4333,"color":"ff626fff"},{"time":3.1,"color":"ffffff00"}],"attachment":[{"time":0.5667,"name":"s_fs_bgfx06"},{"time":1.5,"name":null},{"time":2.1667,"name":"s_fs_bgfx06"},{"time":3.1,"name":null}]},"s_fs_bgfx07":{"color":[{"time":0.6667,"color":"ffffff00"},{"time":0.9333,"color":"ff3333ff"},{"time":1.6,"color":"ffffff00","curve":"stepped"},{"time":2.2667,"color":"ffffff00"},{"time":2.5333,"color":"ff3333ff"},{"time":3.2,"color":"ffffff00"}],"attachment":[{"time":0.6667,"name":"s_fs_bgfx07"},{"time":1.6,"name":null},{"time":2.2667,"name":"s_fs_bgfx07"},{"time":3.2,"name":null}]},"s_fs_fx_sparkle":{"color":[{"time":0.2,"color":"ffffff00"},{"time":0.4667,"color":"ffffffff"},{"time":1.1,"color":"ffffff00","curve":"stepped"},{"time":1.8667,"color":"ffffff00"},{"time":2.1333,"color":"ffffffff"},{"time":2.7,"color":"ffffff00"}],"attachment":[{"time":0.2,"name":"s_fs_fx_sparkle"}]},"s_fs_fx_sparkle2":{"color":[{"time":0.3333,"color":"ffffff00"},{"time":0.6333,"color":"ffffffff"},{"time":1.2333,"color":"ffffff00","curve":"stepped"},{"time":2,"color":"ffffff00"},{"time":2.2667,"color":"ffffffff"},{"time":2.8333,"color":"ffffff00"}],"attachment":[{"time":0.3333,"name":"s_fs_fx_sparkle"}]},"s_fs_fx_sparkle3":{"color":[{"time":0.3333,"color":"ffffff00"},{"time":0.6333,"color":"ffffffff"},{"time":1.2333,"color":"ffffff00","curve":"stepped"},{"time":2,"color":"ffffff00"},{"time":2.2667,"color":"ffffffff"},{"time":2.8333,"color":"ffffff00"}],"attachment":[{"time":0.3333,"name":"s_fs_fx_sparkle"}]},"s_fs_fx_sparkle4":{"color":[{"time":0.7333,"color":"ffffff00"},{"time":1,"color":"ffffffff"},{"time":1.6,"color":"ffffff00","curve":"stepped"},{"time":2.3667,"color":"ffffff00"},{"time":2.6333,"color":"ffffffff"},{"time":3.2,"color":"ffffff00"}],"attachment":[{"time":0.7333,"name":"s_fs_fx_sparkle"}]},"s_fs_fx_sparkle5":{"color":[{"time":0.8667,"color":"ffffff00"},{"time":1.1333,"color":"ffffffff"},{"time":1.6,"color":"ffffff00","curve":"stepped"},{"time":2.5,"color":"ffffff00"},{"time":2.7667,"color":"ffffffff"},{"time":3.2,"color":"ffffff00"}],"attachment":[{"time":0.8667,"name":"s_fs_fx_sparkle"}]}},"bones":{"txt":{"scale":[{"time":0,"x":1.03,"y":1.03,"curve":[0.384,0.5,0.75,1]},{"time":0.1333,"x":1,"y":1,"curve":[0.25,0,0.75,1]},{"time":0.4,"x":1.06,"y":1.06,"curve":[0.25,0,0.607,0.49]},{"time":0.5333,"x":1.03,"y":1.03,"curve":[0.384,0.5,0.75,1]},{"time":0.6667,"x":1,"y":1,"curve":[0.25,0,0.75,1]},{"time":0.9333,"x":1.06,"y":1.06,"curve":[0.25,0,0.607,0.49]},{"time":1.0667,"x":1.03,"y":1.03,"curve":[0.384,0.5,0.75,1]},{"time":1.2,"x":1,"y":1,"curve":[0.25,0,0.75,1]},{"time":1.4667,"x":1.06,"y":1.06,"curve":[0.25,0,0.607,0.49]},{"time":1.6,"x":1.03,"y":1.03,"curve":[0.384,0.5,0.75,1]},{"time":1.7333,"x":1,"y":1,"curve":[0.25,0,0.75,1]},{"time":2,"x":1.06,"y":1.06,"curve":[0.25,0,0.607,0.49]},{"time":2.1333,"x":1.03,"y":1.03,"curve":[0.384,0.5,0.75,1]},{"time":2.2667,"x":1,"y":1,"curve":[0.25,0,0.75,1]},{"time":2.5333,"x":1.06,"y":1.06,"curve":[0.25,0,0.607,0.49]},{"time":2.6667,"x":1.03,"y":1.03,"curve":[0.384,0.5,0.75,1]},{"time":2.8,"x":1,"y":1,"curve":[0.25,0,0.75,1]},{"time":3.0667,"x":1.06,"y":1.06,"curve":[0.25,0,0.607,0.49]},{"time":3.2,"x":1.03,"y":1.03}]},"fx_sparkle1":{"rotate":[{"time":0.3333,"angle":0,"curve":[0.16,0.44,0.254,1]},{"time":1.2333,"angle":-90,"curve":"stepped"},{"time":2,"angle":0,"curve":[0.26,0.34,0.458,0.74]},{"time":2.5,"angle":-87.77,"curve":[0.214,0.6,0.521,1]},{"time":2.8333,"angle":-90}],"translate":[{"time":0.3333,"x":-114.69,"y":126.25,"curve":"stepped"},{"time":2,"x":-98.26,"y":29.03}],"scale":[{"time":0.3333,"x":1,"y":1},{"time":0.7,"x":1.397,"y":1.397},{"time":1.2333,"x":1,"y":1,"curve":"stepped"},{"time":2,"x":1,"y":1},{"time":2.3333,"x":1.397,"y":1.397},{"time":2.8333,"x":1,"y":1}]},"fx_sparkle4":{"rotate":[{"time":0.8667,"angle":0,"curve":[0.096,0.44,0.116,0.94]},{"time":1.6,"angle":-90,"curve":"stepped"},{"time":2.5,"angle":0,"curve":[0.096,0.44,0.116,0.94]},{"time":3.2,"angle":-90}],"translate":[{"time":0.8667,"x":222.46,"y":-8.9,"curve":"stepped"},{"time":2.5,"x":186.86,"y":126.66}],"scale":[{"time":0.8667,"x":1,"y":1},{"time":1.1333,"x":1.2,"y":1.2},{"time":1.6,"x":1,"y":1,"curve":"stepped"},{"time":2.5,"x":1,"y":1},{"time":2.7667,"x":1.2,"y":1.2},{"time":3.2,"x":1,"y":1}]},"fx_sparkle0":{"rotate":[{"time":0.2,"angle":2.4,"curve":[0.152,0.49,0.231,1]},{"time":1.1,"angle":-90,"curve":"stepped"},{"time":1.8667,"angle":2.4,"curve":[0.152,0.49,0.231,1]},{"time":2.7,"angle":-90}],"translate":[{"time":0.2,"x":-222.66,"y":-116.95,"curve":"stepped"},{"time":1.8667,"x":-222.66,"y":-17.75}],"scale":[{"time":0.2,"x":0.6,"y":0.6},{"time":0.5333,"x":1.2,"y":1.2},{"time":1.1,"x":0.6,"y":0.6,"curve":"stepped"},{"time":1.8667,"x":0.6,"y":0.6},{"time":2.1667,"x":1.2,"y":1.2},{"time":2.7,"x":0.6,"y":0.6}]},"fx_sparkle3":{"rotate":[{"time":0.7333,"angle":0,"curve":[0.12,0.51,0.1,0.94]},{"time":1.6,"angle":-90,"curve":"stepped"},{"time":2.3667,"angle":0,"curve":[0.107,0.45,0.109,0.9]},{"time":3.2,"angle":-90}],"translate":[{"time":0.7333,"x":100.47,"y":85.95,"curve":"stepped"},{"time":2.3667,"x":119.64,"y":65.41}],"scale":[{"time":0.7333,"x":0.8,"y":0.8},{"time":1.0333,"x":1.05,"y":1.05},{"time":1.6,"x":0.89,"y":0.89,"curve":"stepped"},{"time":2.3667,"x":0.8,"y":0.8},{"time":2.6333,"x":1.05,"y":1.05},{"time":3.2,"x":0.89,"y":0.89}]},"fx_sparkle2":{"rotate":[{"time":0.3333,"angle":0,"curve":[0.092,0.42,0.111,0.95]},{"time":1.2333,"angle":-90,"curve":"stepped"},{"time":2,"angle":0,"curve":[0.194,0.34,0.296,0.73]},{"time":2.5,"angle":-87.77,"curve":[0.191,0.54,0.494,0.92]},{"time":2.8333,"angle":-90}],"translate":[{"time":0.3333,"x":28.92,"y":-8.55,"curve":"stepped"},{"time":2,"x":39.87,"y":-103.04}],"scale":[{"time":0.3333,"x":0.88,"y":0.88},{"time":0.6333,"x":1,"y":1},{"time":1.2333,"x":0.78,"y":0.78,"curve":"stepped"},{"time":2,"x":0.88,"y":0.88},{"time":2.3,"x":1,"y":1},{"time":2.8333,"x":0.78,"y":0.78}]}}},"fastspin_start":{"slots":{"fs_2":{"color":[{"time":0,"color":"ffffff46","curve":[0.25,0,0.75,1]},{"time":0.1667,"color":"ffffffff"}],"attachment":[{"time":0,"name":"fs"}]}},"bones":{"txt":{"scale":[{"time":0,"x":1,"y":1,"curve":[0.344,0.35,0.682,0.7]},{"time":0.0667,"x":0.99,"y":0.99,"curve":[0.383,0.58,0.729,1]},{"time":0.1667,"x":1.03,"y":1.03}]}}},"idle":{"slots":{"fs_2":{"color":[{"time":0,"color":"ffffff46","curve":[0.25,0,0.75,1]},{"time":0.6667,"color":"ffffff00","curve":[0.25,0,0.75,1]},{"time":1.3333,"color":"ffffff46","curve":[0.25,0,0.75,1]},{"time":2,"color":"ffffff00","curve":[0.25,0,0.75,1]},{"time":2.6667,"color":"ffffff46","curve":[0.25,0,0.75,1]},{"time":3.3333,"color":"ffffff00","curve":[0.25,0,0.75,1]},{"time":4,"color":"ffffff46","curve":[0.25,0,0.75,1]},{"time":4.6667,"color":"ffffff00","curve":[0.25,0,0.75,1]},{"time":5.3333,"color":"ffffff46"}],"attachment":[{"time":0,"name":"fs"}]},"fs_fx01":{"color":[{"time":0.3333,"color":"ffffff00"},{"time":0.6,"color":"ffffffff"},{"time":1,"color":"ffffff00","curve":"stepped"},{"time":3,"color":"ffffff00"},{"time":3.2667,"color":"ffffffff"},{"time":3.6667,"color":"ffffff00"}],"attachment":[{"time":0.3333,"name":"fs_fx01"},{"time":1,"name":null},{"time":3,"name":"fs_fx01"},{"time":3.6667,"name":null}]},"fs_fx02":{"color":[{"time":0.4667,"color":"ffffff00"},{"time":0.7333,"color":"ffffffff"},{"time":1.1333,"color":"ffffff00","curve":"stepped"},{"time":3.1333,"color":"ffffff00"},{"time":3.4,"color":"ffffffff"},{"time":3.8,"color":"ffffff00"}],"attachment":[{"time":0.4667,"name":"fs_fx02"},{"time":1.1333,"name":null},{"time":3.1333,"name":"fs_fx02"},{"time":3.8,"name":null}]},"fs_fx03":{"color":[{"time":0.6,"color":"ffffff00"},{"time":0.8667,"color":"ffffffff"},{"time":1.2667,"color":"ffffff00","curve":"stepped"},{"time":3.2667,"color":"ffffff00"},{"time":3.5333,"color":"ffffffff"},{"time":3.9333,"color":"ffffff00"}],"attachment":[{"time":0.6,"name":"fs_fx03"},{"time":1.2667,"name":null},{"time":3.2667,"name":"fs_fx03"},{"time":3.9333,"name":null}]},"fs_fx04":{"color":[{"time":0.7333,"color":"ffffff00"},{"time":1,"color":"ffffffff"},{"time":1.4,"color":"ffffff00","curve":"stepped"},{"time":3.4,"color":"ffffff00"},{"time":3.6667,"color":"ffffffff"},{"time":4.0667,"color":"ffffff00"}],"attachment":[{"time":0.7333,"name":"fs_fx04"},{"time":1.4,"name":null},{"time":3.4,"name":"fs_fx04"},{"time":4.0667,"name":null}]},"fs_fx05":{"color":[{"time":0.8667,"color":"ffffff00"},{"time":1.1333,"color":"ffffffff"},{"time":1.5333,"color":"ffffff00","curve":"stepped"},{"time":3.5333,"color":"ffffff00"},{"time":3.8,"color":"ffffffff"},{"time":4.2,"color":"ffffff00"}],"attachment":[{"time":0.8667,"name":"fs_fx05"},{"time":1.5333,"name":null},{"time":3.5333,"name":"fs_fx05"},{"time":4.2,"name":null}]},"fs_fx06":{"color":[{"time":1,"color":"ffffff00"},{"time":1.2667,"color":"ffffffff"},{"time":1.6667,"color":"ffffff00","curve":"stepped"},{"time":3.6667,"color":"ffffff00"},{"time":3.9333,"color":"ffffffff"},{"time":4.3333,"color":"ffffff00"}],"attachment":[{"time":1,"name":"fs_fx06"},{"time":1.6667,"name":null},{"time":3.6667,"name":"fs_fx06"},{"time":4.3333,"name":null}]},"fs_fx07":{"color":[{"time":1.1333,"color":"ffffff00"},{"time":1.4,"color":"ffffffff"},{"time":1.8,"color":"ffffff00","curve":"stepped"},{"time":3.8,"color":"ffffff00"},{"time":4.0667,"color":"ffffffff"},{"time":4.4667,"color":"ffffff00"}],"attachment":[{"time":1.1333,"name":"fs_fx07"},{"time":1.8,"name":null},{"time":3.8,"name":"fs_fx07"},{"time":4.4667,"name":null}]},"fs_fx08":{"color":[{"time":1.2667,"color":"ffffff00"},{"time":1.5333,"color":"ffffffff"},{"time":1.9333,"color":"ffffff00","curve":"stepped"},{"time":3.9333,"color":"ffffff00"},{"time":4.2,"color":"ffffffff"},{"time":4.6,"color":"ffffff00"}],"attachment":[{"time":1.2667,"name":"fs_fx08"},{"time":1.9333,"name":null},{"time":3.9333,"name":"fs_fx08"},{"time":4.6,"name":null}]},"fs_fx09":{"color":[{"time":1.4,"color":"ffffff00"},{"time":1.6667,"color":"ffffffff"},{"time":2.0667,"color":"ffffff00","curve":"stepped"},{"time":4.0667,"color":"ffffff00"},{"time":4.3333,"color":"ffffffff"},{"time":4.7333,"color":"ffffff00"}],"attachment":[{"time":1.4,"name":"fs_fx09"},{"time":2.0667,"name":null},{"time":4.0667,"name":"fs_fx09"},{"time":4.7333,"name":null}]},"fs_fx10":{"color":[{"time":1.5333,"color":"ffffff00"},{"time":1.8,"color":"ffffffff"},{"time":2.2,"color":"ffffff00","curve":"stepped"},{"time":4.2,"color":"ffffff00"},{"time":4.4667,"color":"ffffffff"},{"time":4.8667,"color":"ffffff00"}],"attachment":[{"time":1.5333,"name":"fs_fx10"},{"time":2.2,"name":null},{"time":4.2,"name":"fs_fx10"},{"time":4.8667,"name":null}]},"fs_fx11":{"color":[{"time":1.6667,"color":"ffffff00"},{"time":1.9333,"color":"ffffffff"},{"time":2.3333,"color":"ffffff00","curve":"stepped"},{"time":4.3333,"color":"ffffff00"},{"time":4.6,"color":"ffffffff"},{"time":5,"color":"ffffff00"}],"attachment":[{"time":1.6667,"name":"fs_fx11"},{"time":2.3333,"name":null},{"time":4.3333,"name":"fs_fx11"},{"time":5,"name":null}]},"s_fs_bgfx01":{"color":[{"time":0.3333,"color":"ffffff00"},{"time":0.8,"color":"ffffff73"},{"time":2,"color":"ffffff00"}],"attachment":[{"time":0.3333,"name":"s_fs_bgfx01"},{"time":2,"name":null}]},"s_fs_bgfx02":{"color":[{"time":0.5333,"color":"ffffff00"},{"time":1,"color":"ffffff73"},{"time":2.2,"color":"ffffff00"}],"attachment":[{"time":0.5333,"name":"s_fs_bgfx02"},{"time":2.2,"name":null}]},"s_fs_bgfx03":{"color":[{"time":0.7333,"color":"ffffff00"},{"time":1.2,"color":"ffffff73"},{"time":2.4,"color":"ffffff00"}],"attachment":[{"time":0.7333,"name":"s_fs_bgfx03"},{"time":2.4,"name":null}]},"s_fs_bgfx04":{"color":[{"time":0.9333,"color":"ffffff00"},{"time":1.4,"color":"ffffff73"},{"time":2.6,"color":"ffffff00"}],"attachment":[{"time":0.9333,"name":"s_fs_bgfx04"},{"time":2.6,"name":null}]},"s_fs_bgfx05":{"color":[{"time":1.1333,"color":"ffffff00"},{"time":1.6,"color":"ffffff73"},{"time":2.8,"color":"ffffff00"}],"attachment":[{"time":1.1333,"name":"s_fs_bgfx05"},{"time":2.8,"name":null}]},"s_fs_bgfx06":{"color":[{"time":1.3333,"color":"ffffff00"},{"time":1.8,"color":"ffffff73"},{"time":3,"color":"ffffff00"}],"attachment":[{"time":1.3333,"name":"s_fs_bgfx06"},{"time":3,"name":null}]},"s_fs_bgfx07":{"color":[{"time":1.5333,"color":"ffffff00"},{"time":2,"color":"ffffff73"},{"time":3.2,"color":"ffffff00"}],"attachment":[{"time":1.5333,"name":"s_fs_bgfx07"},{"time":3.2,"name":null}]},"s_fs_fx_sparkle":{"color":[{"time":0.3333,"color":"ffffff00"},{"time":0.8,"color":"ffffffff"},{"time":1.8,"color":"ffffff00","curve":"stepped"},{"time":3,"color":"ffffff00"},{"time":3.4667,"color":"ffffffff"},{"time":4.4667,"color":"ffffff00"}],"attachment":[{"time":0.3333,"name":"s_fs_fx_sparkle"}]},"s_fs_fx_sparkle2":{"color":[{"time":0.5667,"color":"ffffff00"},{"time":1.0333,"color":"ffffffff"},{"time":2.0333,"color":"ffffff00","curve":"stepped"},{"time":3.2333,"color":"ffffff00"},{"time":3.7,"color":"ffffffff"},{"time":4.7,"color":"ffffff00"}],"attachment":[{"time":0.5667,"name":"s_fs_fx_sparkle"}]},"s_fs_fx_sparkle3":{"color":[{"time":0.5667,"color":"ffffff00"},{"time":1.0333,"color":"ffffffff"},{"time":2.0333,"color":"ffffff00","curve":"stepped"},{"time":3.2333,"color":"ffffff00"},{"time":3.7,"color":"ffffffff"},{"time":4.7,"color":"ffffff00"}],"attachment":[{"time":0.5667,"name":"s_fs_fx_sparkle"}]},"s_fs_fx_sparkle4":{"color":[{"time":1.2,"color":"ffffff00"},{"time":1.6667,"color":"ffffffff"},{"time":2.6667,"color":"ffffff00","curve":"stepped"},{"time":3.8667,"color":"ffffff00"},{"time":4.3333,"color":"ffffffff"},{"time":5.3333,"color":"ffffff00"}],"attachment":[{"time":1.2,"name":"s_fs_fx_sparkle"}]},"s_fs_fx_sparkle5":{"color":[{"time":1.4333,"color":"ffffff00"},{"time":1.9,"color":"ffffffff"},{"time":2.6667,"color":"ffffff00","curve":"stepped"},{"time":4.1,"color":"ffffff00"},{"time":4.5667,"color":"ffffffff"},{"time":5.3333,"color":"ffffff00"}],"attachment":[{"time":1.4333,"name":"s_fs_fx_sparkle"}]}},"bones":{"txt":{"scale":[{"time":0,"x":1,"y":1,"curve":[0.384,0.5,0.75,1]},{"time":0.3333,"x":0.99,"y":0.99,"curve":[0.25,0,0.75,1]},{"time":1,"x":1.01,"y":1.01,"curve":[0.25,0,0.607,0.49]},{"time":1.3333,"x":1,"y":1,"curve":[0.384,0.5,0.75,1]},{"time":1.6667,"x":0.99,"y":0.99,"curve":[0.25,0,0.75,1]},{"time":2.3333,"x":1.01,"y":1.01,"curve":[0.25,0,0.607,0.49]},{"time":2.6667,"x":1,"y":1,"curve":[0.384,0.5,0.75,1]},{"time":3,"x":0.99,"y":0.99,"curve":[0.25,0,0.75,1]},{"time":3.6667,"x":1.01,"y":1.01,"curve":[0.25,0,0.607,0.49]},{"time":4,"x":1,"y":1,"curve":[0.384,0.5,0.75,1]},{"time":4.3333,"x":0.99,"y":0.99,"curve":[0.25,0,0.75,1]},{"time":5,"x":1.01,"y":1.01,"curve":[0.25,0,0.607,0.49]},{"time":5.3333,"x":1,"y":1}]},"fx_sparkle0":{"rotate":[{"time":0.3333,"angle":2.4,"curve":[0.152,0.49,0.231,1]},{"time":1.8,"angle":-90,"curve":"stepped"},{"time":3,"angle":2.4,"curve":[0.152,0.49,0.231,1]},{"time":4.4667,"angle":-90}],"translate":[{"time":0.3333,"x":-222.66,"y":-116.95,"curve":"stepped"},{"time":3,"x":-222.66,"y":-17.75}],"scale":[{"time":0.3333,"x":0.6,"y":0.6},{"time":0.8667,"x":1.2,"y":1.2},{"time":1.8,"x":0.6,"y":0.6,"curve":"stepped"},{"time":3,"x":0.6,"y":0.6},{"time":3.5333,"x":1.2,"y":1.2},{"time":4.4667,"x":0.6,"y":0.6}]},"fx_sparkle1":{"rotate":[{"time":0.5667,"angle":0,"curve":[0.16,0.44,0.254,1]},{"time":2.0333,"angle":-90,"curve":"stepped"},{"time":3.2333,"angle":0,"curve":[0.26,0.34,0.458,0.74]},{"time":4.1,"angle":-87.77,"curve":[0.214,0.6,0.521,1]},{"time":4.7,"angle":-90}],"translate":[{"time":0.5667,"x":-114.69,"y":126.25,"curve":"stepped"},{"time":3.2333,"x":-98.26,"y":29.03}],"scale":[{"time":0.5667,"x":1,"y":1},{"time":1.1667,"x":1.397,"y":1.397},{"time":2.0333,"x":1,"y":1,"curve":"stepped"},{"time":3.2333,"x":1,"y":1},{"time":3.8333,"x":1.397,"y":1.397},{"time":4.7,"x":1,"y":1}]},"fx_sparkle2":{"rotate":[{"time":0.5667,"angle":0,"curve":[0.092,0.42,0.111,0.95]},{"time":2.0333,"angle":-90,"curve":"stepped"},{"time":3.2333,"angle":0,"curve":[0.194,0.34,0.296,0.73]},{"time":4.1,"angle":-87.77,"curve":[0.191,0.54,0.494,0.92]},{"time":4.7,"angle":-90}],"translate":[{"time":0.5667,"x":28.92,"y":-8.55,"curve":"stepped"},{"time":3.2333,"x":39.87,"y":-103.04}],"scale":[{"time":0.5667,"x":0.88,"y":0.88},{"time":1.0667,"x":1,"y":1},{"time":2.0333,"x":0.78,"y":0.78,"curve":"stepped"},{"time":3.2333,"x":0.88,"y":0.88},{"time":3.7333,"x":1,"y":1},{"time":4.7,"x":0.78,"y":0.78}]},"fx_sparkle3":{"rotate":[{"time":1.2,"angle":0,"curve":[0.12,0.51,0.1,0.94]},{"time":2.6667,"angle":-90,"curve":"stepped"},{"time":3.8667,"angle":0,"curve":[0.072,0.34,0.055,0.89]},{"time":5.3333,"angle":-90}],"translate":[{"time":1.2,"x":100.47,"y":85.95,"curve":"stepped"},{"time":3.8667,"x":119.64,"y":65.41}],"scale":[{"time":1.2,"x":0.8,"y":0.8},{"time":1.7,"x":1.05,"y":1.05},{"time":2.6667,"x":0.89,"y":0.89,"curve":"stepped"},{"time":3.8667,"x":0.8,"y":0.8},{"time":4.3667,"x":1.05,"y":1.05},{"time":5.3333,"x":0.89,"y":0.89}]},"fx_sparkle4":{"rotate":[{"time":1.4333,"angle":0,"curve":[0.096,0.44,0.116,0.94]},{"time":2.6667,"angle":-90,"curve":"stepped"},{"time":4.1,"angle":0,"curve":[0.096,0.44,0.116,0.94]},{"time":5.3333,"angle":-90}],"translate":[{"time":1.4333,"x":222.46,"y":-8.9,"curve":"stepped"},{"time":4.1,"x":186.86,"y":126.66}],"scale":[{"time":1.4333,"x":1,"y":1},{"time":1.9,"x":1.2,"y":1.2},{"time":2.6667,"x":1,"y":1,"curve":"stepped"},{"time":4.1,"x":1,"y":1},{"time":4.5667,"x":1.2,"y":1.2},{"time":5.3333,"x":1,"y":1}]}}},"spawn":{"slots":{"fs_2":{"color":[{"time":0.1,"color":"ffffff00"},{"time":0.2333,"color":"ffffff7f"},{"time":0.5,"color":"ffffff46"}],"attachment":[{"time":0.1,"name":"fs"}]}},"bones":{"txt":{"scale":[{"time":0,"x":1,"y":1,"curve":[0.375,0.51,0.75,1]},{"time":0.0667,"x":0.98,"y":0.98,"curve":[0.25,0,0.75,1]},{"time":0.2,"x":1.02,"y":1.02,"curve":[0.25,0,0.714,0.64]},{"time":0.5,"x":1,"y":1}]}}},"win":{"slots":{"fs_2":{"color":[{"time":0,"color":"ffffff46"},{"time":0.0667,"color":"ffffff00"},{"time":0.2,"color":"ffffffff"},{"time":0.7,"color":"ffffff00"}],"attachment":[{"time":0,"name":"fs"}]},"fs_fx01":{"color":[{"time":0,"color":"ffffff00"},{"time":0.1,"color":"ffffffff"},{"time":0.2333,"color":"ffffff00"}],"attachment":[{"time":0,"name":"fs_fx01"},{"time":0.2333,"name":null}]},"fs_fx02":{"color":[{"time":0.0667,"color":"ffffff00"},{"time":0.1333,"color":"ffffffff"},{"time":0.3,"color":"ffffff00"}],"attachment":[{"time":0.0667,"name":"fs_fx02"},{"time":0.3,"name":null}]},"fs_fx03":{"color":[{"time":0.1,"color":"ffffff00"},{"time":0.1667,"color":"ffffffff"},{"time":0.3333,"color":"ffffff00"}],"attachment":[{"time":0.1,"name":"fs_fx03"},{"time":0.3333,"name":null}]},"fs_fx04":{"color":[{"time":0.1333,"color":"ffffff00"},{"time":0.2333,"color":"ffffffff"},{"time":0.4,"color":"ffffff00"}],"attachment":[{"time":0.1333,"name":"fs_fx04"},{"time":0.4,"name":null}]},"fs_fx05":{"color":[{"time":0.1667,"color":"ffffff00"},{"time":0.3,"color":"ffffffff"},{"time":0.5,"color":"ffffff00"}],"attachment":[{"time":0.1667,"name":"fs_fx05"},{"time":0.5,"name":null}]},"fs_fx06":{"color":[{"time":0.2333,"color":"ffffff00"},{"time":0.3333,"color":"ffffffff"},{"time":0.5333,"color":"ffffff00"}],"attachment":[{"time":0.2333,"name":"fs_fx06"},{"time":0.5333,"name":null}]},"fs_fx07":{"color":[{"time":0.3,"color":"ffffff00"},{"time":0.4,"color":"ffffffff"},{"time":0.6,"color":"ffffff00"}],"attachment":[{"time":0.3,"name":"fs_fx07"},{"time":0.6,"name":null}]},"fs_fx08":{"color":[{"time":0.3333,"color":"ffffff00"},{"time":0.5,"color":"ffffffff"},{"time":0.7,"color":"ffffff00"}],"attachment":[{"time":0.3333,"name":"fs_fx08"},{"time":0.7,"name":null}]},"fs_fx09":{"color":[{"time":0.4,"color":"ffffff00"},{"time":0.5333,"color":"ffffffff"},{"time":0.7333,"color":"ffffff00"}],"attachment":[{"time":0.4,"name":"fs_fx09"},{"time":0.7333,"name":null}]},"fs_fx10":{"color":[{"time":0.5,"color":"ffffff00"},{"time":0.6,"color":"ffffffff"},{"time":0.8,"color":"ffffff00"}],"attachment":[{"time":0.5,"name":"fs_fx10"},{"time":0.8,"name":null}]},"fs_fx11":{"color":[{"time":0.5333,"color":"ffffff00"},{"time":0.7,"color":"ffffffff"},{"time":0.8333,"color":"ffffff00"}],"attachment":[{"time":0.5333,"name":"fs_fx11"},{"time":0.8333,"name":null}]},"s_fs_bgfx01":{"color":[{"time":0,"color":"ffffff00"},{"time":0.1333,"color":"ffffffff"},{"time":0.5,"color":"ffffff00"}],"attachment":[{"time":0,"name":"s_fs_bgfx01"},{"time":0.5,"name":null}]},"s_fs_bgfx02":{"color":[{"time":0.0667,"color":"ffffff00"},{"time":0.2,"color":"ffffffff"},{"time":0.5333,"color":"ffffff00"}],"attachment":[{"time":0.0667,"name":"s_fs_bgfx02"},{"time":0.5333,"name":null}]},"s_fs_bgfx03":{"color":[{"time":0.1333,"color":"ffffff00"},{"time":0.2667,"color":"fff5f9ff"},{"time":0.6,"color":"ffffff00"}],"attachment":[{"time":0.1333,"name":"s_fs_bgfx03"},{"time":0.6,"name":null}]},"s_fs_bgfx04":{"color":[{"time":0.1667,"color":"ffffff00"},{"time":0.3333,"color":"ffbed3ff"},{"time":0.6667,"color":"ffffff00"}],"attachment":[{"time":0.1667,"name":"s_fs_bgfx04"},{"time":0.6667,"name":null}]},"s_fs_bgfx05":{"color":[{"time":0.2333,"color":"ffffff00"},{"time":0.3667,"color":"ff7a93ff"},{"time":0.7333,"color":"ffffff00"}],"attachment":[{"time":0.2333,"name":"s_fs_bgfx05"},{"time":0.7333,"name":null}]},"s_fs_bgfx06":{"color":[{"time":0.3,"color":"ffffff00"},{"time":0.4333,"color":"ff626fff"},{"time":0.8,"color":"ffffff00"}],"attachment":[{"time":0.3,"name":"s_fs_bgfx06"},{"time":0.8,"name":null}]},"s_fs_bgfx07":{"color":[{"time":0.3667,"color":"ffffff00"},{"time":0.5,"color":"ff3333ff"},{"time":0.8333,"color":"ffffff00"}],"attachment":[{"time":0.3667,"name":"s_fs_bgfx07"},{"time":0.8333,"name":null}]},"s_fs_fx_sparkle":{"color":[{"time":0,"color":"ffffff00"},{"time":0.1667,"color":"ffffffff"},{"time":0.5333,"color":"ffffff00"}],"attachment":[{"time":0,"name":"s_fs_fx_sparkle"}]},"s_fs_fx_sparkle2":{"color":[{"time":0.1,"color":"ffffff00"},{"time":0.2667,"color":"ffffffff"},{"time":0.6,"color":"ffffff00"}],"attachment":[{"time":0.1,"name":"s_fs_fx_sparkle"}]},"s_fs_fx_sparkle3":{"color":[{"time":0.1,"color":"ffffff00"},{"time":0.2667,"color":"ffffffff"},{"time":0.6,"color":"ffffff00"}],"attachment":[{"time":0.1,"name":"s_fs_fx_sparkle"}]},"s_fs_fx_sparkle4":{"color":[{"time":0.3,"color":"ffffff00"},{"time":0.4667,"color":"ffffffff"},{"time":0.8333,"color":"ffffff00"}],"attachment":[{"time":0.3,"name":"s_fs_fx_sparkle"}]},"s_fs_fx_sparkle5":{"color":[{"time":0.4,"color":"ffffff00"},{"time":0.5667,"color":"ffffffff"},{"time":0.8333,"color":"ffffff00"}],"attachment":[{"time":0.4,"name":"s_fs_fx_sparkle"}]}},"bones":{"txt":{"scale":[{"time":0,"x":1,"y":1,"curve":[0.366,0.49,0.75,1]},{"time":0.0667,"x":0.96,"y":0.96,"curve":[0.25,0,0.75,1]},{"time":0.2333,"x":1.05,"y":1.05,"curve":[0.25,0,0.75,1]},{"time":0.5,"x":0.99,"y":0.99,"curve":[0.25,0,0.75,1]},{"time":0.8333,"x":1,"y":1}]},"fx_sparkle2":{"rotate":[{"time":0.1,"angle":0,"curve":[0.092,0.42,0.111,0.95]},{"time":0.6,"angle":-90}],"translate":[{"time":0.1,"x":28.92,"y":-8.55}],"scale":[{"time":0.1,"x":0.88,"y":0.88},{"time":0.2667,"x":1,"y":1},{"time":0.6,"x":0.78,"y":0.78}]},"fx_sparkle0":{"rotate":[{"time":0,"angle":2.4,"curve":[0.152,0.49,0.231,1]},{"time":0.5333,"angle":-90}],"translate":[{"time":0,"x":-222.66,"y":-116.95}],"scale":[{"time":0,"x":0.6,"y":0.6},{"time":0.2,"x":1.2,"y":1.2},{"time":0.5333,"x":0.6,"y":0.6}]},"fx_sparkle4":{"rotate":[{"time":0.4,"angle":0,"curve":[0.096,0.44,0.116,0.94]},{"time":0.8333,"angle":-90}],"translate":[{"time":0.4,"x":222.46,"y":-8.9}],"scale":[{"time":0.4,"x":1,"y":1},{"time":0.5667,"x":1.2,"y":1.2},{"time":0.8333,"x":1,"y":1}]},"fx_sparkle3":{"rotate":[{"time":0.3,"angle":0,"curve":[0.12,0.51,0.1,0.94]},{"time":0.8333,"angle":-90}],"translate":[{"time":0.3,"x":100.47,"y":85.95}],"scale":[{"time":0.3,"x":0.8,"y":0.8},{"time":0.5,"x":1.05,"y":1.05},{"time":0.8333,"x":0.89,"y":0.89}]},"fx_sparkle1":{"rotate":[{"time":0.1,"angle":0,"curve":[0.16,0.44,0.254,1]},{"time":0.6,"angle":-90}],"translate":[{"time":0.1,"x":-114.69,"y":126.25}],"scale":[{"time":0.1,"x":1,"y":1},{"time":0.3,"x":1.397,"y":1.397},{"time":0.6,"x":1,"y":1}]}}}}},[0]]],0,0,[0],[-1],[0]]