[1,["ecpdLyjvZBwrvm+cedCcQy","5axAftzb5P5oqjf/pOqrD5","dbEWUhTHtFM5Z8RPMIoG/u","beq64nH/BMAZCOF4BoqD09","c0SMPrZ0tHRYfLuC2OKKU3","76rygIn3lLkq4+jWqLaeYd","ebqr+yW6ZOtpMnS6+2RM9G","eaSkcbD8xKxYkHmmqAEyQY","139b5c261","76Oo+hdZBIC58PkmtS6Hpa","6cVO6cMBFMM7/ln6lbXpvg","a2MjXRFdtLlYQ5ouAFv/+R","09PWuX/llKRLH/XAfEOvsN","28rNIufhJMaanTCESkzdIh","33IscwLB9N1Zs+pSPybwCn","72H+3q5jpAZova7Mhjf8Jr","c7rxr6XZtK9J9AdpFMO/UJ","2294YosuJGuLlrBMuay+n3","2cpa0tt1JCY5jWHAHbaMEE"],["node","_N$file","_spriteFrame","root","_textureSetter","_parent","_N$content","parentItem","data"],[["cc.Node",["_name","_opacity","_prefab","_components","_contentSize","_parent","_trs","_children","_anchorPoint","_color"],1,4,9,5,1,7,2,5,5],["cc.Label",["_string","_isSystemFontUsed","_fontSize","_N$verticalAlign","_lineHeight","_N$horizontalAlign","node","_materials","_N$file"],-3,1,3,6],"cc.SpriteFrame",["cc.PrefabInfo",["fileId","root","asset"],2,1,1],["cc.Sprite",["_sizeMode","_type","node","_materials","_spriteFrame"],1,1,3,6],["cc.Mask",["_N$alphaThreshold","_type","node","_materials"],1,1,3],["cc.Prefab",["_name"],2],["cc.ScrollView",["horizontal","brake","bounceDuration","_N$horizontalScrollBar","_N$verticalScrollBar","node","_N$content"],-2,1,1],["c06aeGh69JJKYu1D8xtM1Fn",["node"],3,1],["cc.BlockInputEvents",["node"],3,1],["c1c17E3ypRP6bi2UeaRmXpr",["node","parentItem"],3,1,1],["cc.Layout",["_resize","_N$layoutType","node","_layoutSize"],1,1,5],["b276c7Z0cpB2resRj2n2r/Y",["node"],3,1],["cc.Widget",["_alignFlags","_top","_originalWidth","node"],0,1],["cc.Button",["node","clickEvents"],3,1,9],["cc.ClickEvent",["_componentId","handler","target"],1,1]],[[3,0,1,2],[0,0,5,3,2,4,6,2],[4,0,2,3,4,2],[0,0,5,7,3,2,4,6,2],[1,0,2,4,1,5,3,6,7,8,7],[0,0,1,5,3,2,9,4,8,6,3],[3,0,1,2,2],[12,0,1],[5,1,0,2,3,3],[1,0,2,1,3,6,7,8,5],[1,0,1,6,7,8,3],[0,0,5,3,2,4,8,6,2],[4,2,3,4,1],[0,0,5,3,2,9,4,8,6,2],[1,0,2,1,6,7,8,4],[0,0,5,3,2,9,4,6,2],[8,0,1],[6,0,2],[0,0,7,3,2,4,6,2],[0,0,7,3,2,4,2],[0,0,7,3,2,4,8,6,2],[0,0,5,7,3,2,4,2],[0,0,5,7,2,6,2],[0,0,1,5,3,2,9,4,3],[0,0,5,3,2,4,2],[7,0,1,2,3,4,5,6,6],[3,1,2,1],[9,0,1],[10,0,1,1],[11,0,1,2,3,3],[4,1,0,2,3,4,3],[5,0,2,3,2],[13,0,1,2,3,4],[14,0,1,1],[15,0,1,2,3]],[[[{"name":"top3","rect":[882,1140,50,46],"offset":[0,0],"originalSize":[50,46],"rotated":1,"capInsets":[0,0,0,0]}],[2],0,[0],[4],[8]],[[{"name":"top1","rect":[698,1560,63,50],"offset":[0,0],"originalSize":[63,50],"capInsets":[0,0,0,0]}],[2],0,[0],[4],[8]],[[{"name":"top2","rect":[842,1526,54,52],"offset":[0,0],"originalSize":[54,52],"rotated":1,"capInsets":[0,0,0,0]}],[2],0,[0],[4],[8]],[[[17,"TopTaiXiu"],[18,"scrollview",[-4],[[25,false,0.75,0.23,null,null,-3,-2]],[0,"54ujsiUdNF2KMagJvbhFDG",-1],[5,900,415.9],[0,-55.1,0,0,0,0,1,1,1,1]],[19,"TopTaiXiu",[-10,-11,-12,-13,1,-14,-15,-16,-17],[[16,-6],[27,-7],[28,-9,-8]],[26,-5,0],[5,1280,720]],[20,"ParentItem",[-19,-20,-21,-22,-23,-24,-25,-26,-27,-28],[[29,1,2,-18,[5,900,700]]],[0,"2etpO2dLtLyIZjxvKa9Ajj",1],[5,900,700],[0,0.5,1],[0,213.474,0,0,0,0,1,1,1,1]],[3,"ItemRank",3,[-31,-32,-33,-34,-35,-36],[[7,-29],[2,0,-30,[21],22]],[0,"ddzmNvVtBIv5cB5thMv5k5",1],[5,900,70],[0,-35,0,0,0,0,1,1,1,1]],[3,"ItemRank copy",3,[-39,-40,-41,-42,-43,-44],[[7,-37],[2,0,-38,[49],50]],[0,"7a0/lsaSxA3oSQHWveBvOq",1],[5,900,70],[0,-175,0,0,0,0,1,1,1,1]],[3,"ItemRank copy",3,[-47,-48,-49,-50,-51,-52],[[7,-45],[2,0,-46,[77],78]],[0,"89S+IqeRZD4rt0e517jvJO",1],[5,900,70],[0,-315,0,0,0,0,1,1,1,1]],[3,"ItemRank copy",3,[-55,-56,-57,-58,-59,-60],[[7,-53],[2,0,-54,[105],106]],[0,"74RG66AZdF4aUnd+m1wIxR",1],[5,900,70],[0,-455,0,0,0,0,1,1,1,1]],[3,"ItemRank copy",3,[-63,-64,-65,-66,-67,-68],[[7,-61],[2,0,-62,[133],134]],[0,"3apcp7gWFOR4ovAtV0pdQ8",1],[5,900,70],[0,-595,0,0,0,0,1,1,1,1]],[3,"ItemRank copy",3,[-70,-71,-72,-73,-74,-75],[[7,-69]],[0,"9c/dsPOidNq5R2rqW5G7ds",1],[5,900,70],[0,-105,0,0,0,0,1,1,1,1]],[3,"ItemRank copy",3,[-77,-78,-79,-80,-81,-82],[[7,-76]],[0,"84ZlSCQ3hE0qiTCX8g4dI1",1],[5,900,70],[0,-245,0,0,0,0,1,1,1,1]],[3,"ItemRank copy",3,[-84,-85,-86,-87,-88,-89],[[7,-83]],[0,"7aGW0Sq+JLt7/BYnuSN8Ja",1],[5,900,70],[0,-385,0,0,0,0,1,1,1,1]],[3,"ItemRank copy",3,[-91,-92,-93,-94,-95,-96],[[7,-90]],[0,"8cK1PujztOqrUcNst5jNsT",1],[5,900,70],[0,-525,0,0,0,0,1,1,1,1]],[3,"ItemRank copy",3,[-98,-99,-100,-101,-102,-103],[[7,-97]],[0,"b6bKlUZYtKfKs6htO7qTH0",1],[5,900,70],[0,-665,0,0,0,0,1,1,1,1]],[21,"view",1,[3],[[31,0,-104,[148]],[32,41,1.1546319456101628e-14,900,-105]],[0,"c1dc9Kk/CRJqaNnBOP4YGDS",1],[5,900,415.9]],[22,"ParentHeader",2,[-106,-107,-108],[6,"f8unK01lxAVbB0TZvBIVvP",2,0],[0,-0.86,0,0,0,0,1,1,1,1]],[23,"sprite_splash",150,2,[[2,0,-109,[0],1],[16,-110]],[6,"38JW6WsklH2aHQGARbtgde",2,0],[4,4278190080],[5,1280,720]],[3,"Mask",4,[-112],[[8,1,0,-111,[18]]],[0,"a2NMcDnR1EarybE9ssGuBQ",1],[5,50,50],[-173.15,0.573,0,0,0,0,1,1,1,1]],[3,"Mask",9,[-114],[[8,1,0,-113,[33]]],[0,"9fw6Al42tG4pEDw7cGEAJ7",1],[5,50,50],[-173.15,0.573,0,0,0,0,1,1,1,1]],[3,"Mask",5,[-116],[[8,1,0,-115,[46]]],[0,"9dEhuHMCdACZUAjgdKEbaZ",1],[5,50,50],[-173.15,0.573,0,0,0,0,1,1,1,1]],[3,"Mask",10,[-118],[[8,1,0,-117,[61]]],[0,"e3s9BDqXZNpLzq8ygz1GsW",1],[5,50,50],[-173.15,0.573,0,0,0,0,1,0.9,0.9,1]],[3,"Mask",6,[-120],[[8,1,0,-119,[74]]],[0,"c78cVQRCVNm6X8/Ki4ne+e",1],[5,50,50],[-173.15,0.573,0,0,0,0,1,0.9,0.9,1]],[3,"Mask",11,[-122],[[8,1,0,-121,[89]]],[0,"bcBJ27qmxIa6L7mEvwj8se",1],[5,50,50],[-173.15,0.573,0,0,0,0,1,0.9,0.9,1]],[3,"Mask",7,[-124],[[8,1,0,-123,[102]]],[0,"76M06IZyZNGKeD4XdpFpqh",1],[5,50,50],[-173.15,0.573,0,0,0,0,1,0.9,0.9,1]],[3,"Mask",12,[-126],[[8,1,0,-125,[117]]],[0,"86QzAF/xVLoa2sRyom/l0T",1],[5,50,50],[-173.15,0.573,0,0,0,0,1,0.9,0.9,1]],[3,"Mask",8,[-128],[[8,1,0,-127,[130]]],[0,"78yDJTEQhImLQHaXGnKveM",1],[5,50,50],[-173.15,0.573,0,0,0,0,1,0.9,0.9,1]],[3,"Mask",13,[-130],[[8,1,0,-129,[145]]],[0,"39fDpiz1ZE+7XrkTY0LjSB",1],[5,50,50],[-173.15,0.573,0,0,0,0,1,0.9,0.9,1]],[15,"sprite_splash",2,[[2,0,-132,[149],150]],[0,"33ks6wsmBJK4CMDSu5T4Kx",-131],[4,4278242815],[5,3,416.9],[-247.6,-56.5,0,0,0,0,1,1,1,1]],[15,"sprite_splash copy",2,[[2,0,-134,[151],152]],[0,"15UdG0iChHd7jqtR4P9QDK",-133],[4,4278242815],[5,3,416.9],[139.8,-56.4,0,0,0,0,1,1,1,1]],[3,"BtnClose",2,[-136],[[33,-135,[[34,"c1c17E3ypRP6bi2UeaRmXpr","onClickClose",2]]]],[6,"f7dPVTYqZFLZm6m5QiiS96",2,0],[5,80,80],[481.893,252.507,0,0,0,0,1,1,1,1]],[1,"Alats7_33",2,[[2,0,-137,[2],3]],[6,"aefgTgxy9BYZRNcG15OTek",2,0],[5,982,572],[0,-5,0,0,0,0,1,1,1,1]],[1,"boderNhoCopy",2,[[30,1,0,-138,[4],5]],[6,"d6XPAVPdVP/ptA0WZYp26B",2,0],[5,910,470],[0,-30.584,0,0,0,0,1,1,1,1]],[1,"Title",2,[[10,"XẾP HẠNG TÀI XỈU",false,-139,[6],7]],[6,"87gyPAIThNE6qeorF3bGxI",2,0],[5,401.25,40],[0,272.553,0,0,0,0,1,0.8,0.8,1]],[5,"rank",0,4,[[4,"-",30,20,false,1,1,-140,[8],9]],[0,"1euWXClSxJRZbGg4N8+e3A",1],[4,4278190335],[5,11.25,25.2],[0,0,0.5],[-351.666,2.429,0,0,0,0,1,1,1,1]],[13,"nickName",4,[[4,"-",30,35,false,1,1,-141,[10],11]],[0,"35EiBrij5EyKO7v9AAxrEx",1],[4,4278190335],[5,9.45,44.1],[0,0,0.5],[-135.808,2.429,0,0,0,0,1,1,1,1]],[1,"tongCuoc",4,[[9,"123",50,false,1,-142,[12],13]],[0,"55FLl7FAZGuarAp/xP76Rb",1],[5,52,40],[311.353,-10.143,0,0,0,0,1,1,1,1]],[1,"Rank1_Mini",4,[[12,-143,[14],15]],[0,"ebGt3QoH5NJ64Cw5bb4swn",1],[5,63,50],[-349.995,0,0,0,0,0,1,1,1,1]],[1,"ava",17,[[2,0,-144,[16],17]],[0,"77L/pmE5FO9Jp0JLfMslfY",1],[5,117,120],[0,0,0,0,0,0,1,0.4,0.4,0.4]],[1,"KhungAvatar",4,[[2,0,-145,[19],20]],[0,"9d8xAduutLUI23f9eysP/u",1],[5,60,60],[-173.61,0,0,0,0,0,1,1,1,1]],[5,"rank",0,9,[[4,"-",30,20,false,1,1,-146,[23],24]],[0,"67c9hhGzZPvYr3l0V3ZSwW",1],[4,4278190335],[5,11.25,25.2],[0,0,0.5],[-351.666,2.429,0,0,0,0,1,1,1,1]],[13,"nickName",9,[[4,"-",30,35,false,1,1,-147,[25],26]],[0,"28r5Y/NTZMdprDVHyF1d3k",1],[4,4278255370],[5,9.45,44.1],[0,0,0.5],[-135.808,2.429,0,0,0,0,1,1,1,1]],[1,"tongCuoc",9,[[9,"123",50,false,1,-148,[27],28]],[0,"34ywCDFttEcp6pH/wiriUI",1],[5,52,40],[311.353,-10.143,0,0,0,0,1,1,1,1]],[1,"Rank1_Mini",9,[[12,-149,[29],30]],[0,"09aUVsK1dK/qIbuGQtaTZD",1],[5,54,52],[-349.995,0,0,0,0,0,1,1,1,1]],[1,"ava",18,[[2,0,-150,[31],32]],[0,"65ai8LxchAY5UQqYV5wuhj",1],[5,117,120],[0,0,0,0,0,0,1,0.4,0.4,0.4]],[1,"KhungAvatar",9,[[2,0,-151,[34],35]],[0,"cehWDFvptE2rnYTiibRwwQ",1],[5,60,60],[-173.61,0,0,0,0,0,1,1,1,1]],[5,"rank",0,5,[[4,"-",30,20,false,1,1,-152,[36],37]],[0,"42pxG1QWZJXpzi7nhlhlY0",1],[4,4278190335],[5,11.25,25.2],[0,0,0.5],[-351.666,2.429,0,0,0,0,1,1,1,1]],[13,"nickName",5,[[4,"-",30,35,false,1,1,-153,[38],39]],[0,"81EGHxevFILpN8oW7lNE8T",1],[4,4278247679],[5,9.45,44.1],[0,0,0.5],[-135.808,2.429,0,0,0,0,1,1,1,1]],[1,"tongCuoc",5,[[9,"123",50,false,1,-154,[40],41]],[0,"29QtK4IspK9YgS0v0iPrPQ",1],[5,52,40],[311.353,-10.143,0,0,0,0,1,1,1,1]],[1,"Rank1_Mini",5,[[12,-155,[42],43]],[0,"ddGAHwXkdAJrTnbpkzuXQS",1],[5,50,46],[-349.995,0,0,0,0,0,1,1,1,1]],[1,"ava",19,[[2,0,-156,[44],45]],[0,"4e707F3lxD/a656uBF7pv6",1],[5,117,120],[0,0,0,0,0,0,1,0.4,0.4,0.4]],[1,"KhungAvatar",5,[[2,0,-157,[47],48]],[0,"e4pzGBoE1DAbZ+y4BvOIGN",1],[5,60,60],[-173.61,0,0,0,0,0,1,1,1,1]],[5,"rank",0,10,[[4,"-",30,20,false,1,1,-158,[51],52]],[0,"70gCZqVPFKh5SSszNcuOEo",1],[4,4278190335],[5,11.25,25.2],[0,0,0.5],[-351.666,2.429,0,0,0,0,1,1,1,1]],[11,"nickName",10,[[4,"-",26,35,false,1,1,-159,[53],54]],[0,"41979AAk5ITKg9Mg0HuoDY",1],[5,8.19,44.1],[0,0,0.5],[-135.808,2.429,0,0,0,0,1,1,1,1]],[1,"tongCuoc",10,[[9,"123",45,false,1,-160,[55],56]],[0,"adCYg5kYpPGJ7gDSDZYily",1],[5,46.8,40],[311.353,-1.539,0,0,0,0,1,1,1,1]],[1,"Rank1_Mini",10,[[10,"4",false,-161,[57],58]],[0,"caQ++ODL5AxYVLfsg3uPyT",1],[5,24.61,50.4],[-349.995,0,0,0,0,0,1,0.6,0.6,1]],[1,"ava",20,[[2,0,-162,[59],60]],[0,"b2do/YivhJD6AR8a6AXPVe",1],[5,117,120],[0,0,0,0,0,0,1,0.4,0.4,0.4]],[1,"KhungAvatar",10,[[2,0,-163,[62],63]],[0,"931x/AgLdPALAg/av6+7fv",1],[5,60,60],[-173.61,0,0,0,0,0,1,0.9,0.9,1]],[5,"rank",0,6,[[4,"-",30,20,false,1,1,-164,[64],65]],[0,"99ytgagzRH8q3rES4OBliJ",1],[4,4278190335],[5,11.25,25.2],[0,0,0.5],[-351.666,2.429,0,0,0,0,1,1,1,1]],[11,"nickName",6,[[4,"-",26,35,false,1,1,-165,[66],67]],[0,"a96DdJIA1GVal7n2dtJcdS",1],[5,8.19,44.1],[0,0,0.5],[-135.808,2.429,0,0,0,0,1,1,1,1]],[1,"tongCuoc",6,[[9,"123",45,false,1,-166,[68],69]],[0,"45mzppkslDDpnGU3KFyNUi",1],[5,46.8,40],[311.353,-1.539,0,0,0,0,1,1,1,1]],[1,"Rank1_Mini",6,[[10,"5",false,-167,[70],71]],[0,"cbMYIk6M1FsaHWCGuHXJQM",1],[5,24.61,50.4],[-349.995,0,0,0,0,0,1,0.6,0.6,1]],[1,"ava",21,[[2,0,-168,[72],73]],[0,"92vJTVJ4lEeIGACASqs9es",1],[5,117,120],[0,0,0,0,0,0,1,0.4,0.4,0.4]],[1,"KhungAvatar",6,[[2,0,-169,[75],76]],[0,"a2S0Y8af9L54kfW/Ordi5G",1],[5,60,60],[-173.61,0,0,0,0,0,1,0.9,0.9,1]],[5,"rank",0,11,[[4,"-",30,20,false,1,1,-170,[79],80]],[0,"66DiTGYNZGybDjS/2zvzyn",1],[4,4278190335],[5,11.25,25.2],[0,0,0.5],[-351.666,2.429,0,0,0,0,1,1,1,1]],[11,"nickName",11,[[4,"-",26,35,false,1,1,-171,[81],82]],[0,"bbyaO/vsFDbI8J6VYSzp9b",1],[5,8.19,44.1],[0,0,0.5],[-135.808,2.429,0,0,0,0,1,1,1,1]],[1,"tongCuoc",11,[[9,"123",45,false,1,-172,[83],84]],[0,"33lEjgBGVG/bNJ/BElPvBO",1],[5,46.8,40],[311.353,-1.539,0,0,0,0,1,1,1,1]],[1,"Rank1_Mini",11,[[10,"6",false,-173,[85],86]],[0,"728aVMu3tMJa6K+CoyTwft",1],[5,24.61,50.4],[-349.995,0,0,0,0,0,1,0.6,0.6,1]],[1,"ava",22,[[2,0,-174,[87],88]],[0,"15eiH3n6xOf7xPHQ3AsanZ",1],[5,117,120],[0,0,0,0,0,0,1,0.4,0.4,0.4]],[1,"KhungAvatar",11,[[2,0,-175,[90],91]],[0,"a1u0gGAxBGv6n6eJg4bWwu",1],[5,60,60],[-173.61,0,0,0,0,0,1,0.9,0.9,1]],[5,"rank",0,7,[[4,"-",30,20,false,1,1,-176,[92],93]],[0,"dfNOxdgmxJLYa7lsc85h3/",1],[4,4278190335],[5,11.25,25.2],[0,0,0.5],[-351.666,2.429,0,0,0,0,1,1,1,1]],[11,"nickName",7,[[4,"-",26,35,false,1,1,-177,[94],95]],[0,"1eHo9ddMNPDJHHa4XPrh7T",1],[5,8.19,44.1],[0,0,0.5],[-135.808,2.429,0,0,0,0,1,1,1,1]],[1,"tongCuoc",7,[[9,"123",45,false,1,-178,[96],97]],[0,"f4Cv7s6tpHWorb2nIm754u",1],[5,46.8,40],[311.353,-1.539,0,0,0,0,1,1,1,1]],[1,"Rank1_Mini",7,[[10,"7",false,-179,[98],99]],[0,"37AIW92fJCM4VNO6hK9CPP",1],[5,24.61,50.4],[-349.995,0,0,0,0,0,1,0.6,0.6,1]],[1,"ava",23,[[2,0,-180,[100],101]],[0,"cer7Rq1MtMXqHG7pIe9y1I",1],[5,117,120],[0,0,0,0,0,0,1,0.4,0.4,0.4]],[1,"KhungAvatar",7,[[2,0,-181,[103],104]],[0,"829bKpXcBFxbEEPyBGU08f",1],[5,60,60],[-173.61,0,0,0,0,0,1,0.9,0.9,1]],[5,"rank",0,12,[[4,"-",30,20,false,1,1,-182,[107],108]],[0,"d5i80rgL9Hc5DUzSPYmNEM",1],[4,4278190335],[5,11.25,25.2],[0,0,0.5],[-351.666,2.429,0,0,0,0,1,1,1,1]],[11,"nickName",12,[[4,"-",26,35,false,1,1,-183,[109],110]],[0,"b7zLPX4e5Pb55M40lXfzI0",1],[5,8.19,44.1],[0,0,0.5],[-135.808,2.429,0,0,0,0,1,1,1,1]],[1,"tongCuoc",12,[[9,"123",45,false,1,-184,[111],112]],[0,"42ux4efBpHg6F+b3l3EYMf",1],[5,46.8,40],[311.353,-1.539,0,0,0,0,1,1,1,1]],[1,"Rank1_Mini",12,[[10,"8",false,-185,[113],114]],[0,"23j3nBK/9FM5IFWm857+0b",1],[5,24.61,50.4],[-349.995,0,0,0,0,0,1,0.6,0.6,1]],[1,"ava",24,[[2,0,-186,[115],116]],[0,"311flOtKVIq4I1GXe30oW/",1],[5,117,120],[0,0,0,0,0,0,1,0.4,0.4,0.4]],[1,"KhungAvatar",12,[[2,0,-187,[118],119]],[0,"c3HbfODsVCLbSWyJsWYKW5",1],[5,60,60],[-173.61,0,0,0,0,0,1,0.9,0.9,1]],[5,"rank",0,8,[[4,"-",30,20,false,1,1,-188,[120],121]],[0,"d3f2fVrhlCj6CLmEZ7HOg5",1],[4,4278190335],[5,11.25,25.2],[0,0,0.5],[-351.666,2.429,0,0,0,0,1,1,1,1]],[11,"nickName",8,[[4,"-",26,35,false,1,1,-189,[122],123]],[0,"e97T85U1FADbEIrySaifQ0",1],[5,8.19,44.1],[0,0,0.5],[-135.808,2.429,0,0,0,0,1,1,1,1]],[1,"tongCuoc",8,[[9,"123",45,false,1,-190,[124],125]],[0,"86bqb/QCJJ8LNUIQjnNHSr",1],[5,46.8,40],[311.353,-1.539,0,0,0,0,1,1,1,1]],[1,"Rank1_Mini",8,[[10,"9",false,-191,[126],127]],[0,"85qePkG5lG3ofCiElZJ/G8",1],[5,24.61,50.4],[-349.995,0,0,0,0,0,1,0.6,0.6,1]],[1,"ava",25,[[2,0,-192,[128],129]],[0,"3fJrvLK/1FrKV4+ZUbsZpl",1],[5,117,120],[0,0,0,0,0,0,1,0.4,0.4,0.4]],[1,"KhungAvatar",8,[[2,0,-193,[131],132]],[0,"8aV0zQYhRAwb+OYzQmHl8U",1],[5,60,60],[-173.61,0,0,0,0,0,1,0.9,0.9,1]],[5,"rank",0,13,[[4,"-",30,20,false,1,1,-194,[135],136]],[0,"7dCpppmFhM5Kkyb1ie19z7",1],[4,4278190335],[5,11.25,25.2],[0,0,0.5],[-351.666,2.429,0,0,0,0,1,1,1,1]],[11,"nickName",13,[[4,"-",26,35,false,1,1,-195,[137],138]],[0,"bdF/bJn6hGj5R3BkycDn3h",1],[5,8.19,44.1],[0,0,0.5],[-135.808,2.429,0,0,0,0,1,1,1,1]],[1,"tongCuoc",13,[[9,"123",45,false,1,-196,[139],140]],[0,"d3xUguDFpKgJ7kdj/W9uDB",1],[5,46.8,40],[311.353,-1.539,0,0,0,0,1,1,1,1]],[1,"Rank1_Mini",13,[[10,"10",false,-197,[141],142]],[0,"409tDDPdtOrIlQ+ifDDlMY",1],[5,49.22,50.4],[-349.995,0,0,0,0,0,1,0.6,0.6,1]],[1,"ava",26,[[2,0,-198,[143],144]],[0,"bcQvy/MkRA/JTDE7LBydN/",1],[5,117,120],[0,0,0,0,0,0,1,0.4,0.4,0.4]],[1,"KhungAvatar",13,[[2,0,-199,[146],147]],[0,"00caHKL4NHHLc5wHy/47g2",1],[5,60,60],[-173.61,0,0,0,0,0,1,0.9,0.9,1]],[1,"Font-export",15,[[14,"Hạng",30,false,-200,[153],154]],[6,"c4KsLH/MpJPKCVT0nqQM+7",2,0],[5,75,40],[-342.771,181.248,0,0,0,0,1,1,1,1]],[1,"Font-export copy",15,[[14,"Tên Hiển Thị",30,false,-201,[155],156]],[6,"6cLVsEor5EMaY8+u9oINIz",2,0],[5,183.75,40],[-47.055,181.248,0,0,0,0,1,1,1,1]],[1,"Font-export copy",15,[[14,"Tổng Thắng",30,false,-202,[157],158]],[6,"ab0CyQkUtO7bFwVwceZ5w6",2,0],[5,177.19,40],[309.609,179.265,0,0,0,0,1,1,1,1]],[24,"icTopexit",29,[[12,-203,[159],160]],[6,"d8ZGtKWLtISYBzVmr7Tqq9",2,0],[5,76,80]]],0,[0,3,1,0,6,3,0,0,1,0,-1,14,0,3,2,0,0,2,0,0,2,0,7,3,0,0,2,0,-1,16,0,-2,30,0,-3,31,0,-4,32,0,-6,27,0,-7,28,0,-8,15,0,-9,29,0,0,3,0,-1,4,0,-2,9,0,-3,5,0,-4,10,0,-5,6,0,-6,11,0,-7,7,0,-8,12,0,-9,8,0,-10,13,0,0,4,0,0,4,0,-1,33,0,-2,34,0,-3,35,0,-4,36,0,-5,17,0,-6,38,0,0,5,0,0,5,0,-1,45,0,-2,46,0,-3,47,0,-4,48,0,-5,19,0,-6,50,0,0,6,0,0,6,0,-1,57,0,-2,58,0,-3,59,0,-4,60,0,-5,21,0,-6,62,0,0,7,0,0,7,0,-1,69,0,-2,70,0,-3,71,0,-4,72,0,-5,23,0,-6,74,0,0,8,0,0,8,0,-1,81,0,-2,82,0,-3,83,0,-4,84,0,-5,25,0,-6,86,0,0,9,0,-1,39,0,-2,40,0,-3,41,0,-4,42,0,-5,18,0,-6,44,0,0,10,0,-1,51,0,-2,52,0,-3,53,0,-4,54,0,-5,20,0,-6,56,0,0,11,0,-1,63,0,-2,64,0,-3,65,0,-4,66,0,-5,22,0,-6,68,0,0,12,0,-1,75,0,-2,76,0,-3,77,0,-4,78,0,-5,24,0,-6,80,0,0,13,0,-1,87,0,-2,88,0,-3,89,0,-4,90,0,-5,26,0,-6,92,0,0,14,0,0,14,0,-1,93,0,-2,94,0,-3,95,0,0,16,0,0,16,0,0,17,0,-1,37,0,0,18,0,-1,43,0,0,19,0,-1,49,0,0,20,0,-1,55,0,0,21,0,-1,61,0,0,22,0,-1,67,0,0,23,0,-1,73,0,0,24,0,-1,79,0,0,25,0,-1,85,0,0,26,0,-1,91,0,3,27,0,0,27,0,3,28,0,0,28,0,0,29,0,-1,96,0,0,30,0,0,31,0,0,32,0,0,33,0,0,34,0,0,35,0,0,36,0,0,37,0,0,38,0,0,39,0,0,40,0,0,41,0,0,42,0,0,43,0,0,44,0,0,45,0,0,46,0,0,47,0,0,48,0,0,49,0,0,50,0,0,51,0,0,52,0,0,53,0,0,54,0,0,55,0,0,56,0,0,57,0,0,58,0,0,59,0,0,60,0,0,61,0,0,62,0,0,63,0,0,64,0,0,65,0,0,66,0,0,67,0,0,68,0,0,69,0,0,70,0,0,71,0,0,72,0,0,73,0,0,74,0,0,75,0,0,76,0,0,77,0,0,78,0,0,79,0,0,80,0,0,81,0,0,82,0,0,83,0,0,84,0,0,85,0,0,86,0,0,87,0,0,88,0,0,89,0,0,90,0,0,91,0,0,92,0,0,93,0,0,94,0,0,95,0,0,96,0,8,2,1,5,2,3,5,14,203],[0,0,0,0,0,0,0,0,0,0,0,0,0,0,0,0,0,0,0,0,0,0,0,0,0,0,0,0,0,0,0,0,0,0,0,0,0,0,0,0,0,0,0,0,0,0,0,0,0,0,0,0,0,0,0,0,0,0,0,0,0,0,0,0,0,0,0,0,0,0,0,0,0,0,0,0,0,0,0,0,0,0,0,0,0,0,0,0,0,0,0,0,0,0,0,0,0,0,0,0,0,0,0,0,0,0,0,0,0,0,0,0,0,0,0,0,0,0,0,0,0,0,0,0,0,0,0,0,0,0,0,0,0,0,0,0,0,0,0,0,0,0,0,0,0,0,0,0,0,0,0,0,0,0,0,0,0,0,0,0,0],[-1,2,-1,2,-1,2,-1,1,-1,1,-1,1,-1,1,-1,2,-1,2,-1,-1,2,-1,2,-1,1,-1,1,-1,1,-1,2,-1,2,-1,-1,2,-1,1,-1,1,-1,1,-1,2,-1,2,-1,-1,2,-1,2,-1,1,-1,1,-1,1,-1,1,-1,2,-1,-1,2,-1,1,-1,1,-1,1,-1,1,-1,2,-1,-1,2,-1,2,-1,1,-1,1,-1,1,-1,1,-1,2,-1,-1,2,-1,1,-1,1,-1,1,-1,1,-1,2,-1,-1,2,-1,2,-1,1,-1,1,-1,1,-1,1,-1,2,-1,-1,2,-1,1,-1,1,-1,1,-1,1,-1,2,-1,-1,2,-1,2,-1,1,-1,1,-1,1,-1,1,-1,2,-1,-1,2,-1,-1,2,-1,2,-1,1,-1,1,-1,1,-1,2],[0,11,0,12,0,13,0,14,0,1,0,2,0,3,0,15,0,4,0,0,5,0,7,0,1,0,2,0,3,0,16,0,4,0,0,5,0,1,0,2,0,3,0,17,0,4,0,0,5,0,7,0,1,0,2,0,3,0,6,0,4,0,0,5,0,1,0,2,0,3,0,6,0,4,0,0,5,0,7,0,1,0,2,0,3,0,6,0,4,0,0,5,0,1,0,2,0,3,0,6,0,4,0,0,5,0,7,0,1,0,2,0,3,0,6,0,4,0,0,5,0,1,0,2,0,3,0,6,0,4,0,0,5,0,7,0,1,0,2,0,3,0,6,0,4,0,0,5,0,0,10,0,10,0,9,0,9,0,9,0,18]]]]