[1,["38Mi1qCr1AR4Ni5ZZeUgrn"],["_textureSetter"],["cc.SpriteFrame"],0,[[[{"name":"xx5_1","rect":[96,104,95,106],"offset":[0,0],"originalSize":[95,106],"capInsets":[0,0,0,0]}],[0],0,[0],[0],[0]],[[{"name":"xx6_1","rect":[0,210,95,106],"offset":[0,0],"originalSize":[95,106],"capInsets":[0,0,0,0]}],[0],0,[0],[0],[0]],[[{"name":"xx2_1","rect":[288,212,95,106],"offset":[0,0],"originalSize":[95,106],"capInsets":[0,0,0,0]}],[0],0,[0],[0],[0]],[[{"name":"xx4_1","rect":[384,105,95,106],"offset":[0,0],"originalSize":[95,106],"capInsets":[0,0,0,0]}],[0],0,[0],[0],[0]],[[{"name":"xx1_1","rect":[192,0,95,106],"offset":[0,0],"originalSize":[95,106],"capInsets":[0,0,0,0]}],[0],0,[0],[0],[0]],[[{"name":"xx3_1","rect":[192,319,95,106],"offset":[0,0],"originalSize":[95,106],"capInsets":[0,0,0,0]}],[0],0,[0],[0],[0]]]]