[1,["1fadcae7f","e31OElrbxAZ5/U31jmzoGs","beoXOX6pBHD4pgbuRrwXV3","059AxyzJRPPptM8xCl83WU","5d1IxIoypJjYvXFM/TIY74","0081+TBcVMsINPl2e1vhmd","1diPRU2UhDUrcH56Y95KoJ","e8Sx+JF/hM+5Kp694BlAOO","9dM01khkBKI6Mhp7IhlUgO","52irCSfhxPZY2p5wZZsryv","a27lGISzpLXoGeE2EcEBch","bb1uvs3jdBXJU9u7Ydl/ye","4dIPHH/1JP5qbRtexS3yem","02ot9e5ctCz5ZKteJcFlQ7","0cTjhc2F1O36//jwD9PJOh","9dJK0pcytGmZOXsNGcrPnY","4fg3NXbv5Nx7TU2nwCV5Zd","87upprKKNGLb3p2lYrrqWS","67o6W0bQtBiYDNBbmE4/vK"],["_textureSetter","xx1_1","xx1_2","xx1_3","xx2_1","xx2_2","xx2_3","xx3_1","xx3_2","xx3_3","xx4_1","xx4_2","xx4_3","xx5_1","xx5_2","xx5_3","xx6_1","xx6_2","xx6_3"],["cc.SpriteFrame",["cc.SpriteAtlas",["_name","_spriteFrames"],2,11]],[[1,0,1,2]],[[[{"name":"xx2_2","rect":[1912,677,95,106],"offset":[0,0],"originalSize":[95,106],"rotated":1,"capInsets":[0,0,0,0]}],[0],0,[0],[0],[0]],[[{"name":"xx1_3","rect":[1888,980,95,104],"offset":[0,0],"originalSize":[95,104],"rotated":1,"capInsets":[0,0,0,0]}],[0],0,[0],[0],[0]],[[{"name":"xx5_2","rect":[1418,1342,95,103],"offset":[0,0],"originalSize":[95,103],"rotated":1,"capInsets":[0,0,0,0]}],[0],0,[0],[0],[0]],[[[0,"dice_result.plist",[{},"xx1_1",6,0,"xx1_2",6,1,"xx1_3",6,2,"xx2_1",6,3,"xx2_2",6,4,"xx2_3",6,5,"xx3_1",6,6,"xx3_2",6,7,"xx3_3",6,8,"xx4_1",6,9,"xx4_2",6,10,"xx4_3",6,11,"xx5_1",6,12,"xx5_2",6,13,"xx5_3",6,14,"xx6_1",6,15,"xx6_2",6,16,"xx6_3",6,17]]],0,0,[0,0,0,0,0,0,0,0,0,0,0,0,0,0,0,0,0,0],[1,2,3,4,5,6,7,8,9,10,11,12,13,14,15,16,17,18],[1,2,3,4,5,6,7,8,9,10,11,12,13,14,15,16,17,18]],[[{"name":"xx2_3","rect":[1888,1081,95,104],"offset":[0,0],"originalSize":[95,104],"rotated":1,"capInsets":[0,0,0,0]}],[0],0,[0],[0],[0]],[[{"name":"xx4_3","rect":[1888,1182,95,104],"offset":[0,0],"originalSize":[95,104],"rotated":1,"capInsets":[0,0,0,0]}],[0],0,[0],[0],[0]],[[{"name":"xx3_3","rect":[1439,1241,95,104],"offset":[0,0],"originalSize":[95,104],"rotated":1,"capInsets":[0,0,0,0]}],[0],0,[0],[0],[0]],[[{"name":"xx6_3","rect":[1031,1068,95,104],"offset":[0,0],"originalSize":[95,104],"capInsets":[0,0,0,0]}],[0],0,[0],[0],[0]],[[{"name":"xx6_2","rect":[1031,1178,95,104],"offset":[0,0],"originalSize":[95,104],"capInsets":[0,0,0,0]}],[0],0,[0],[0],[0]],[[{"name":"xx5_3","rect":[1031,1288,95,104],"offset":[0,0],"originalSize":[95,104],"capInsets":[0,0,0,0]}],[0],0,[0],[0],[0]],[[{"name":"xx3_2","rect":[1463,837,95,106],"offset":[0,0],"originalSize":[95,106],"rotated":1,"capInsets":[0,0,0,0]}],[0],0,[0],[0],[0]],[[{"name":"xx4_2","rect":[1018,1398,95,104],"offset":[0,0],"originalSize":[95,104],"rotated":1,"capInsets":[0,0,0,0]}],[0],0,[0],[0],[0]],[[{"name":"xx1_2","rect":[1018,1499,95,104],"offset":[0,0],"originalSize":[95,104],"rotated":1,"capInsets":[0,0,0,0]}],[0],0,[0],[0],[0]]]]