{"paths":{"0":["Img/click_b",1],"1":["Audio/fsWonTitle",4],"2":["Audio/symMultiReachB",4],"3":["Audio/uiStart",4],"4":["Audio/featureBuyBtn",4],"5":["Atlat/wh_vfx_i_normal_1x2",1],"6":["Atlat/IbMoney/ib_vfx_b_add_loop",1],"7":["Audio/featureBuyHover",4],"8":["Atlat/coin",1],"9":["Spine/l_q_a_atlas_symbols",8],"10":["Atlat/wh_vfx_i_normal_1x4",1],"11":["Audio/spinStop",4],"12":["Atlat/BwVFX/bw_vfx_j_add-6",1],"13":["Atlat/Shuff/shuffle_vfx_a_normal_1x3",1],"14":["Img/60795da1-cc31-4d07-a7ea-f5bff0590361",1],"15":["Atlat/Scater/scatter_vfx_b_add",1],"16":["Img/click_c",1],"17":["Spine/h_neko_cd_atlas_symbols",8],"18":["Audio/menu_icon_press",4],"19":["Audio/fsSpin",4],"20":["Atlat/TakeItem2/wh_vfx_e_add_02-0",1],"21":["Atlat/TakeItem1/wh_vfx_e_add",1],"22":["Atlat/sd_vfx_b_normal",1],"23":["Audio/featureBuyStart",4],"24":["Audio/spinBtn",4],"25":["Audio/symShrink",4],"26":["Audio/fsWonRemainingIncrease",4],"27":["Img/01",1],"28":["Audio/bgm_totalwin_main",4],"29":["Spine/l_k_a_atlas_symbols",8],"30":["Atlat/TakeItem4/wh_vfx_b_screen_1x4",1],"31":["Spine/SpineNew/btnTurbo/skeleton",8],"32":["Audio/list_item_click",4],"33":["Audio/symRouletteStart",4],"34":["Audio/symCollapse",4],"35":["Atlat/BtnSpin/sb_vfx_a_add_00-1",1],"36":["Audio/prizeInfobarTotalwin",4],"37":["Atlat/bl_vfx_b_screen",1],"38":["Spine/h_drum_a_atlas_symbols",8],"39":["Audio/bgm_bigwin_main",4],"40":["Atlat/TakeItem2/wh_vfx_f_normal",1],"41":["Spine/h_drum_b_atlas_symbols",8],"42":["Audio/bgm_bigwin_end",4],"43":["Spine/h_f_sushi_b_atlas_symbols",8],"44":["Audio/wallet_counting_above",4],"45":["BitMapFont/font2",1],"46":["Atlat/Shuff/shuffle_vfx_b_normal_1x3",1],"47":["Atlat/BwVFX/bw_vfx_j_add-5",1],"48":["BitMapFont/font4",1],"49":["Audio/scatterWinHighlight",4],"50":["Atlat/tw_vfx_d_add",1],"51":["Atlat/BwVFX/bw_vfx_j_add-4",1],"52":["Atlat/BwVFX/bw_vfx_j_add-2",1],"53":["Atlat/Scater/scatter_vfx_b_add_loop",1],"54":["Atlat/sd_vfx",1],"55":["Audio/prizePayoutHighlight",4],"56":["Audio/symMultiSpawn",4],"57":["Atlat/Shuff/shuffle_vfx_b_normal_1x4",1],"58":["Spine/h_lantern_b_atlas_symbols",8],"59":["Img/b02068d1-27d7-4cea-b744-3cc83bf9d959",1],"60":["Spine/specials",1],"61":["Img/01eb75fa-8e3b-40ff-aae1-026118f43ceb",1],"62":["Audio/symMultiReach",4],"63":["Atlat/IbMoney/ib_vfx_b_add",1],"64":["Audio/heartbeat",4],"65":["Audio/uiCollect",4],"66":["Audio/prizePayoutHighlightStart",4],"67":["Audio/bgm_fs",4],"68":["Atlat/wh_vfx_e_add_02-1",1],"69":["Atlat/TakeItem1/wh_vfx_f_normal2",1],"70":["Atlat/TakeItem3/wh_vfx_b_screen_1x3",1],"71":["Spine/h_fan_b_atlas_symbols",8],"72":["Atlat/Alats5",1],"73":["Audio/featureBuyCancel",4],"74":["Spine/h_neko_a_atlas_symbols",8],"75":["Atlat/Alats1",1],"76":["Spine/l_10_b_atlas_symbols",8],"77":["Atlat/TakeItem1/wh_vfx_b_screen",1],"78":["Spine/SpineNew/btnTurbo/skeleton",1],"79":["Atlat/bw_vfx_a_normal",1],"80":["Img/18ae2916-3403-44a0-ad33-d36599073dfc",1],"81":["Atlat/fb_buttonAtlat",1],"82":["BitMapFont/font5",1],"83":["Audio/slider_effect",4],"84":["Spine/h_lantern_a_atlas_symbols",8],"85":["Atlat/Shuff/shuffle_vfx_a_normal_1x2",1],"86":["Spine/s_wild_b_atlas_symbols",8],"87":["Atlat/FreeSpin/fs_vfx_a_add",1],"88":["Img/033",1],"89":["Audio/prizeInfobarTotalwinMedMain",4],"90":["Atlat/BwVFX/bw_vfx_j_add-7",1],"91":["Spine/l_a_b_atlas_symbols",8],"92":["Spine/l_10_a_atlas_symbols",8],"93":["Atlat/BwVFX/bw_vfx_j_add-1",1],"94":["Img/055",1],"95":["Img/044",1],"96":["Spine/h_neko_b_atlas_symbols",8],"97":["Img/click_a",1],"98":["Audio/spinActiveLoop",4],"99":["Atlat/IbMoney/BwVfx2/bw_vfx_i_add-0",1],"100":["Audio/symMultiFly",4],"101":["Audio/takeSymTop",4],"102":["Atlat/IbMoney/BwVfx2/bw_vfx_i_add-2",1],"103":["Spine/h_fan_a_atlas_symbols",8],"104":["Spine/l_k_b_atlas_symbols",8],"105":["Img/ruleJNeko",1],"106":["Audio/fsIntro",4],"107":["Spine/s_wild_c_atlas_symbols",8],"108":["Audio/symMultiFlyB",4],"109":["Spine/s_wild_a_atlas_symbols",8],"110":["Audio/symRouletteRolling",4],"111":["Audio/fastspinStart",4],"112":["Audio/prizeInfobarTotalwinMedEnd",4],"113":["Audio/heartbeatSlowdrop",4],"114":["Atlat/Alats4",1],"115":["Audio/fastspinEnd",4],"116":["BitMapFont/font1",1],"117":["Atlat/BtnSpin/sb_vfx_a_add_00-0",1],"118":["Audio/bgm_mg",4],"119":["Audio/heartbeatNoise",4],"120":["Spine/s_wild_d_atlas_symbols",8],"121":["BitMapFont/font3",1],"122":["Spine/l_j_b_atlas_symbols",8],"123":["Atlat/TakeItem2/wh_vfx_b_screen_1x2",1],"124":["Atlat/bl_vfx_a_screen",1],"125":["Atlat/FreeSpin/fs_vfx_b_screen",1],"126":["Audio/symWild",4],"127":["Audio/symScatter",4],"128":["Spine/SpineNew/ChangeView/change",1],"129":["Audio/prizeWinMultiplied",4],"130":["Spine/SpineNew/ChangeView/change",8],"131":["Spine/s_scatter_b_atlas_symbols",8],"132":["Atlat/IbMoney/BwVfx2/bw_vfx_i_add-1",1],"133":["Img/launch",1],"134":["Atlat/BwVFX/bw_vfx_j_add-0",1],"135":["Spine/symbols",1],"136":["Audio/uiInfo",4],"137":["Audio/bgm_bigwin_end_coin",4],"138":["Spine/s_scatter_a_atlas_symbols",8],"139":["Spine/h_sushi_a_atlas_symbols",8],"140":["Atlat/Shuff/shuffle_vfx_b_normal_1x2",1],"141":["Spine/l_j_a_atlas_symbols",8],"142":["Atlat/Alats3",1],"143":["Audio/symRouletteEnd",4],"144":["Spine/l_q_b_atlas_symbols",8],"145":["Spine/h_f_sushi_a_atlas_symbols",8],"146":["Atlat/Scater/s_scatter",1],"147":["Audio/prizeSmallwin",4],"148":["Spine/h_sushi_b_atlas_symbols",8],"149":["Atlat/Alats24",1],"150":["Img/02",1],"151":["Audio/bgm_totalwin_end",4],"152":["Atlat/BwVFX/bw_vfx_j_add-3",1],"153":["Atlat/Shuff/shuffle_vfx_a_normal_1x4",1],"154":["Spine/l_a_a_atlas_symbols",8],"155":["Img/033",3,1],"156":["BitMapFont/font4",5],"158":["Atlat/wh_vfx_e_add_02-1",2],"159":["Spine/l_a_a_atlas_symbols",7],"160":["Animation/StartLapLanhIbMutil",0],"161":["Animation/ShowMega",0],"162":["Atlat/Scater/scatter_vfx_b_add_loop",2],"163":["Atlat/wh_vfx_i_normal_1x2",2],"164":["Atlat/Scater/s_scatter",2],"165":["Atlat/bl_vfx_a_screen",2],"166":["Img/launch",3,1],"167":["Atlat/Text",2],"168":["Spine/h_f_sushi_a_atlas_symbols",7],"169":["Spine/specials",3,1],"171":["Atlat/NewUISakura/bgiwin_gate",3,1],"173":["Atlat/TakeItem1/wh_vfx_b_screen",2],"175":["Atlat/Shuff/shuffle_vfx_b_normal_1x3",2],"176":["Animation/TakeItem2",0],"177":["Spine/s_scatter_b_atlas_symbols",7],"179":["Animation/LoopLapLanhIB",0],"180":["Atlat/TakeItem1/wh_vfx_f_normal2",2],"181":["Atlat/Shuff/shuffle_vfx_a_normal_1x3",2],"182":["Animation/LoopLapLanh",0],"183":["Animation/EndNearFS",0],"184":["Img/044",3,1],"187":["Img/ruleJNeko",3,1],"188":["Animation/AddScater",0],"189":["Atlat/NewUISakura/arrow",3,1],"190":["Atlat/NewUISakura/mainbg",3,1],"191":["Spine/l_q_b_atlas_symbols",7],"192":["Spine/h_neko_a_atlas_symbols",7],"193":["Spine/h_lantern_b_atlas_symbols",7],"194":["Animation/Xu",0],"195":["Animation/BtnSpin",0],"196":["Spine/h_f_sushi_b_atlas_symbols",7],"197":["Spine/symbols",3,1],"198":["Animation/Shuff2",0],"199":["Atlat/sd_vfx",2],"200":["Atlat/Shuff/shuffle_vfx_a_normal_1x4",2],"201":["Spine/SpineNew/ChangeView/change",7],"202":["Atlat/TakeItem2/wh_vfx_f_normal",2],"203":["Atlat/BtnSpin/sb_vfx_a_add_00-1",2],"204":["Atlat/TakeItem4/wh_vfx_b_screen_1x4",2],"205":["Animation/StartNearFS",0],"206":["Img/055",3,1],"207":["Animation/EndTakeItem1",0],"208":["Spine/h_drum_a_atlas_symbols",7],"209":["Spine/s_wild_c_atlas_symbols",7],"210":["Img/60795da1-cc31-4d07-a7ea-f5bff0590361",3,1],"211":["BitMapFont/font2",3,1],"212":["Spine/h_neko_b_atlas_symbols",7],"213":["Atlat/NewUISakura/EndFreeSpinBg",3,1],"215":["Spine/l_q_a_atlas_symbols",7],"216":["Atlat/TakeItem1/wh_vfx_e_add",2],"217":["Spine/l_10_a_atlas_symbols",7],"218":["Spine/s_wild_d_atlas_symbols",7],"219":["Animation/CoinIBMutil",0],"220":["Spine/h_lantern_a_atlas_symbols",7],"221":["Animation/Shuff3",0],"222":["Spine/h_sushi_b_atlas_symbols",7],"224":["Atlat/tw_vfx_d_add",2],"225":["Atlat/NewUISakura/board_bg",3,1],"226":["Img/18ae2916-3403-44a0-ad33-d36599073dfc",3,1],"227":["BitMapFont/font3",5],"228":["Animation/ShowTakeFs1",0],"229":["Spine/h_drum_b_atlas_symbols",7],"230":["Animation/EndTakeItem3",0],"231":["Spine/SpineNew/ChangeView/change",3,1],"232":["BitMapFont/font4",3,1],"233":["Spine/l_k_b_atlas_symbols",7],"234":["Atlat/Shuff/shuffle_vfx_b_normal_1x4",2],"235":["Animation/EndTakeItem2",0],"236":["Atlat/Bkg",2],"238":["Atlat/IbMoney/BwVfx2/bw_vfx_i_add-0",2],"239":["BitMapFont/font3",3,1],"240":["Img/click_b",3,1],"241":["Animation/ShowBig",0],"242":["Spine/SpineNew/btnTurbo/skeleton",3,1],"243":["Spine/s_scatter_a_atlas_symbols",7],"244":["Atlat/BwVFX/bw_vfx_j_add-5",2],"245":["Spine/s_wild_a_atlas_symbols",7],"246":["Atlat/BtnSpin/sb_vfx_a_add_00-0",2],"247":["Atlat/BwVFX/bw_vfx_j_add-2",2],"248":["Atlat/bl_vfx_b_screen",2],"249":["Animation/Shuff4",0],"250":["Atlat/wh_vfx_i_normal_1x4",2],"251":["Atlat/Shuff/shuffle_vfx_a_normal_1x2",2],"252":["BitMapFont/font5",5],"253":["Atlat/NewUISakura/NewUI",2],"254":["BitMapFont/font1",3,1],"255":["BitMapFont/font1",5],"256":["Animation/LapLanhIB",0],"257":["Spine/l_k_a_atlas_symbols",7],"259":["Frefabs/RuleJPSlot",6],"260":["Spine/s_wild_b_atlas_symbols",7],"261":["Animation/ShowSuper",0],"262":["Animation/StartLapLanhIb",0],"263":["Img/02",3,1],"264":["Atlat/IbMoney/ib_vfx_b_add",2],"265":["Spine/l_j_a_atlas_symbols",7],"266":["Animation/ShuffToWild2",0],"267":["Animation/BkgTakeMutil",0],"268":["Spine/h_neko_cd_atlas_symbols",7],"269":["Atlat/BwVFX/bw_vfx_j_add-4",2],"270":["Animation/ShuffToWild4",0],"271":["Atlat/TakeItem2/wh_vfx_e_add_02-0",2],"272":["Img/click_c",3,1],"273":["Atlat/TakeItem3/wh_vfx_b_screen_1x3",2],"274":["Frefabs/EndFreeSpin",6],"275":["Atlat/Alats1",2],"276":["Atlat/BwVFX/bw_vfx_j_add-6",2],"277":["Atlat/bw_vfx_a_normal",2],"278":["Frefabs/ShowFreeSpin",6],"279":["Atlat/NewUISakura/infobar",3,1],"280":["Img/01",3,1],"282":["Atlat/Scater/scatter_vfx_b_add",2],"283":["Atlat/NewUISakura/freespinbg",3,1],"284":["Animation/TakeMutilIB",0],"285":["Atlat/Symbol",2],"286":["Spine/l_a_b_atlas_symbols",7],"287":["Spine/l_j_b_atlas_symbols",7],"288":["Atlat/FreeSpin/fs_vfx_b_screen",2],"289":["Atlat/NewUISakura/spinbutton",3,1],"290":["Animation/TakeItem3",0],"291":["Atlat/BwVFX/bw_vfx_j_add-1",2],"292":["Atlat/IbMoney/BwVfx2/bw_vfx_i_add-1",2],"293":["Spine/l_10_b_atlas_symbols",7],"294":["Animation/StartTakeMoneyIb",0],"295":["Atlat/BwVFX/bw_vfx_j_add-7",2],"296":["Spine/h_sushi_a_atlas_symbols",7],"297":["BitMapFont/font2",5],"298":["Img/click_a",3,1],"299":["Spine/h_fan_b_atlas_symbols",7],"300":["Animation/LapLanh",0],"301":["Atlat/NewUISakura/totalbg",3,1],"302":["Atlat/NewUISakura/border_board",3,1],"303":["Spine/SpineNew/btnTurbo/skeleton",7],"304":["Img/b02068d1-27d7-4cea-b744-3cc83bf9d959",3,1],"305":["Atlat/sd_vfx_b_normal",2],"306":["Atlat/IbMoney/ib_vfx_b_add_loop",2],"307":["BitMapFont/font5",3,1],"308":["Animation/NearWinNoSap",0],"309":["Img/01eb75fa-8e3b-40ff-aae1-026118f43ceb",3,1],"310":["Atlat/Shuff/shuffle_vfx_b_normal_1x2",2],"311":["Animation/LapLanhBkgTakeFS",0],"312":["Spine/h_fan_a_atlas_symbols",7],"313":["Atlat/FreeSpin/fs_vfx_a_add",2],"314":["Atlat/coin",2],"315":["Animation/TakeItem1",0],"316":["Atlat/BwVFX/bw_vfx_j_add-3",2],"317":["Atlat/Bkg2",2],"318":["Animation/TakeItem4",0],"319":["Atlat/IbMoney/BwVfx2/bw_vfx_i_add-2",2],"320":["Atlat/fb_buttonAtlat",2],"322":["Animation/EndTakeItem4",0],"323":["Animation/AddScaterLoop",0],"324":["Atlat/BwVFX/bw_vfx_j_add-0",2],"326":["Atlat/TakeItem2/wh_vfx_b_screen_1x2",2]},"types":["cc.AnimationClip","cc.Texture2D","cc.SpriteAtlas","cc.SpriteFrame","cc.AudioClip","cc.BitmapFont","cc.Prefab","sp.SkeletonData","cc.Asset"],"uuids":["01IiJPtxpGj6h15pYirtXP","03/Iws3jRHSIg2KHXBP7Hx","04M8A83WVK4L0Jd+K+4c1t","044h+CplFAOppKbYpo5uIM","059ntkGh9BOJ9nYuVM/V1Q","07LhzhakFCyKzf0sojqnlM","07uThLDO5GWr6R5R4yuCoi","09G7R71f9MX7Klv2SRQx0K","093hJwDjxF3JjMBN2wFX8U","0bgx1dcw5FGLJo1YT1kyI1","0cG62QCd9F/YxExnX9IbAV","0cmcq27o9FrrObUVKdyfnQ","0c12FB7DtMGYhKzkno12js","120C26Hz1CJZ9BLGmaR9jV","14rMzbm1ZNvZ+vepoiUaLL","1545XO3m9Ah54CTUINbrj7","167QAGry1AWJpKzwo2JIkC","18OlYu+nxJB4sOXCEc/58p","1aI3RIrclApYgKLX3y9g1B","1a9SlbQehD5565Vh+5ltaJ","1bHXVYXoJCBoNx6MlrDFsB","1d6nXQ1/hFoouz7g3FJVii","20AbjiUXhB77IJfodOL4JK","21B5aymSZG57Ii11g+4CQt","27eTpGdCxFy5XcU7/PrtIu","28oAozowhJEJxnnDavmU/7","2889v81QNARLXJjMpQahsa","2a+GsayRdJLJ51NxKNEmXg","2bQczlCIFB3qek3NOSOfH5","2dycy9lKVLwLhMvh58IU+b","2eLbjHizZMMpSnMqVBaWrg","33rjZ8bLdPRLYwSqkcJvgp","35CcVeIatFnb8pVfMQSSou","35OUB7C0pF97EZAvikx6MN","37PGsXNXNJLLQJiFEDor2z","389fDURfRHnbSFghpJ6RXg","3aTw0xLIdHvqucIHq41hqj","3a4uKB/C1IvqOUCcy+n9zX","3fYFi7+slP1YvTON1idVRl","40WvE8azBERYjJrfBY0hJX","40eZTw95pOl5YNh+pItueV","41Pe8RqDFF9bJmab28BX1p","42CfCjNZBFUbAahSSnzQiG","42Q9T16mNHK48bq3YJc0jS","43KjlFTj5GlZJvChzaLpzj","44+rz6W8pMQb4aFbz2VzqU","48GoBKUUhPqJ56g5TFabgy","49JzU0iZ5B5ISYqOm5ACf0","4cwMH93/NMwr5wnAqcVd+P","4es0jFa4lBV64xeuMbnrIq","4fx8mS8llJEoEqPyZ+tLD9","550+GO/KpHuah2GqD3RY9N","56NVaC2KRM67iS1dqNvl20","5a/Szl/F5K36KBZ/BHY9ah","5enpYaPchMS6RIKU8Kzdsa","5fC4XG8UFM+Jmr/gTdnSti","5flafyj49J7qTLxp40gVgj","5fnUSHdtlGgb8ChVjzU/Zk","5fwzDxJPlC+oWTGBvxvugr","5f0qlVUqlNzrkNzLaICIcy","617QRcXg1DG4RNB1J9+5i6","63et5bsnFEQ6quLcLU6xpm","634uv2QWxGTrvQq0oBQTA4","67nF+7T+VIpKsyv326NShk","69BmTmMdFFEruqqbAQdAcI","69ElNjq51ExbvtpkOyy5wx","70MeRtWjhFxZVRFl7IQO8f","71kjYETuxCBbjKOz9sEHVC","72SSaG5+pLY5Yrea2+5ktw","73C0zzI01GCKs3CpbvK3nA","74ZNyqGY5JhKyAoOwYiPz+","75ls3toGtETYYkp5usidSu","76pAZrqhxHVZwCdWHUK0LT","762gPglhlIb6mhnVMxGH36","77eig1UFFAv4FHTwx3+jmR","7a3UIhAeJKO4eWZYj/fE8g","7bazuCNwhJh6hLTKl3QMmr","7bdcNt9ENL/pWfWh7667W5","7cA5rFntNDQoDBubrdm6nS","7cXOty98ZBgZK0VkrXgPRI","7dImGhoGBCUpEr6hDjEJDf","7e3pp44VdHw5M9IGv1768X","82vL/DI3JNmoItn/6IthY1","83uA2clPxHy7w0mjeqmpAH","85b93kDGZJaoDpva2mLdtO","89jEVuwqxE2rnkEkG41N1t","89veIMweBBVJN8sN/O+vKE","8cglebuAFGVZoZbbQm/wJv","90UYrWwsZPoJR7eOs61nv9","949OfQXttB/LkEE/vA57sD","99RwJTG4dG9atPJY6ij2xa","99bKtkLJpFiZEaBIoQBa88","991aNGfORN6I2gZF4fjtDI","9a/UiVWtZJBb7Ko1hSimMI","9eH6ox+7tA+rfb+mPE8pav","9fi5s/63RJBar9vLluipnE","a5Mea3lzRBD7zzI6kaJwQk","a6wz3IKzhD2patSFBr7Hv4","a66+5lM4lJtY2rgR3uAM7c","a8aqepzE1CnqDcGEhunped","a9yZON0ItO97Yvdn42y970","abZ5r44o1Pk6Fhh135o4PL","b16tPQk81BkrWm+AkmPuo4","b40o6YFxZJpbMJCpxxWK8O","b9e4smB01JVbtVTG9O+kgO","bcWsPZ5xRPP6xRlTRkLMjS","beRWJB0dhE24fcM3y0w750","bewu7iRHxKlohWymWopxLe","be9fVXT6JKwoO6OvwOHplb","bf9ZflyPNB7pHsRunO2sGz","c0UgVwEV5ES64erbGHoTWH","c0VpzEvZdOhZ/nX/04/tqp","c0u3uNaf1Cu4UynDf9P6hB","c00EazhQBGWoHeBGerIYkW","c1+1Aql/dE8rJqNPciOvhO","c2TJvzJblJeYbhwAQn/dgt","c5q/5qERhI0JEDBvN29M26","c6Z4jO+p1K8J0a5sx0/fPU","c8/dGJr5lHqJt3D1radzGq","cb3qGWGktDP51fQPk5lJb5","cdqOt+Oj1Po4QYqYcZ0Gru","cdtbyYx7dFArCxB6cFJJkH","cdyudSBmlJapjk59sFQs55","ceCixQ1iVJgI0vq0RNv3BY","cf9AhKVnNOEIqJvDpf4z+M","d1E8N7ZohEgZ+lbZLiNjNh","d2oLOlOY1CyrTO3YZoki9Z","d3oAzUnNRICZFFNlnCYotX","d5KWzSj3RJUaS6zlOxsb5t","d6bSLnBghDToD3LFrcUrwI","d7x9Z/BlJKP4pl7jkKQVLw","d8+3yqC6JGTLYgdkSpauvr","d9odO4XSREybCrj5Jm8jju","daNnU+CL5HJLJ0LVLyrqc/","dbkrUF5tFIxIfp9lLuAmWK","dd9jW8QSRGrp/2Vv9wIb52","e0ofqNLVlOPZqzAAMntPor","e4BmcpC8ZCSrOmyO+0Lcwn","e5Whod/BtGUrY2/jmgHHtH","e60qQCL+9DqZOIaZvgvcj5","e7vz3P4txERYls8gJ6+6fj","ec6tadnchNg7H4XjF+3bJm","edBX8IKuNHeJjmLULTsDer","edT9lDlYpETLP6e3HJzsLd","ediW9n4oRFOo00FDhFTT9P","f15kZFti9N5rVGggx325Wr","f19YZjN25FGIh6v5g4ZJIn","f3B7rmal1FTrZa5qMoVNNM","f5f1tP229GgZr8kqRDejyY","f6ANrGARJLho0S5J4XWY8M","f9KJUKEEBBuJtI3oBmLx0L","f9bmzqCxJHb76NCYj1MAgO","fbsh8o6zJDNLsp8azuqBMs","fcLkxq6dNP6KQQLDBMpMrN","fcfEc1UDtBqZ+lAjYRCEA2","01mPd1cthLJJEiUTCBXKuW","01u+ravy5Cl4SuJnHnMZY8","01/0uqpGJBJ67c70/BDyFT","05AJXpVpJK3Yb0BBUbscPC","05YUfNlQxKlayxnm+f+SuW","06egAAW0hN7rlL0sC8pQbN","07wVskLb1D6oSsCiGQ2yZh","08pps9otNIA6N9LSzXsthx","0dIUlwNfpN1o0f+EVVkqVi","0dN4uYfAdBWZqrezhNlDKI","0dVtFapPlCi4/QOuOtyUkw","0d26oXD7FMJb+Xc0aBU/Yf","0eEyRYqNlK37+JtaCplMmS","0eoXtrMF9OWaxvs7J3Ysir","10ZRORUxJDN6HMIAJBJLd2","11e07deca","12ehTA+j1IRYFtbEgjyRw9","13199cf1e","13HurirAtHmp6SInnGY/UJ","132e861fc","13z3Kd1l9NHICht/BFvXrJ","15UKtAQ7xMFIFOncZqnRiK","15dp1dcyRCZqWCZAOdRISg","19d65859e","1994qqsAZNfo3j+MEyMbcj","1aJpYfX8xLtK1/Jo0Cc7+k","1a3J1poCRJz4b7LNgaGdgD","1cxWnthJ1DKIQXPMOumR+m","1dYAhW/2dEP4q6gPMK9JB2","1dlSqGQOBIKIlDrkgZJhuU","1dee2cdd6","1e71db515","1f2MRCbKxG+4HcPRsLzRzx","20fZB2k9xNpZJtIfsg6RCO","20vGGkSVhO+ICO1lmIoali","240/UisDtIJJ403ab4eMwH","25ns/1u2pLdKkq1BvCVP5V","26TJ3grLJKqIwVKuyUy+Mx","273ExxDM5I6Iuj+AffZ0x5","29UzO2QVZAFI3EiuldmZdh","2aoL5hQRhE6LFWvu0nlt54","2eoR4mSF9Blrq7oKhie11f","2fN//4tMpNEKZqUO+NxDuB","35cLPeQ3JMtq43Z4BusOLm","36skK5cbhOna1rc3R6AvB7","37OOvpVexCa77t6G+8Zmk6","37OWWnJpVLAaiq7bSZ5oMg","39pXXH9KdPp4XdJ1sN+8oA","3aZRTeDxZB5IoGB5O4I8sT","3agLxPwDxLWqJq9u+qp3Ft","3a76nDilhOPaZ91SFf5Vs0","3a/8l3+TBLEbk/YrhYLNDc","3bzLMEDRZCppbW085D+Pa+","3cuSie1rtLyJQH1k0v9tXf","3e2VflOKNFjIuDsWFbmneu","40JN08z95OI7KQ3ogJmkxv","46TMKL0y9N0oA2/5XBTTgk","46eHuRamdLJ4Ln4d62QLXd","464fnu/2tCQZW1NdxRvrHK","48FzB5HpxPi7Rjom+cygoD","49thuq2LlOooa9tuSNhM+t","49zsR+XFlNoZgwg0+Yy4WI","4bSG0I7ftMeLVvrxcz/m4p","4cXfGoTKJI/KSBQyj8dKBm","4ccNYR4TFB/7SOW7B29szG","50C4Eu3r9LYbrh1zc3xygW","52OjyS+8ZF2oTkbLKZa7uj","5234i2URNGzKS+MWsbz3d3","53TajdqhxGVpk2SXYWNVwn","55p80EYiRHY4lo/YI2mAVy","57INfv/o5FtLa639+0TUHu","57oTnD13NO4KEMzK29OAbM","58/FxDHeZAlY4vP+5qhQXd","5aoYNMAiJLHLU5LWMK7tQr","5bJIyJnQZNx7uwjR6xQ9ZV","5cSZK9SVxBE4jFv5vPNwB+","5fd+X0D7tKDLVUKGinVmMc","60OaAS3iZPzKWlljSiK6Gz","61MQJMhRlIw6GAapi7eQPc","61rDasw2VFZpzvMrecY+1E","62MTCbgYxKVKxvQZu1wEBP","62SmNfw2tD3b9+V39B7rXq","64nzRAAdFNd5KrOVR3MAU5","64p3lzd+pFJJkm0pG5/8jv","66Hm3UnDhHo4O0Jq2B0tZv","6cWpyCaQhM5Ln+W8591gbv","6ef9+MeaRJLISdO0rFy6+4","6elJPxJ7BLnr784zSbVhge","70mNbrS/lOFJRrcWylCAQE","71SQPvXL5Aaq5/0KuLM+u8","74VElfwUZPX643bdhaV7Z/","75hNuRMcxGn6jhc9NtkQdg","7aSrgilWhMT7MEQw9G2hAg","7eeKNGpmhPqa46F+kNInML","7fuDCONl5Lk5Ecd0WhbP+E","80iEyrmj5ErIrMYZAakc4D","87cNMVa8JALKbUoqc7xeJ3","8blJB4HBFPt7RZuqslAMRz","91dkeoksdCBrpjHTPidTdE","92anB6/pFGiIhIyvIK8ipw","94kDCIYq9Fz7pmgUesa0B/","99UCiA/FJM8rcaxbb1lt5z","99lI1pAldNnZyTr8OIkuUT","9afD6OXq1DXqLp91Pky7X6","9blOltk6RNkofaI5yOprLV","a1PPjoheROp6JWOFUQO6Uk","a2CftuCWlEO4QTgNsBnS6H","a2cdPr9p1IvYyjiZMBDN5v","a3hGn5aHtJt7E4PmtuZL3h","a36URb7WxAr4ynkkJ/U0f1","a5JOBl6SFMJqf9ClEd4Vdk","a5xxC2OKNNgJQyCOOXqWCC","a6HlWopwVKhYuUPDVE4kO6","a8DsxZbi1IBa3owspbygzK","adgwQsZw1DR6uEEGqZHzrv","b08c3TgwpI/p6wmXt7Zr2k","b1C4PYt8tEwrEg7unV5nHQ","b2EsFmNvROu45r8jtIapQu","b3JBIDkS1Fb6ZsZRvKPL8N","b5lR1G7slL3JwUArxuxoXu","b6PJ6Jp+pGRZwwwdsMAAzA","b6a5gG5GpI7aoywJsymdeG","b67yKNnW1OlYbo7NBwx74U","baFWU4NjlCbpM8RDmgOP1F","bcF6R/x8RKa6u4Ajb5lNKa","bdBeP4fMBKYorXWk0BQXTn","befp1ysr5G1aORtqm6aHzO","c2Ka82l/BNmZtFA0HkUToF","c2O9gd5YxP4IRxOnK0jmEC","c3OokjhE1HkpG1v3aJcgRT","c5NTfm2v9ITq1YblaSLZo/","c5SS4oWJ9G04E+4FFAcmwK","c5ec8Eu+JMlZGHU3/3iIQw","c5p3hVpYxBordOKrptHH0G","c54K4m6g9Kc68g5YadQa1m","c87d0L6jJBf5IJzpiEd3G3","c9RnLdeqtBjLV4bzVnKWfU","ca6g8jmYlEor4oCmzC8/3G","ccIy9jyPBC9qPjDwFUPQ8J","ccW4AvnRVFGLczUYeoCHFY","ccYd37MUVJi5SvxPLDJraz","ceZ6l7Si5NxJTFSXKJ9H5O","d6t2lJOL1LeKka6VGfmyfk","d7ZeU5/7xNsKlnfwcS0ddx","dcWm2VluxBCJglqPWLFsFE","dcX53vG/9FMaHkGXpTcjN8","detMhYoktBxJrRzK0mFU0b","dflPo+cclJEon5DemXnYEu","dfz92KJ8NI27KoNqsZYXLr","df0jR5pGJJ7LOqFqfpKwPn","e2J1Q6oKNNE6i8d4f+9EWX","e6PYyK8Q1ApaUC3Vgnemz2","e7d1ACZJJGore2+sxdqK+/","e8f/w46bVMB4MUg1KSDDhR","e81gwfBzhETICARgiqm8Ji","e9F7KI4bZOPKntMxyGDZNh","eaiMzismRLcpRDESIIE2QG","ebuBO4CLdL6bUGEcvJ6VTD","eb42i9fbpE7YP2SLUpuahV","ecXXZkpClJ55vV45/U2k11","eci0v83uFJjKonBA9/jpOo","edJYiXvJhBaYRZHVKXY82C","eent2LVbdK4KcgfIK8aq/Y","efl9XVg/hP0oX24JatorL8","f0QWoRrSlLQ5LHS5sJuAij","f0U2ehGIxIg4UoNSmWIwiI","f2+6cAyDFJsbT3BwIjNOWK","f6H3DW6fFDCYKsTL+cHnRu","f872nxyM5MO7/VZM21/r0C","fbvq29SOxOFLFcKfltUO13","fcrDhO50pGWbisv1CJcFB1","fcwrU3a05AXqMuL5/hJBAb","00ksO10b1FR4BEwYDHr+qs","01Fw6Ej7VImYpLghB4rUcC","01eakypJpF26bzyo0C1pkL","017lxe3phKvJggiSga55es","02ykc+ybRClZ66F6+CNfNb","03JL9usJpIP49KeBMJRZF3","03L9ElC6FOEoBJ61Ho65/5","03aIswnBFHVLZHk4FdXQpv","03hjbqR4xAMIbbeo9zM93p","034YmTGp9LNZApeUJkC5dU","04OmJDH0JG25DoFz+IAbxU","04Zh7Yx+lPVbMf7IROq90P","04mrVQdDNMorTKBo6A0gP1","04q/JzFldG3bwwBKruYG3w","04tLPaHShHMbXPPXagVn0S","052VW3qdVB76V60cfbgnPu","053mYJwPFEQYhPpTC1jbPb","06Jn4VExhElZqevOHDklDB","06gR8zqP5KILEQ8JyIdNDh","07Qy8C/MFNOZMcMqOEwclq","07UsSxGsFOfoOMmVJXV7Je","07Wqvicm9ParFf/lUBFpEC","07XsxlTUFOYY3L8qDClhZl","07ob6R7WNNwaFyHuG/JK22","08miMI6YdPcbX3/3na76bX","09lgeUn3xAGaA4hSTLlQCB","093hOHWYhMSoi14s2wjGMD","0aFqoWmaBEA7RbEKLnNl00","0aMYe2KTNJWrwrJOFvTJO2","0alzUnzKpHZZ7eZdW73vJ+","0apE/PFdlFR5u5yIvBpsUD","0bTtZJONhOZajzdV2fJtry","0bbWKZi01IsLOwCaM1a5AX","0bgoLZxntOqY1yj956e+iB","0b5AJS/RJHsarQ2Kb42YDi","0cM+0g1eNGO5SLki4522wH","0c5iRLWPhEmYFsqkImM1AH","0dY/40VKFGzqxXaYGBBePv","0df8fDtlZFCaHLznpQNueL","0dkb+m5YVAx6bym8Q+z1tf","0d034pmilD45RXUmS7R37J","0d2ZuFUUpP7rtMP1+Jgyfg","0eEh/XIUJH95daAs++HQHi","0eJNoSV7pJ/4FePx/JEOsv","0eT498XNxPf7qEBmP9UB3g","0eU29QwfpLEpV7RYGVqWa/","0fAuHrQFJAGoS8tmSScUeo","0fJwqB7dtCF5/OPt8cU/Co","0fkagH3IZGgIzNh7DUp65r","10A72OuMdIRYMIfA5Mhn+p","10c0iR6pVGDJ3k6I1utiJ4","11S8RvNMpNOK3B5KIapqLx","11bZWHymBJS7LvJXI6qxMW","11qceASbdL0rY5Uzrdyj+j","11str92BdHDbKaycDFlh74","122iVM6jhDVLxeyFNfhfUb","128JUj13VOTrfQ1ZNUdPtF","13rrY+quRG+IE7Y6Qmfap8","13zhZVdLtB7arhn+kcbx+I","1383z9uKhL86qb9ZvIg5mz","14NBcSERJBN57hg/ipGT9z","14TI3S77lNVqC0Coyqknl4","14jMEz0eROrrC/sdgRXqjx","14xHA5IHtNZbfV1tbWlhZp","14xSNe4m5FQL3ol5DNVmTI","15Pdac3ARLqr2QwmJdhK7P","15sebeBZpKjrkKRxMZ1PjF","16nCRiVcFCCbbDhIT6AGO3","16pHoRwxxNMazKrAjf0zIh","16yCQOn71E6oORpdToOdnZ","160254WWJI1LPAFcvMj+xI","163JZG8+1FCY0OZadtUfQn","17Cw8HuUNPrZFM6Mb6K+hC","17UkueWUNOQ6/c0/mNlyYx","17VGxW7UhNdK5bW8Vq1dAk","17iKLe+WtCYYYSBdWehDNX","17uapUmupLn7AYfjnJhrVU","17zwFq94RKcYJNrHVVB7zW","173LGvkbpNV7gFDlB/cB5l","18A8UQxBdBD72Ad+/cNzRI","18cDtzz1dDV6bG3XEWrDzf","185HwCbRdP0K9m+7OnG85Q","188c6S1RxPDZDu82FtWUKl","189iwEVPJNyYCMLwFzkWCd","18+xRIG1lLD69Iir+Uwfc8","19z1PDsp9G16sdwgaA2/2r","1acLg3zopK6pVHg5pB2jmC","1aq5jAv6JCYLURKdWdVT2B","1awYSR71JABJ7/NSwErGrV","1bbQ0RN6RDAJrHa3AUrABC","1bj/JvlhFNVo9Uyg/LzpUf","1bwGGhtsJM/o1R+AztAare","1cOvAIq0dK9YjJzW6N4FKo","1cevAFOBVCNJ9v3deyQUvF","1cms36L9xPboPnzSTKptd9","1cyeHmNJ5D36+uwzZgxkSG","1c07wMmpZJrLHR+Uz6Aq9e","1dBrwtnTxC+bvrpnsPBdgu","1dZu8DbEhJ0a5EHaYmRpbV","1dbAw9HmFL9JMXhZHzRwWG","1dfY/sbkVMwogJWBJd/U7U","1dwZyWQshA+6oor+YuAELH","1d36pPsN9LAajzYY+Ph3G3","1ecU+IjghGHK88tbNqZKIB","1e+LEtkkpFbZq0C6lK1F2E","1fA+HcP+RK2L11ZsdKZY3i","1fERllU+5O7riReq2ECT3t","1fWOS6uv5L0ryDOCBdLjWn","1fWRpIxx5FO5oOfKQYDsuU","1fajFpgr5G8r0W4KGG4qr/","1fiY12y1tEtYU244Tvuimb","1foPHrHDpG85q4SogI8TsF","1f7c6XXTRIn5/EhlxFqwNo","20BPAMgJ5NbL355Nda6AuN","20TW8qZhxJyZC0SKv+5uJv","20kU+GuRRP5KBBMFW2RJDh","201JXuN5tJX42X4sVYU01u","21SrcYZkJD6Lf2hiAiCM33","21Wuy+WqBAB7HaYdwz3KXF","21gV0e+g1Jv7xSJzZphqQN","21ut6ln+1DSowQpf2bJUjZ","21vVOD7jxNyLkoo89T6qTS","214JgacO9M1KwzPGxjp0Qs","22BlVcIWJPoLuAN3Uqvdrj","22PuDIMQZGBJCVricGt2QH","23im+wpuZNj4xOiXC4uu09","24GypU+nBF9K8GxzrtgVMc","24VPiKE89De7AyxrgKTLq2","25Fh/+Mj1Lf4a1/eoIWt+U","25yIWVQ6dOuJxlHiTwhH3Q","25y5WsLIVJBp6iF7SfhwzZ","26Oxpw0whJiaCjx+S/I1/T","26o1qVEVhI1avfTPDwQAnr","267McrssFLxL4IWoA6Wg60","27KuuDZ9JJgYAj4LzTJwZh","27my6rq6hI8KTs4javGf4K","28SsMExmRGiYuHd58KZ9D6","28ejgsifpLsaMHDfE5pADs","28jPdp8JBH/4WilhBuTJi9","29B2hGS2dD2a9UtxGmnPQj","29FYIk+N1GYaeWH/q1NxQO","29Uji11DxPsJlTItfNsyVu","291HuFYTNMrJfjrUuSsPeU","2aT+tl5XZNmJ1n7CC3hGau","2ajMv3yhZHKLPvmG5MFzNf","2ano2aIntOPK6MFqImSjDr","2a6Xh+qShEKKuv22WUn3B5","2bB00xJopDzY5y1mQFm++a","2bJewTUfZBu7DctCDvSFyE","2bayyWrJRLT7yHOl7tJE1T","2be9aVoMZLh5rhyvw4Os3d","2bv7CQBSxD2ohs7XhuhMPs","2cPtIXa+pA6LrwODZDA+Vn","2ccT3bb0NFwL7jEaj5wZr7","2dC15FTMpEpa8CABU9uYoe","2daNGOcGhJ05MNw4sD9FtF","2ddi4kUK9KFIjvKKR5IFGj","2deteNCB1DmaeIQSyLpVBm","2dtNALAXRI5bt7bYxXu/i7","2d5P53d1VEILnAjSqV240a","2eTk/L1/NF+KmY3Wjaz9vu","2eYyF5/4VDBK86hbufchYs","2es/SIJ9tLeJMXCfeE1uRi","2ez+jmqvhDe57SPs/3HryR","2e9W7D/NNN1a7gRsI6UNL+","2e+wX37BpMV7meYg19tgf3","2fBUYa6tJKoIPbbxKsM1VY","2fEFez+VpLYJZXBmrL+3JA","2fGazQkFhD1aVc1MwRlq7o","2fsVQiidxC25jpa7FRodO8","2fuUFuqu9ECZmoHX3HQ/Ry","2fzGovVF1FNKRfLgfs/rCc","2f7bRlwbBNU4jdDu5V7jjX","30Qzhv7jdBZZVPd/jD3mgl","30U5xOUfxFT5M+I0AK9sLm","31W74RHj9HibdX+2HotemV","31YdIiN8NDP6E4qWoUZRe6","31Z/hQQhNOMb2Y0JKjP+7f","31uyBoQwhBX4r83GKyIxBF","32RH6gNdBDmJlv8Bs1g2iH","32cRKJpCRKQbHmQcXjC+ge","33BTr0Fv9FEJ0ec7rje26j","33Mn/AerxGVpTwqaq6T/jG","34XUaZM51A+byG0N4PjIC5","34lqlMKzBOfpb/5qPFQJi7","35BVPshKlPZYhxWy9NfuT1","35arizmEpBDpv+Gr0fLBC+","35sRV8lgVH6pwOjyqGYK26","358mFSRQJMXqeeB27bx5z3","36Er+uV5pArYI9atwbiPNg","36hhZo2g1A8bQBt17s7QR4","38AASf/uFJPYMwPEdWI8Xv","38dcg1Sv1J1qTez3VlzsA7","387W6v6gFFwLGDueYAsboC","39VJpxVkROkZLbCk1mhx4+","39ZtoKMLJLCoiyI5+t/Zhq","39cJnUn9pAwohKDUx0geHG","39jk1WRIZB0oJdbkgJSSY1","3aQr1CoRdPBq/pRvmYY5H8","3aS/4yPnxAea8UrRH9n8xR","3ae7efMv1CLq2ilvUY/tQi","3aqiFeTNFPRLJLDFZ/SOE1","3asXyuf+ZMF4dul2x/6Snj","3auOa14v1AnpaGfBpKRGKe","3bMVMC6QZNBIZqYK8dJa0/","3btOevTGBGJ6EGEfZ6yC3g","3bxsIjBGlG8Kce4CiZzu5o","3b0gV6quZLWLJmftZB7oJl","3b8eMwLGRDjZXn7k0sjgXo","3cHAr54yxO8I6NtpB8KMQS","3cL35ifFBEOoiyTUOBLveq","3cShfsIEJPaap0RUIxqhAx","3dGeZuqRVEm6pfUoun82uj","3dfcFDdcNKdaYCoAKU5lVu","3di0uKbt1BE7ot99d3If52","3e99PxTrlHn4N/Xo7yKl1h","3fCKdD9IdCBoSfrd1m9H6N","3fbEJaAkpOEqshXw98+XlP","3flWfBF71Iv7dPs5gL6W+0","3f7fnnGjJJPqdW82u9W4Dc","41CaslMXZMUZ8BZOKeTrGP","41LB/yjtxIQ5wbhqXnMs6d","41ZvOfnWxHJpDE8rs/CnIS","42XOIeUYxF5qv6uomir+pb","42bWnS2NhISLoym6p2VdJ5","43XYjfkdFHAI6LD+sZlvSy","43ldunHv9O56YkTtZ87Flz","4333mVW+FBeZaDv2G95ZwD","44BahSWqFEy5HXjbAp2I6d","44e5d3X/BIlJjouVZOr1GT","449tZDRl9Ju4wRMA6sXgHf","45f7GpIidJxr50jNhgeDKz","45kRh8p2lKIrGrqrmeQ5ya","45oXH2wthL7pcjJMKUtKkk","47Q68dqSlOx7Sedv4EnwgK","47RritDlhPdaRtSVG+ORdd","47yvrIP0NDy74cS13oM1sE","47+eqtgetLtLm80c/Sw4Jn","48ZdB24EJM9JX8vmxxAuZb","48mXEYw+JAd69xyo524a/g","49HSQnDFdEy6rJ0vQNbTP4","49IieiT1hCJ7uAnHIKShBy","4aZ5yZn8JIG4FzUKp06Dwx","4aaPUmxc9LfaEBdCkrs3ur","4abtgwQpBMdLfB7WBpMvNT","4bLJYftLJFEZ3/jW2R6ijI","4bluA/EuNHiZlOeL5etnYU","4b0ao05c9NrYP2ohS4AjwF","4csBB81l1NcZByE18k8O/N","4cwP7/pZpFdbW/oDIgbDZW","4dElEWwyBHqYpxk5larqPg","4dFNFUcZZK85BwtQ49dCzB","4dh5qF93RKBL2ugFinSxpq","4dnLMj3/dFPbsKEpVzMM62","4dz5zOQrpNw4C62ckjiAnB","4edpO4E1lGDrTbZu6mzxiw","4efeHOsXlDfKICEbqjzk8N","4ekg8we4pKU6c/vAv7GBY1","4e0XyCuR9FW5CvE/UWqNmI","4e7PMnAchFtYaEBza5IncY","4e86tigNBAoofmaXaakLC9","4fARmcKWpGFLG/4qjgbM4R","4fV3c2mmJLm6VqwXfpT8sS","4fg31Y1qxP563z6mVHNgLL","4frTULACdA+6Bx4xGxVCOn","4fxr27O61MNraSsBuZxmsK","50O3dqPq1O1L5DbnFuJWAu","50RlMkCS1NVr1RFK4oa1no","50T3MjODRJer+JxDM6PwXq","50aN3xE+BLmI6X8YUvoCJv","50wiGseJlEhK3iJlYlwBuQ","504xWC8sVKZ6qR/a//mEcv","51EZ+oKmBBg5qLhLMzp0BW","51Ekd+gElG3bo6AhvPcSFm","51fp/Js19EqJvMhR/6nbxE","51wt5HOF5J3bU7GI1gh5UN","514IKdzulKWbnuoQRrSTSd","52AeixSARBSoXNn1rBeCqu","52I5/yOZ5AmoJzTX1KzcXZ","5256AelfpDY5y3PjhgBLFD","53Hb+JnIlEor4qx0kFLiZz","53dnD3GohLHYC80pkzDgeU","54Hd0DNPZLWIb8ZseK4ab7","54aXk0S3VOoIsDQtcdHwdM","54tA0xMSJKIb6QLDCrCzvZ","54+6Zkj8RHf4FduuTTEUQB","55PDzZCIhDF5qirjcvGmpl","55cbidzC9G048GM8t9z/q0","55cvhs8ydMdK4ml2clbAVL","556HSTel5LwptcbVRhsEFb","56gPoBgkJJQ4bp865sXpRA","56g9AkvEJFLL2zV7xyi/xE","56hxqEn/9F2oY+KAD1iprd","56nrenjV9BLqORp0U7VFa1","56ypRPTQBD746lmro7AObq","56+Ta6tY1JcoQnszJRFdzQ","57EVPk4b1ANY5MXv5LA9Mv","58X8d4rKtNrIwcopd+d6mT","58dkfD4CNEipLhIDtlI3QO","580gpXAohOmoUPaX1b40jv","59YyqAN3NFtYnNOZM7LeB9","59uC4NY2JFY64a1upl0xXP","592rStXnZDtbZo5Uo1QufW","5aI+ZVY9BNa7/7n3ex0t8Q","5aNWDjHoxDPY0YDEBqsKqB","5abxnQOUFHpa9iGuGvrB+7","5amELMsplLyYnc844Nu76e","5axAftzb5P5oqjf/pOqrD5","5bjDatZblBrJNRXYplH8Nu","5brH3F9SJHEJ+bZktFsvrp","5b0nJ9fZBN+YOWlhLK8HZa","5cC9v3lxdAFK3/ohAO7jVH","5cDFWKXElIC5u0NqS16LMT","5cO7kybDxGj4ipyMYdRYZB","5cZthFPrVNBr0vx4sxFa/6","5ct/ier/tIJ7ZfYcBduOyG","5cxVVNmcRLapJrT/Z9mi1f","5c9y6TLKpEFLvNXlVKt8e3","5dJowR2ZZLNZwfFD7AWq7i","5dRO1hS/NK57bzSstvyWc5","5dgT5nUrVJvpMkHCvVD1tu","5dmvsO80VMEZRvpRpa4zjK","5dnuLxyelKfpV/O48oVHPG","5dpk8kimlLM5KNZhIEfL2T","5ds32qKBFHhrbPwNnjbSAx","5d8MeEYkNJJ4lwpSKSIzei","5d8zW5dnxBtJIHkf+I/pRD","5eJSXvjvZNXb9EQYnN27jF","5ej6XA/OJBuZJf201rcf3B","5eoH5Txf5EBIix7oaY/wzU","5e1uXhBRlG3IjfupmJwjRE","5e10y1kgtAp4F0FeZkzcos","5fCormpF5FfKjYGq9z7tY7","5fUoVv4nNNzJRJwugrdRJ1","5fcE5+EThLJI31W/eST9/h","5f5dyqtRNNxaFmVzYns6FZ","60MqYYaDBImaqmdrtK7uBr","60OVbbErVKMKFsP6KlGnow","60VUt7bGtO7qkB83GA7tuC","60+dqmJX1E1qf9VUaHBRn7","61Acv7NdFH1JZMZmkGLSUt","61j4ATMrtPtrcO03Ve70M6","61p4+YHNFLh4/e/wO0WR/2","61tDEw1TxHn6H18nFWDobm","62qA0B+rRPnYsT8YnD6ifc","626AWtir5P+Y2A3YIvdtFY","63AuNBpw1ES593IpjGcYx7","63J8ol3ntJXJkMhy2wpSe8","63YF277kVHHZoWH83u8L0s","63km9aYVdCUKf4tp5ArecS","64QRQhmFhIao1YwFq2nanc","64emCo449ILZAjoxf6nY/k","64kfLBbxBF34y2gqw7FBPK","64oqk8AapBa53VT/ngBfkj","64zlsziSBDQ6mLdLWru3co","645Y1sVw9B/IkY0K5R6zXY","65CRo/2NlJg7TJkWeCshQI","65bVsbswhKA6FD+ASlNBG0","65e+vy0QpG4ogf+bBXsK7M","66GAAhrTVBjrwiuTlRT9vD","66KGgTaHNFLKP49gV3Xyfw","66QKt0MOlD8LeZOeauKqgX","66Q/oodWZLPKKXb00wanTG","66tUU4t2ZCJoAtKa/mNK5R","664gPxTZlNlasiyKTgsVw3","67qIXwZzRLrKzZPzqfQakp","67w0apz/JG6qdWkO6grzP6","67yD/94gdDsIh8RiQ5AgSu","68DMTk4dhKfKZeJ6+vbVmU","68UMVcGhRIv55YLghK8K5U","68YOjZ0tNLwpE4iJDATvcA","68xcZZel9PAK0hjVLaI2Tf","68+zq4AFlI+oLcRezqfBkJ","69AmDw+tRG2Z9Fqs2cW1et","69bvxWoWBB5p86sSWpjadz","69n2LCzO5J7LOPuaukdD9B","69skvKi5lGY5SgHYHUCi6h","6aOTJt2qBJxYnBxA+oddtL","6a5OtVpfVAe5/PYzg1bIoS","6byaeGVjZKT47N4E8EmFQZ","6bzgWvjqhF05RenFTJFnpT","6cS9UfgYJMLpkQyHAvjLeh","6cfPtChUNB6KDL3gAzz4N7","6cwuo1bKlGPq8o/SXZnKjw","6c7XV5v+RN14+hmQkZsczQ","6dKYfLz0VAro1j43Wko0no","6dMLGNwdtPDLJijPlVnItg","6d+GdfdQ5FmKejh19XQRoL","6eDBd4TMtHUo0iY84B7INY","6fQ+FnSatF0qnffedavWX5","6fZ5C/QxFPaJmcRph/uAbD","6f0QV+gBdIyLVLbtgDV+zx","70iMb8Ks9HrLR5wzSkAxV4","70yVIRlLJJp6Q4aay2Hcfq","700EeB0PRMBZHcoTmUi3r3","71mp+dY2dEIru13LsKy0zF","71rHLJDLRAfq2wCjebxhUl","711EAkGx5JXKR7zLQ5exC5","714exrzeJKmLQVvl2iYOwO","73Ahc1fHVFBr1RmA6Qyf3x","73gDK1G45HMq8yGikjx8Jr","736eyHOGtFPIzbtIGMdGhH","74CS/ZS0xBEZM6Kvsyztgp","74t9V/rsxI861DgeE8R+wr","74+Xs6q01OGZlIeN+Mzcqr","75EgQAWZdJypZcqFYuLXU3","75LPMUp0dP4qRkUx8vR7v2","75jQT9oTZGApbfWVFIeeA3","75mlrFLaJLe7vm+bk+irj5","75ug7peCBAlKFPou0l3rot","752nctHh1LYr/mcnyQjc1y","759FHSvNBOGJgIJHOxHhzT","76joJZ6/5HMr7cNe1sNyyY","77KuY5qd5EMbX9GoqbjPTf","77OuNBdutHSp87/wcjnNFv","77X5HAEhJHO7ZI96jd8iH4","77zxu/mRpJ77xkH+U9GT9A","772sHRBR1N2J24UK8+EiS/","775Dc6XIBN+ZYmg5OMfXxA","778VXa9w9BiK8zp5ffypVI","79BCCRg5hAFLcoWKBn4HSH","79TZXal/BBzq/g6q2s5Y7q","79b9MY89FDuIpNTcLAvXLN","79cKBQWmBB67MrE0s+bL9u","79nGO3V7VKB4vc1zfqyZUC","79ovG8Fq1Nj5OnRs3/DTaj","79yG4ajnBO74t7kd+OpP4t","794YojMc1MdamwF3QF1HxD","79+shDGyNNrbfvv1ziwVK9","7aNXVN8CZLWZIV8QjVrEvg","7aXf5FL1dFg6rRPSIDcajz","7acBKDZD9A0Ljj2zVXuGZE","7ai3HMw9hGnoSEM4jZq6PE","7aj4yHAcRPNbLKCW0sdply","7a/QZLET9IDreTiBfRn2PD","7b2GDfWwhKqo9xIKoiGakU","7cG9jtIC1Mh4W/IVw/26PJ","7cjmzPJ4lNwLKl20+LXTw6","7dsUKIC+BK8IyC2lQ/nXbd","7dws9xBjNM4r/zM/5rXGUT","7d9YbuTTROmLcytNuKrtvy","7emS9wztdKRZttAYfT67Yb","7exE7MRkdCNL5xK7xjcZEj","7f2N2P5B9Hqamif4JRxVHD","80D9dm2Q9KH7ocwyQ1zMqz","80EVI2w+RPY6LPqknlhJOY","80KtwFBhlChIjeJ/hmTMZD","80TtHTP4NFNZ6+jtMcl1uh","80oSJh0OpCtLsLMgd8Gv8Z","808h6FOeRETZjhKxincghq","81AyUGLIlG8qHNLcNhi1aO","81KGQcbidC1oUdlNDsE7Li","81ToWpw3BGp6a8vhgFG4Kb","81YvrJNHhJJp6eL0RBHI7G","81iwavBh5HgK7uHprTXLEu","81l4qY9GVBJ7fiYfHwso8w","81tdxQK8RFULqABt4ln3nV","817ZkJ+kBEmKjv7Alprpfy","82PzvglAVLfqPKIXuOh1sc","82cihIKVpLi4odcwFGDzbs","83Eyaw7ktFJZgA0nEoj1t6","83RT+1bv1ESrhaMmkLNUrV","83ZnQahEhB96MTclwpo0nw","84LDmNQWROPo0Xt5f7F03S","84TG2Ry7xN47ryfiDdt653","846RYngKNDjLRg+nIsn9Fl","85BoO0i15D1LNfY9+bke7r","850iCSTw1EYIjWlP6cAfov","86maDBjUNEtKcVamhA1Ncv","86rmYhkPJM+6nQ86sl1OXg","86s+ivHKFK/odRhDRIWMS5","87HJ1quSBFSqLiMj3G68a3","87W4a4TRFG3onKQcCJVDZa","87XnULTL1OAKHClQUhWwxE","87hiT3HZ5MKKGSl9b47UUw","87sKziFzlK+IMCBQmXGZgU","87uwrZYBtO4L7nWXm+OrCG","87wjdUI21HlaYhpGt0S0l2","88I9tVu5NHAY4DlqmnTgV8","88ZFSccPpFO5abXEyk0xCd","88htn5L7NFb7GqnPTW/cNS","88wPPAgyBEs7rxv0LuL6V1","8847WqvqJFtpPu3Tob2ikI","886K9apnFGlryg6ZrRumDT","88+x7y0WpFCptoX2PGyP6B","89HYPY775LfKwtZYNeIHQO","89MgVe4AdNkYDsaUj4Cn7a","89byL97JpA5KGEGgBGB8Jx","89jESd9nFPVqLHb9xaRGsS","8a3Bdbu3FIo7jo+wLKSAUQ","8boNfHZrpLSJE5QivScZsm","8b886ysB5B9LOhTQp9rb7C","8cAmmNHhlG+J6yRXmIYgUs","8cQmWi7XJEZZacKKaoMg7C","8cYDqH7TdDMI7hGNgWgswZ","8cZWMvK35GAoVNXo2YjZan","8ckgqrl/NFPpu1n3mTAnEm","8cm/5hmkpGxKPFbJ3kxoBc","8dm/y/gixJhZM04uvg39K4","8dpHQUjM1Eg7l0Wmd4OleF","8eooObpcRHHbM8malNXQj3","8e4zmYVcJJIpMdBGRigIct","8fMqj/Kv5KCZe23EN1W9uj","8fT6bEwElO+JaBq0LSUSRI","8fctIVD+BMH5ApJlkmWuTc","8fj7P8fO9PcKPD0z5vCPyH","8ft7hvUM5FvoKQfcABs+Vl","8f2Dz+CjpCUbOaaewgE50r","8f9MMLS7lLsbU+xJAC3Ns9","90PXXTxrNOLa4o7yTD2WWf","90fiIfJftMY6tYW8AuMFph","90n1HtFxlAiK7P19f/xNOn","90uuloBMhB0bgiMQwBYaIO","91Vmbw1J9JppmKYI9eqP11","91iiKW5e1Kk68KaiwxF45x","91wz25BTtFSK37D57nIKSl","91+zf1N0pBDrR8poV/pvdr","92VLxS9B9CYbDotmU3OglR","92iXKZwSdAQ4rT/tgNi+SS","92/fI8JhhGB44gNsD6s6Tm","93GqHtAjtHGKplrncTvqcD","93JkOWOa1LK4YkahuetxP/","93T2ZkDsFMD5TPkNZF9hZ0","93Y/CyPrNB1qpepaviSddx","93qEuYYvlI5KWokTLwYjXq","93tOtMoklMC5+U9wduziQL","93wBs3g/ZKjaJGTNFiSmIr","936yGjzLNPs7dq67kk1zbF","94SVmSv8xL7r6DvmMmQPwK","949isWyZBKZr9UKWcN9ftF","95ZZf+o4hBgKXC2nBVTkw/","95oamJ9SNKUo+J7jUhBr8i","952W6H0jtPw7mP/ciXZo6B","96JDwD6blG5b9EtDG8Tq+U","968XYF8YVPxJifDsGyJLln","98EGenOSlE0qbqJRRJ24Pl","98nBVEW71OEZa/pynaJ5Mh","98p1iOiqlC0q7Kysa21ra3","99gAbD6sFCcKETaOmj+s1E","99p91G9A1DYYbNy+hbZQiv","994n9ji+lKVaJ1w31nH+8F","9aWnjbKDdI1r6f7Z5X6ysZ","9aWyuSGVdKNpCfmAFiEekA","9alA3Ih15KzpJ/2069I2Nj","9apB3TwetJoprC3CkxpkE0","9arETDXURMpr/bUXEWLJnu","9awHEvDexNDJIhyDilLCai","9a1JEcT7tG7Igu9ubqw8Q6","9a/zaCj4REwosMtivGwDJT","9bDCmxL2pOh62iDmhy5ktt","9bRBjLGEJPtKVlia8vPbFe","9bjLNqmgJFjoyasDazh6lD","9byUuSFnpADpF1wm0K8nCY","9chx18UopCG7gkWZsYIriW","9dFTufLrtGvYo7kRUNU6gm","9dOvVKBhxOh57VyZ/UzWuR","9dhp+oSWFCk4AbPgGbR1Gy","9di5Oza/5Ji4k11l4TCSri","9d7q4T1nNDaatIw60bWLLD","9eKLexZNxLfocUE70obAdf","9ev5ZXdGhO8JtnNF3FPN/s","9ezgjcYkZC1bd6tCL9w2/l","9e45eohqdG3K6LWF7b8+hL","9e87mTE3BLf7OHDV/WKLe6","9fMLVgaI5HJYdVXhEY5U3k","9fMkAXiC1KYLvNiBjCEi5p","9fv/5HdnxLS7TAnBytOTz6","9f6DdcoOxMXryXRetzv8aw","a0NtXmsb5OL4RI453boh5P","a0QhWy4bBOcZo2jdbFiHBd","a0R9Mnzd5LEaEvWmqG0U/X","a0pHuRxidFMqsljud2dVzX","a1TS8Zg9pOEocCvi6lfcdW","a1VtdwoDxHdIWbsnl64Yay","a1dQmwRDJAZZhDLcEdcNXu","a1nN586kZG67REbIo4DMkS","a1qVStJZFFGavcNO9hquqj","a130CmA4JFy7TUoeZtlnnB","a2MjXRFdtLlYQ5ouAFv/+R","a2nAI4wtNGuolyj2QcEBFy","a3W5KbOtxGD6leMX2Bl6np","a3cEDcGmFHJqYuy7dz62OV","a3ii62vnJJfKxd41iX8b75","a4auNkMPZNl7wiA7ggVImR","a4bjSFs8tEgbke85f8j5Gz","a4flz+lttB9oT3lHGPDdks","a49QKRd3NHYrR4EUjkDCDl","a5K9vwePdNJIk5+wBiBlHN","a5wuWMVLBF7LPOk4YyYR45","a5xS5F6MBATaCwaW0E+S4G","a6M4m+nltNL5xw9yO4UY8n","a6VknuXQxC2aP1SZGsGC3O","a6gB63VI9MNYdaeJVjWGbT","a6idaKDH5Ctrx0yRb5ejBS","a6jNHFlHJJoIuPS5deRKtF","a6t3ZUFmFKjKa+/DT6uzdk","a6zO1CtbhHjrjRIqGvRLKD","a61r8/rqZPwp43HifrQo1W","a7BN7eVkhMj4j08yhy6U6d","a7LSrPXUpG+4n518XxxlIs","a7u6r/2uVJnKpNOGSlfSnm","a79Uxhs7hJ47B0DpEPo0bY","a8uQ9fLx1MjYQXON5M4gyx","a850XliVNPYqknNe/D2iY8","a9WJRlA/1LL5C0EEDHCvFA","a9bUKy8JNGvbvUyqUq0bZd","a9dI4CdwVI3Y1hE16cTcTm","a9rE8cQMpO65IHsR/PbxO3","a9xRd+9kpE4o3BU+DGnVIr","a978SF4QBJK4EV28tMosQd","aaTqM7zxpG4LwcvHXGt9SY","aaWJj7hJpDha88mniUJQhn","aaaku3DHJM2JZVjmqFwLFo","aahIolCOpHqYCSZRK+gcXo","aajKG6+nNJh4/vem3iTyHN","aa53LrHt1Jt6TWHufu4fp3","abDJdSmdtFkpTuXbbAxRKd","abLAFp1G9EeJ6zZbdVyvKn","acxEl9PVxJSrY+1tJDwxjP","adGENbjMtPkZGx46sl7bJ6","adf16IfEtIn7OIuXfzARXK","adwiyOwEhNN7Iplxe0p406","adzG5UjLJBWpk4Cw7lLVo2","adz1+hEbRKnrZAU8Mty3Ua","ad2gx5kqhEsram6vCDTjPl","ad4jrUXNtDRKa3y+1/Bmwe","ad8AOq4bVCHIrRFQFlwiBe","aeul59uStJZYhBpXiggqhG","ae0NaZoepDSJRBgB0aSNbc","afGsE2sidDnb0IX/xHWIrQ","afPCs/tdJBKZCdklVM9ozS","afXxSt1ENDe5edVX9Rt/ou","afYgQoMxRL37dIyTOty847","affNvH1gJAKZpaCg88U3i4","aft5BYngFB+IzItp3aW4OX","aft66PkIVLhZcbAdOr6H5V","afuHC7cbBLJqHMF8gu+mWV","af61DMjyNKDrTGFc6o8xvA","b0C7qHWYRAxK+v0Q33Q2RB","b0fn7OtZZPQICPlMz9kuvs","b04d58iDVL07Doakf44mhV","b1I/BRpnRLiImK5fiazaeq","b1LJNf9QhGqKPHSXiBsm3P","b1LUsM2qxMzoj2gFVFj1FG","b1Y1tg3p1HzIaoW+XcMgH4","b1tH46Je9G+4ICfybj4uUd","b19m3JCRFH4Z45LJCEGX0p","b2ECW60shKW4wyb+H2OAZL","b26oVDw8BJ7L0nBYlQEZqI","b3f6AUCYhI0oTjxYWhrTSl","b3xk3+JxNGOrPJUh7N9AJ+","b36akie4BAxoHRyDBBljv+","b4GYDOOfFPQodeJkD0osFN","b4sc221AhJwrp8uhT8I8y4","b425NupgRDjaT1fji5WGN5","b46kQTAxZIh4w64RszD3Ze","b5ASKmnpVPZblkPIlXV0Ps","b5CW7iEWdBPKQv00uYbWK8","b5H6WafXJGy7SLDBI0569a","b5Lbuq/rVIh66zdM0FqAFH","b5nSpDyuVKl7JayMLP4K5I","b5vaYzA4xDi7OnPaJky74b","b55hvqPBJFd4izT/jFNSSi","b6ObLym6tJUJkh7WZwRuZ1","b6Uf2XYlRIt4PMWLRGIIjT","b6i0Ib9lxCM551kW+JkOj4","b7TkRW68VO4LHmb6AmbRMO","b7fWHo0DVIJ6aKW5xMps/L","b74DWfx59BFrBNZy6mPy5S","b8DSR0zSJCbYY5DJwnxZTc","b8Hu1cr2hOFaFf9raPUBYQ","b8XfjZx6lOH5ZmdHiNSEJI","b8fGf9cadA9ZSWgQMrkBhB","b9Bv8PZyJHCbp/9261+TNq","b9PKNh57hFrZMtWVzNDrVD","b9QeKuOLJJRIylRJD4etaL","b9pgZA08hGd5jHNes0eZNO","b9rmAfBglMFo0qLZgDRFXe","b98Qd2M2pP65GpgmK9qtAf","baC/0qS0pMD4qn0VDkOObK","baM8PIWI9Ah7ugxvVVl4gK","baSdFSFMVMB7YMCfcWPSzr","babrdPE2dJeaaAIonlroIq","balTOBgfNGuKpXHe01lFfi","bbKgaldixKGqsjT5SDyQvU","bb3OujRvRKhpHAUtxyrhy8","bcER+vZJZJWLM2nbzKXY/F","bcG0NE7b9A0pmbckNEUK+k","bcIUeSjMdHaom6rDkYZTp/","bcP8gkTb1BM5rKfQo16HRt","bcdnPNCpJCYqpc3n2Upq+X","bdPoHRgTxDorWtMtsGnFWv","bdgv5yhzZBnp+nd4fgRM5c","bdyP+yq8JPsaqW4Dd7dCX/","beMCqcga9M6b3qmCEa4w2h","becG87IxlDqJe/Jhttdx2z","benIs1sz9JKp82JMk9VPmh","bfA/6FIpZH7LOhCtkAa+JH","bfWihGaaFCXIgo0SRqcKaA","bfbzNp9jFFzpGI8VsKa3fe","bf1x56QoVDyJLoQ7EfPrwY","c0AufmXvRP6oVpTKRLSfcF","c0ICEU7BZNqrb0REHQbJO0","c0dcsxHMBBKJEODcsLnt/g","c1Ny37JmhFzbMGt0vOuZbv","c1nPM4sSRAkL2dNAzwAbvp","c1qEYwmc9GF5j9MBc0WPZ9","c1+Vy8exVKQJy0kpcxV2Sw","c2Sk34Sk9F/a97PM4OyHWk","c2UTa4JNZO7qLENo1wxVSs","c2/Yi5yt5LD6Pxb0+eriwG","c33nPUXwpOVboqpgzW9tYj","c4AHz8zElEfq7OKlLBDXF5","c4IcaAptxPBItNAaO9jeov","c4Nv4BoqdBaLl1YmXBUluE","c4PvsCaYhBq75Qt1TKjj7P","c4YYB/JkpDp7KMbFVwA/UX","c4qiZVdEFMr4uoYh/i0y6M","c5AsGwm8JKHJ5xOj2cPHMI","c5U8vC1spEOpaMD4mXugy0","c5jfhp6sJBha8+M440Q0t9","c5smBpLJZL5rJG4AZsHdCy","c6FU7iD2ZKGIVWbA28QKXM","c6HzYK0a1IGKt4LKJMsIUe","c6MhgmzVZFHZ9wYp2mXewd","c6fF8Qm1BIlbJYu8fIbhDh","c6t0qywZJIRIAXrOtorSUk","c61Dvf2nNB0b36GRjucLoM","c7jqlMjDJDBLpYcG1wgl1/","c77RFV+fBCdIRhATewdvJm","c8QwpLgGNNerKXcY+mn//0","c80KMnxaBEM7NEFJvN+jST","c8165oFWlBcY5Mxmo9eX0H","c9DbVBypFNT5w18Z7/VE9V","c9SWaZSJtLqaqs0lYxZvIc","c9VupEoCxGbIrIXOJwwOth","c9aWULRIBEf6BtsjL9+QW5","c9hmENmp5EwbqCCWHhubjv","c9rDyjTjpPqpjswvsi6z45","c9y5NBgkdFgaCYuVAhQh8B","cammNIxwRNeL4QtAeT04Pt","ccJJ7+5WtKpaQTbFgpcj1J","ccWyjFYbVDT4hMdosxTCbd","cdPlzYQ81FZ7bQnWq8+iSs","cd88zVTo1ICotRymkrfimJ","cei+ojOD1A15ahZptr5Sun","cejTkY5LdOdrV7giNajaIS","ce8hf2pnFG+IOyOWx3sBcS","cfFtcQrH5Dn4ndaq3MapHU","cfKWXfB2JBeIumoX67hIFr","cfVXHyXcpA+YKiFJS+ku+i","cf61NBGEtPZbjdwvyJMQP1","d0AgH90MZO2o/yFa8Eih7t","d0Fj3frn5FFr4QXPqp0Yo4","d0Tedm7QxIVZpkfGimCMP8","d0kmoKPBhCEqCkh1TlFM+w","d0td7nZvtK9Z3eCGT2ziEm","d1SeUHEbNDxK+tkpS5NuWv","d1jF5Q5iRNVbVjeoEuSp1k","d1soFh8HpBIoPYzNYWhJNg","d1v+99SGRPSJlEfAP0AIqw","d2HAOrFpNA5qdtOa7nIvty","d2UegCHT1KvoKajHLrR3Ho","d2iP6YbzJGpZshGrmRkLay","d2mOGOA8VDKIU3MtjdV0Mb","d3P/qPP+ZNUrM8d1iGdbTJ","d3VmA1kQZCXYM95OHWfzUA","d3eqBKf9VHv6V79MQR/i75","d3ifrCgH5HxpO8g3mGLJin","d3vPewD/BP3qyM2WfUjiUR","d31LlKmr5JEa0U+VSaBXQ2","d4gTOLyRhOJLyR3iVr9NYT","d46CESUD9DUYDLPSNPuOpB","d48N62ecVBaJ+DTz8MFhV1","d5Qg/d5IRC/pfBjE36lRD9","d5Xids+NdHJqMq+YTjWAxt","d5qRrPYd9LW5RDlvt4c4fN","d6EqHaJm5FfYrvpquRyPtX","d6YYc5s6pNg5QRLrpz8rnd","d7GZHSnitGC4CrPzPilTtk","d7LrWsYd9MCqghG6Vw8qA/","d7NyqdkhJEHZ8myHfk68z8","d7cL4GtBtBNKd7xZvoPtiC","d7m1wUziVGdY7zVh1+5Ddp","d8biV2ryxBx7kQyIbQSSe5","d82YqtPc5ByJyHdxixaigS","d9MSJey09MK5wvFQZ0hsAR","d9icwQ09BLp6pB2oLoRssJ","d9pGxIIGpI7q5h24MBmmna","daRYiUlaJEkJM04nPXwU/Y","danNVp6BxI4bHp5NrH7d+i","dbSw/o26ZAcqMgCgbHeTzE","dbbQa6PcFGcZJ0i1rflVIV","dbmoRGjYFOF5VqiL3JREG4","dbuinccTNM5Y4AlCP7/cc3","db7t/5f8VFBIXbGwlvWK3w","dcN1zoJRhOiqMnVKRkP7Bo","dcP1wmmK9GV5XRoowDDdVY","dcRdb0tItEArLog6bBStmp","dcji6hudtGqL+CJa3xqUsA","dcmqJxh/RAw4puffXEJha5","ddEnhxHodAbpsHxElI6jIZ","ddmRE3I0VETIGkqLLeGoI0","ddxfyUaKlE8ZpaatWK3FfC","deZjy6BbFKfqygprkDc+vT","debuO3dqZEAYaimuX2R2Kb","deethRRIdEhY+se0R3/17s","degV4Po+ZNv5iTD9GvJ1oz","dfU4PrfcVIO5seYDKU2fq1","dfVCscp5JE8JmQEoUr5l7N","dfb3JMgfNIcL1v+ci6fVOW","dfejjNSidHwJB8p0Tq9+H7","dfqsqA6QpIIqDgm1+YxupQ","df+b5tkspDjp6dfIB1Z6wk","e0dWHfksJHNJTZEC1TwjGk","e0iMDs4p1OSKxxBcF04nrg","e076EgxcNNkYurW3JLwt3Z","e1az6jB61A2Z6Es8e50DLV","e1uDrZN2pMj4p5uKs1SGZj","e2DhpgHk9OEqPIX0FrHJom","e2E3+MhzdKa5ddwV3Y5wZQ","e2QPbijW5DiYJ56iENR++W","e2cjtsPQlPnoCLihSUuhTr","e2rjaH6iZB/KeHt8ELM5uB","e2t6/icc1Az6E4KgsMdpJz","e2+a0Y/CZO0b4/9qaD7GzM","e3s5ItFUBLfbjIUAKxMfFo","e4JbUINlVHS6bLkt5cHoVH","e4MzwT3+hASqJ+hVYf6NRx","e4sPGIXjBG1r8n0eS1vbbG","e4uHFQW/VJ+YHAC4U/mVQJ","e40V2md4dBaazECELz8Wdw","e5AePrb1tKoJs1QIsZfh2T","e5B0SeHRpIQK94Wz6I1loJ","e5I3haEsJOLo4DXC5sJXl5","e6ECfPbqhG9LC+FRrUmiwp","e6Q1qdjaNFGbIXVv5ILBal","e6XkxX/G9JxLOuBREFUuag","e6YQ6zOshCNoVbGwA5J10f","e67C2X1fJLW6Val/mHPIyl","e7R0LTElpFz5LqRLY1wkGi","e7YBNWdKRF9raeWTaqbLfT","e7vHcRDiVJY5+NrTyBvXgz","e8FdZNeEpOEbVfG+LM0nxH","e8PsNUiQZFvYNl3wMlG0VH","e8ZlVSi15H7b9BbuvNHU4M","e9C6x2dMdAO7VZHd+00+eb","e9DaZHe3RJ9rf/ao4LJxfl","e9VLoroR1LPbX8gHqRzRK3","e9q04uqy1Fpav7nTKWh+FH","e97GVMl6JHh5Ml5qEDdSGa","e98pirMs5Mwpn1BcMXFjKT","eaQIAM4hlEP6WKYr/38O4S","ea8uXUTYhN7766fN+ZW1bB","ebA/jLaFFHrqQQR8IKZ/OR","ebCrXkMBdMv7gUR1aHX7Qg","ebCs1Ep89HQJNPeEV9uOVj","ebDAzQKNlJNoVTvmGV7NWF","ebFQeCFpxPPKtjhxwbA4RB","ecCTW49kJJYZX+93y4H/Sv","ecP/ekUH9K9YQWQmDjNMYP","ecR+PNoydISrYxJg6ivDZN","ecpdLyjvZBwrvm+cedCcQy","ec93t311FPlZClYYBeMEWi","edWFiH9oZDzp+ptmGjVeNT","ed6u1GqPxHcJ5rPNFJ/iLU","ed62VKm8BHhIaj6t9Qc/dt","ed+QTK7LxFGK5c7N1xhkpP","ee1XBTWQFOOqleACK4RT2h","ee66XX9mdI07EuTB6es2op","ee+ht3fxFMOr4bCOqJA0ua","efiMbu7OFEFrxNrS8tDOZB","ef8FXIVGZJU6qywL/0UCjR","ef9DR9MzhHdKXdZaU3rKEF","f0BIwQ8D5Ml7nTNQbh1YlS","f0IF8SitVC/I3iGLjbgjci","f0JmxsCOBEP6E5d1aDVA+h","f0LeV0QkdPdaajroJV4Kuy","f0MHNKtF1HFLW/MT0Ebceu","f0foKQFDJDWYIADA8E9JyF","f0f39XCClKlL3JZTvVY3O9","f0kir4FWJOZrGEKzjBVmvd","f1KuQNQoNEDbxwzaLPpVTT","f1f2lZvFBNQoHECn04IpGw","f1pAbjeRdNjpqb3nCLqNK1","f1w8uuXxxJWal6E7At6hn/","f2L9iFezdBuL3W76SkwmvK","f2ppG4/yVEuJxvrrFZeyKU","f2vBlld/lGa52whEgQnzAC","f3AWCgxk1Kca/6faEZGYGM","f3EX8+IhJFaLNds6I+zUhW","f3VxD7ZKxD66H5eRkFPrQB","f3gJXBFH5PE6lDgAsQq+cV","f3yy8J67pNn6q8/ANl8Tq8","f4KQ+3DKpDmoGa8n9OqT1P","f4mzXdMVNIhLoEbcPEYKBm","f4np+ViO1EULdPm8pQvKbo","f4upcbbntOlYa5RMJU6L61","f4v5HflpVN6L1CZkSGp4az","f4wQ3m32ROfpzj5jVIiBxB","f4yoB2vexIAILbahipRJ7D","f5BYDy8tBGR4PBHJmw+YhE","f54ANan5tOkrytox/BZqNM","f6K7Jc8bVOMLEqiGU+faLn","f6bUblpcRAJKJ7WD58MHZl","f7X7jaVpdKpqkUNXh9ltl6","f7+LdgjllCp6+3RjV623lu","f8UXQrMkJEt5SbXI14YY+j","f8VKFGI+pESZFf4Gg6Xzyw","f8cjGT4BpKyqTvSWG6XVMJ","f8tKmJ1VlFKIjckZz8R1Fp","f87N56VC1LkqLjEAci9kX+","f9WAJJQKtJFIswYRFLIXLq","fajHC6IdBJhYbkhFZ48ldX","fa7MJlsiRPv5Y2E8xPDQ+f","fbAizygRRPuaMcRNYo4Ggd","fbSxtCirdFWa60SCgVBGTJ","fbkldAd9xM3JZrNM2lvEVZ","fbpjpwJcJBxI7mt84kehfx","fbzhjQm/VBn6IVQ+pkNyps","fcND0SLz9P0qfS3vCVqBic","fchZdxoCRK3q8T5V2TpLiA","fcwMg4FJ9Ka7egnAhXBI84","fdTHdNL05K5qWQPJQDtUgp","fdckwk5tpIaZKNDK4tJ2kP","fdjJa0CuxIkLyn8oUbQGwx","feMrAwvfhNCrgKjtKKaJvf","ffJPipnSFFvpouyLHdH/w9","ffTFTG30xM94e11tsZZLxn","ffg08QralAipAkwZiCkvtm","ff0aKgXftBS5QP7ofyhx7+","ff1RmW1ipNSbhUQ1uWJ/zg"],"scenes":{"db://assets/Bundle/MeoThantai/Neko.fire":223},"redirect":[467,0,527,1,634,0,640,2,662,2,691,0,761,1,905,0,1062,0,1177,0,1186,0,1189,1,1201,0],"deps":["resources","internal","main"],"packs":{"074051604":[327,328,0,329,155,156,330,157,331,332,333,334,335,336,1,2,337,338,339,340,341,3,158,159,342,343,4,344,160,345,5,346,347,348,349,350,6,161,351,162,7,352,8,353,354,355,356,357,358,359,360,9,361,10,362,11,12,363,163,164,165,364,365,366,367,368,166,369,167,370,371,372,168,373,374,375,376,169,377,378,379,380,381,170,171,13,382,383,172,173,174,384,385,175,386,387,388,389,14,390,391,392,176,177,393,15,394,395,396,397,398,16,399,400,401,402,403,404,405,406,17,407,408,409,410,411,412,178,179,18,180,413,414,415,181,19,20,416,417,418,419,420,421,182,422,423,424,183,425,426,427,184,428,429,21,185,430,186,431,432,433,434,435,436,437,438,187,439,22,440,441,188,442,189,443,23,444,445,446,447,448,449,450,451,452,453,454,190,455,191,456,457,458,192,459,460,461,24,462,193,463,464,465,25,26,466,468,194,469,470,471,472,195,473,27,474,475,28,476,477,478,479,480,481,482,483,484,485,29,486,30,487,488,196,489,490,491,492,493,494,495,197,496,497,498,499,500,501,502,503,504,505,506,507,508,509,31,510,511,512,32,33,513,198,514,515,516,517,199,200,201,34,518,519,520,35,521,522,523,524,202,525,526,36,203,204,528,529,530,37,205,206,531,532,533,207,534,535,536,537,538,208,539,540,541,209,542,543,38,544,545,546,210,39,40,547,548,41,549,42,43,550,551,44,552,553,554,555,556,557,45,558,559,560,211,212,213,561,562,563,564,214,46,565,566,567,568,47,215,216,569,570,571,572,217,573,574,218,219,575,48,576,577,578,579,580,581,582,583,584,49,585,586,587,588,589,590,591,592,50,220,593,594,595,596,597,598,599,600,601,602,603,604,605,221,222,606,607,223,608,609,610,611,612,613,614,615,224,51,616,52,617,618,619,620,621,622,623,225,226,624,625,626,227,627,628,629,630,631,632,633,228,53,229,635,636,637,638,639,230,641,642,643,644,645,646,647,648,649,650,651,652,653,654,655,54,656,657,658,659,55,660,661,231,56,57,58,59,663,664,232,665,666,667,233,668,669,234,670,60,235,236,671,672,673,674,675,61,676,62,677,678,679,237,680,238,681,682,683,684,685,686,239,687,688,689,690,63,692,693,694,695,696,697,698,699,700,64,65,701,702,703,704,705,706,707,708,240,709,710,711,712,713,714,715,241,242,716,717,718,66,719,243,720,721,244,67,722,723,724,725,68,726,69,727,728,729,245,70,730,731,732,733,246,734,71,735,736,737,738,739,72,73,740,741,742,74,743,744,745,746,747,748,749,750,751,752,753,754,755,756,247,757,758,759,760,75,76,77,762,78,763,79,764,80,765,766,767,248,768,769,81,249,770,771,772,773,774,250,775,776,777,778,779,780,781,782,783,784,785,786,82,787,788,789,83,790,791,792,793,84,794,795,796,797,798,799,800,251,801,802,803,804,805,806,807,808,809,810,811,812,813,814,815,85,86,816,252,817,818,819,820,821,822,87,823,824,825,826,827,828,829,830,831,832,833,834,835,836,88,837,838,839,840,253,841,842,843,844,254,845,846,847,848,849,850,851,852,853,854,855,255,89,856,857,858,859,860,861,862,863,864,90,256,91,865,257,866,92,867,868,869,258,870,871,872,873,874,93,875,876,877,878,259,879,880,881,882,883,884,885,94,886,887,888,889,890,891,892,95,893,894,895,896,897,898,260,899,900,901,902,903,904,261,262,906,907,908,263,909,264,910,911,912,913,265,914,96,915,916,266,267,917,918,919,920,921,922,97,923,924,98,925,926,927,928,268,99,929,930,931,932,933,934,935,100,936,937,938,939,940,941,942,943,944,101,945,946,947,269,948,949,950,951,952,953,954,955,956,957,958,959,960,961,962,963,964,965,966,967,270,271,968,969,970,971,972,102,973,974,272,975,273,976,977,978,979,980,103,981,982,983,984,985,986,274,987,988,989,990,275,991,276,992,277,993,994,995,996,997,998,999,1000,1001,1002,104,1003,1004,1005,1006,278,1007,1008,1009,1010,1011,1012,1013,279,1014,1015,1016,105,1017,280,1018,1019,1020,1021,106,1022,281,1023,107,108,1024,1025,1026,1027,109,1028,1029,110,111,1030,112,113,1031,1032,1033,1034,114,282,283,1035,115,1036,1037,284,1038,1039,1040,1041,1042,1043,1044,1045,285,286,1046,287,1047,288,116,1048,289,1049,1050,1051,117,1052,1053,1054,1055,1056,1057,1058,1059,290,118,1060,291,1061,1063,1064,1065,1066,1067,292,119,293,1068,1069,294,295,1070,120,121,122,1071,123,296,1072,1073,1074,1075,1076,1077,1078,124,1079,1080,1081,1082,1083,125,1084,1085,1086,1087,1088,1089,1090,1091,126,1092,1093,1094,1095,127,1096,1097,1098,1099,1100,128,1101,1102,1103,1104,1105,129,297,1106,1107,1108,298,1109,1110,130,1111,1112,131,1113,1114,132,1115,133,1116,1117,1118,1119,134,1120,1121,1122,1123,1124,1125,299,300,1126,1127,1128,1129,1130,135,1131,1132,1133,1134,301,1135,1136,1137,1138,302,1139,303,304,1140,1141,1142,136,1143,1144,1145,1146,1147,305,1148,1149,1150,1151,1152,1153,137,1154,1155,1156,1157,1158,1159,1160,1161,138,1162,306,1163,1164,1165,139,1166,1167,1168,307,1169,140,1170,1171,1172,308,309,1173,1174,310,1175,1176,1178,1179,311,1180,1181,1182,1183,1184,1185,312,313,1187,1188,314,315,141,1190,142,316,143,1191,144,1192,1193,1194,317,1195,1196,1197,1198,318,1199,1200,1202,1203,1204,1205,319,320,1206,1207,1208,1209,1210,1211,1212,145,146,1213,1214,1215,321,1216,147,1217,1218,1219,1220,1221,1222,1223,1224,1225,1226,1227,1228,148,1229,149,322,1230,1231,1232,1233,1234,1235,1236,1237,1238,323,150,1239,151,1240,1241,1242,1243,1244,1245,152,324,1246,153,1247,154,1248,325,1249,326,1250,1251,1252,1253,1254,1255,1256,1257,1258]},"name":"37","importBase":"import","nativeBase":"native","debug":false,"isZip":false,"encrypted":false,"versions":{"import":["074051604","c9c5f"],"native":[0,"0fb85",157,"84af6",1,"0b87e",2,"e85b8",3,"d37fa",4,"64f95",5,"33424",6,"8628b",7,"1c98f",8,"a6cea",9,"57fa2",10,"fccff",11,"0b39a",12,"0325d",170,"88e26",13,"47408",172,"6f430",174,"37a8e",14,"bbac1",15,"8de56",16,"79a7c",17,"57fa2",178,"2881e",18,"c3f38",19,"ee4ab",20,"6a42b",21,"60dad",185,"af4c2",186,"74f00",22,"c279b",23,"ad8c5",24,"c6ac0",25,"e698a",26,"1779f",27,"725ee",28,"2303b",29,"57fa2",30,"8bc4e",31,"29c88",32,"0864c",33,"6ec1f",34,"207a7",35,"b9015",36,"706e6",37,"b71be",38,"57fa2",39,"e484e",40,"dab3e",41,"57fa2",42,"1b1d1",43,"57fa2",44,"768bc",45,"4ca49",214,"4265d",46,"834b6",47,"375cc",48,"39ab5",49,"c95f8",50,"da7b3",51,"f1527",52,"95537",53,"9dbce",54,"fb4ee",55,"a9cbe",56,"60c3a",57,"c9774",58,"57fa2",59,"4edee",60,"3cd56",61,"7175e",62,"9d7a0",237,"0b330",63,"788cf",64,"d2850",65,"7f68c",66,"da142",67,"5114a",68,"3cfed",69,"e81a7",70,"7e6c0",71,"57fa2",72,"3687b",73,"b7b4a",74,"57fa2",75,"78874",76,"57fa2",77,"e50a0",78,"181b0",79,"ad26a",80,"4f9f7",81,"ea2ef",82,"f9bf6",83,"babe8",84,"57fa2",85,"1631d",86,"25d8a",87,"c7988",88,"fea95",89,"e4dec",90,"29f40",91,"57fa2",92,"57fa2",258,"4bdbb",93,"0e2be",94,"165f7",95,"89137",96,"57fa2",97,"2e338",98,"c091d",99,"d27e5",100,"a70c1",101,"05754",102,"a473f",103,"57fa2",104,"57fa2",105,"02431",106,"698ae",281,"c84cf",107,"25d8a",108,"f1010",109,"25d8a",110,"db706",111,"87ff6",112,"27c17",113,"55221",114,"a8fcf",115,"6ff43",116,"9aa56",117,"93595",118,"fbea4",119,"953f2",120,"25d8a",121,"459af",122,"57fa2",123,"9bcf3",124,"94524",125,"51d87",126,"d62ef",127,"1ca76",128,"8ecf2",129,"3e290",130,"330c0",131,"25d8a",132,"8978c",133,"64612",134,"21fa3",135,"d40ce",136,"ba8b7",137,"3b7ed",138,"25d8a",139,"57fa2",140,"b6aae",141,"57fa2",142,"79a3a",143,"c7072",144,"57fa2",145,"57fa2",146,"2e1a7",321,"284a9",147,"25657",148,"57fa2",149,"0a604",150,"5e56d",151,"e6227",152,"4c24d",153,"60ec6",154,"57fa2",325,"828f2"]}}