{"paths":{"0":["Sprite/ic_bonan",0],"1":["Atlas/SoiCau",0],"2":["Sprite/xucxac/Thuong_15",0],"3":["Spine/XiNgau/xingauA2",0],"4":["Sprite/xucxac/Thuong_31",0],"5":["Sound/sfx_normal_btn.mp3",5],"6":["Atlas/4677a381-2650-4f32-a4f1-4836128ffa92.66d2b_17",0],"7":["Sprite/xucxac/Thuong_12",0],"8":["Sprite/CuocTai",0],"9":["Sprite/iconLsc",0],"10":["Sprite/xucxac/Thuong_21",0],"11":["Sprite/ic_nan",0],"12":["Sprite/xucxac/Thuong_8",0],"13":["Sprite/xucxac/Thuong_23",0],"14":["Sprite/xucxac/Thuong_14",0],"15":["Font/gold_vinxu-export2x",0],"16":["Sprite/xucxac/Thuong_40",0],"17":["Sprite/dot_white",0],"18":["Sprite/btn_5m",0],"19":["Sprite/frame_key",0],"20":["Sprite/text_tai",0],"21":["Sprite/xucxac/Thuong_43",0],"22":["Sprite/xucxac/Thuong_27",0],"23":["Sprite/CuocXiu",0],"24":["Sprite/btn_close",0],"25":["Sprite/xucxac/Thuong_4",0],"26":["Sprite/xucxac/Thuong_25",0],"27":["Sprite/xucxac/dice/dice_3",0],"28":["Sprite/xucxac/dice/dice_result",0],"29":["Atlas/btn_dan",0],"30":["Sprite/xucxac/Thuong_45",0],"31":["Sprite/btn_10m",0],"32":["Sprite/to",0],"33":["Sprite/xucxac/Thuong_38",0],"34":["Sprite/xucxac/Thuong_2",0],"35":["Spine/TxMini/Tai_Effect_Mini_Lobby",7],"36":["Sprite/xucxac/Thuong_37",0],"37":["Spine/Jackpot/jackpot",7],"38":["Sprite/xucxac/dice/dice_5",0],"39":["Font/Timer/BigWin-export",0],"40":["Sprite/btn_100k",0],"41":["Atlas/Btn_Close_pressed",0],"42":["Sprite/text_xiu",0],"43":["Sprite/xucxac/Thuong_16",0],"44":["Sprite/xucxac/Thuong_22",0],"45":["Atlas/icNext",0],"46":["Sprite/xucxac/Thuong_42",0],"47":["Atlas/4677a381-2650-4f32-a4f1-4836128ffa92.66d2b_31",0],"48":["Sprite/btn_huy",0],"49":["Sprite/xucxac/dice/dice_6",0],"50":["Sprite/xucxac/dice/dice_2",0],"51":["Atlas/HuongDan",0],"52":["Sprite/xucxac/Thuong_32",0],"53":["Font/FontBetTaiXiu-export",0],"54":["Sprite/xucxac/Thuong_18",0],"55":["Spine/TaiXiu/TXspine2",0],"56":["Sprite/xucxac/Thuong_29",0],"57":["Sprite/xucxac/hinhcuoi_vitri",0],"58":["Sprite/xucxac/Thuong_41",0],"59":["Sprite/xucxac/Thuong_1",0],"60":["Font/font_goldPick",0],"61":["Sprite/xucxac/Thuong_20",0],"62":["Font/Timer/font_giay_tx-export",0],"63":["Atlas/Alats7_65",0],"64":["Sprite/xucxac/dice/dice_4",0],"65":["Sprite/xucxac/Thuong_7",0],"66":["Font/FontNumber-export",0],"67":["Sprite/xucxac/Thuong_17",0],"68":["Sprite/bgPopupNNormal",0],"69":["Sprite/xucxac/Thuong_11",0],"70":["Atlas/Lớp 1 (4)",0],"71":["Sprite/ic_close",0],"72":["Spine/NoHU/efwin_taixiu",0],"73":["Sprite/ic_huongdan",0],"74":["Sprite/line",0],"75":["Atlas/Alats7_41",0],"76":["Sprite/xucxac/Thuong_10",0],"77":["Spine/Effect/effect",7],"78":["Atlas/Lớp 1 (5)",0],"79":["Sprite/xucxac/Thuong_24",0],"80":["Sprite/ic_soicau",0],"81":["Sprite/xucxac/Thuong_26",0],"82":["Sound/ketqua.mp3",5],"83":["Spine/NoHU/efwin_taixiu",7],"84":["Atlas/Rank3",0],"85":["Atlas/Frame_MiniGold",0],"86":["Sprite/btn_dongy",0],"87":["Sprite/xucxac/dice/dice_1",0],"88":["Sprite/btn_10k",0],"89":["Sprite/xucxac/Thuong_6",0],"90":["Atlas/btContent",0],"91":["Sprite/btn_1k",0],"92":["Sprite/xucxac/Thuong_34",0],"93":["Sprite/textbox",0],"94":["Sprite/huongdan_TX",0],"95":["Sprite/xucxac/Thuong_13",0],"96":["Spine/TaiXiu/TXspine2",7],"97":["Sprite/ic_chat",0],"98":["Spine/Effect/effect",0],"99":["Font/fontTienCuoc-export",0],"100":["Sound/lacxiNgau.mp3",5],"101":["Sprite/btn_1m",0],"102":["Sprite/btn_50k",0],"103":["Spine/Jackpot/jackpot",0],"104":["Sprite/xucxac/Thuong_35",0],"105":["Spine/XiNgau/xingauA2",7],"106":["Sprite/xucxac/Thuong_30",0],"107":["Sprite/dot_black",0],"108":["Sprite/line_ngang",0],"109":["Sprite/ic_lichsu",0],"110":["Sprite/btn_tattay",0],"111":["Atlas/4677a381-2650-4f32-a4f1-4836128ffa92.66d2b_34",0],"112":["Sprite/top1",0],"113":["Sprite/xucxac/Thuong_19",0],"114":["Sprite/xucxac/Thuong_44",0],"115":["Sprite/xucxac/Thuong_3",0],"116":["Sprite/ic_next",0],"117":["Atlas/bgSoiCau",0],"118":["Sprite/top3",0],"119":["Atlas/bgPopup",0],"120":["Sprite/frame",0],"121":["Sprite/xucxac/Thuong_5",0],"122":["Sprite/ic_vinhdanh",0],"123":["Sprite/xucxac/Thuong_28",0],"124":["Sprite/xucxac/Thuong_36",0],"125":["Sprite/SoiCau/Alats5",0],"126":["Sprite/bar",0],"127":["Sprite/xucxac/Thuong_33",0],"128":["Sprite/xucxac/Thuong_9",0],"129":["Sprite/btn_500k",0],"130":["Sprite/tx",0],"131":["Sprite/top2",0],"132":["Sprite/xucxac/Thuong_39",0],"133":["Atlas/Alats7_40",0],"134":["Spine/Title/title_tx",0],"135":["Sprite/rerult-bg",0],"136":["Font/Font-export",0],"137":["Sprite/xucxac/Thuong_39",1,1],"138":["Atlas/bgPopup",1,1],"139":["Font/Timer/font_giay_tx-export",1,1],"140":["Font/FontNumber-export",3],"141":["Sprite/CuocTai",1,1],"142":["Spine/Title/title_tx",1,1],"143":["Atlas/4677a381-2650-4f32-a4f1-4836128ffa92.66d2b_34",1,1],"144":["Sprite/xucxac/Thuong_15",1,1],"145":["Spine/Title/title_tx",6],"146":["Sprite/bgPopupNNormal",1,1],"147":["Spine/TxMini/Tai_Effect_Mini_Lobby",6],"148":["Prefabs/SoiCau",4],"149":["Sprite/xucxac/dice/dice_result",9],"150":["Spine/Title/title_tx.atlas",8],"151":["Spine/Jackpot/jackpot",6],"152":["Spine/NoHU/efwin_taixiu",1,1],"153":["Font/font_goldPick",1,1],"154":["Sprite/xucxac/Thuong_21",1,1],"155":["Sprite/text_xiu",1,1],"156":["Sprite/xucxac/Thuong_38",1,1],"157":["Sprite/btn_1m",1,1],"158":["Sprite/top3",1,1],"159":["Sprite/CuocXiu",1,1],"160":["Atlas/Alats7_41",1,1],"161":["Sprite/xucxac/Thuong_11",1,1],"162":["Atlas/btContent",1,1],"163":["Sprite/btn_1k",1,1],"164":["Sprite/xucxac/Thuong_13",1,1],"165":["Sprite/btn_close",1,1],"166":["Sprite/ic_next",1,1],"167":["Prefabs/LichSuHu",4],"168":["Sprite/xucxac/dice",2],"169":["Sprite/ic_lichsu",1,1],"170":["Sprite/ic_huongdan",1,1],"171":["Sprite/btn_10m",1,1],"172":["Sprite/btn_500k",1,1],"173":["Sprite/btn_100k",1,1],"174":["Sprite/xucxac/Thuong_31",1,1],"175":["Spine/Effect/effect",6],"176":["Sprite/xucxac/Thuong_44",1,1],"177":["Sprite/xucxac/hinhcuoi_vitri",1,1],"178":["Font/FontNumber-export",1,1],"179":["Atlas/SoiCau",1,1],"180":["Font/Timer/font_giay_tx-export",3],"181":["Sprite/iconLsc",1,1],"182":["Sprite/xucxac/Thuong_45",1,1],"183":["Sprite/xucxac/dice/dice_3",1,1],"184":["Sprite/xucxac/Thuong_20",1,1],"185":["Sprite/textbox",1,1],"186":["Font/fontTienCuoc-export",1,1],"187":["Atlas/Btn_Close_pressed",1,1],"188":["TaiXiu",4],"189":["Font/FontBetTaiXiu-export",1,1],"190":["Prefabs/LichSuCuoc",4],"191":["Spine/Effect/effect",1,1],"192":["Sprite/xucxac/Thuong_18",1,1],"193":["Sprite/xucxac/Thuong_8",1,1],"194":["Sprite/xucxac/Thuong_7",1,1],"195":["Atlas/4677a381-2650-4f32-a4f1-4836128ffa92.66d2b_17",1,1],"196":["Atlas/Lớp 1 (5)",1,1],"197":["Sprite/xucxac/Thuong_40",1,1],"198":["Spine/XiNgau/xingauA2",1,1],"199":["Sprite/xucxac/dice/dice_1",1,1],"200":["Sprite/ic_bonan",1,1],"201":["Sprite/line",1,1],"202":["Atlas/Alats7_40",1,1],"203":["Sprite/dot_black",1,1],"204":["Sprite/xucxac/Thuong_36",1,1],"205":["Sprite/xucxac/Thuong_14",1,1],"206":["Sprite/top1",1,1],"207":["Sprite/rerult-bg",1,1],"208":["Sprite/xucxac/Thuong_2",1,1],"209":["Sprite/dot_white",1,1],"210":["Sprite/xucxac/Thuong_24",1,1],"211":["Spine/TaiXiu/TXspine2",6],"212":["Sprite/xucxac/dice/dice_4",1,1],"213":["Sprite/xucxac/Thuong_10",1,1],"214":["Sprite/ic_vinhdanh",1,1],"215":["Sprite/xucxac/Thuong_25",1,1],"216":["Font/Timer/BigWin-export",1,1],"217":["Sprite/xucxac/Thuong_6",1,1],"218":["Sprite/btn_dongy",1,1],"219":["Sprite/btn_5m",1,1],"220":["Font/gold_vinxu-export2x",1,1],"221":["Font/FontBetTaiXiu-export",3],"222":["Sprite/btn_10k",1,1],"223":["Sprite/xucxac/Thuong_35",1,1],"224":["Sprite/text_tai",1,1],"225":["Sprite/xucxac/Thuong_4",1,1],"226":["Sprite/to",1,1],"227":["Atlas/4677a381-2650-4f32-a4f1-4836128ffa92.66d2b_31",1,1],"228":["Sprite/xucxac/dice/dice_6",1,1],"229":["Sprite/ic_close",1,1],"230":["Font/Timer/BigWin-export",3],"231":["Sprite/xucxac/Thuong_22",1,1],"232":["Sprite/xucxac/dice/dice_2",1,1],"233":["Sprite/xucxac/Thuong_17",1,1],"234":["Sprite/xucxac/Thuong_3",1,1],"235":["Sprite/xucxac/Thuong_30",1,1],"236":["Font/font_goldPick",3],"237":["Spine/XiNgau/xingauA2",6],"238":["Sprite/btn_50k",1,1],"239":["Sprite/btn_huy",1,1],"240":["Atlas/Alats7_65",1,1],"241":["Sprite/xucxac/Thuong_42",1,1],"242":["Sprite/xucxac/Thuong_33",1,1],"243":["Sprite/xucxac/Thuong_34",1,1],"244":["Spine/NoHU/efwin_taixiu",6],"245":["Font/fontTienCuoc-export",3],"246":["Sprite/xucxac/Thuong_28",1,1],"247":["Atlas/Lớp 1 (4)",1,1],"248":["Sprite/xucxac/Thuong_5",1,1],"249":["Prefabs/ChiTietPhien",4],"250":["Sprite/xucxac/Thuong_1",1,1],"251":["Sprite/frame_key",1,1],"252":["Atlas/Frame_MiniGold",1,1],"253":["Sprite/xucxac/Thuong_43",1,1],"254":["EffectDongBat",2],"255":["Sprite/ic_chat",1,1],"256":["Sprite/xucxac/Thuong_32",1,1],"257":["Font/gold_vinxu-export2x",3],"258":["Sprite/tx",1,1],"259":["Spine/TxMini/Tai_Effect_Mini_Lobby",1,1],"260":["Atlas/btn_dan",1,1],"261":["Sprite/xucxac/Thuong_19",1,1],"262":["Sprite/xucxac/Thuong_41",1,1],"263":["Font/Font-export",3],"264":["Sprite/xucxac/Thuong_37",1,1],"265":["Atlas/icNext",1,1],"266":["Sprite/top2",1,1],"267":["Sprite/ic_soicau",1,1],"268":["Sprite/xucxac/Thuong_9",1,1],"269":["Atlas/Rank3",1,1],"270":["Sprite/ic_nan",1,1],"271":["Spine/TxMini/Tai_Effect_Mini_Lobby",0],"272":["Atlas/HuongDan",1,1],"273":["Sprite/xucxac/Thuong_29",1,1],"274":["Sprite/SoiCau/Alats5",9],"275":["Sprite/huongdan_TX",1,1],"276":["Sprite/frame",1,1],"277":["Prefabs/TopTaiXiu",4],"278":["Sprite/bar",1,1],"279":["Sprite/xucxac/Thuong_16",1,1],"280":["Atlas/bgSoiCau",1,1],"282":["Sprite/btn_tattay",1,1],"283":["Sprite/xucxac/Thuong_27",1,1],"284":["Sprite/xucxac/Thuong_26",1,1],"285":["Sprite/xucxac/Thuong_12",1,1],"286":["Spine/Jackpot/jackpot",1,1],"287":["Prefabs/HuongDan",4],"288":["Sprite/xucxac/Thuong_23",1,1],"289":["Sprite/xucxac/dice/dice_5",1,1],"290":["Sprite/line_ngang",1,1],"291":["Font/Font-export",1,1],"292":["Spine/TaiXiu/TXspine2",1,1]},"types":["cc.Texture2D","cc.SpriteFrame","cc.AnimationClip","cc.BitmapFont","cc.Prefab","cc.AudioClip","sp.SkeletonData","cc.Asset","cc.TextAsset","cc.SpriteAtlas"],"uuids":["00L2JXKfxFvp4/GxTxJBs3","01JTiKFKZDqZ6uyuV5y1G6","046grNcghM9Zj/BlMCXRxF","05IdnaMyVOjJdeaLo8ELmt","06qsrUGB5ELLAYM6aGhQAV","08dhtGPZ9C4ayR6XmhlHNm","0f6sB0d+pN9KdSa6/4QjVu","10zvRIndZKr5rg22CIbtVE","11Jd/eBARMUZ3KFtk+2WfL","11qP4Z38hE24PYP8u/06vq","13wTL57+ZOD6ivU3Ukec1f","14Bwk6m4JGlpZKskrTfFem","16Lj6NICpN0J2u+sqJ71Ey","17I0EsWXBNNLzhn1GDcs4R","17lkCtheFBhZ9op76AqgbG","17shiWzetGuY0Yv4NNLFlE","1dFLOcW19GxarvICnkGb0Z","1f9mYoS+FAiYT4HGySokB9","2400NyesBGcIeb9upUbHOp","25QBeowiBOd45tq1nlazel","27fmfgjmJHepXygI4OJ7eT","28Gi5A/YxHno7MyCCvJrHZ","28ynHtKkRDNqT689wAzoFN","2813pxvolA5ZdUhnbdQ/js","2bayTLmt1OvqhEBWoESZEW","30KHc/7YlKYL82OjYOXjS9","32qXK2+CJKP53WsJsnQhTM","328nySc9hKC52FYopJRaVB","38Mi1qCr1AR4Ni5ZZeUgrn","3cMClR0TNBMLMC8NCkTsFU","3eeLQC+VZFcoNh1AguL7mj","3fSu3fYVVH0IFO4hTe/Sm8","43Pit+ibdD6YUH8rfOrWrO","43ZvOM6+5F4a2KCaW7Nvik","43ppG9r91O1rNys7cZssPF","43/tBORA9JQJFFZ+5UM1iW","44rzmjCnVLGZi+yqIMsOF9","45XtuUeqdGAagVmGS6g0Ho","46wvpWK39M7a65K+0fBg7F","46zSxy5UZAM5vYUZxaAvAm","47TDvtsfFCxJNPD2Humw+y","48c5eKVHVCrbguZGWLYO1z","49+9PatVtE75BFwtJR7Ve3","4aELw1mCNGAaXAR/MwHNei","4aW0o8pmVGeq7I6DoDmHQ3","4bOkfifsNGdKUN6wynVu3m","4bO02QK7VCMKWGkG0WesCk","4d+I0u+oFG3oK5Cp/Tx3z3","4f/tgzV8VHBZkBizi7X1F/","50A3gA9N5LnZD3zlv8qDO0","50Oai2GUlK25jAjQz5KVU5","51O4HMVB1ED5U7fsJ6aSpG","55AncBRk5JRrhHIoLBql5e","56nVJSR9hMbIwWuI3QwLXn","58hnIAi/RMObZ4veZO6xlC","5aguzMiGtMQK94yHX9r55i","5dPot4EztM55s8h+MT5cIR","5e489ndFJIPajdVzQ0N/CJ","61OwDLdq5Dk4jSL4wEH1Ve","614TAmbUlBcbYb8EaVI4ge","63GraTsPBMkpOrBSZGtUTs","65TlZZkANEOqu6ALIe6WeI","6bPyOU/KpKVLxG1WseRkNH","70pNrG7AxIgaZOiK/tFHhp","7aw66MSLNFMaaU3C62V7Zm","7cxdeu7IdKC5jP/7md8iDU","7ejhLKuM5HIqDYyNWE+mcR","7fsJggxw1FBJNo53u1xm43","80hi7AYXFNxabN8y3rIGOz","80zd20XY9HsLJJdCcbbGMX","82R9UMcXJIxLnWKBF6Kd1V","824nJwdc9M06or2HYZFcDz","86PEt1C65NHoqfU0ZfophV","86fv3xaMBOoY5uCeqa9HnH","86gykG4ipF+JfluMiLyC7R","8c8BqAtBBDsb5OmxbCgG08","8dL15N5QlOZ6vXkedT9Nfy","8dZVuyerJK8Izy+POBt+sm","8fcV/YOhhGgZTc7GYpSgCD","8f+Sp7BbRETIYX+v8MRGRL","95KqZzGw9L2opNbnRe2w05","95RnfC7A5OUpeB4R59lRdH","95zJzi7N1MB45/6Zk8gFh6","98egi+S7RHeI3vaZQ1l4+o","99FpKKSDRNlIeYv8nZIC20","9bjBwExXhF6pNtng5rLkrz","9bjM49VjVHAaCEg+TrzziJ","9cGspeGDxPErHuDGSZfFXq","9d1Tw8TLNCupku5awOPzsq","9feOTLGXdMIZjQ5OBSIQ/o","9f93sUMsRJ4Krr2qGeJ5Ok","a0SMpvcrBM1oiR62wSO+SB","a0Z85f5ypOq4KzxhpvRczf","a3etvrLdNJ0JjWSBO/B3FB","a8J+G/pD1MIJlfir6QOlB5","a8vp7YkYlJrL81R549hL0H","ad7pTesDFNmKp5gBuvOxo4","b08oounzZJeLh4vvk3SqS1","b1osAajiVO9bHb7+kXwYvE","b34bGfouJFjqRazfemBdyn","b4DlF11x1NP5ne9IJwCHTc","b6NP5sYOpAe4KFm+W7hr4o","b8cRBHmRtASpVr6kIITsmX","bdWjHAMPBP9Kyl61GtT9mg","c4Wmf1jkdBxLlQkEjqivxc","c8Yo46KIVBU7zw5I55WNaa","caAmCnfrdAfZaq6pS2XpRq","cbuZlReU5GCKcq2K8kjB6H","cdJrFhVCRBHpkyPPPabA9I","cdbjTmi7RG3ple4ImYgVTK","cdq/ZS6FVBoJ6bAT8jW8WM","ceKNBEzqpH7KEWFbkZIy4B","ceXnAkybxDyaesYTZa3uzY","d0yH9MXT5Dx6MpW9/rIEW+","d1LAt4f9xJdpfWCKu84PWP","d7270sLFxC+5NRMdk3MdBJ","d8NKfJe49G34egQJTPCr0I","d9J3Mea0FMHoE6mtozpgv5","d922mIPYRCkaXE70lsLGDL","dfvHrq/T9Knr8sBsC4TVTt","e2cVvgMzBOiZosid08uzpd","e4oSTrEVxNXbKLIpC0snIn","e5Z2K5RqVLYouTWvRAV1Sg","e5c07UPV1JiY1o6hGZXZm7","e6g2Kig+5KKa1eytzDJGSE","e6mWAY101MfJqqX0TU05vb","e71WMDBRNKgp50sMNOaHyE","e9wk6TF2pK0Yj3KFZbbznV","ebXXI+A75Ku6MNq0dasJ9e","ec6/DofYtA+Lz3oROQHd8i","ed1PTURpRM2I6PT3cB9gUL","ee/m4enKVEI5uQtq1fw/7W","f3YRF9eYpEYYGkkY3uoN/e","f67LgBpYJAWLh9h6e58aKV","fb1DlNh0lG0rGk/1NL+ag4","fdHD037upBCbiP+8i6xUJg","ff8X+5reZMSKdyGjT+oCsR","00lxUgu7dAc5ZlprH/gQ2h","02cJcxcaVMbIKO0vvc5Eou","04aRtPvBhCIJYsveR+ZM4/","04rzlpPP9CJ6UOkOxo+JG/","04sTZE0ntEy5pbnzEqlj/S","05afkmXIpBepawKTkK2Af/","06hk0NpEBDUL/eih0Mr1C2","07IY/+gthNo69xVO2GrUz9","08HCTVpflBfJXPQN80FVZm","09PWuX/llKRLH/XAfEOvsN","0duMWvXDNJSrJzPnTTp57W","0eISb9O9BCnLuBYBHYJCNR","0fDGmB+mVGIr8VN3ju/PsU","11T1ARc3hA9ZFwGa+K5SMx","14aOuurmVKvagWs56EPfc6","18uZs4uMhCh4x/dS4q0qqK","1a5zqDECRHHL5KjDsLl6Tp","1bOkqfPOBBr5eElA0LUtpr","1cMcLoFw5EXYeozitOScZS","208tA98jFNzoa/HCf2/OYY","2262LveXpI848Rp9znnESc","2294YosuJGuLlrBMuay+n3","23CAVU3gdFoY5RQlD9XEKe","25v52UqmVLJpUg8DRucWg2","28N6Tkp4BFCoUuiVcYDHmh","28rNIufhJMaanTCESkzdIh","2al1n4kDhKcaDgMvZ3hTIV","2cGxdvkP5OFJSQBvq4r7h+","2cpa0tt1JCY5jWHAHbaMEE","2cqnmmC9JP6qGQsIPT7hMV","32delSWV5LI7uPrBNPJ1/I","32223M/sJHbqtlAurkXP78","339MQnwyBFRJqX//Jt5I/b","36URm0NdFJ+rgKK1Lksggn","36Vg17LflAJYtsV7zcHrhB","3b5VJ9LDNGGbl90bJ1TB0c","3b+aKgZQRCLoxcSOfbFfZP","3cAt7gtftLoo4DNTzTWnXB","3dI4msIp5FJoLBNK+c4+d/","3d71n9qHBFFa1k576/wemV","3eXU7ogYBAIZIoxB8Hc1l9","3elwKNqy5EQ42cse7GoWrD","42ff1SYDVFY5IGqr+IBTd7","43voI6ugNCSYFFvzzbDYEF","43xWvb9X5FHpDOD22ApMGM","4aNnftvf9PAoV0p21+MOSr","4aSCvEW+hPEInp4KUiCBbH","4aUxnugOFIXKXuA93WaLU2","4cpijgfWJD/qsTSR626krV","4eLLqq5ZNDpLj/ZbAzd6c9","4eyPNrnRxA2KSxbuAXGfV2","5071g5d71IhaLHTfuH4F0D","54oojH8mVIxJrSXd03Wa40","563Ujc/AhJsLnfiWYRvILU","57VQDdBVhHXaZe9481E7OY","574ajRnGtF7JZagDdOyQOL","59cv6MHppBt7NiEAw9pyyn","5a7I5XCVZNQrlC2sjFc03w","5cnjIF9MhBEbeemf8Bx5lj","5ctaYgI2ZJf6IIDMyMrY4a","5fqOhV9+NK1YWAf5bGP+6V","62rGr5n1ZCR7ksx05bO6s7","64tTe1CtlK4o3vbg5LWcBC","650IgtAXtBY7Ce646GwRiu","6cVO6cMBFMM7/ln6lbXpvg","6eDvSNdLtN/bsCBMZuCtfv","6fDzaKRnJBpqtN7k2lechL","6fuGQUVwZMFJlQeexA8Ckn","72A4NPYy9I37sJnK09ywSq","72H+3q5jpAZova7Mhjf8Jr","72sC6RwfdOWLalXgw7Bd7L","75g2ZYnI9PrpwW5N/DCdJy","7bbi9OirJJtaXeLawbwOKf","7eJyJmjpZMyrllhlLIDhy6","7e9GpXYjpNzpy5LLEf0dkH","7fB2/gph5Ke5XxVFk5jZ4Z","7fO+B+KkNMFZbsOc4FveJB","7fdzFTRlpOo6N77T1uk3Gs","7fzCz6xPFHJIfFL2XhbSlt","80ZH6H9UtOLrHqh6p/q7Lj","80xcDpXR1J24WJAu0egr2B","81z1ocd6hOb63OONH8dJ6q","83yys3bGdOu5zI/XBTNvh3","84UsuuZzxPSaRuw9V4n3LV","84YIcqgYFO8oiYPR/TQGuh","84njOktQhPP4TFyIZcBqTF","86fsnuPrtCQ7tgipn4FEg5","86gz2NZjlB6o83pq8+kO5a","88owjTFiZAwK8W0gMSyAMz","8ad0oc979LbY79h8cyEjE+","8bZLl1cvRDKJ2aDNVNKT3/","8dU/NmIy5P0KQzr9TmJUX9","8dtpCYVC1F5a7BpAZllVii","8fyMm+hH9D15CIhtb8bd+H","8f2L3AqgZEQIlM1loCkKXb","96U/7Yr61AGrO4EoiGBLSP","98nZ6WiP9OnYM446pYr1Iw","9b54z3tp1Pd5chAdeuFEXV","9dh0mk1zpD5bDRH419e9gX","9eJNRIYQlHAZhNX2+jiEWl","a1wZyOpH5DpLVZq6VB6dez","a4SsQIFb1Pv6stiUcp9i75","a6E+EBe6dGrK9KXvVTlDUJ","a69uPVtx5EfKdfpeW/IUao","a7WNEqqvRGf6lKZxHjmyR3","a7/ZG/j39AyIE8FdPrXW1n","abyfPEU1pMRb+OU6A9dRRA","adAy3oK6xAiYBMp8r0TnNl","ad7Od+rjdME61MF9+t1Y9t","ae3Kj8a6dEkKVUZ3JquaeB","afRU8EYHtKZav7RBNrUKr7","b1kHXAH59BfIA7VoUtdQ1l","b13YLneDtGEIxSZ/sOasO2","b2YfMLcqJLvpZ1i3NSnIb1","b3mE14LGhBJ4pRLaabVwxc","b9UGkmRvtOK5lPw7H0sND/","bbbZjGZO5E7rA6+9TUz+b8","bcJ3HohjVOsY8a/KFJKQAw","bdVbxNO8NBPbfkpq8eJ0jr","beHj40P+ZKK467v8Jiyn7t","beq64nH/BMAZCOF4BoqD09","c0VgXxyBlLrbkNS+FeASVw","c1W9daFhdH7IGb8Nb29HvL","c2MOPkpeFMArsYcupyxYDK","c3EAj3SgZHdLFjENlD+a5Q","c4ltJLB7RI/KbSkxP2Duq5","c4t67ihSlPXpkMJEXEXlF+","c45RFEnkNMT6o9yWACaMmW","c6K2tvL59JA4+8Y8//B7Sx","c7rxr6XZtK9J9AdpFMO/UJ","ccF/CuNQZK3L0JlEP6ET/d","ceUTQQwvJG2qwAKGrZAqxd","d7FJaLcBJN0LS8pUgyhcaS","dbR7Rh9OFOKrEK8epe1HTF","ddOC7nWZdH5KOg6AeHq0Yt","e2lZc9hWpM+ZqkVh8nkzIY","e4qRd0pGJEVpADo87MznMd","e78DXIwsBM6IhCVM0iqJL6","e79oqqCK5Bo6QIRSR7Alg7","e9Er05xvpH9It4zXUQSjSp","e9/u8wdmlK76VGPtUEX256","eaSkcbD8xKxYkHmmqAEyQY","eaVvCv+N1Dz6J12Y4CfL0w","eau8jE6FZG6JTy3+Xpx6Il","ebqr+yW6ZOtpMnS6+2RM9G","ed9+rzkgxNU7nL1RLuf82j","efs6Ic5OVKMLk6jyneBR0A","f1Sw2LZBtEToqnYQzu0eI4","f4CI1ClwNNBKyD9Y+7W2Ng","f5RndsgzNPnqJ8y+c3zOeX","f7D5PAETpNELw4nUXBLgvI","f8HP03j/1OS7pqRl2hFvVO","f9LfaOSZxEMq8YNtiM3FaA","f9Y4U9ZwpJ9KfDy41fopvI","fdP2deElZLTaoTaB/Gpicf","fdP9iwQARCGKvDjjlRAndK","0081+TBcVMsINPl2e1vhmd","02ot9e5ctCz5ZKteJcFlQ7","059AxyzJRPPptM8xCl83WU","0cTjhc2F1O36//jwD9PJOh","0chfcpW9hMGZdIZ0RieCvN","11srSSPLFBjbnKg0suGUc0","12Nwa4HwZJ6L891qzJ9Ym4","15B0ZYbpBIBrrgCUrRq8Ie","1bN8Yn3q1Dl4degcSI1vWn","1diPRU2UhDUrcH56Y95KoJ","2295hbdW1A77Sc8eSsHBWl","24rpmptttB4pVq7aMq9w28","29FYIk+N1GYaeWH/q1NxQO","2bcDhnVHpFH5RhLSNrxUIy","2fTSi7pI1LQJXXeSBK/55f","309J5tAqtIpI403+5hkWeT","31dcCKpX9LT5Cl2CFT7yXg","33IscwLB9N1Zs+pSPybwCn","38FuldS2JJdbGE9dZzdlKB","39/s5LdFxLg4RAnkrPXCcG","3fheTGljRNyaThMQvL+TRb","40cu+dG6VI7Yk71Padiqx+","42GdTzOJFAUKjf08sI4SI8","4aIoppd19HwadZBalqLHXF","4dIPHH/1JP5qbRtexS3yem","4fg3NXbv5Nx7TU2nwCV5Zd","502DE1wABPiY0qFvkR8r6B","52irCSfhxPZY2p5wZZsryv","5axAftzb5P5oqjf/pOqrD5","5bKD3eM1xMP7vjNj81i51U","5c5ejMja5CYrTIRoWF9hPY","5d1IxIoypJjYvXFM/TIY74","62oihGGvhFTbLpN2+4Pnzl","65ghTteqpOnJhufja79vHQ","67o6W0bQtBiYDNBbmE4/vK","6cfBOKrqpJubYJO+ZcqCT/","76Oo+hdZBIC58PkmtS6Hpa","76rygIn3lLkq4+jWqLaeYd","7a/QZLET9IDreTiBfRn2PD","843UBDDHFEjp8zTvbG5YSz","87J0mnKDlNHqdU6T4DWgRI","87upprKKNGLb3p2lYrrqWS","8dYATFJDtKgY3SIFAuBC9e","8fk0Q9kopNr6gT11r4cl5e","94WFO0GS9AlZ2Zh9oWTFsZ","9aVN8l3d9KCLEmswesGW/c","9cTX5+wG5FN4w8O7ShPkma","9dJK0pcytGmZOXsNGcrPnY","9dM01khkBKI6Mhp7IhlUgO","9dc9LsAfFKMbVUoo8A2SKb","a1U5RdJRFMFL57BdJC9H1X","a2MjXRFdtLlYQ5ouAFv/+R","a27lGISzpLXoGeE2EcEBch","aaH/HftsRKhqa9cyqm0wKE","abGEQ+vwVF6aHcMyTYrps3","aeq4T1YX5K2a+lPSTNjGZD","bb1uvs3jdBXJU9u7Ydl/ye","beoXOX6pBHD4pgbuRrwXV3","c0SMPrZ0tHRYfLuC2OKKU3","c0vAuZaIZM8YNqbhX6kFOd","c9VupEoCxGbIrIXOJwwOth","c9bfir8TZBqoRTrOX1Sln1","d1YsKrurxJGofTe/LN/roL","d4PXJesfBL77oi+DVdvLiO","d5qOSBd0RDT5y2bedxl2WJ","dbEWUhTHtFM5Z8RPMIoG/u","delKmNhYRDQ6htpWha9VUg","dfGR6vJaVIS5jOBKv/7bIG","e1M4dVdwNOCqD69gLCBDJ5","e31OElrbxAZ5/U31jmzoGs","e8Sx+JF/hM+5Kp694BlAOO","e97GVMl6JHh5Ml5qEDdSGa","ecCTW49kJJYZX+93y4H/Sv","ecpdLyjvZBwrvm+cedCcQy","eeEH2nMwFAxKraGPKW9aSN","eezTelHGhArY6y7eukmF5+","ef0ceXsOdAYJRDxGqKjT3r","f0BIwQ8D5Ml7nTNQbh1YlS","f1FH1t+oFJn4adhITXYG4L","f1G680BXNMDoOlXJXZVWom","f5Z0lGf6BDPZqQXgKXWe8B","ffnyd/o/VOE4MWA+Ub/XIC"],"scenes":{},"redirect":[147,0,303,0,305,1,310,1,319,1,321,1,329,1,330,1,331,2,343,2,344,1,351,1,353,1,356,1,358,1,271,0,361,1,364,1,365,1,366,2,370,1],"deps":["main","resources","internal"],"packs":{"01666aecd":[158,206,266,277],"018b37100":[263,291],"01ff9d0d2":[294,318,324,345,362,363],"033b749cd":[301,338],"0352c91dc":[293,295,296,149,302,317,320,327,334,340,341,349,350],"05329161f":[137,144,154,156,161,164,168,174,176,177,182,184,192,193,194,197,204,205,208,210,213,215,217,223,225,231,233,234,235,241,242,243,246,248,250,253,256,261,262,264,268,273,279,283,284,285,288],"0558e50b4":[220,257],"05ca653ea":[186,245],"073ef9720":[201,278,281],"079d6338d":[275,287],"08c64f995":[141,5,157,159,163,169,170,171,172,173,181,188,200,203,207,209,214,218,219,222,226,229,82,238,239,240,251,100,254,255,267,270,276,282],"09c99379e":[139,180],"09d482454":[216,230],"0ac26c45d":[143,183,185,196,199,212,228,232,249,289],"0bab06ee2":[189,221],"0be457085":[298,325,326,332,333,337,352,355,357,359,274,371,373],"0c00c69c1":[153,236],"0c838773f":[0,1,2,3,4,6,7,8,9,10,11,12,13,14,15,16,17,18,19,20,21,22,23,24,25,26,27,28,29,30,31,32,33,34,36,38,39,40,41,42,43,44,45,46,47,48,49,50,51,52,53,54,55,56,57,58,59,60,61,62,63,64,65,66,67,68,69,70,71,72,73,74,75,76,78,79,80,81,84,85,86,87,88,89,90,91,92,93,94,95,97,98,99,101,102,103,104,106,107,108,109,110,111,112,113,114,115,116,117,118,119,120,121,122,123,124,125,126,127,128,129,130,131,132,133,134,135,136],"0c911d0e4":[166,247],"0de19e223":[297,299,300,304,306,307,308,309,311,312,313,314,315,316,322,323,328,335,336,339,342,346,347,348,354,360,367,368,369,372,374],"0eb69b400":[140,178],"0ef32f87c":[146,165],"0febee020":[155,224,227]},"name":"36","importBase":"import","nativeBase":"native","debug":false,"isZip":false,"encrypted":false,"versions":{"import":["01666aecd","0e0ca","018b37100","c1050","01ff9d0d2","358a2",138,"813b1","033b749cd","df54f","0352c91dc","2d55a","05329161f","d3d1a","0558e50b4","88636",142,"31c75","05ca653ea","dea11","073ef9720","a6d69","079d6338d","cbaa7",145,"f3629","08c64f995","892bd","09c99379e","1fadf","09d482454","189ef","0ac26c45d","1378e","0bab06ee2","4cd0a","0be457085","45cfd","0c00c69c1","ad06c","0c838773f","bd027","0c911d0e4","32748","0de19e223","6a874",148,"b25ec","0eb69b400","b88ea","0ef32f87c","379f8","0febee020","fe9ba",150,"5e505",151,"52c76",152,"246b2",160,"016ba",162,"19f6f",167,"5f98a",175,"bb2e9",179,"ce9f9",35,"279bd",37,"20cc0",187,"22125",190,"f2fe0",191,"c7a93",195,"a8f0e",198,"ec195",202,"30519",211,"ee961",77,"8d6d7",83,"79875",237,"0848e",244,"c25c6",96,"daa2f",252,"92268",258,"ebbbc",259,"f17b5",260,"10d1c",265,"8c242",105,"81bb8",269,"b9767",272,"b7bac",280,"d5af9",286,"bec86",290,"bbd18",292,"f16aa"],"native":[0,"cf09d",1,"86afd",2,"781a8",3,"ead9b",4,"d7e78",5,"94f70",6,"05b72",7,"4cb0a",8,"984db",9,"6b167",10,"96aa4",11,"db84e",12,"bcc72",13,"7b8f4",14,"eb429",15,"76e1d",16,"a4eeb",17,"eb6f3",18,"b0faa",19,"2db96",20,"5c56c",21,"a4eeb",22,"fff48",23,"7199c",24,"9f30e",25,"14b7f",26,"718c6",27,"e87fc",28,"a1064",29,"bca8a",30,"0701c",31,"5e4f4",32,"74f71",33,"0701c",34,"3e632",35,"f965d",36,"ac7f1",37,"f877a",38,"df915",39,"5bb49",40,"2845c",41,"d8580",42,"d7dc9",43,"85ff0",44,"d81b7",45,"48b1f",46,"61ba0",47,"13795",48,"a5e97",49,"77b0b",50,"f2a77",51,"486e0",52,"cbb98",53,"bb2ee",54,"8cd22",55,"2ef7e",56,"2fc3d",57,"91bf9",58,"4de21",59,"7e1a9",60,"b1424",61,"7d2d4",62,"ee896",63,"f1edb",64,"92550",65,"04edf",66,"1288e",67,"aac72",68,"f4906",69,"b0d25",70,"6f0e9",71,"d81d1",72,"31e21",73,"591bc",74,"87450",75,"0fd0d",76,"1e871",77,"fb694",78,"faaca",79,"10958",80,"0fbac",81,"8b1a7",82,"b1b77",83,"39358",84,"b62ed",85,"aca74",86,"9453b",87,"3278a",88,"59f7e",89,"578b2",90,"78e67",91,"21156",92,"7844c",93,"bdb6f",94,"8c598",95,"45018",96,"0ae44",97,"f7bf9",98,"90faf",99,"4852e",100,"1c162",101,"cb38f",102,"e1acd",103,"37512",104,"d24c5",105,"f56fe",106,"c6ee7",107,"305e5",108,"6f843",109,"2d992",110,"80050",111,"7edcc",112,"7e16f",113,"279ba",114,"93e98",115,"c6d46",116,"4010d",117,"efd2c",118,"4ad4b",119,"ce2c0",120,"57e88",121,"a7d6a",122,"60bdd",123,"f05db",124,"87789",125,"de17b",126,"c885a",127,"2e4ab",128,"b3467",281,"c1045",129,"b1c17",130,"be9c9",131,"a77b0",132,"93e98",133,"36aed",134,"80709",135,"ddfbb",136,"257c4"]}}