{"paths":{"0":["Atlas/SoiCau",0],"1":["Spine/XiNgau/xingauA2",0],"2":["Sound/sfx_normal_btn.mp3",5],"3":["Atlas/4677a381-2650-4f32-a4f1-4836128ffa92.66d2b_17",0],"4":["Font/gold_vinxu-export2x",0],"5":["Atlas/btn_dan",0],"6":["Spine/TxMini/Tai_Effect_Mini_Lobby",7],"7":["Spine/Jackpot/jackpot",7],"8":["Font/Timer/BigWin-export",0],"9":["Atlas/Btn_Close_pressed",0],"10":["Atlas/icNext",0],"11":["Atlas/4677a381-2650-4f32-a4f1-4836128ffa92.66d2b_31",0],"12":["Atlas/HuongDan",0],"13":["Font/FontBetTaiXiu-export",0],"14":["Spine/TaiXiu/TXspine2",0],"15":["Font/font_goldPick",0],"16":["Font/Timer/font_giay_tx-export",0],"17":["Atlas/Alats7_65",0],"18":["Font/FontNumber-export",0],"19":["Atlas/Lớp 1 (4)",0],"20":["Spine/NoHU/efwin_taixiu",0],"21":["Atlas/Alats7_41",0],"22":["Spine/Effect/effect",7],"23":["Atlas/Lớp 1 (5)",0],"24":["Sound/ketqua.mp3",5],"25":["Spine/NoHU/efwin_taixiu",7],"26":["Atlas/Rank3",0],"27":["Atlas/Frame_MiniGold",0],"28":["Atlas/btContent",0],"29":["Spine/TaiXiu/TXspine2",7],"30":["Spine/Effect/effect",0],"31":["Font/fontTienCuoc-export",0],"32":["Sound/lacxiNgau.mp3",5],"33":["Spine/Jackpot/jackpot",0],"34":["Spine/XiNgau/xingauA2",7],"35":["Atlas/4677a381-2650-4f32-a4f1-4836128ffa92.66d2b_34",0],"36":["Atlas/bgSoiCau",0],"37":["Atlas/bgPopup",0],"38":["Atlas/Alats7_40",0],"39":["Spine/Title/title_tx",0],"40":["Font/Font-export",0],"41":["Sprite/xucxac/Thuong_39",1,1],"42":["Atlas/bgPopup",1,1],"43":["Font/Timer/font_giay_tx-export",1,1],"44":["Font/FontNumber-export",3],"45":["Sprite/CuocTai",1,1],"46":["Spine/Title/title_tx",1,1],"47":["Atlas/4677a381-2650-4f32-a4f1-4836128ffa92.66d2b_34",1,1],"48":["Sprite/xucxac/Thuong_15",1,1],"49":["Spine/Title/title_tx",6],"50":["Sprite/bgPopupNNormal",1,1],"51":["Spine/TxMini/Tai_Effect_Mini_Lobby",6],"52":["Prefabs/SoiCau",4],"53":["Sprite/xucxac/dice/dice_result",9],"54":["Spine/Title/title_tx.atlas",8],"56":["Spine/Jackpot/jackpot",6],"57":["Spine/NoHU/efwin_taixiu",1,1],"59":["Font/font_goldPick",1,1],"60":["Sprite/xucxac/Thuong_21",1,1],"61":["Sprite/text_xiu",1,1],"63":["Sprite/xucxac/Thuong_38",1,1],"64":["Sprite/btn_1m",1,1],"65":["Sprite/top3",1,1],"66":["Sprite/CuocXiu",1,1],"67":["Atlas/Alats7_41",1,1],"68":["Sprite/xucxac/Thuong_11",1,1],"69":["Atlas/btContent",1,1],"70":["Sprite/btn_1k",1,1],"71":["Sprite/xucxac/Thuong_13",1,1],"72":["Sprite/btn_close",1,1],"73":["Sprite/ic_next",1,1],"74":["Prefabs/LichSuHu",4],"75":["Sprite/xucxac/dice",2],"76":["Sprite/ic_lichsu",1,1],"77":["Sprite/ic_huongdan",1,1],"78":["Sprite/btn_10m",1,1],"79":["Sprite/btn_500k",1,1],"80":["Sprite/btn_100k",1,1],"81":["Sprite/xucxac/Thuong_31",1,1],"82":["Spine/Effect/effect",6],"83":["Sprite/xucxac/Thuong_44",1,1],"84":["Sprite/xucxac/hinhcuoi_vitri",1,1],"85":["Font/FontNumber-export",1,1],"86":["Atlas/SoiCau",1,1],"87":["Font/Timer/font_giay_tx-export",3],"88":["Sprite/iconLsc",1,1],"89":["Sprite/xucxac/Thuong_45",1,1],"90":["Sprite/xucxac/dice/dice_3",1,1],"91":["Sprite/xucxac/Thuong_20",1,1],"92":["Sprite/textbox",1,1],"93":["Font/fontTienCuoc-export",1,1],"94":["Atlas/Btn_Close_pressed",1,1],"95":["TaiXiu",4],"96":["Font/FontBetTaiXiu-export",1,1],"97":["Prefabs/LichSuCuoc",4],"98":["Spine/Effect/effect",1,1],"99":["Sprite/xucxac/Thuong_18",1,1],"100":["Sprite/xucxac/Thuong_8",1,1],"101":["Sprite/xucxac/Thuong_7",1,1],"102":["Atlas/4677a381-2650-4f32-a4f1-4836128ffa92.66d2b_17",1,1],"103":["Atlas/Lớp 1 (5)",1,1],"104":["Sprite/xucxac/Thuong_40",1,1],"105":["Spine/XiNgau/xingauA2",1,1],"106":["Sprite/xucxac/dice/dice_1",1,1],"107":["Sprite/ic_bonan",1,1],"108":["Sprite/line",1,1],"109":["Atlas/Alats7_40",1,1],"110":["Sprite/dot_black",1,1],"111":["Sprite/xucxac/Thuong_36",1,1],"112":["Sprite/xucxac/Thuong_14",1,1],"113":["Sprite/top1",1,1],"114":["Sprite/rerult-bg",1,1],"115":["Sprite/xucxac/Thuong_2",1,1],"116":["Sprite/dot_white",1,1],"117":["Sprite/xucxac/Thuong_24",1,1],"118":["Spine/TaiXiu/TXspine2",6],"119":["Sprite/xucxac/dice/dice_4",1,1],"120":["Sprite/xucxac/Thuong_10",1,1],"121":["Sprite/ic_vinhdanh",1,1],"122":["Sprite/xucxac/Thuong_25",1,1],"123":["Font/Timer/BigWin-export",1,1],"124":["Sprite/xucxac/Thuong_6",1,1],"125":["Sprite/btn_dongy",1,1],"126":["Sprite/btn_5m",1,1],"127":["Font/gold_vinxu-export2x",1,1],"128":["Font/FontBetTaiXiu-export",3],"129":["Sprite/btn_10k",1,1],"130":["Sprite/xucxac/Thuong_35",1,1],"131":["Sprite/text_tai",1,1],"132":["Sprite/btn_gui",1,1],"133":["Sprite/xucxac/Thuong_4",1,1],"134":["Sprite/to",1,1],"135":["Atlas/4677a381-2650-4f32-a4f1-4836128ffa92.66d2b_31",1,1],"136":["Sprite/xucxac/dice/dice_6",1,1],"137":["Sprite/ic_close",1,1],"138":["Font/Timer/BigWin-export",3],"139":["Sprite/xucxac/Thuong_22",1,1],"140":["Sprite/xucxac/dice/dice_2",1,1],"141":["Sprite/xucxac/Thuong_17",1,1],"142":["Sprite/xucxac/Thuong_3",1,1],"143":["Sprite/xucxac/Thuong_30",1,1],"144":["Sprite/TaiXiu",9],"145":["Font/font_goldPick",3],"146":["Spine/XiNgau/xingauA2",6],"147":["Sprite/btn_50k",1,1],"148":["Sprite/btn_huy",1,1],"149":["Atlas/Alats7_65",1,1],"150":["Sprite/xucxac/Thuong_42",1,1],"151":["Sprite/xucxac/Thuong_33",1,1],"152":["Sprite/xucxac/Thuong_34",1,1],"153":["Spine/NoHU/efwin_taixiu",6],"154":["Font/fontTienCuoc-export",3],"155":["Sprite/xucxac/Thuong_28",1,1],"156":["Atlas/Lớp 1 (4)",1,1],"157":["Sprite/xucxac/Thuong_5",1,1],"158":["Prefabs/ChiTietPhien",4],"159":["Sprite/xucxac/Thuong_1",1,1],"160":["Sprite/frame_key",1,1],"161":["Atlas/Frame_MiniGold",1,1],"162":["Sprite/xucxac/Thuong_43",1,1],"163":["EffectDongBat",2],"164":["Sprite/ic_chat",1,1],"165":["Sprite/xucxac/Thuong_32",1,1],"166":["Font/gold_vinxu-export2x",3],"167":["Sprite/tx",1,1],"168":["Spine/TxMini/Tai_Effect_Mini_Lobby",1,1],"169":["Atlas/btn_dan",1,1],"170":["Sprite/xucxac/Thuong_19",1,1],"171":["Sprite/xucxac/Thuong_41",1,1],"172":["Font/Font-export",3],"173":["Sprite/xucxac/Thuong_37",1,1],"174":["Atlas/icNext",1,1],"175":["Sprite/top2",1,1],"176":["Sprite/ic_soicau",1,1],"177":["Sprite/xucxac/Thuong_9",1,1],"178":["Atlas/Rank3",1,1],"179":["Sprite/ic_nan",1,1],"180":["Spine/TxMini/Tai_Effect_Mini_Lobby",0],"181":["Atlas/HuongDan",1,1],"182":["Sprite/xucxac/Thuong_29",1,1],"183":["Sprite/SoiCau/Alats5",9],"184":["Sprite/huongdan_TX",1,1],"185":["Sprite/frame",1,1],"186":["Prefabs/TopTaiXiu",4],"187":["Sprite/bar",1,1],"188":["Sprite/xucxac/Thuong_16",1,1],"189":["Atlas/bgSoiCau",1,1],"191":["Sprite/btn_tattay",1,1],"192":["Sprite/xucxac/DiceTX",9],"193":["Sprite/xucxac/Thuong_27",1,1],"194":["Sprite/xucxac/Thuong_26",1,1],"195":["Sprite/xucxac/Thuong_12",1,1],"196":["Spine/Jackpot/jackpot",1,1],"197":["Prefabs/HuongDan",4],"198":["Sprite/xucxac/Thuong_23",1,1],"199":["Sprite/xucxac/dice/dice_5",1,1],"200":["Sprite/line_ngang",1,1],"201":["Font/Font-export",1,1],"202":["Spine/TaiXiu/TXspine2",1,1],"203":["Sprite/frame_chat",1,1]},"types":["cc.Texture2D","cc.SpriteFrame","cc.AnimationClip","cc.BitmapFont","cc.Prefab","cc.AudioClip","sp.SkeletonData","cc.Asset","cc.TextAsset","cc.SpriteAtlas"],"uuids":["01JTiKFKZDqZ6uyuV5y1G6","05IdnaMyVOjJdeaLo8ELmt","08dhtGPZ9C4ayR6XmhlHNm","0f6sB0d+pN9KdSa6/4QjVu","17shiWzetGuY0Yv4NNLFlE","3cMClR0TNBMLMC8NCkTsFU","43/tBORA9JQJFFZ+5UM1iW","45XtuUeqdGAagVmGS6g0Ho","46zSxy5UZAM5vYUZxaAvAm","48c5eKVHVCrbguZGWLYO1z","4bOkfifsNGdKUN6wynVu3m","4d+I0u+oFG3oK5Cp/Tx3z3","51O4HMVB1ED5U7fsJ6aSpG","56nVJSR9hMbIwWuI3QwLXn","5aguzMiGtMQK94yHX9r55i","63GraTsPBMkpOrBSZGtUTs","6bPyOU/KpKVLxG1WseRkNH","70pNrG7AxIgaZOiK/tFHhp","7ejhLKuM5HIqDYyNWE+mcR","82R9UMcXJIxLnWKBF6Kd1V","86PEt1C65NHoqfU0ZfophV","8c8BqAtBBDsb5OmxbCgG08","8dZVuyerJK8Izy+POBt+sm","8fcV/YOhhGgZTc7GYpSgCD","95zJzi7N1MB45/6Zk8gFh6","98egi+S7RHeI3vaZQ1l4+o","99FpKKSDRNlIeYv8nZIC20","9bjBwExXhF6pNtng5rLkrz","9f93sUMsRJ4Krr2qGeJ5Ok","ad7pTesDFNmKp5gBuvOxo4","b1osAajiVO9bHb7+kXwYvE","b34bGfouJFjqRazfemBdyn","b4DlF11x1NP5ne9IJwCHTc","bdWjHAMPBP9Kyl61GtT9mg","c8Yo46KIVBU7zw5I55WNaa","ceKNBEzqpH7KEWFbkZIy4B","d9J3Mea0FMHoE6mtozpgv5","dfvHrq/T9Knr8sBsC4TVTt","f67LgBpYJAWLh9h6e58aKV","fb1DlNh0lG0rGk/1NL+ag4","ff8X+5reZMSKdyGjT+oCsR","00lxUgu7dAc5ZlprH/gQ2h","02cJcxcaVMbIKO0vvc5Eou","04aRtPvBhCIJYsveR+ZM4/","04rzlpPP9CJ6UOkOxo+JG/","04sTZE0ntEy5pbnzEqlj/S","05afkmXIpBepawKTkK2Af/","06hk0NpEBDUL/eih0Mr1C2","07IY/+gthNo69xVO2GrUz9","08HCTVpflBfJXPQN80FVZm","09PWuX/llKRLH/XAfEOvsN","0duMWvXDNJSrJzPnTTp57W","0eISb9O9BCnLuBYBHYJCNR","0fDGmB+mVGIr8VN3ju/PsU","11T1ARc3hA9ZFwGa+K5SMx","13541fae6","14aOuurmVKvagWs56EPfc6","18uZs4uMhCh4x/dS4q0qqK","18fa8446a","1a5zqDECRHHL5KjDsLl6Tp","1bOkqfPOBBr5eElA0LUtpr","1cMcLoFw5EXYeozitOScZS","1fadcae7f","208tA98jFNzoa/HCf2/OYY","2262LveXpI848Rp9znnESc","2294YosuJGuLlrBMuay+n3","23CAVU3gdFoY5RQlD9XEKe","25v52UqmVLJpUg8DRucWg2","28N6Tkp4BFCoUuiVcYDHmh","28rNIufhJMaanTCESkzdIh","2al1n4kDhKcaDgMvZ3hTIV","2cGxdvkP5OFJSQBvq4r7h+","2cpa0tt1JCY5jWHAHbaMEE","2cqnmmC9JP6qGQsIPT7hMV","32delSWV5LI7uPrBNPJ1/I","32223M/sJHbqtlAurkXP78","339MQnwyBFRJqX//Jt5I/b","36URm0NdFJ+rgKK1Lksggn","36Vg17LflAJYtsV7zcHrhB","3b5VJ9LDNGGbl90bJ1TB0c","3b+aKgZQRCLoxcSOfbFfZP","3cAt7gtftLoo4DNTzTWnXB","3dI4msIp5FJoLBNK+c4+d/","3d71n9qHBFFa1k576/wemV","3eXU7ogYBAIZIoxB8Hc1l9","3elwKNqy5EQ42cse7GoWrD","42ff1SYDVFY5IGqr+IBTd7","43voI6ugNCSYFFvzzbDYEF","43xWvb9X5FHpDOD22ApMGM","4aNnftvf9PAoV0p21+MOSr","4aSCvEW+hPEInp4KUiCBbH","4aUxnugOFIXKXuA93WaLU2","4cpijgfWJD/qsTSR626krV","4eLLqq5ZNDpLj/ZbAzd6c9","4eyPNrnRxA2KSxbuAXGfV2","5071g5d71IhaLHTfuH4F0D","54oojH8mVIxJrSXd03Wa40","563Ujc/AhJsLnfiWYRvILU","57VQDdBVhHXaZe9481E7OY","574ajRnGtF7JZagDdOyQOL","59cv6MHppBt7NiEAw9pyyn","5a7I5XCVZNQrlC2sjFc03w","5cnjIF9MhBEbeemf8Bx5lj","5ctaYgI2ZJf6IIDMyMrY4a","5fqOhV9+NK1YWAf5bGP+6V","62rGr5n1ZCR7ksx05bO6s7","64tTe1CtlK4o3vbg5LWcBC","650IgtAXtBY7Ce646GwRiu","6cVO6cMBFMM7/ln6lbXpvg","6eDvSNdLtN/bsCBMZuCtfv","6fDzaKRnJBpqtN7k2lechL","6fuGQUVwZMFJlQeexA8Ckn","72A4NPYy9I37sJnK09ywSq","72H+3q5jpAZova7Mhjf8Jr","72sC6RwfdOWLalXgw7Bd7L","75g2ZYnI9PrpwW5N/DCdJy","7bbi9OirJJtaXeLawbwOKf","7eJyJmjpZMyrllhlLIDhy6","7e9GpXYjpNzpy5LLEf0dkH","7fB2/gph5Ke5XxVFk5jZ4Z","7fO+B+KkNMFZbsOc4FveJB","7fdzFTRlpOo6N77T1uk3Gs","7fzCz6xPFHJIfFL2XhbSlt","80ZH6H9UtOLrHqh6p/q7Lj","80xcDpXR1J24WJAu0egr2B","81z1ocd6hOb63OONH8dJ6q","83yys3bGdOu5zI/XBTNvh3","84UsuuZzxPSaRuw9V4n3LV","84YIcqgYFO8oiYPR/TQGuh","84njOktQhPP4TFyIZcBqTF","86fsnuPrtCQ7tgipn4FEg5","86gz2NZjlB6o83pq8+kO5a","88eWyXGhxLn7EXLOgQLgRy","88owjTFiZAwK8W0gMSyAMz","8ad0oc979LbY79h8cyEjE+","8bZLl1cvRDKJ2aDNVNKT3/","8dU/NmIy5P0KQzr9TmJUX9","8dtpCYVC1F5a7BpAZllVii","8fyMm+hH9D15CIhtb8bd+H","8f2L3AqgZEQIlM1loCkKXb","96U/7Yr61AGrO4EoiGBLSP","98nZ6WiP9OnYM446pYr1Iw","9b54z3tp1Pd5chAdeuFEXV","9dh0mk1zpD5bDRH419e9gX","9d9MjT4GtAcZG/oE1hYyE1","9eJNRIYQlHAZhNX2+jiEWl","a1wZyOpH5DpLVZq6VB6dez","a4SsQIFb1Pv6stiUcp9i75","a6E+EBe6dGrK9KXvVTlDUJ","a69uPVtx5EfKdfpeW/IUao","a7WNEqqvRGf6lKZxHjmyR3","a7/ZG/j39AyIE8FdPrXW1n","abyfPEU1pMRb+OU6A9dRRA","adAy3oK6xAiYBMp8r0TnNl","ad7Od+rjdME61MF9+t1Y9t","ae3Kj8a6dEkKVUZ3JquaeB","afRU8EYHtKZav7RBNrUKr7","b1kHXAH59BfIA7VoUtdQ1l","b13YLneDtGEIxSZ/sOasO2","b2YfMLcqJLvpZ1i3NSnIb1","b3mE14LGhBJ4pRLaabVwxc","b9UGkmRvtOK5lPw7H0sND/","bbbZjGZO5E7rA6+9TUz+b8","bcJ3HohjVOsY8a/KFJKQAw","bdVbxNO8NBPbfkpq8eJ0jr","beHj40P+ZKK467v8Jiyn7t","beq64nH/BMAZCOF4BoqD09","c0VgXxyBlLrbkNS+FeASVw","c1W9daFhdH7IGb8Nb29HvL","c2MOPkpeFMArsYcupyxYDK","c3EAj3SgZHdLFjENlD+a5Q","c4ltJLB7RI/KbSkxP2Duq5","c4t67ihSlPXpkMJEXEXlF+","c45RFEnkNMT6o9yWACaMmW","c6K2tvL59JA4+8Y8//B7Sx","c7rxr6XZtK9J9AdpFMO/UJ","ccF/CuNQZK3L0JlEP6ET/d","ceUTQQwvJG2qwAKGrZAqxd","d7FJaLcBJN0LS8pUgyhcaS","dbR7Rh9OFOKrEK8epe1HTF","ddOC7nWZdH5KOg6AeHq0Yt","e2lZc9hWpM+ZqkVh8nkzIY","e4qRd0pGJEVpADo87MznMd","e78DXIwsBM6IhCVM0iqJL6","e79oqqCK5Bo6QIRSR7Alg7","e9Er05xvpH9It4zXUQSjSp","e9/u8wdmlK76VGPtUEX256","eaSkcbD8xKxYkHmmqAEyQY","eaVvCv+N1Dz6J12Y4CfL0w","eau8jE6FZG6JTy3+Xpx6Il","ebqr+yW6ZOtpMnS6+2RM9G","ed9+rzkgxNU7nL1RLuf82j","efk8R5W19Jt77ZT2ZiAcXx","efs6Ic5OVKMLk6jyneBR0A","f1Sw2LZBtEToqnYQzu0eI4","f4CI1ClwNNBKyD9Y+7W2Ng","f5RndsgzNPnqJ8y+c3zOeX","f7D5PAETpNELw4nUXBLgvI","f8HP03j/1OS7pqRl2hFvVO","f9LfaOSZxEMq8YNtiM3FaA","f9Y4U9ZwpJ9KfDy41fopvI","fdP2deElZLTaoTaB/Gpicf","fdP9iwQARCGKvDjjlRAndK","fezdvyWKNFra+PgOJGpQhO","0081+TBcVMsINPl2e1vhmd","02ot9e5ctCz5ZKteJcFlQ7","059AxyzJRPPptM8xCl83WU","0cTjhc2F1O36//jwD9PJOh","0chfcpW9hMGZdIZ0RieCvN","11srSSPLFBjbnKg0suGUc0","12Nwa4HwZJ6L891qzJ9Ym4","15B0ZYbpBIBrrgCUrRq8Ie","1bN8Yn3q1Dl4degcSI1vWn","1diPRU2UhDUrcH56Y95KoJ","2295hbdW1A77Sc8eSsHBWl","24rpmptttB4pVq7aMq9w28","29FYIk+N1GYaeWH/q1NxQO","2bcDhnVHpFH5RhLSNrxUIy","2fTSi7pI1LQJXXeSBK/55f","309J5tAqtIpI403+5hkWeT","31dcCKpX9LT5Cl2CFT7yXg","33IscwLB9N1Zs+pSPybwCn","38FuldS2JJdbGE9dZzdlKB","39/s5LdFxLg4RAnkrPXCcG","3fheTGljRNyaThMQvL+TRb","40cu+dG6VI7Yk71Padiqx+","42GdTzOJFAUKjf08sI4SI8","4aIoppd19HwadZBalqLHXF","4dIPHH/1JP5qbRtexS3yem","4fg3NXbv5Nx7TU2nwCV5Zd","502DE1wABPiY0qFvkR8r6B","52irCSfhxPZY2p5wZZsryv","5axAftzb5P5oqjf/pOqrD5","5bKD3eM1xMP7vjNj81i51U","5c5ejMja5CYrTIRoWF9hPY","5d1IxIoypJjYvXFM/TIY74","62oihGGvhFTbLpN2+4Pnzl","65ghTteqpOnJhufja79vHQ","67o6W0bQtBiYDNBbmE4/vK","6cfBOKrqpJubYJO+ZcqCT/","76Oo+hdZBIC58PkmtS6Hpa","76rygIn3lLkq4+jWqLaeYd","7a/QZLET9IDreTiBfRn2PD","843UBDDHFEjp8zTvbG5YSz","87J0mnKDlNHqdU6T4DWgRI","87upprKKNGLb3p2lYrrqWS","8dYATFJDtKgY3SIFAuBC9e","8fk0Q9kopNr6gT11r4cl5e","94WFO0GS9AlZ2Zh9oWTFsZ","9aVN8l3d9KCLEmswesGW/c","9cTX5+wG5FN4w8O7ShPkma","9dJK0pcytGmZOXsNGcrPnY","9dM01khkBKI6Mhp7IhlUgO","9dc9LsAfFKMbVUoo8A2SKb","a1U5RdJRFMFL57BdJC9H1X","a2MjXRFdtLlYQ5ouAFv/+R","a27lGISzpLXoGeE2EcEBch","aaH/HftsRKhqa9cyqm0wKE","abGEQ+vwVF6aHcMyTYrps3","aeq4T1YX5K2a+lPSTNjGZD","bb1uvs3jdBXJU9u7Ydl/ye","beoXOX6pBHD4pgbuRrwXV3","c0SMPrZ0tHRYfLuC2OKKU3","c0vAuZaIZM8YNqbhX6kFOd","c9VupEoCxGbIrIXOJwwOth","c9bfir8TZBqoRTrOX1Sln1","d1YsKrurxJGofTe/LN/roL","d4PXJesfBL77oi+DVdvLiO","d5qOSBd0RDT5y2bedxl2WJ","dbEWUhTHtFM5Z8RPMIoG/u","delKmNhYRDQ6htpWha9VUg","dfGR6vJaVIS5jOBKv/7bIG","e1M4dVdwNOCqD69gLCBDJ5","e31OElrbxAZ5/U31jmzoGs","e8Sx+JF/hM+5Kp694BlAOO","e97GVMl6JHh5Ml5qEDdSGa","ecCTW49kJJYZX+93y4H/Sv","ecpdLyjvZBwrvm+cedCcQy","eeEH2nMwFAxKraGPKW9aSN","eezTelHGhArY6y7eukmF5+","ef0ceXsOdAYJRDxGqKjT3r","f0BIwQ8D5Ml7nTNQbh1YlS","f1FH1t+oFJn4adhITXYG4L","f1G680BXNMDoOlXJXZVWom","f5Z0lGf6BDPZqQXgKXWe8B","ffnyd/o/VOE4MWA+Ub/XIC"],"scenes":{},"redirect":[51,0,214,0,216,1,221,1,230,1,232,1,240,1,241,1,242,2,254,2,255,1,262,1,264,1,267,1,269,1,180,0,272,1,275,1,276,1,277,2,281,1],"deps":["main","resources","internal"],"packs":{"01666aecd":[65,113,175,186],"018b37100":[172,201],"01ff9d0d2":[205,229,235,256,273,274],"029c1ce97":[0,1,3,55,4,58,62,5,8,9,10,11,12,13,14,15,16,17,18,19,20,21,23,26,27,28,30,31,33,35,36,37,38,39,40],"0352c91dc":[204,206,207,53,213,228,231,238,245,251,252,260,261],"04ea08d0e":[45,2,64,66,70,76,77,78,79,80,88,95,107,110,114,116,121,125,126,129,132,134,137,24,147,148,149,160,32,163,164,176,179,185,191,203],"05329161f":[41,48,60,63,68,71,75,81,83,84,89,91,99,100,101,104,111,112,115,117,120,122,124,130,133,139,141,142,143,150,151,152,155,157,159,162,165,170,171,173,177,182,188,193,194,195,198],"0558e50b4":[127,166],"05ca653ea":[93,154],"073ef9720":[108,187,190],"077b6d807":[209,212,236,237,243,244,248,263,266,268,270,183,282,284],"079d6338d":[184,197],"09c99379e":[43,87],"09d482454":[123,138],"0ac26c45d":[47,90,92,103,106,119,136,140,158,199],"0bab06ee2":[96,128],"0c00c69c1":[59,145],"0c911d0e4":[73,156],"0de19e223":[208,210,211,215,217,218,219,220,222,223,224,225,226,227,233,234,239,246,247,250,253,257,258,259,265,271,278,279,280,283,285],"0eb69b400":[44,85],"0ef32f87c":[50,72],"0febee020":[61,131,135]},"name":"36","importBase":"import","nativeBase":"native","debug":false,"isZip":false,"encrypted":false,"versions":{"import":["01666aecd","b9322","018b37100","c1050","01ff9d0d2","233e5",42,"813b1","029c1ce97","dcae4","0352c91dc","ac1f7","04ea08d0e","c1828","05329161f","a0602","0558e50b4","88636",46,"31c75","05ca653ea","dea11","073ef9720","a1664","077b6d807","f2604","079d6338d","78f0f",49,"f3629","09c99379e","1fadf","09d482454","189ef","0ac26c45d","34e39","0bab06ee2","4cd0a","0c00c69c1","ad06c","0c911d0e4","c52d3","0de19e223","61a13",52,"b25ec","0eb69b400","b88ea","0ef32f87c","fb262","0febee020","b59de",54,"5e505",56,"52c76",57,"246b2",67,"016ba",69,"19f6f",74,"5f98a",82,"bb2e9",86,"ce9f9",6,"279bd",7,"20cc0",94,"22125",97,"f2fe0",98,"c7a93",102,"a8f0e",105,"ec195",109,"30519",118,"ee961",22,"8d6d7",25,"79875",249,"17bec",144,"cb8b7",146,"0848e",153,"c25c6",29,"daa2f",161,"92268",167,"1a886",168,"f17b5",169,"10d1c",174,"8c242",34,"81bb8",178,"b9767",181,"b7bac",189,"d5af9",192,"47c30",196,"bec86",200,"d99a8",202,"f16aa"],"native":[0,"86afd",1,"ead9b",2,"94f70",3,"05b72",55,"981a1",4,"76e1d",58,"2ff8e",62,"56f9f",5,"bca8a",6,"f965d",7,"f877a",8,"5bb49",9,"d8580",10,"48b1f",11,"13795",12,"486e0",13,"bb2ee",14,"2ef7e",15,"b1424",16,"ee896",17,"f1edb",18,"1288e",19,"6f0e9",20,"31e21",21,"0fd0d",22,"fb694",23,"faaca",24,"b1b77",25,"39358",26,"b62ed",27,"aca74",28,"78e67",29,"0ae44",30,"90faf",31,"4852e",32,"1c162",33,"37512",34,"f56fe",35,"7edcc",36,"efd2c",37,"ce2c0",190,"c1045",38,"36aed",39,"80709",40,"257c4"]}}