[1,["18fa8446a","4d+I0u+oFG3oK5Cp/Tx3z3"],["_textureSetter"],["cc.SpriteFrame"],0,[[[{"name":"text_xiu","rect":[937,1206,139,78],"offset":[0,0],"originalSize":[139,78],"capInsets":[0,0,0,0]}],[0],0,[0],[0],[0]],[[{"name":"text_tai","rect":[1608,1206,119,73],"offset":[0,0],"originalSize":[119,73],"rotated":1,"capInsets":[0,0,0,0]}],[0],0,[0],[0],[0]],[[{"name":"4677a381-2650-4f32-a4f1-4836128ffa92","rect":[0,0,41,69],"offset":[0,0],"originalSize":[41,69],"capInsets":[0,0,0,0]}],[0],0,[0],[0],[1]]]]