[1,["49+9PatVtE75BFwtJR7Ve3","27fmfgjmJHepXygI4OJ7eT","4d+I0u+oFG3oK5Cp/Tx3z3"],["_textureSetter"],["cc.SpriteFrame"],0,[[[{"name":"text_xiu","rect":[0,0,139,78],"offset":[0,0],"originalSize":[139,78],"capInsets":[0,0,0,0]}],[0],0,[0],[0],[0]],[[{"name":"text_tai","rect":[0,0,119,73],"offset":[0,0],"originalSize":[119,73],"capInsets":[0,0,0,0]}],[0],0,[0],[0],[1]],[[{"name":"4677a381-2650-4f32-a4f1-4836128ffa92","rect":[0,0,41,69],"offset":[0,0],"originalSize":[41,69],"capInsets":[0,0,0,0]}],[0],0,[0],[0],[2]]]]