[1,["f3YRF9eYpEYYGkkY3uoN/e","046grNcghM9Zj/BlMCXRxF","13wTL57+ZOD6ivU3Ukec1f","43ZvOM6+5F4a2KCaW7Nvik","80zd20XY9HsLJJdCcbbGMX","a8vp7YkYlJrL81R549hL0H","b2YfMLcqJLvpZ1i3NSnIb1","75g2ZYnI9PrpwW5N/DCdJy","9b54z3tp1Pd5chAdeuFEXV","88owjTFiZAwK8W0gMSyAMz","b1kHXAH59BfIA7VoUtdQ1l","80xcDpXR1J24WJAu0egr2B","5a7I5XCVZNQrlC2sjFc03w","59cv6MHppBt7NiEAw9pyyn","ceUTQQwvJG2qwAKGrZAqxd","7fO+B+KkNMFZbsOc4FveJB","28N6Tkp4BFCoUuiVcYDHmh","f4CI1ClwNNBKyD9Y+7W2Ng","2cGxdvkP5OFJSQBvq4r7h+","72A4NPYy9I37sJnK09ywSq","07IY/+gthNo69xVO2GrUz9","eaVvCv+N1Dz6J12Y4CfL0w","98nZ6WiP9OnYM446pYr1Iw","574ajRnGtF7JZagDdOyQOL","c3EAj3SgZHdLFjENlD+a5Q","4aUxnugOFIXKXuA93WaLU2","1bOkqfPOBBr5eElA0LUtpr","8f2L3AqgZEQIlM1loCkKXb","f8HP03j/1OS7pqRl2hFvVO","7eJyJmjpZMyrllhlLIDhy6","7fzCz6xPFHJIfFL2XhbSlt","f1Sw2LZBtEToqnYQzu0eI4","efs6Ic5OVKMLk6jyneBR0A","ae3Kj8a6dEkKVUZ3JquaeB","e4qRd0pGJEVpADo87MznMd","9dh0mk1zpD5bDRH419e9gX","3cAt7gtftLoo4DNTzTWnXB","beHj40P+ZKK467v8Jiyn7t","a7/ZG/j39AyIE8FdPrXW1n","abyfPEU1pMRb+OU6A9dRRA","86fsnuPrtCQ7tgipn4FEg5","6fuGQUVwZMFJlQeexA8Ckn","c45RFEnkNMT6o9yWACaMmW","208tA98jFNzoa/HCf2/OYY","00lxUgu7dAc5ZlprH/gQ2h","5fqOhV9+NK1YWAf5bGP+6V","c4ltJLB7RI/KbSkxP2Duq5","a7WNEqqvRGf6lKZxHjmyR3","bbbZjGZO5E7rA6+9TUz+b8","3d71n9qHBFFa1k576/wemV","4aNnftvf9PAoV0p21+MOSr","3eXU7ogYBAIZIoxB8Hc1l9","06qsrUGB5ELLAYM6aGhQAV","d1LAt4f9xJdpfWCKu84PWP","5e489ndFJIPajdVzQ0N/CJ","3eeLQC+VZFcoNh1AguL7mj","65TlZZkANEOqu6ALIe6WeI","58hnIAi/RMObZ4veZO6xlC","16Lj6NICpN0J2u+sqJ71Ey","7cxdeu7IdKC5jP/7md8iDU","1dFLOcW19GxarvICnkGb0Z","e6g2Kig+5KKa1eytzDJGSE","17lkCtheFBhZ9op76AqgbG","43ppG9r91O1rNys7cZssPF","8f+Sp7BbRETIYX+v8MRGRL","8dL15N5QlOZ6vXkedT9Nfy","32qXK2+CJKP53WsJsnQhTM","9feOTLGXdMIZjQ5OBSIQ/o","c4Wmf1jkdBxLlQkEjqivxc","30KHc/7YlKYL82OjYOXjS9","4aW0o8pmVGeq7I6DoDmHQ3","7fsJggxw1FBJNo53u1xm43","d7270sLFxC+5NRMdk3MdBJ","caAmCnfrdAfZaq6pS2XpRq","4bO02QK7VCMKWGkG0WesCk","e9wk6TF2pK0Yj3KFZbbznV","a0Z85f5ypOq4KzxhpvRczf","e5c07UPV1JiY1o6hGZXZm7","e4oSTrEVxNXbKLIpC0snIn","614TAmbUlBcbYb8EaVI4ge","28Gi5A/YxHno7MyCCvJrHZ","55AncBRk5JRrhHIoLBql5e","d0yH9MXT5Dx6MpW9/rIEW+","61OwDLdq5Dk4jSL4wEH1Ve","44rzmjCnVLGZi+yqIMsOF9","ebXXI+A75Ku6MNq0dasJ9e","5dPot4EztM55s8h+MT5cIR","4aELw1mCNGAaXAR/MwHNei","28ynHtKkRDNqT689wAzoFN","95RnfC7A5OUpeB4R59lRdH","10zvRIndZKr5rg22CIbtVE","17I0EsWXBNNLzhn1GDcs4R"],["_textureSetter","value"],["cc.SpriteFrame",["cc.AnimationClip",["_name","_duration","sample","wrapMode","curveData"],-1,11]],[[1,0,1,2,3,4,5]],[[[{"name":"Thuong_39","rect":[0,0,228,202],"offset":[0,0],"originalSize":[228,202],"capInsets":[0,0,0,0]}],[0],0,[0],[0],[0]],[[{"name":"Thuong_15","rect":[0,0,361,336],"offset":[0,0],"originalSize":[361,336],"capInsets":[0,0,0,0]}],[0],0,[0],[0],[1]],[[{"name":"Thuong_21","rect":[0,0,421,369],"offset":[0,0],"originalSize":[421,369],"capInsets":[0,0,0,0]}],[0],0,[0],[0],[2]],[[{"name":"Thuong_38","rect":[0,0,207,194],"offset":[0,0],"originalSize":[207,194],"capInsets":[0,0,0,0]}],[0],0,[0],[0],[3]],[[{"name":"Thuong_11","rect":[0,0,378,317],"offset":[0,0],"originalSize":[378,317],"capInsets":[0,0,0,0]}],[0],0,[0],[0],[4]],[[{"name":"Thuong_13","rect":[0,0,419,336],"offset":[0,0],"originalSize":[419,336],"capInsets":[0,0,0,0]}],[0],0,[0],[0],[5]],[[[0,"dice",2.3,20,0,[{"paths":{"animDice1":{"props":{"active":[{"frame":0,"value":false},{"frame":2.25,"value":true}]}},"animDice2":{"props":{"active":[{"frame":0,"value":false},{"frame":2.25,"value":true}]}},"animDice3":{"props":{"active":[{"frame":0,"value":false},{"frame":2.25,"value":true}]}}}},"comps",11,[{},"cc.Sprite",11,[{},"spriteFrame",12,[[[{"frame":0},"value",6,0],[{"frame":0.05},"value",6,1],[{"frame":0.1},"value",6,2],[{"frame":0.15},"value",6,3],[{"frame":0.2},"value",6,4],[{"frame":0.25},"value",6,5],[{"frame":0.3},"value",6,6],[{"frame":0.35},"value",6,7],[{"frame":0.4},"value",6,8],[{"frame":0.45},"value",6,9],[{"frame":0.5},"value",6,10],[{"frame":0.55},"value",6,11],[{"frame":0.6},"value",6,12],[{"frame":0.65},"value",6,13],[{"frame":0.7},"value",6,14],[{"frame":0.75},"value",6,15],[{"frame":0.8},"value",6,16],[{"frame":0.85},"value",6,17],[{"frame":0.9},"value",6,18],[{"frame":0.95},"value",6,19],[{"frame":1},"value",6,20],[{"frame":1.05},"value",6,21],[{"frame":1.1},"value",6,22],[{"frame":1.15},"value",6,23],[{"frame":1.2},"value",6,24],[{"frame":1.25},"value",6,25],[{"frame":1.3},"value",6,26],[{"frame":1.35},"value",6,27],[{"frame":1.4},"value",6,28],[{"frame":1.45},"value",6,29],[{"frame":1.5},"value",6,30],[{"frame":1.55},"value",6,31],[{"frame":1.6},"value",6,32],[{"frame":1.65},"value",6,33],[{"frame":1.7},"value",6,34],[{"frame":1.75},"value",6,35],[{"frame":1.8},"value",6,36],[{"frame":1.85},"value",6,37],[{"frame":1.9},"value",6,38],[{"frame":1.95},"value",6,39],[{"frame":2},"value",6,40],[{"frame":2.05},"value",6,41],[{"frame":2.1},"value",6,42],[{"frame":2.15},"value",6,43],[{"frame":2.2},"value",6,44],[{"frame":2.25},"value",6,45]],11,11,11,11,11,11,11,11,11,11,11,11,11,11,11,11,11,11,11,11,11,11,11,11,11,11,11,11,11,11,11,11,11,11,11,11,11,11,11,11,11,11,11,11,11,11]]],"props",11,[{},"scale",12,[[[{"frame":0},"value",8,[0,1,1]],[{"frame":0.95},"value",8,[1,1.1,1.1,0]],[{"frame":1.35},"value",8,[0,1,1]],[{"frame":1.6},"value",8,[1,1.05,1.05,0]],[{"frame":1.8},"value",8,[0,1,1]],[{"frame":1.95},"value",8,[1,1.05,1.05,0]],[{"frame":2.25},"value",8,[0,1,1]]],11,11,11,11,11,11,11]]]]],0,0,[0,0,0,0,0,0,0,0,0,0,0,0,0,0,0,0,0,0,0,0,0,0,0,0,0,0,0,0,0,0,0,0,0,0,0,0,0,0,0,0,0,0,0,0,0,0],[1,1,1,1,1,1,1,1,1,1,1,1,1,1,1,1,1,1,1,1,1,1,1,1,1,1,1,1,1,1,1,1,1,1,1,1,1,1,1,1,1,1,1,1,1,1],[6,7,8,9,10,11,12,13,14,15,16,17,18,19,20,21,22,23,24,25,26,27,28,29,30,31,32,33,34,35,36,37,38,39,40,41,42,43,44,45,46,47,48,49,50,51]],[[{"name":"Thuong_31","rect":[0,0,296,244],"offset":[0,0],"originalSize":[296,244],"capInsets":[0,0,0,0]}],[0],0,[0],[0],[52]],[[{"name":"Thuong_44","rect":[0,0,228,202],"offset":[0,0],"originalSize":[228,202],"capInsets":[0,0,0,0]}],[0],0,[0],[0],[53]],[[{"name":"hinhcuoi_vitri","rect":[0,0,198,196],"offset":[0,0],"originalSize":[198,196],"capInsets":[0,0,0,0]}],[0],0,[0],[0],[54]],[[{"name":"Thuong_45","rect":[0,0,207,194],"offset":[0,0],"originalSize":[207,194],"capInsets":[0,0,0,0]}],[0],0,[0],[0],[55]],[[{"name":"Thuong_20","rect":[0,0,370,324],"offset":[0,0],"originalSize":[370,324],"capInsets":[0,0,0,0]}],[0],0,[0],[0],[56]],[[{"name":"Thuong_18","rect":[0,0,368,342],"offset":[0,0],"originalSize":[368,342],"capInsets":[0,0,0,0]}],[0],0,[0],[0],[57]],[[{"name":"Thuong_8","rect":[0,0,307,245],"offset":[0,0],"originalSize":[307,245],"capInsets":[0,0,0,0]}],[0],0,[0],[0],[58]],[[{"name":"Thuong_7","rect":[0,0,294,248],"offset":[0,0],"originalSize":[294,248],"capInsets":[0,0,0,0]}],[0],0,[0],[0],[59]],[[{"name":"Thuong_40","rect":[0,0,260,228],"offset":[0,0],"originalSize":[260,228],"capInsets":[0,0,0,0]}],[0],0,[0],[0],[60]],[[{"name":"Thuong_36","rect":[0,0,202,186],"offset":[0,0],"originalSize":[202,186],"capInsets":[0,0,0,0]}],[0],0,[0],[0],[61]],[[{"name":"Thuong_14","rect":[0,0,385,320],"offset":[0,0],"originalSize":[385,320],"capInsets":[0,0,0,0]}],[0],0,[0],[0],[62]],[[{"name":"Thuong_2","rect":[0,0,191,194],"offset":[0,0],"originalSize":[191,194],"capInsets":[0,0,0,0]}],[0],0,[0],[0],[63]],[[{"name":"Thuong_24","rect":[0,0,317,320],"offset":[0,0],"originalSize":[317,320],"capInsets":[0,0,0,0]}],[0],0,[0],[0],[64]],[[{"name":"Thuong_10","rect":[0,0,346,310],"offset":[0,0],"originalSize":[346,310],"capInsets":[0,0,0,0]}],[0],0,[0],[0],[65]],[[{"name":"Thuong_25","rect":[0,0,295,337],"offset":[0,0],"originalSize":[295,337],"capInsets":[0,0,0,0]}],[0],0,[0],[0],[66]],[[{"name":"Thuong_6","rect":[0,0,262,233],"offset":[0,0],"originalSize":[262,233],"capInsets":[0,0,0,0]}],[0],0,[0],[0],[67]],[[{"name":"Thuong_35","rect":[0,0,243,235],"offset":[0,0],"originalSize":[243,235],"capInsets":[0,0,0,0]}],[0],0,[0],[0],[68]],[[{"name":"Thuong_4","rect":[0,0,240,225],"offset":[0,0],"originalSize":[240,225],"capInsets":[0,0,0,0]}],[0],0,[0],[0],[69]],[[{"name":"Thuong_22","rect":[0,0,406,369],"offset":[0,0],"originalSize":[406,369],"capInsets":[0,0,0,0]}],[0],0,[0],[0],[70]],[[{"name":"Thuong_17","rect":[0,0,382,345],"offset":[0,0],"originalSize":[382,345],"capInsets":[0,0,0,0]}],[0],0,[0],[0],[71]],[[{"name":"Thuong_3","rect":[0,0,213,206],"offset":[0,0],"originalSize":[213,206],"capInsets":[0,0,0,0]}],[0],0,[0],[0],[72]],[[{"name":"Thuong_30","rect":[0,0,260,225],"offset":[0,0],"originalSize":[260,225],"capInsets":[0,0,0,0]}],[0],0,[0],[0],[73]],[[{"name":"Thuong_42","rect":[0,0,248,233],"offset":[0,0],"originalSize":[248,233],"capInsets":[0,0,0,0]}],[0],0,[0],[0],[74]],[[{"name":"Thuong_33","rect":[0,0,280,278],"offset":[0,0],"originalSize":[280,278],"capInsets":[0,0,0,0]}],[0],0,[0],[0],[75]],[[{"name":"Thuong_34","rect":[0,0,237,247],"offset":[0,0],"originalSize":[237,247],"capInsets":[0,0,0,0]}],[0],0,[0],[0],[76]],[[{"name":"Thuong_28","rect":[0,0,203,188],"offset":[0,0],"originalSize":[203,188],"capInsets":[0,0,0,0]}],[0],0,[0],[0],[77]],[[{"name":"Thuong_5","rect":[0,0,261,233],"offset":[0,0],"originalSize":[261,233],"capInsets":[0,0,0,0]}],[0],0,[0],[0],[78]],[[{"name":"Thuong_1","rect":[0,0,191,193],"offset":[0,0],"originalSize":[191,193],"capInsets":[0,0,0,0]}],[0],0,[0],[0],[79]],[[{"name":"Thuong_43","rect":[0,0,260,228],"offset":[0,0],"originalSize":[260,228],"capInsets":[0,0,0,0]}],[0],0,[0],[0],[80]],[[{"name":"Thuong_32","rect":[0,0,281,244],"offset":[0,0],"originalSize":[281,244],"capInsets":[0,0,0,0]}],[0],0,[0],[0],[81]],[[{"name":"Thuong_19","rect":[0,0,379,383],"offset":[0,0],"originalSize":[379,383],"capInsets":[0,0,0,0]}],[0],0,[0],[0],[82]],[[{"name":"Thuong_41","rect":[0,0,238,245],"offset":[0,0],"originalSize":[238,245],"capInsets":[0,0,0,0]}],[0],0,[0],[0],[83]],[[{"name":"Thuong_37","rect":[0,0,217,186],"offset":[0,0],"originalSize":[217,186],"capInsets":[0,0,0,0]}],[0],0,[0],[0],[84]],[[{"name":"Thuong_9","rect":[0,0,322,277],"offset":[0,0],"originalSize":[322,277],"capInsets":[0,0,0,0]}],[0],0,[0],[0],[85]],[[{"name":"Thuong_29","rect":[0,0,230,213],"offset":[0,0],"originalSize":[230,213],"capInsets":[0,0,0,0]}],[0],0,[0],[0],[86]],[[{"name":"Thuong_16","rect":[0,0,370,331],"offset":[0,0],"originalSize":[370,331],"capInsets":[0,0,0,0]}],[0],0,[0],[0],[87]],[[{"name":"Thuong_27","rect":[0,0,223,214],"offset":[0,0],"originalSize":[223,214],"capInsets":[0,0,0,0]}],[0],0,[0],[0],[88]],[[{"name":"Thuong_26","rect":[0,0,294,230],"offset":[0,0],"originalSize":[294,230],"capInsets":[0,0,0,0]}],[0],0,[0],[0],[89]],[[{"name":"Thuong_12","rect":[0,0,398,329],"offset":[0,0],"originalSize":[398,329],"capInsets":[0,0,0,0]}],[0],0,[0],[0],[90]],[[{"name":"Thuong_23","rect":[0,0,342,370],"offset":[0,0],"originalSize":[342,370],"capInsets":[0,0,0,0]}],[0],0,[0],[0],[91]]]]