{"paths":{"0":["Menu/btn_caidat2",0],"1":["Sounds/chip",4],"2":["Menu/btn_chat",0],"3":["Spines/Dealer/dealer_do",0],"4":["Sounds/Click",4],"5":["Sounds/chipMoveToPlayer_turn2",4],"6":["Sounds/clockTick",4],"7":["Fonts/MyriadPB_Title_Gold-export",0],"8":["Sprites/table_xd",0],"9":["Menu/user",0],"10":["Sounds/manyChip",4],"11":["Sounds/newRound",4],"12":["Sounds/getChip",4],"13":["Sounds/shake",4],"14":["Popups/TEXT_hd",0],"15":["Spines/Dealer/dealer",5],"16":["Menu/btn_huongdan",0],"17":["Menu/btn_close_chat",0],"18":["Menu/btn_menu",0],"19":["Menu/frame",0],"20":["Sounds/openBowl",4],"21":["Sounds/select-chip",4],"22":["Menu/btn_amthanh_ff",0],"23":["Spines/Dealer/dealer_do",5],"24":["Menu/btn_hieuung",0],"25":["Sounds/openDice",4],"26":["Sounds/youwin",4],"27":["Menu/btn_lichsu",0],"28":["Sounds/throwChip",4],"29":["Fonts/fontTime-export",0],"30":["Sprites/TEXT_hd",0],"31":["Sounds/dungcuoc",4],"32":["Sounds/moicuoc",4],"33":["Sounds/chipPayMoveToPlayer_turn1",4],"34":["Menu/btn_amthanh",0],"35":["Fonts/white",0],"36":["Spines/Dealer/dealer",0],"37":["Menu/btn_vinhdanh",0],"38":["Sounds/selectChip",4],"39":["Sounds/resultWin",4],"40":["Menu/btn_hieuung_off",0],"41":["Fonts/font_countdown-export",0],"42":["Sprites/bg",0],"43":["Sounds/mucis-bg",4],"44":["Menu/btn_roiban",0],"45":["Sprites/bg_soiCau",1,1],"46":["Sprites/btn_rank",1,1],"47":["Sprites/TEXT_hd",1,1],"48":["Spines/Dealer/dealer",1,1],"49":["Sprites/btn_sound_on",1,1],"50":["Sprites/ig_ava_win_light",1,1],"51":["Fonts/font_countdown-export",2],"52":["Menu/btn_amthanh",1,1],"53":["Menu/btn_hieuung_off",1,1],"55":["Sprites/500K_OFF",1,1],"56":["Sprites/roll",1,1],"57":["Sprites/bgRoomInfo",1,1],"58":["Sprites/bg_room",1,1],"61":["Sprites/o_chan1_nor",1,1],"62":["Sprites/Menu/btn_hieuung_off",1,1],"63":["Sprites/Menu/btn_roiban",1,1],"64":["Sprites/btn_HD",1,1],"65":["Menu/btn_roiban",1,1],"66":["Sprites/o_chan2_nor",1,1],"69":["Sprites/frame_chip",1,1],"70":["Sprites/ava_player",1,1],"73":["Sprites/chip_press",1,1],"74":["Sprites/Thua",1,1],"75":["Sprites/btnGroupPlayer",1,1],"76":["Sprites/ig_soicau_xocdia",1,1],"77":["Fonts/fontTime-export",2],"78":["Sprites/4trang_win",1,1],"79":["Sprites/dia",1,1],"80":["Sprites/bgBet",1,1],"81":["Fonts/white",2],"82":["Sprites/frame_name_user",1,1],"83":["Sprites/o_le2_nor",1,1],"84":["Sprites/btn_history",1,1],"85":["Sprites/ig_countdown_text_bet",1,1],"86":["Sprites/btn_back",1,1],"87":["Sprites/bat3",1,1],"88":["Sprites/bet_le_win",1,1],"89":["Menu/frame",1,1],"90":["Sprites/time_bg",1,1],"92":["Sprites/chip_big_10m",1,1],"93":["Sprites/Menu/btn_huongdan",1,1],"94":["Sprites/ava_sheld_demo",1,1],"95":["Sprites/c1",1,1],"96":["Sprites/line_title_doc",1,1],"97":["Sprites/white",1,1],"98":["Sprites/c2",1,1],"99":["Sprites/bgPlayer",1,1],"100":["Fonts/MyriadPB_Title_Gold-export",1,1],"101":["Sprites/Chips/chipBigAtlas",7],"102":["Sprites/bet_small_win",1,1],"103":["Sprites/ava_default",1,1],"104":["Sprites/btn_close-001",1,1],"105":["Spines/Dealer/dealer_do",6],"106":["Prefab/PopupHistory",3],"107":["Sprites/ava_money",1,1],"108":["Sprites/XocDiaAtlas",7],"109":["Sprites/icon$",1,1],"110":["Sprites/bet_chan_win",1,1],"111":["Sprites/frame_id",1,1],"112":["Prefab/PopupRule",3],"113":["Sprites/btn_x2",1,1],"114":["Sprites/3trang_win",1,1],"115":["Spines/Dealer/dealer_do",1,1],"116":["Sprites/fg_time",1,1],"117":["Fonts/MyriadPB_Title_Gold-export",2],"118":["Spines/Dealer/dealer",6],"119":["Sprites/panel_general_big",1,1],"120":["Menu/user",1,1],"121":["Sprites/5M_OFF",1,1],"123":["Sprites/Chips/chipSmallAtlas",7],"124":["Sprites/frame_font",1,1],"125":["Menu/btn_chat",1,1],"126":["Sprites/btnNextPage",1,1],"127":["Menu/btn_huongdan",1,1],"128":["Sprites/ghe",1,1],"130":["Sprites/btn_hand_off",1,1],"131":["Sprites/5K_OFF",1,1],"132":["Sprites/bgPageIndex",1,1],"133":["Sprites/btTImer",1,1],"134":["Menu/btn_close_chat",1,1],"135":["Sprites/Menu/btn_vinhdanh",1,1],"136":["Sprites/line_2",1,1],"138":["Sprites/100K_OFF",1,1],"139":["Sprites/bg_acc",1,1],"140":["Sprites/time_progress",1,1],"141":["Menu/btn_hieuung",1,1],"142":["Sprites/4do_win",1,1],"143":["Menu/btn_menu",1,1],"144":["Sprites/o_le1_nor",1,1],"145":["Fonts/font_countdown-export",1,1],"146":["Sprites/chip_big_1m",1,1],"147":["Sprites/bkg_time",1,1],"148":["Sprites/Menu/btn_lichsu",1,1],"149":["Sprites/table_xd",1,1],"150":["Sprites/btn_DatLai",1,1],"151":["Popups/TEXT_hd",1,1],"152":["Menu/btn_amthanh_ff",1,1],"153":["Fonts/fontTime-export",1,1],"154":["Sprites/3do_win",1,1],"155":["Sprites/btnX2",1,1],"156":["Sprites/Menu/frame",1,1],"157":["Sprites/btn_sound_off",1,1],"158":["Sprites/Menu/btn_menu",1,1],"159":["Menu/btn_caidat2",1,1],"160":["Sprites/sangphai",1,1],"161":["Sprites/Menu/btn_amthanh",1,1],"162":["Menu/btn_lichsu",1,1],"163":["Sprites/bgAvatarOther",1,1],"164":["Sprites/btn_support",1,1],"165":["Sprites/btn_upDown",1,1],"166":["Sprites/btn_hand",1,1],"167":["Sprites/frame_name",1,1],"168":["Sprites/c0",1,1],"169":["Sprites/bgAvatarMe",1,1],"170":["Fonts/white",1,1],"171":["Sprites/Menu/btn_hieuung",1,1],"172":["Sprites/o_le_nor",1,1],"173":["Sprites/btnRebet",1,1],"174":["Sprites/Menu/btn_amthanh_ff",1,1],"175":["Sprites/c3",1,1],"176":["Sprites/noImg1",1,1],"177":["Sprites/o_chan_nor",1,1],"178":["Sprites/ig_dealer",1,1],"179":["Sprites/bgName",1,1],"180":["Sprites/red",1,1],"181":["Sprites/1M",1,1],"182":["Sprites/1K_OFF",1,1],"184":["Sprites/10K_OFF",1,1],"185":["Sprites/c4",1,1],"186":["Sprites/bg",1,1],"187":["Menu/btn_vinhdanh",1,1]},"types":["cc.Texture2D","cc.SpriteFrame","cc.BitmapFont","cc.Prefab","cc.AudioClip","cc.Asset","sp.SkeletonData","cc.SpriteAtlas"],"uuids":["06d6sN7BZHiq8WiXzmyr0/","07vsqp04JOybRY0lfwNiCU","0evXetI7FIdZjZgmjDSQSq","15CyqTWWxPKYnZIg2wfutI","1ce7ESkcxAE7uQv6n0PVO8","22qePPVVROv4dr6WQFtwIF","25n3RN3ixD0Y+UBI2o2EO2","2aaaPRoTxFK4gw+mZ+j4ai","31prPBZhpCvrnt1TtXuxZ7","37LvbCvctNs6DN019/BiQv","42mgNd6npDjYvkuTmRIH4k","45kXtsGCVFua+zPX93Eve5","4aB46o1S9I/qzFIAVFKR+P","4cRBdbJ/xLYZkj29Udo6Z8","4c8LOAX4lJ1ZOzv97pGvFE","4dOzQoe7NJXaYLv6TPwlWb","51JkcjWthN2qKMuORfPvm+","55OJRQB2RBfrniB7yH/T2/","5aUPCAchhA2IyIfl9Qye+a","5ff1QaL5VA8bCX/NR6K12G","61wP4iszVNfpaudDiGXIf4","67SH5gw3ZAJLhDrhVxVZoL","70XTlnZetIkLJzAyBMleJH","81Q/a+1xtIroDLSLfgTONo","89tAs/nSVK8af4QviXBhno","8dHx5yAlpG5oeSFgmH+5YQ","95i3MJsY1CxLIInDedgbJx","95tPPMJC5LRqvLPOSQpdct","95wIbwtUhJGaMt/Co9CnDx","9cFl0sK7RJZLE1GdgAfr/8","a5kCOzCSBJIaYDoG9dpN75","adf+JWkJ5F+acyS6J2OLHH","beRSeyC7BEs6PUnbjaAwmm","c0vZpavyhFe6GNvlevswz7","c3hWUb4NhGCazGaXDfaEXL","c5UMW/XZFA17J4N9NzzSbP","c7ZOKhWQ1BqpSxBjP2wObG","cbKQ8iR3pH+aFuhppKCRxb","d5Fcq+//pLwb/QszBPO4mn","d8Bb9mKABLA5RgCz+GNotq","d8o+vdjHhBT6Rh2UbGzW9J","dcz9lgqlJLD7fSuNaU9TrP","ddm8px3DhGGLTjNTFryGp8","e0zsqLqIJB+IkApEpPf4ot","f8ggLcrQ5Lz66m2eKDq4Xe","02GLrKPhRHm4v6lJGTBGit","06xGa1eKBB2r5QSwaoLCQ8","09A0DN8uxJl44mOvzSR+O6","0a/L+dDxdK96lpXp7BJQtf","0bFTLAzNxKB5+LffsyoxRF","0dqthJeBpBs6kd54XJvD9B","0elMHH5AZHuqB3cU6lbn8f","0fcvGuwPtIk4pozRIZtWR4","0f7GbdfypPWqD79tgDi+QS","113ede34e","12BTBuXbpDDLmh64fvSzUs","12IgzX/8JGs5DXlZoCK2KI","12Rk8qc7lKsKbTs9/X3XjI","12aQfDZPlJUZN21hjgbyXZ","15e63e393","168d8802e","163M3vs81NeYXKY+9R3e11","17YZkwTyNFeK/ZMs988Rvu","1724VhVaRFxK29erzDKkUX","18YSpv/klLPbmQcLI6L2nY","18mUKzmMhHG7v6si26EKzj","19jmk4mZND0IbcQcrVN7//","19a39b580","19c77c0d7","1cNIS6f41N6KkknhZ3SYuK","1euRw/ZR9NyZKaJioI0mDv","1f5b0c8c2","21Pz26SdFOIZGCbhGqPmwN","21hhmseExJqZvzwt4xImrw","22FjpsSjpA8aokZYd3YyZD","271w+9lolIbLGa8h/2lXUx","28jFnvfdREA7L4kqF/J/xq","2aKxRJsY1ObLM4kVAYClrE","2do69I4TNPbpP0OZ67JJHU","2etil2GDNJoJoL7yRVpJuO","2fRZEy0JBIDYfGYwvYfNfb","30OpTLX3dN65Z1QyXp6fLm","33kqSUahBHiKzZ95Z5BLoV","3aklibIBZKV4uma8HKGZN/","407zNEA6hFdJwpBoDbdpLz","48cu+Ad4tOd7o10eMeebqa","48zmVl9c1Exo/yXiwAq488","4br1zHzuJHT6QpNZfdtxMa","4bwdYV1sdG1qwOXpoOYZb4","4dezCNouNAgL0C2fnyfgYR","4edAOzbDpHe47wP8S6XYTZ","4e0kncp5NK27B7FQq+ZSD7","4fxWZ6QYpBM7RbRYn8dPGd","50pVrEVCBOIIYvoUDVcrGB","51TWSlGAFBj4bCcpHCt0mu","54HhUmE1xPZ6VFaxc/Chy1","54NdP4FVBAo4w7P/dSohSt","546FUV3VJMQJZre3TMz9Aq","549hRrfndKvIV/IgLju7V3","553XKRLKhJcIndZm5FlJiL","57n7zWAY5GP5YV9yHK7Ju1","578fNvpkJA3btXWJs4kEQz","59kvK8mzhFV5J86j5r6PZv","5b3dnArGlKooo6c9/3/rvh","5cvjr4r6RMx63AaBT1NvUl","5c6NrVE7ZC24dL4PSpfiB+","62AT6hwN5GF4XI/SwogGIH","63CEtGmdJCt56cqRdIP4ZG","66gYqLIYNP7pIgfl/PDxKG","67jUSeX6hPNqvmScgcimwD","68p9qZFrRPPIlNYtCswH+E","6d6poK8/tLo7P2Y9kRPkCH","6e54N1lCxPQ5SVkb3Lint+","76aNXbj+1Oia4jbOZTT7mK","77s9PpZfBJyKGMbE6EZU6R","7aI4zJt+9Fur3EGz/2Q3OS","7aUixTBItIFrDkeal8eGGQ","7b4nbv3VlINJmYUy1w49QT","7clntNtPxFzJ6OSH1HiJVT","7f9NnFT7RPurk/5/cROe8/","81NUOP7axAmae9m8Chjhvz","81SPv1QvFCRbL7m1uW+AGP","81e2Qjl6dA3II0nePdGPMz","85D7lqKpJE7KurqvdiMNM5","86MaKVBF9Mo4yM+aroGcgF","89OaMNYPNEa7Bnk0qFGGWQ","8cZ3JofZVPjor97RGYwcKw","90GgCOJnxO2Kb01U5A7Q1k","91uyZHF8xK4bbQyvc/7ImB","92fEDHi+lLsJAD7qFWEiAS","93XHcPo8ZE9pMvisJ7oBWe","93dijgqD1FVb+wMYX1Zqxh","95hZpwuo5AyKdO158ct8Fa","98bboD6jVMbIeskX2TPk7L","99lL2NHftKeYGy1NyyNqlG","9bW29fDb9ICLH+BfXSMODo","9c5/8IUG9H177hNdPGz/Hs","9dOJhfRmhAWYX+4Uwo+nos","9dtAms9ulHSYdATnWW1bDw","9f7KT1BXJBfLiQs40FKh9N","a0f3Oq87FK4oUvnn+o3q9o","a1M9efVdpO4KDCysNM4m9O","a3LIchE2lEZKr2Zj/AzEpe","a6k3D0Fe1PCa23O0VJtb5O","a6+J5r50ZOxbOs2TyJh5fS","aa194FnA9DC5cXDvihopfh","abeKIFTKJP349XmqOuQYJP","aeg/4RzRRJe6SiEqHMLSbk","aeiM902u1KZ6ckkcn4rxHa","b3DN1KBNNK1oBSH3b/oCe/","b7R426Oy5KaZj4kjarYcL1","bcS9K0ZXNB+5L9iVqzk+SO","bcZ+vbbJJBya3e8r0NLHNd","bceLM3r8ZFqL4Ww+jJWhYS","bdsIL+OCxFTaHCEA2q+mUK","bfIdEP9E9AcKUYRQtS0Ngf","c0DvVWUw1Pe5tnmBu/yCYw","c0RfGlqFhGs6GL9aMV6Jlr","c0Xp3ghDdBBo9VOP6HowHI","c6fRQPllNBpJdy6bwOHNVX","c7LuOMfRNNp4g7YYmlRExc","ccFKUDTmZKDZe6WRvDkVeb","ccv7YmBuVGe5NUdrLjGj3b","cdVlDHg1ZOQrjqSfsPLR78","d0uRFvd/RCOqI7Ai1Wvvp6","d7DR3ZGDFOxqN66s7mkIKO","d7lezPspNI56LYKVxT1Y1R","d8UnzCqbFJJJs43aXVZuIC","d83rj6hUVE1LUftdZ3fcfo","d8+QvLd+FF0bz5qcObFn0O","d9QBPy3WdI7Kek3UM7ZcDf","d9XeZY2J5NTK1LsdIPjMKk","ddZzeSBOtNaq3czcMc2EkB","dd0vpS9oxPuoN+vrOghvZU","deoCC9wPpP7qoN/yryqpFw","e2DsPcXhpMIqgzLDJZU/l3","e3NpDZFmFFw6Jwa1UJOoUV","e5AHDZ5ihNeKVx3hwI/RAl","e58JyYoTxEV46GH8EBrmo2","e651LydOZH+I/IveiOMDwH","e92gYn71VDta/VkUMVfSXT","ecLAtcVl5ONLAvEEfttXn4","eex6YuGGlFWq0t2LUdc4Mk","f3EKey0H5NW4ChW1USpnVV","f5RDo2roVBDLcuFPqO7XE7","f84/rCYVhHy6fKxomZ0WTH","f9GQIGs1tHSZfqkvJlkCqH","fdWwwo/TtCC5bxBYqeI/Zf","011uwZGO9OnrEYQkVvwKsg","12XibjpZxBP5OURjF+GtHT","195I5lnW1GcZBrEvTa7D47","1b0feRSlVBZpPkBl5GMAqy","1fOun+gflIIZ0dRv33sIm6","1fhI+QkyFFvrYzUIWZD2R9","22j9EoyLNMDIus1c2+zRQU","2295hbdW1A77Sc8eSsHBWl","23AEcwWbxFzrMKygtugqCc","2aRlM08kBNIZQH786OXoMN","2akOhP81dKoadftJXcNrwN","2fgQ+G+5pAwowLLEtpRijj","327WbVwQtOHrBpRTiHR4Hl","36vv+3C75Cg6N5LFjq3PZZ","38l6w+GURMOp45A5A47BmJ","3ae7efMv1CLq2ilvUY/tQi","3axuIYoSNFGalm5tgN2kOs","3b2Yl+hpxJ3LdoRwru0Noz","45ZO8QwtVEvb7BSwejvlmT","518MaGR1hA04ZKuf8yGfTb","53m2PrsAxDz75ji0UIFXmU","56h+X+NF9H1oXCKQipvT9+","5axAftzb5P5oqjf/pOqrD5","60DarvULRGh6VcvFgu1K1y","64H/RZ1stDY7wlpa+G/jxx","656GYUckNDSJn4tzzpK8pv","74RifftCJCvoKvF41ZHL/m","75Hprg1o1LCqGsdq7Yg9M2","75z9EZKZ9ELZHPZe1xIp3Q","76Oo+hdZBIC58PkmtS6Hpa","77k2IyXMRHso+xSbEG0usV","78tCxmCGdJHL4G/vIjGmKU","7a/QZLET9IDreTiBfRn2PD","809kmqMTBJK40cp0vw9t3+","82+OWMHClKELDfAFLTntKa","84PfvKd69HCKvQlgysI3I6","87sTwIw65CaYiI4dM+z7tI","8bo7sM+VNN06tOQ710K4yt","90RSsaeNBCdakgsobLnXmr","91crc975lHB7HqMuJoRjkv","93PNPrNbRBNKCm4K2coYxT","a1HaeYKGdJa7+cHrIMR22I","a2MjXRFdtLlYQ5ouAFv/+R","a3Qy2QDYBGN4v+XFJnNRjD","a4nhnwmVRJN59+dyUCgNLn","a5HqEKRgFCdpH8ywYYbXLJ","a9jt0is0BFeJObUa5XJ4G/","adCFA3GGdJQqAbTaB43Jfd","afpoEjO5tKkqEyzkvjnd1F","b224EK5FNLaZLyzBf5HuA2","b4NUv4kjlLkJZiiWqRD0bo","b7akvhnLtAIK6W30/6TKPc","b7hCjpGF5HrZlHL2T9woqs","c0y0OAlztCO5C7xYelUwa6","c41LvrIiZCu5WD3OsTVfFP","d05l6HgMlOjr4RhY02QZQf","d94lsx4YJGPoxctLIxAapN","daOMXA2qREu5tffI1Z0siD","dbFqeyiVdG+ryc/+L0ejlt","desyt0vpRMLrwMLn5KEphQ","eanNYplXhI2I5thqO69zZ/","ecpdLyjvZBwrvm+cedCcQy","edhlVgjQ9BbrJlV78ohN47","f2VbLmVFdC6oNxicdo4ANI","f23OKEN25OMoRoYLgGBBIX","f8FtvlUB1Bha2OtlkPut2r"],"scenes":{"db://assets/Bundle/XocDia/XocDia.fire":183},"redirect":[195,0,200,1,203,2,204,1,210,1,217,1,220,2,230,1,231,1,249,2],"deps":["main","resources","internal"],"packs":{"0218d255e":[190,196,202,211,215,219,221,224,228,234,237,247,251,253],"02bc6bc9c":[100,117],"02c07712e":[81,170],"044e2e662":[104,119],"05929e731":[188,106,126,132,239,240,241,250],"0771bd685":[0,2,54,3,59,60,67,68,71,72,7,8,9,14,91,16,17,18,19,22,122,24,129,27,29,30,34,35,36,37,40,41,42,44],"07c96fc40":[191,192,197,198,205,207,209,213,225,233,235,236,238,248,252],"089bbff00":[77,153],"08d3efb4d":[51,145],"0bcd817e2":[189,201,101,227,243],"0dea9b5d2":[45,57,61,62,63,66,4,193,194,5,75,78,80,199,83,206,86,12,88,13,93,208,97,99,212,109,110,214,216,113,218,114,116,222,223,226,26,28,133,135,137,229,142,232,144,31,147,148,149,150,154,32,156,158,33,242,161,163,38,39,169,171,244,245,246,172,174,43,176,177,180,183,186],"0f56e9c66":[112,151]},"name":"52","importBase":"import","nativeBase":"native","debug":false,"isZip":false,"encrypted":false,"versions":{"import":["0218d255e","25999","02bc6bc9c","0db7f","02c07712e","24543","044e2e662","48102","05929e731","a27ee",46,"f02b0","0771bd685","cb7d2",1,"7899b","07c96fc40","8f97c","089bbff00","49f7f","08d3efb4d","a0f8b",47,"3f178",48,"30ec7",49,"4e5a9","0bcd817e2","8f900",50,"6be43","0dea9b5d2","1a364","0f56e9c66","38ee8",52,"46809",53,"7e974",55,"0b4cf",56,"4c156",58,"e06cc",64,"cb299",65,"e3e26",69,"04227",70,"55ae7",73,"5dfc1",74,"570f0",6,"37884",76,"5b5e6",79,"7618c",82,"9a664",84,"59ba4",10,"eb906",11,"791e3",85,"2f8ae",87,"070c8",15,"01826",89,"ec84a",90,"432f3",92,"15d52",94,"b17ab",95,"8e6e4",96,"d154c",98,"8a94c",102,"50622",103,"7e8d6",105,"b15a7",20,"bad6b",107,"77985",108,"afbd6",21,"991b3",111,"1ffb8",115,"1b10d",118,"a3d28",120,"71d1e",23,"e647d",121,"a4d7d",123,"1d308",124,"d08ed",125,"9a319",25,"5e66e",127,"c1c2b",128,"2864e",130,"45525",131,"d0f60",134,"3b8a2",136,"e5c4f",138,"adc54",139,"03980",140,"33fb0",141,"c7327",143,"d38f8",146,"e7c9f",152,"23f22",155,"73ab6",157,"9a854",159,"ba68b",160,"b6b62",162,"79348",164,"7d13a",165,"a19af",166,"580ba",167,"4e397",168,"98042",173,"644a3",175,"44c64",178,"9830e",179,"53273",181,"b8550",182,"65ca9",184,"e64cb",185,"c5523",187,"90077"],"native":[0,"138d3",1,"a2d65",2,"ee63e",54,"1f871",3,"42a6c",59,"2e02b",60,"678cf",67,"3e694",68,"70734",4,"7fbc2",71,"16816",72,"0b1be",5,"1625c",6,"ab7f2",7,"e3665",8,"09694",9,"59fbb",10,"1027d",11,"cb393",12,"94db6",13,"1d1dd",14,"20bde",15,"922a6",91,"371a4",16,"6817b",17,"4bfce",18,"a83de",19,"15c49",20,"b801a",21,"f3b4b",22,"0c9a9",23,"63dad",122,"6d720",24,"ba75a",25,"b801a",129,"70b93",26,"a16b9",27,"34067",28,"c11bd",29,"70d29",137,"dc12d",30,"20bde",31,"79963",32,"aa954",33,"c0bb4",34,"1f92a",35,"1f977",36,"a17f7",37,"2b3fd",38,"5e663",39,"a4a1c",40,"833a0",41,"42c7f",42,"53a46",43,"e76b9",44,"f3999"]}}