[1,["ecpdLyjvZBwrvm+cedCcQy","5axAftzb5P5oqjf/pOqrD5","c9VupEoCxGbIrIXOJwwOth","ecCTW49kJJYZX+93y4H/Sv","64tTe1CtlK4o3vbg5LWcBC","28rNIufhJMaanTCESkzdIh","4cpijgfWJD/qsTSR626krV","2cqnmmC9JP6qGQsIPT7hMV","afRU8EYHtKZav7RBNrUKr7","e97GVMl6JHh5Ml5qEDdSGa","f0BIwQ8D5Ml7nTNQbh1YlS","29FYIk+N1GYaeWH/q1NxQO","5ctaYgI2ZJf6IIDMyMrY4a","8bZLl1cvRDKJ2aDNVNKT3/","beq64nH/BMAZCOF4BoqD09","ceKNBEzqpH7KEWFbkZIy4B","328nySc9hKC52FYopJRaVB","a3etvrLdNJ0JjWSBO/B3FB","8fcV/YOhhGgZTc7GYpSgCD","9cGspeGDxPErHuDGSZfFXq","7aw66MSLNFMaaU3C62V7Zm","50A3gA9N5LnZD3zlv8qDO0","50Oai2GUlK25jAjQz5KVU5","a2MjXRFdtLlYQ5ouAFv/+R","09PWuX/llKRLH/XAfEOvsN","d4PXJesfBL77oi+DVdvLiO","33IscwLB9N1Zs+pSPybwCn","2cpa0tt1JCY5jWHAHbaMEE","86gz2NZjlB6o83pq8+kO5a","1cMcLoFw5EXYeozitOScZS","7a/QZLET9IDreTiBfRn2PD","06hk0NpEBDUL/eih0Mr1C2","96U/7Yr61AGrO4EoiGBLSP","4aSCvEW+hPEInp4KUiCBbH","7fB2/gph5Ke5XxVFk5jZ4Z","f9LfaOSZxEMq8YNtiM3FaA","8dU/NmIy5P0KQzr9TmJUX9","7e9GpXYjpNzpy5LLEf0dkH","46wvpWK39M7a65K+0fBg7F"],["node","_spriteFrame","_N$file","_textureSetter","nodeChecked","lbIndex","lbBet","lbName","lbTime","_N$content","_parent","_N$target","_N$normalSprite","_N$pressedSprite","_N$hoverSprite","_N$disabledSprite","root","iconXiu","iconTai","pageDate","skeWin","lbMd5Raw","lbMd5","lbSumXiu","lbSumTai","lbPhien","parentResult","scrXiu","scrTai","data","_N$skeletonData"],[["cc.Node",["_name","_active","_opacity","_prefab","_contentSize","_parent","_components","_trs","_children","_color","_eulerAngles","_anchorPoint"],0,4,5,1,9,7,2,5,5,5],["cc.Label",["_string","_isSystemFontUsed","_lineHeight","_N$verticalAlign","_fontSize","_styleFlags","_N$horizontalAlign","_N$overflow","node","_materials","_N$file"],-5,1,3,6],"cc.SpriteFrame",["cc.Node",["_name","_parent","_components","_prefab","_trs","_contentSize","_children","_anchorPoint","_color"],2,1,2,4,7,5,2,5,5],["cc.Sprite",["_sizeMode","_type","node","_materials","_spriteFrame"],1,1,3,6],["cc.Widget",["_alignFlags","_originalWidth","_originalHeight","_top","_bottom","_left","_right","node"],-4,1],["cc.PrefabInfo",["fileId","root","asset"],2,1,1],["cc.Button",["node","clickEvents","_N$normalColor","_N$pressedColor","_N$disabledColor","_N$target","_N$normalSprite","_N$pressedSprite","_N$hoverSprite","_N$disabledSprite"],3,1,9,5,5,5,1,6,6,6,6],["cc.Prefab",["_name"],2],["cc.Node",["_name","_parent","_children","_components","_prefab","_contentSize","_trs"],2,1,2,12,4,5,7],["cc.Node",["_name","_parent","_children","_components","_prefab","_contentSize","_anchorPoint","_trs"],2,1,9,9,4,5,5,7],["c06aeGh69JJKYu1D8xtM1Fn",["node"],3,1],["cc.BlockInputEvents",["node"],3,1],["0bf8dPlDgtLH4DJxMXhdRAS",["node","scrTai","scrXiu","parentResult","lbPhien","lbSumTai","lbSumXiu","lbMd5","lbMd5Raw","skeWin","pageDate","iconTai","iconXiu","sprDice"],3,1,1,1,1,1,1,1,1,1,1,1,1,1,3],["cc.Layout",["_resize","_N$layoutType","_N$spacingX","node","_layoutSize"],0,1,5],["46d3cmoSNRJKYxA2We3DXFS",["node","lbTime","lbName","lbBet"],3,1,1,1,1],["c2b56lCaGRJKI16E9ydJssj",["node","lbIndex","nodeChecked"],3,1,1,1],["cc.ScrollView",["horizontal","brake","bounceDuration","_N$horizontalScrollBar","_N$verticalScrollBar","node","_N$content"],-2,1,1],["cc.Mask",["_N$alphaThreshold","node","_materials"],2,1,3],["cc.ClickEvent",["_componentId","handler","target"],1,1],["sp.Skeleton",["defaultSkin","defaultAnimation","_preCacheMode","_cacheMode","_animationName","node","_materials"],-2,1,3],["65d20PGXAxEpZqR+kJ25zRs",["templateType","nameComponentItem","spawnCount","node","itemTemplateNode"],0,1,1],["23251wgkaFKa7D+TbypjVkG",["node","parentIndicator","content","clickEvents"],3,1,1,1,9]],[[6,0,1,2,2],[0,0,5,6,3,4,7,2],[4,0,2,3,4,2],[0,0,5,8,6,3,4,7,2],[3,0,1,2,3,5,4,2],[0,0,5,6,3,4,2],[4,2,3,4,1],[0,0,1,5,6,3,4,7,3],[4,1,0,2,3,4,3],[16,0,1,2,1],[1,0,4,1,5,6,3,7,8,9,8],[19,0,1,2,3],[3,0,1,2,3,8,5,4,2],[1,0,2,1,8,9,4],[0,0,5,8,3,7,2],[7,0,1,1],[1,0,4,2,1,5,3,8,9,10,7],[1,0,4,2,1,5,8,9,10,6],[0,0,1,5,8,6,3,4,7,3],[0,0,1,5,8,3,7,3],[0,0,5,8,6,3,4,2],[0,0,5,8,6,3,4,7,10,2],[0,0,5,6,3,9,4,7,2],[0,0,5,3,4,11,7,2],[3,0,1,2,3,5,7,4,2],[9,0,1,2,3,4,5,6,2],[11,0,1],[15,0,1,2,3,1],[4,1,0,2,3,3],[4,2,3,1],[17,0,1,2,3,4,5,6,6],[18,0,1,2,2],[7,0,1,2,3,4,5,6,7,8,9,1],[1,0,2,1,5,3,8,9,10,6],[1,0,2,1,6,8,9,5],[1,0,4,1,8,9,4],[21,0,1,2,3,4,4],[8,0,2],[0,0,8,6,3,4,2],[0,0,8,6,3,4,7,2],[0,0,5,3,4,7,2],[0,0,2,5,6,3,9,4,3],[3,0,1,6,2,3,5,4,2],[3,0,1,2,3,4,2],[10,0,1,2,3,4,5,6,7,2],[12,0,1],[13,0,1,2,3,4,5,6,7,8,9,10,11,12,13,1],[6,1,2,1],[14,0,1,2,3,4,4],[5,0,5,6,3,4,1,2,7,8],[5,0,1,2,7,4],[5,0,3,4,1,2,7,6],[1,0,1,8,9,10,3],[1,0,4,2,1,3,8,9,6],[1,0,1,3,8,9,4],[1,0,1,6,3,8,9,5],[20,0,1,2,3,4,5,6,6],[22,0,1,2,3,1]],[[[{"name":"4677a381-2650-4f32-a4f1-4836128ffa92","rect":[0,0,114,43],"offset":[0,0],"originalSize":[114,43],"capInsets":[0,0,0,0]}],[2],0,[0],[3],[15]],[[{"name":"dice_3","rect":[0,0,70,70],"offset":[0,0],"originalSize":[70,70],"capInsets":[0,0,0,0]}],[2],0,[0],[3],[16]],[[{"name":"textbox","rect":[0,0,396,73],"offset":[0,0],"originalSize":[396,73],"capInsets":[0,0,0,0]}],[2],0,[0],[3],[17]],[[{"name":"Lớp 1 (5)","rect":[0,0,607,42],"offset":[0,0],"originalSize":[607,42],"capInsets":[120,0,30,0]}],[2],0,[0],[3],[18]],[[{"name":"dice_1","rect":[0,0,70,70],"offset":[0,0],"originalSize":[70,70],"capInsets":[0,0,0,0]}],[2],0,[0],[3],[19]],[[{"name":"dice_4","rect":[0,0,70,70],"offset":[0,0],"originalSize":[70,70],"capInsets":[0,0,0,0]}],[2],0,[0],[3],[20]],[[{"name":"dice_6","rect":[0,0,70,70],"offset":[0,0],"originalSize":[70,70],"capInsets":[0,0,0,0]}],[2],0,[0],[3],[21]],[[{"name":"dice_2","rect":[0,0,70,70],"offset":[0,0],"originalSize":[70,70],"capInsets":[0,0,0,0]}],[2],0,[0],[3],[22]],[[[37,"ChiTietPhien"],[38,"ChiTietPhien",[-17,-18,-19,-20,-21,-22,-23,-24,-25,-26,-27,-28,-29,-30,-31],[[26,-2],[45,-3],[46,-16,-15,-14,-13,-12,-11,-10,-9,-8,-7,-6,-5,-4,[119,120,121,122,123,124]]],[47,-1,0],[5,1280,720]],[39,"Indicator",[-33,-34,-35,-36,-37,-38,-39],[[48,1,1,15,-32,[5,370,50.4]]],[0,"b8UXwSx+hDrIine6MYeeHm",1,0],[5,370,50.4],[0,-193.865,0,0,0,0,1,1,1,1]],[42,"PageData",1,[-41,2,-42,-43],[-40],[0,"b9l3rGcMBJLbw5g/Ka7m6M",1,0],[5,1000,500],[0,-73.594,0,0,0,0,1,0.95,0.95,1]],[14,"InfoTai",1,[-44,-45,-46,-47,-48],[0,"287FHK2jdLq4j5giyfeLjU",1,0],[-283.837,45.247,0,0,0,0,1,1,1,1]],[18,"ItemBetTai",false,4,[-53,-54,-55],[[27,-52,-51,-50,-49]],[0,"ffU+PqssZJAJIAluHglrT+",1,0],[5,450,40],[-1.097,-0.344,0,0,0,0,1,1,1,1]],[14,"InfoXiu",1,[-56,-57,-58,-59,-60],[0,"4dHmWKg75L0qgCNBE4r87K",1,0],[283.837,45.247,0,0,0,0,1,1,1,1]],[18,"ItemBetXiu",false,6,[-65,-66,-67],[[27,-64,-63,-62,-61]],[0,"5ccKb4hGhNQpytdN4gDqCX",1,0],[5,450,40],[14,-13.7,0,0,0,0,1,1,1,1]],[14,"Result",1,[-68,-69,-70],[0,"41Vts+WghKNoQctWXqj1MP",1,0],[0,71.822,0,0,0,0,1,1,1,1]],[3,"Alats7_41",4,[-72,-73,-74],[[28,1,0,-71,[32]]],[0,"e9RFnUHr9BQJUTvoMTGgz9",1,0],[5,450,50],[-1.569,48.261,0,0,0,0,1,1,1,1]],[3,"Alats7_41",6,[-76,-77,-78],[[28,1,0,-75,[50]]],[0,"896TyTVlNHR53a8OXKay/N",1,0],[5,450,50],[-1.569,49.679,0,0,0,0,1,1,1,1]],[3,"ItemIndicator",2,[-82,-83,-84],[[9,-81,-80,-79]],[0,"3eOGuJMzNBZ5EYqfZuSgiz",1,0],[5,40,40],[-165,-70.707,0,0,0,0,1,1,1,1]],[3,"ItemIndicator copy",2,[-88,-89,-90],[[9,-87,-86,-85]],[0,"13d5sAHbBJT7z5AXp0Fa4s",1,0],[5,40,40],[-110,-70.707,0,0,0,0,1,1,1,1]],[3,"ItemIndicator copy",2,[-94,-95,-96],[[9,-93,-92,-91]],[0,"c7RaatXC1DUZ8XGzjol91V",1,0],[5,40,40],[-55,-70.707,0,0,0,0,1,1,1,1]],[3,"ItemIndicator copy",2,[-100,-101,-102],[[9,-99,-98,-97]],[0,"dbO5MtR8FIn6o3L8O6mDGp",1,0],[5,40,40],[0,-70.707,0,0,0,0,1,1,1,1]],[3,"ItemIndicator copy",2,[-106,-107,-108],[[9,-105,-104,-103]],[0,"58+X7UvJVCd66LjXeYEbEW",1,0],[5,40,40],[55,-70.707,0,0,0,0,1,1,1,1]],[3,"ItemIndicator copy",2,[-112,-113,-114],[[9,-111,-110,-109]],[0,"44v380nvRN+6H3EH2XGldB",1,0],[5,40,40],[110,-70.707,0,0,0,0,1,1,1,1]],[3,"ItemIndicator copy",2,[-118,-119,-120],[[9,-117,-116,-115]],[0,"0dbPg71KBPu4n1Ih1w/zJG",1,0],[5,40,40],[165,-70.707,0,0,0,0,1,1,1,1]],[19,"Md5raw",false,1,[-121,-122,-123,-124],[0,"ebMwk1TJlHWYPUqWrNj42C",1,0],[283.965,192.62,0,0,0,0,1,0.7,0.7,1]],[20,"Alats7_33",1,[-126,-127],[[6,-125,[4],5]],[0,"aefgTgxy9BYZRNcG15OTek",1,0],[5,1178,674]],[3,"Alats7_41 copy",4,[-129,-130],[[8,1,0,-128,[36],37]],[0,"4fMmvXZ3VM5pRCRKPWfgDI",1,0],[5,427.5,64.8],[-12.378,-287.735,0,0,0,0,1,1,1,1]],[25,"scrollview",4,[-134],[[[30,false,0.75,0.23,null,null,-132,-131],-133],4,1],[0,"a5M/I0aTNOMJsnmpXRYtOm",1,0],[5,474.7,259.5],[-8,-120.8,0,0,0,0,1,1,1,1]],[3,"view",21,[-137],[[31,0,-135,[41]],[49,45,-0.15000000000000568,1.8499999999999943,1.25,1.25,420,260,-136]],[0,"10TK68r1xLwYhHu8TYasQP",1,0],[5,473,257],[-1,0,0,0,0,0,1,1,1,1]],[3,"Alats7_41 copy",6,[-139,-140],[[8,1,0,-138,[54],55]],[0,"dcBv3P1ztDzKgWpfDVx8im",1,0],[5,427.5,64],[14.431,-281.613,0,0,0,0,1,1,1,1]],[25,"scrollview",6,[-144],[[[30,false,0.75,0.23,null,null,-142,-141],-143],4,1],[0,"5c+9d2AkdNiaxAf42devVi",1,0],[5,472.5,257],[13.8,-119.7,0,0,0,0,1,1,1,1]],[20,"view",24,[-147],[[31,0,-145,[59]],[50,45,420,260,-146]],[0,"f0I1gLm7ZHs74oeVRecui+",1,0],[5,472.5,257]],[44,"Content",3,[[40,"ItemData",-149,[0,"e6iMwrLdhGn5VmX2IrcC1Y",1,0],[5,1000,40],[0,-34.027,0,0,0,0,1,1,1,1]]],[[51,45,-25.271000000000015,25.271000000000015,1000,500,-148]],[0,"ceBxxj8y9H/bFKeFyUEf6V",1,0],[5,1000,500],[0,0.5,1],[0,275.271,0,0,0,0,1,1,1,1]],[19,"Md5",false,1,[-150,-151,-152],[0,"79axuLGpVJl7QeSV2jAYs8",1,0],[-256.46,192.62,0,0,0,0,1,0.7,0.7,1]],[41,"sprite_splash",150,1,[[2,0,-153,[0],1],[26,-154]],[0,"38JW6WsklH2aHQGARbtgde",1,0],[4,4278190080],[5,1280,720]],[3,"BtnClose",1,[-156],[[15,-155,[[11,"0bf8dPlDgtLH4DJxMXhdRAS","onClickClose",1]]]],[0,"f7dPVTYqZFLZm6m5QiiS96",1,0],[5,80,80],[578.988,302.688,0,0,0,0,1,1,1,1]],[1,"tai",1,[[6,-157,[18],19]],[0,"19JN/ZF1pIm7u05lmA59N3",1,0],[5,119,73],[-300,181.455,0,0,0,0,1,1.3,1.3,1]],[1,"xiu",1,[[6,-158,[20],21]],[0,"79GOHjc/ZA7Kujflh2fJpT",1,0],[5,139,78],[300,181.455,0,0,0,0,1,1.3,1.3,1]],[7,"active",false,11,[[2,0,-159,[62],63]],[0,"0dlKJn1qhBsq2BHFIN0kDR",1,0],[5,25,25],[0.327,0,0,0,0,0,1,1,1,1]],[7,"active",false,12,[[2,0,-160,[67],68]],[0,"68EeB/MR9IRqWda4pdL0/B",1,0],[5,25,25],[0.327,0,0,0,0,0,1,1,1,1]],[7,"active",false,13,[[2,0,-161,[72],73]],[0,"25Q8G+JTpBYqynKaSFcu4p",1,0],[5,25,25],[0.327,0,0,0,0,0,1,1,1,1]],[7,"active",false,14,[[2,0,-162,[77],78]],[0,"4c1kIVYnZBvLSH2hgalyuq",1,0],[5,25,25],[0.327,0,0,0,0,0,1,1,1,1]],[7,"active",false,15,[[2,0,-163,[82],83]],[0,"67k9I22m1KW5dyKITq7tjt",1,0],[5,25,25],[0.327,0,0,0,0,0,1,1,1,1]],[7,"active",false,16,[[2,0,-164,[87],88]],[0,"d2NuOeQMBBeLA2sLtmcZIJ",1,0],[5,25,25],[0.327,0,0,0,0,0,1,1,1,1]],[7,"active",false,17,[[2,0,-165,[92],93]],[0,"396CfdZTVMtoqtwZgy0dpN",1,0],[5,25,25],[0.327,0,0,0,0,0,1,1,1,1]],[3,"buttonPre",3,[-168],[[32,-167,[[11,"23251wgkaFKa7D+TbypjVkG","onClickPre",3]],[4,4293322470],[4,4291348680],[4,3363338360],-166,97,98,99,100]],[0,"15XgF5G19IgohkpDHRfqnD",1,0],[5,100,100],[-267.759,-265.519,0,0,0,0,1,1,1,1]],[1,"Background",39,[[8,1,0,-169,[95],96]],[0,"7bZMmYxS9GpY/NR62dogQR",1,0],[5,46.6666667,57.3333333],[45.457,0,0,0,0,0,1,-1,1,1]],[3,"buttonPre copy",3,[-172],[[32,-171,[[11,"23251wgkaFKa7D+TbypjVkG","onClickNext",3]],[4,4293322470],[4,4291348680],[4,3363338360],-170,103,104,105,106]],[0,"bdDfibRuNNhpkt9a+NF+bk",1,0],[5,100,100],[265.302,-265.519,0,0,0,0,1,1,1,1]],[1,"Background",41,[[8,1,0,-173,[101],102]],[0,"07TKSJWulC0bwA6dUw2vhU",1,0],[5,46.6666667,57.3333333],[-41,3.565,0,0,0,0,1,1,1,1]],[21,"btnCoppy",27,[-175],[[15,-174,[[11,"0bf8dPlDgtLH4DJxMXhdRAS","onClickCopyMd5",1]]]],[0,"cabCXTKNBCKJQc1LWbMHel",1,0],[5,80,100],[219.009,0,0,0,0,0.7071067811865475,0.7071067811865476,1,1,1],[1,0,0,90]],[21,"btnCoppy",18,[-177],[[15,-176,[[11,"0bf8dPlDgtLH4DJxMXhdRAS","onClickCopyMd5Raw",1]]]],[0,"85KCmWoshItbHMPZbcYpQC",1,0],[5,80,100],[219.009,0,0,0,0,0.7071067811865475,0.7071067811865476,1,1,1],[1,0,0,90]],[1,"bgPopup",19,[[29,-178,[2]]],[0,"d7lS9cs7BBXYl0MTsnJEvG",1,0],[5,1178,674],[-313,0,0,0,0,0,1,1,1,1]],[1,"bgPopup copy",19,[[29,-179,[3]]],[0,"91K0NONB1HfK5t9X7gz0/C",1,0],[5,626,667],[313,0,0,0,0,0,1,-1,1,1]],[7,"bgContent",false,1,[[2,0,-180,[6],7]],[0,"31NMpBDg5LhIn+21sDKBKe",1,0],[5,930,488],[5,-32,0,0,0,0,1,1,1,1]],[1,"Title",1,[[52,"CHI TIẾT PHIÊN",false,-181,[8],9]],[0,"87gyPAIThNE6qeorF3bGxI",1,0],[5,328.75,40],[0,333.367,0,0,0,0,1,1,1,1]],[5,"icTopexit",29,[[6,-182,[10],11]],[0,"d8ZGtKWLtISYBzVmr7Tqq9",1,0],[5,76,80]],[1,"xingauA2",8,[[6,-183,[12],13]],[0,"556ZPKMH9J1YEQ4QeeBiNv",1,0],[5,70,70],[-80,106.321,0,0,0,0,1,1,1,1]],[1,"xingauA2 copy",8,[[6,-184,[14],15]],[0,"86FYu+vbdJWrkNEvsdVt3Y",1,0],[5,70,70],[-1.627,106.321,0,0,0,0,1,1,1,1]],[1,"xingauA2 copy",8,[[6,-185,[16],17]],[0,"94iCgX1UZAR4ulom+2jhGv",1,0],[5,70,70],[80,106.321,0,0,0,0,1,1,1,1]],[4,"lbPhien",1,[-186],[0,"b96lymP4xC57NyjBbQ2Zqg",1,0],[5,74.8,69.3],[0,233.939,0,0,0,0,1,0.5,0.5,1]],[53,"#0",50,55,false,1,53,[22]],[43,"TXspine2",1,[-187],[0,"a9CjtPmPtLpp7bRJYVdkcn",1,0],[305.619,170.042,0,0,0,0,1,0.5,0.5,1]],[56,"default","xiu",1,1,"xiu",55,[23]],[1,"o2",4,[[8,1,0,-188,[24],25]],[0,"92dgC19r9FoowVqBz/ljzr",1,0],[5,525.68,359],[-8.8,-108,0,0,0,0,1,1,1,1]],[1,"TG",9,[[16,"Thời Gian",55,60,false,1,1,-189,[26],27]],[0,"3f5+0kiT9CUopRUGT384OA",1,0],[5,245.27,75.6],[-152.556,-3.394,0,0,0,0,1,0.5,0.5,1]],[1,"TG copy",9,[[16,"Tên NV",55,60,false,1,1,-190,[28],29]],[0,"707Cdsk9ZLVYSIncy/0Qd7",1,0],[5,185.71,75.6],[13.72,-3.394,0,0,0,0,1,0.5,0.5,1]],[1,"TG copy",9,[[16,"Đặt cược",55,60,false,1,1,-191,[30],31]],[0,"d3ZLklHclNA6vp8K9K+mQq",1,0],[5,232.14,75.6],[157.368,-3.394,0,0,0,0,1,0.5,0.5,1]],[22,"TG",20,[[33,"Tổng cược:",45,false,1,1,-192,[33],34]],[0,"77zOTlZD9BRZsrDvr5XJ7H",1,0],[4,4278190080],[5,200.74,56.7],[-142.606,2.57,0,0,0,0,1,0.5,0.5,1]],[24,"TotalCuoc",20,[-193],[0,"65CBrzb6xHGYKHIrmYGM2K",1,0],[5,16.8,40],[0,0,0.5],[-88.632,-5.172,0,0,0,0,1,1,1,1]],[54,"0",false,1,62,[35]],[4,"TG",5,[-194],[0,"fdd30g0rJEvaf244jXnGTR",1,0],[5,12.6,56.7],[-153.852,2.221,0,0,0,0,1,0.5,0.5,1]],[13,"-",45,false,64,[38]],[4,"Name",5,[-195],[0,"25DpBwjKhBq6NvNXpIdF/i",1,0],[5,12.6,56.7],[14.008,2.221,0,0,0,0,1,0.5,0.5,1]],[13,"-",45,false,66,[39]],[12,"Bet",5,[-196],[0,"caecsUNjRLK5UjqN5Pv5YU",1,0],[4,4278255615],[5,12.6,56.7],[160.444,2.221,0,0,0,0,1,0.5,0.5,1]],[13,"-",45,false,68,[40]],[23,"content",22,[0,"63sSy30K5Dy6GvkNGui320",1,0],[5,220,400],[0,0.5,1],[0,130,0,0,0,0,1,1,1,1]],[36,1,"ItemChiTietPhien",10,21,5],[1,"o2",6,[[8,1,0,-197,[42],43]],[0,"cfNX4y4oBK8KX7kZhCMOTK",1,0],[5,526.68,359],[13,-108,0,0,0,0,1,1,1,1]],[1,"TG",10,[[17,"Thời Gian",55,65,false,1,-198,[44],45]],[0,"9cmZoUL9tBBI9qCp6TLKvg",1,0],[5,245.27,81.9],[184.004,-10.708,0,0,0,0,1,0.5,0.5,1]],[1,"TG copy",10,[[17,"Tên NV",55,65,false,1,-199,[46],47]],[0,"80Xio8/LpFxaR+ncytNLfO",1,0],[5,185.71,81.9],[31.702,-10.708,0,0,0,0,1,0.5,0.5,1]],[1,"TG copy",10,[[17,"Đặt cược",55,65,false,1,-200,[48],49]],[0,"a2Yl37O4dNsoQ6EqGLxP9M",1,0],[5,232.14,81.9],[-139.928,-10.708,0,0,0,0,1,0.5,0.5,1]],[22,"TG",23,[[33,":Tổng cược",45,false,1,1,-201,[51],52]],[0,"661GhZ1YxP25vwirPSR+fP",1,0],[4,4278190080],[5,200.74,56.7],[143.739,-0.25,0,0,0,0,1,0.5,0.5,1]],[24,"TotalCuoc",23,[-202],[0,"edIvI5jlZFnY6v3Nnaeid1",1,0],[5,16.8,40],[0,1,0.5],[89.868,-8.406,0,0,0,0,1,1,1,1]],[55,"0",false,2,1,77,[53]],[4,"TG",7,[-203],[0,"1fYED9wvpAnrGGN2MMBqEf",1,0],[5,225.78,56.7],[168.221,0,0,0,0,0,1,0.5,0.5,1]],[34,"123.123.123",45,false,1,79,[56]],[4,"Name",7,[-204],[0,"3a/WSfQ2RBboRRB/GGYyYy",1,0],[5,70.2,56.7],[24.396,0,0,0,0,0,1,0.5,0.5,1]],[34,"123",45,false,1,81,[57]],[12,"Bet",7,[-205],[0,"ebcHgychtH3LquSQuZFJD4",1,0],[4,4278255615],[5,70.2,56.7],[-157.068,0,0,0,0,0,1,0.5,0.5,1]],[13,"123",45,false,83,[58]],[23,"content",25,[0,"2aXEVWtBVIM6X7ujSiOJMl",1,0],[5,220,400],[0,0.5,1],[0,130,0,0,0,0,1,1,1,1]],[36,1,"ItemChiTietPhien",10,24,7],[5,"bkg",11,[[2,0,-206,[60],61]],[0,"98Um99R0FEj5gie4DG5KRG",1,0],[5,40,40]],[4,"num",11,[-207],[0,"cer9VBp3VJ26FJp2psGQRu",1,0],[5,33.37,50.4],[-0.885,32.206,0,0,0,0,1,1,1,1]],[10,"10",20,false,1,1,1,2,88,[64]],[5,"bkg",12,[[2,0,-208,[65],66]],[0,"f87eLZSN1Ew4jbuWmBSKEb",1,0],[5,40,40]],[4,"num",12,[-209],[0,"6dDAjJBVpI7JvgaIjzmoyd",1,0],[5,33.37,50.4],[-0.885,32.206,0,0,0,0,1,1,1,1]],[10,"10",20,false,1,1,1,2,91,[69]],[5,"bkg",13,[[2,0,-210,[70],71]],[0,"94PHpZMThNVLVNwXU50JIm",1,0],[5,40,40]],[4,"num",13,[-211],[0,"ba1NGB3DBD7K06sLidTRe3",1,0],[5,33.37,50.4],[-0.885,32.206,0,0,0,0,1,1,1,1]],[10,"10",20,false,1,1,1,2,94,[74]],[5,"bkg",14,[[2,0,-212,[75],76]],[0,"06FXD0CLhNpY+5okjG+ECV",1,0],[5,40,40]],[4,"num",14,[-213],[0,"b4fEYJKwVN/50//Qmc7gWq",1,0],[5,33.37,50.4],[-0.885,32.206,0,0,0,0,1,1,1,1]],[10,"10",20,false,1,1,1,2,97,[79]],[5,"bkg",15,[[2,0,-214,[80],81]],[0,"baQQbR2AVIYLN1GxppP3bx",1,0],[5,40,40]],[4,"num",15,[-215],[0,"38F9JQh8ZA2ZrqcIFxJ/Sc",1,0],[5,33.37,50.4],[-0.885,32.206,0,0,0,0,1,1,1,1]],[10,"10",20,false,1,1,1,2,100,[84]],[5,"bkg",16,[[2,0,-216,[85],86]],[0,"beRQqQBnxIzaVo7oySbZqZ",1,0],[5,40,40]],[4,"num",16,[-217],[0,"77KSmj0k9BGosfC4QiFFOo",1,0],[5,33.37,50.4],[-0.885,32.206,0,0,0,0,1,1,1,1]],[10,"10",20,false,1,1,1,2,103,[89]],[5,"bkg",17,[[2,0,-218,[90],91]],[0,"6dteSyQgNM85uAHjkraOk5",1,0],[5,40,40]],[4,"num",17,[-219],[0,"9bbLn+5JFPYqBlzuLixNg1",1,0],[5,33.37,50.4],[-0.885,32.206,0,0,0,0,1,1,1,1]],[10,"10",20,false,1,1,1,2,106,[94]],[57,3,2,26,[[11,"0bf8dPlDgtLH4DJxMXhdRAS","onChangePage",1]]],[1,"Lớp 1 (5)",27,[[8,1,0,-220,[107],108]],[0,"d6qEj4lI5DLrQuMD4/Aqwq",1,0],[5,500,42],[-37.165,0,0,0,0,0,1,1,1,1]],[5,"btnCoppy",43,[[6,-221,[109],110]],[0,"dbYGIh72xLNLMLV9qgMlk8",1,0],[5,41,69]],[12,"font",27,[-222],[0,"e2AbKDvwtEP6BIVMfvntmY",1,0],[4,4287430655],[5,5.98,50.4],[11.946,-7.964,0,0,0,0,1,1,1,1]],[35,"-",19,false,111,[111]],[1,"Lớp 1 (5)",18,[[8,1,0,-223,[112],113]],[0,"773FdGK9lJFaTnktYFhBxK",1,0],[5,500,42],[-37.165,0,0,0,0,0,1,1,1,1]],[1,"4677a381-2650-4f32-a4f1-4836128ffa92",18,[[6,-224,[114],115]],[0,"98yYRuQvNHV67MSeW6JnmP",1,0],[5,114,43],[-231.525,0,0,0,0,0,1,1,1,1]],[5,"btnCoppy",44,[[6,-225,[116],117]],[0,"c18PpUmRpFTJz9nCsQ/u+p",1,0],[5,41,69]],[12,"font",18,[-226],[0,"5bbjSTj1ZBso4+lVsFkxvw",1,0],[4,4287430655],[5,5.04,50.4],[11.946,-10.334,0,0,0,0,1,1,1,1]],[35,"-",16,false,116,[118]]],0,[0,16,1,0,0,1,0,0,1,0,17,31,0,18,30,0,19,108,0,20,56,0,21,117,0,22,112,0,23,78,0,24,63,0,25,54,0,26,8,0,27,86,0,28,71,0,0,1,0,-1,28,0,-2,19,0,-3,47,0,-4,48,0,-5,29,0,-6,8,0,-7,30,0,-8,31,0,-9,53,0,-10,55,0,-11,4,0,-12,6,0,-13,3,0,-14,27,0,-15,18,0,0,2,0,-1,11,0,-2,12,0,-3,13,0,-4,14,0,-5,15,0,-6,16,0,-7,17,0,-1,108,0,-1,26,0,-3,39,0,-4,41,0,-1,57,0,-2,9,0,-3,20,0,-4,5,0,-5,21,0,6,69,0,7,67,0,8,65,0,0,5,0,-1,64,0,-2,66,0,-3,68,0,-1,72,0,-2,10,0,-3,23,0,-4,7,0,-5,24,0,6,84,0,7,82,0,8,80,0,0,7,0,-1,79,0,-2,81,0,-3,83,0,-1,50,0,-2,51,0,-3,52,0,0,9,0,-1,58,0,-2,59,0,-3,60,0,0,10,0,-1,73,0,-2,74,0,-3,75,0,4,32,0,5,89,0,0,11,0,-1,87,0,-2,32,0,-3,88,0,4,33,0,5,92,0,0,12,0,-1,90,0,-2,33,0,-3,91,0,4,34,0,5,95,0,0,13,0,-1,93,0,-2,34,0,-3,94,0,4,35,0,5,98,0,0,14,0,-1,96,0,-2,35,0,-3,97,0,4,36,0,5,101,0,0,15,0,-1,99,0,-2,36,0,-3,100,0,4,37,0,5,104,0,0,16,0,-1,102,0,-2,37,0,-3,103,0,4,38,0,5,107,0,0,17,0,-1,105,0,-2,38,0,-3,106,0,-1,113,0,-2,114,0,-3,44,0,-4,116,0,0,19,0,-1,45,0,-2,46,0,0,20,0,-1,61,0,-2,62,0,9,70,0,0,21,0,-2,71,0,-1,22,0,0,22,0,0,22,0,-1,70,0,0,23,0,-1,76,0,-2,77,0,9,85,0,0,24,0,-2,86,0,-1,25,0,0,25,0,0,25,0,-1,85,0,0,26,0,10,26,0,-1,109,0,-2,43,0,-3,111,0,0,28,0,0,28,0,0,29,0,-1,49,0,0,30,0,0,31,0,0,32,0,0,33,0,0,34,0,0,35,0,0,36,0,0,37,0,0,38,0,11,40,0,0,39,0,-1,40,0,0,40,0,11,42,0,0,41,0,-1,42,0,0,42,0,0,43,0,-1,110,0,0,44,0,-1,115,0,0,45,0,0,46,0,0,47,0,0,48,0,0,49,0,0,50,0,0,51,0,0,52,0,-1,54,0,-1,56,0,0,57,0,0,58,0,0,59,0,0,60,0,0,61,0,-1,63,0,-1,65,0,-1,67,0,-1,69,0,0,72,0,0,73,0,0,74,0,0,75,0,0,76,0,-1,78,0,-1,80,0,-1,82,0,-1,84,0,0,87,0,-1,89,0,0,90,0,-1,92,0,0,93,0,-1,95,0,0,96,0,-1,98,0,0,99,0,-1,101,0,0,102,0,-1,104,0,0,105,0,-1,107,0,0,109,0,0,110,0,-1,112,0,0,113,0,0,114,0,0,115,0,-1,117,0,29,1,2,10,3,226],[0,0,0,0,0,0,0,0,0,0,0,0,0,0,0,0,0,0,0,0,0,0,0,0,0,0,0,0,0,0,0,0,0,0,0,0,0,0,0,0,0,0,0,0,0,0,0,0,0,0,0,0,0,0,0,0,0,0,0,0,0,0,0,0,0,0,0,0,0,0,0,0,0,0,0,0,0,0,0,0,0,0,0,0,0,0,0,0,0,0,0,0,0,0,0,0,0,0,0,0,0,0,0,0,0,0,0,0,0,0,0,0,0,0,0,0,0,0,0,0,0,0,0,0,0,54,56,63,65,67,69,78,80,82,84,89,92,95,98,101,104,107,112,117],[-1,1,-1,-1,-1,1,-1,1,-1,2,-1,1,-1,1,-1,1,-1,1,-1,1,-1,1,-1,-1,-1,1,-1,2,-1,2,-1,2,-1,-1,2,-1,-1,1,-1,-1,-1,-1,-1,1,-1,2,-1,2,-1,2,-1,-1,2,-1,-1,1,-1,-1,-1,-1,-1,1,-1,1,-1,-1,1,-1,1,-1,-1,1,-1,1,-1,-1,1,-1,1,-1,-1,1,-1,1,-1,-1,1,-1,1,-1,-1,1,-1,1,-1,-1,1,12,13,14,15,-1,1,12,13,14,15,-1,1,-1,1,-1,-1,1,-1,1,-1,1,-1,-1,-2,-3,-4,-5,-6,2,30,2,2,2,2,2,2,2,2,2,2,2,2,2,2,2,2,2],[0,23,0,0,0,24,0,25,0,26,0,27,0,4,0,4,0,4,0,28,0,29,0,30,0,5,0,1,0,1,0,1,0,0,1,0,0,6,0,0,0,0,0,5,0,1,0,1,0,1,0,0,1,0,0,6,0,0,0,0,0,2,0,3,0,0,2,0,3,0,0,2,0,3,0,0,2,0,3,0,0,2,0,3,0,0,2,0,3,0,0,2,0,3,0,0,7,8,9,10,11,0,7,8,9,10,11,0,12,0,13,0,0,12,0,31,0,13,0,4,32,33,34,35,36,1,37,14,1,1,1,14,1,1,1,1,1,1,1,1,1,1,1,1]],[[{"name":"dice_5","rect":[0,0,70,70],"offset":[0,0],"originalSize":[70,70],"capInsets":[0,0,0,0]}],[2],0,[0],[3],[38]]]]