{"paths":{"0":["animations/BoDacBiet/skeleton",4],"1":["Audio/beer",0],"2":["sprites/btn_close",1],"3":["animations/spine_den/skeleton",4],"4":["Audio/rose",0],"5":["Audio/bom",0],"6":["animations/startFinishGame/skeleton",4],"7":["sprites/SpecialWinText/txt5DoiThong",1],"8":["sprites/bt_yellow",1],"9":["animations/lose/lose",1],"10":["sprites/SpecialWinText/txt4DoiThong",1],"11":["animations/WinLose/anim_frame_win",4],"12":["sprites/btn_blue",1],"13":["sprites/borderAvt",1],"14":["Audio/start_game",0],"15":["animations/chaybai/skeleton",4],"16":["sprites/SpecialWinText/txt4Xam",1],"17":["Audio/kiss",0],"18":["animations/lose/lose4",1],"19":["sprites/btn history",1],"20":["sprites/icon_chips",1],"21":["sprites/btn_yellow",1],"22":["sprites/SpecialWinText/txt6Doi",1],"23":["animations/WinLose/anim_frame_win",1],"24":["sprites/bt_reload",1],"25":["sprites/SpecialWinText/txtTuHeo",1],"26":["sprites/bg",1],"27":["animations/winner/skeleton",4],"28":["Card/cardAtlas",1],"29":["Audio/DanhBaiVaBocBai",0],"30":["animations/spine_chanbai/bomb",4],"31":["animations/winner/skeleton",1],"32":["sprites/SpecialWinText/txtSanhRong",1],"33":["Audio/Win",0],"34":["sprites/ic_menu",1],"35":["Audio/DenTurn",0],"36":["Audio/Click",0],"37":["animations/finish/finish",4],"38":["animations/lose/lose3",1],"39":["sprites/btn_sort",1],"40":["animations/chaybai/skeleton2",1],"41":["animations/lose/lose5",1],"42":["animations/BoDacBiet/skeleton",1],"43":["animations/lose/skeleton",4],"44":["Audio/nemxu",0],"45":["sprites/point",1],"46":["animations/spine_den/skeleton",1],"47":["animations/lose/lose2",1],"48":["sprites/pass",1],"49":["animations/lose/skeleton",1],"50":["animations/lose/lose",4],"51":["Audio/Lose",0],"52":["sprites/bkg_black",1],"53":["animations/finish/finish",1],"54":["sprites/table",1],"55":["animations/special-card/skeleton",1],"56":["Audio/Fold",0],"57":["Audio/DiChuyenLaBai",0],"58":["sprites/bt_chat",1],"59":["sprites/bt_menu",1],"60":["animations/winner/skeleton3",1],"61":["font/win_ex",1],"62":["sprites/SpecialWinText/txt3DoiThong",1],"63":["sprites/time_bg",1],"64":["animations/chaybai/skeleton",1],"65":["Audio/AnBai",0],"66":["animations/lose/lose6",1],"67":["Audio/water",0],"68":["animations/startFinishGame/skeleton",1],"69":["font/RobotoB_bevel-export",1],"70":["animations/special-card/skeleton",4],"71":["sprites/bgVip",1],"72":["sprites/btn_Red",1],"73":["sprites/SpecialWinText/txtTu3",1],"74":["sprites/texttable",1],"75":["animations/lose/lose7",1],"76":["Audio/chiaBaiLoop",0],"77":["font/CountDown/font_countdown-export",1],"78":["font/fontTIen/font_tien-export",1],"79":["sprites/btn_emoji",1],"80":["font/lose_ex",1],"81":["sprites/bt_red",1],"82":["animations/winner/skeleton2",1],"83":["animations/spine_chanbai/bomb",1],"84":["Audio/alert",0],"85":["font/font_point-export",1],"86":["font/MyriadPB_Title_Gold-export",1],"88":["animations/lose/lose2",5,1],"89":["sprites/bgVip",5,1],"91":["sprites/bkg_black",5,1],"92":["animations/BoDacBiet/skeleton",5,1],"93":["font/fontTIen/font_tien-export",5,1],"95":["sprites/icon_chips",5,1],"96":["animations/chaybai/skeleton",5,1],"97":["sprites/SpecialWinText/txt3DoiThong",5,1],"99":["sprites/pass",5,1],"100":["font/font_point-export",5,1],"101":["animations/chaybai/skeleton2",5,1],"102":["sprites/bt_menu",5,1],"103":["animations/winner/skeleton",5,1],"105":["Prefabs/PlayerViewTL",3],"108":["animations/lose/lose6",5,1],"109":["Prefabs/CardTL",3],"110":["font/RobotoB_bevel-export",5,1],"111":["sprites/bt_yellow",5,1],"116":["sprites/SpecialWinText/txt4DoiThong",5,1],"117":["animations/spine_chanbai/bomb",5,1],"118":["sprites/borderAvt",2],"119":["sprites/SpecialWinText/txt6Doi",5,1],"120":["animations/BoDacBiet/skeleton",6],"121":["sprites/btn_yellow",5,1],"122":["font/fontTIen/font_tien-export",7],"123":["animations/finish/finish",5,1],"125":["sprites/btn history",5,1],"127":["animations/lose/skeleton",6],"129":["font/lose_ex",5,1],"130":["animations/lose/lose3",5,1],"131":["animations/spine_den/skeleton",6],"134":["animations/spine_den/skeleton",5,1],"135":["animations/lose/lose7",5,1],"136":["animations/special-card/skeleton",5,1],"137":["sprites/table",5,1],"139":["sprites/SpecialWinText/txtTu3",5,1],"140":["sprites/point",5,1],"141":["font/MyriadPB_Title_Gold-export",5,1],"142":["sprites/time_bg",5,1],"143":["animations/lose/lose4",5,1],"144":["animations/lose/lose",6],"146":["font/font_point-export",7],"147":["font/win_ex",7],"148":["font/CountDown/font_countdown-export",5,1],"149":["animations/lose/skeleton",5,1],"151":["font/lose_ex",7],"152":["animations/finish/finish",6],"153":["font/RobotoB_bevel-export",7],"154":["sprites/SpecialWinText/txt4Xam",5,1],"155":["Card/cardAtlas",2],"156":["animations/startFinishGame/skeleton",5,1],"157":["animations/winner/skeleton3",5,1],"158":["sprites/btn_sort",5,1],"159":["sprites/btn_Red",5,1],"160":["sprites/ic_menu",5,1],"161":["font/win_ex",5,1],"162":["font/MyriadPB_Title_Gold-export",7],"163":["sprites/bt_red",5,1],"164":["sprites/btn_emoji",5,1],"165":["animations/winner/skeleton",6],"166":["sprites/bg",5,1],"167":["sprites/bt_reload",5,1],"168":["sprites/btn_close",5,1],"169":["font/CountDown/font_countdown-export",7],"170":["sprites/SpecialWinText/txt5DoiThong",5,1],"171":["animations/chaybai/skeleton",6],"172":["sprites/btn_blue",5,1],"174":["animations/WinLose/anim_frame_win",6],"175":["animations/winner/skeleton2",5,1],"176":["sprites/SpecialWinText/txtSanhRong",5,1],"178":["animations/lose/lose5",5,1],"179":["animations/lose/lose",5,1],"180":["animations/WinLose/anim_frame_win",5,1],"181":["sprites/bt_chat",5,1],"182":["sprites/texttable",5,1],"183":["animations/startFinishGame/skeleton",6],"184":["sprites/SpecialWinText/txtTuHeo",5,1],"185":["animations/spine_chanbai/bomb",6],"186":["animations/special-card/skeleton",6]},"types":["cc.AudioClip","cc.Texture2D","cc.SpriteAtlas","cc.Prefab","cc.Asset","cc.SpriteFrame","sp.SkeletonData","cc.BitmapFont"],"uuids":["00N+/rOpJIWa44eUvdLLul","04jDRzN1JHDbq2AS0MZcTp","05RNJR34pHl4LNT+RnAQr3","13KRS1h2NGLKKg1x7u7xXq","1aub87N4hLoLezJRte42DX","202KjaHcpEVKAp/MnuJmy3","242HTsi+ZKM7q+Wpr9e7kz","27RJVH6OBHeKWxySH3qbuK","293pfxaphA5bJ2JY00McE+","2a5oTmMIVHgboe4lIrWg58","33dWhJ4/dBqZiOSQnJD4AT","34Qo2MDSRONaQzBGlyZCgU","35YP3+EQhCrIdzQNVtEKuq","351xh7YXtEmrUxbzG7tqWj","37RJ2sTnNHhphZXSZ2Y5nt","37gYlINSlJDZdd+AExdtX5","3aU8RgVulBY6ijoueQ7RrT","41vULMXv1B3bjB62vVJ/Fw","51h13tFFpE6ZoDbDOm5qXl","58u6/sJ8JJG56X+C9gr4pF","59seK8AuhAmaV0Qjil8Mfr","65ldBcO9lJLZt6JhpVsAsn","660ekFMIVI/JTPUM7U1cWW","69QDTAYUdAJ4JUbDUc/5QO","6dh9pblo5EcoBTPZv0Ncmo","6d0m3CFlVEDZeAK7YsOFOi","6eCnHE3fVMPpXgrPPeDEnn","70NpjJ8WhLNZg0LX2P1ixY","71NZQlDd5EgK0I3vy4VbIZ","76bpTu7oNMI5lk3WHyeWF5","79TYYhJzBC65jXJp/gNlNE","7bf+3SpXtHN6Vl48xm7avC","7cRxZ1c51JerTNF5V0Qta4","80e4+IEFdMuKHEzsWj9zOP","85thwpmsxHh7Bt/lpsAv5m","88Og4c6wRNNoaIMzK5JRUM","88lCFBxwBBsZDbNl0UOJWG","8b5ynux6RFK6UyYv8jIwOX","908c5KGvpBwZj43r89qD35","94Ur5FNydEdo7DPbDzeheR","97SD09icVHN5WKEqSRpHsQ","97hnLmaHdPUJ6iKTzC0Qhz","a0ILLwUS5JCJdfvHbQze+b","a6izRiwddAMo4SYIlLdRGN","a7A2U35rZCuavXKjDLE3nV","a8S9BelnRMhIUSbFd8kCdT","a80n0/qRxNlYA7ecBIaWvE","aaG4fXg5VHzoaAt+zMCMX5","adGrgehchIUK/JnZXJK0tL","b0cUP2LwZH9o5MFBj9cU/I","b1dEyzuwlE44h1okgKioLB","b2vqr1pB9KXqTtS1WiiTIg","b3f2xaGw9OiroayD84hVgS","b4zeisDqhA+4VLJKT2NNS7","b8f0XpCrFKJaIFZymyEeAK","bbRrkDCBpCKYd2UPU6qRkl","bfQ8PbcW5DA79hBKl1P8Mz","c4gObBo/9P6KrBhslOz8ml","c5yQpXdEhKpL2hYBaKnloW","c6halMMbNFTYBZS51Jwd26","cafo6EwxRGKId9dqXWYg49","cbJT7btrNEPKdSlmBh54Ex","cdsbfCrspJq43xtoREC2dX","cfyJRHTuNN/6jbOdLI7521","d25r4hmpxB4Ief0WF7BmiR","d7wuXCiU9AmZSbxE0/GD4x","d9k94k8y1Ctr5OOl+6K3TN","dexPy0qbJE9qiuM2PkleAK","e46nsRQwpO9KkUfqhz/4EH","e5kI7l+C1HKoUSiu9u8KNs","e5mxtlkxhMlbib3bT/xO7V","e6rLFhz0dLvovYK1POmFgQ","eadVE3ubBOsbiDBe5awNED","edVFvmyj5OXr9iHoLzN93A","eeH2C7cSRM452sFxWNESY6","efzhaS0z5J8KIUVZRQujL1","ef3dRX9n5NVqZGFoTNjL33","f1jDymYQlF+L2fIVDTbkkT","f1xJG2qbxMCa21OVLGuhyb","f3ihVVMb5N3owYks9BIJk6","f4VBTQqRZM56IcXLUIwQz0","f7/jS0jNtBG77VQvBHVB4x","faBIzfmGdC16KoLuVtosiG","fbXBtpnetCTKOZfM8VkICu","feCjh+hulJRpSX9kTgQtFQ","feDJ7SBsBM2YO83krrtLPh","ffVFMg0YNO35P5jggfUa94","01pxfFPy1HfaPKJC0l/j+3","02uWqZ/zFANZ5A6gSrTz/l","04megsLklEwKS0AKZ24SbH","07rEjz4HpJ5ppK1MSjBZoZ","09e/0w8RNFA6+F+JN2M0SQ","0bfFE2S3ZJj5tqj9MZU31p","0bvFz9I3JBJ7oIrVNegvvq","0dbh+e4hlAp6tPkDaL2GPL","0eqeXngDZM7aFLD5DPczPr","11QJqhbw1Pd5GJ7lkXy0Wl","11/P0qZOZCPKkKT+HG3q30","12nEJuj/ZPbaeAxlEoxh36","16aD4I/DpERZPJf9eRl4MZ","1byhmTvetKkqByS84CAmM5","1dFAFYB9hIsJBHjfjQzNky","22R8y2SttEtrJ7afbmxtRh","24k7qwocJCwb1X4pafqj6J","2875ZbVDtH7LzGCwW3SUQv","2917cw63RLqpMgpzv0aYp6","2axrYyyBpHbLkbRipNjleW","2bYQ21zDpAipdtPkKcIz1Q","2bt63qUfdJraDLsvzttBau","2fi2HP/ihBf56/yAWLIUDA","2fu48zQChOc7NjREEwQDcW","30jVWqauBCi56fyMxHy9pS","33GUrmc0pOQqEm6HvO4CNI","34hVVmmdZH0aJLSG2dXJRG","37qsyYZLFLwpvskCQiCJ5k","38KNzWWP9PoL1lsmbHR+62","3bHBOxjcVMW7MvJebjV4Qh","3blw7DmUhHppkFYcDuLma/","3bnpRm3AhBgoALbVJZOsRC","3eT2oGeTZAG42qx75lrZk6","43CHI1hUFCMYQcABg5/1cX","43+iUNc2FOs7Lc8B3tw0Fq","44DAppFN5LnaeREJ3A2fE7","45evMG8GFNhqe0Lhi2dFdv","45gRA1BtFDG6XluJw2HopU","47iFyIt5dGsqojxm4Fh0OB","48UvIdtFdHuq3E+JELddpP","4aUiI7ibdAGKFBl6WiuaxO","4e0kncp5NK27B7FQq+ZSD7","52pBcgEZ9F6KYyJn75b94Q","55mgVYe0FJ7p2rOb1pQ8+B","57QF+ytrFFGbUoFM9OggSH","5bTqVKondMN5I9YQ/WB/Yj","61iTCdRjFLK5wVMT71JptL","66VqU+2ExKO6k3U6pHetwT","72R0XemV5LjrFnDkcycANd","72wTWckSZC3Zz0nl17bMA2","76Fmn5AFdEU5dqGNMx1Vsr","7cqJWDVlhNv7+cbKCTS0q8","7fAgTfX8pAqrkULgOKcuMp","8c4wPqhLhJhKnhzVhNSn+x","8fOAzpn6NMvJIs4nTLUp88","966X1zg+JNCYhz6ZqUdXSM","a1KkW9f9FHbZIk/iiN2JI2","a2a4bvz6ZDjJeWOegBrj7H","a2qzemr4VLwa/yOnqHj6G2","a4FNwg5+1B6YFgwigfsLdc","a5AchbGDRAwq9XnS2f1d8M","abYyPB4O9I9Y9npSargX9X","aeOsiAiYpEjL3Qre6lknGY","b4euyNUyZDMofHKBd1mO+y","b4+E7WERdD3qSBnbWP5PAW","bb7ghUbNxGUIQnXwPoZndS","bcD19xJqxJAYucQU+lqOHm","bdlypcT35DN4E/29ygGbKu","c4JBfRa9RNnae8Nqkq0dwX","c6YX4ZeUpBuIlVil9HbB86","c7Ag1w2wtEAalH+xvKYM+y","cbnVipEc5BOKB9jTJSUeSF","cb48bgofhH1bfVxSomXiOF","ccIRyPkVZBoLw+LPv7izjb","cdQlghq3NHe66S2j9ccr1J","d16yuyzI9HKIfQhpeyPaUj","d4LH0uQzBEq7gPnULvadXY","d4Q4F5j1RM9oQ6Om5wW6ww","dbsVeJHyZLNrfNYFfZBQAA","dcLiiFRKZCtaRHn6aBOB5e","ddWGeu7lNBpq3TwKmybVIj","e0QCnvTRdFYYIXMnC2fp6s","e2iJapMi9D3p+1CVxlUipp","e54INWkKxKeaGEwaEjoOtq","e58scrzddMLIdDU6s4K4M7","e6y6Ij1fxPoo24snhaQjJh","e8JWyt3r5DBZMbnZ/jxHvF","eaDGX2flxMDq4I/7nYx6kn","eagQEn1phJ55C92c7RRfkX","ecm7XMoKtHio4KGT8a2jMe","f1zyd4z6lEDrOx8sTe/yRX","f3LYRtQcxO5Is4upGo135G","f5C5/fjC9BUKnzu+kDF88Q","f8W5BNWAlKbam4O7f5740e","f85tCAtZ9AuZiAHNrOxC6e","fa6YBBEYJOpatGIN/OhfzF","fdHCrsfhdNaYCmi0FhzjuM","fdKGyFkY5BPINpApolBRDD","fdzUp4k5RMXIjIAg2QYA/V","fekK0D/KVGnoqE4WPguR6b","fftxStpOtMF7+i2EdXMic7","01tRdddGxANo4K91GFK497","02XvP7t95MbZifdAD4JrJw","04enuya0lFEIEMvXp+VHII","05TIw6pSpGZJdUtUrxaAg0","06JjI0oMpFrYC9dT2nssbK","0631MGZEdIHJWogOA55BCh","0bOuheqzVAGICynv44o1Kl","0eg8dajqFOgZGq9sqbEcMy","1aPRHFiIxC/IK11o2GBB4/","1a1N0usz5KMIYdwtR6FCjf","1bxo67kQNNs5ieL1MdT2Lu","1diPYTXPxPSa7jBhgY7vQk","1eNI9HAa9N5ori50pjUJRV","27QfTceRxP/aRy4VAWM0bZ","29EFYjtKVD3orVrNTRCw2v","29FYIk+N1GYaeWH/q1NxQO","29WFatR+ZLRqytmh0npRZe","2b2r8ioMNHYLl3Y9ShWdyX","2cwUc/jGBAXIyhVNbEq6Y4","2c3q3yqtVDc6lwZc10qUgB","2dFtPzCKpAtq+LlNrXRJLt","2fwi2j+3pCLZPnulFUoE4x","38pPAnHc1CvIEtUyxpy/Vw","39srL0txVPrLis9HQB+tTT","3cSH/P+7xNwqBG4zPkEyet","3fSFQJw1xL3K5Z2jBVFOwi","40kqY3XshHr6rAUAiYTTmd","42XT95bJhC26V1eUt6xcrL","445HBUyNVIqbOVYXJN5PmJ","4eph40k7dNLYahKOUTLmzl","505s0m53pDQIOyQRrEw7tf","52a2y+bGNIfblIg7VFFre3","521hq6BMlPYqiSWV63+wej","536PD8wURMWLHjoXgYER6F","55XMogBpJO7rzSeuGeMKWs","56qFIQMNhIq6ZTt4zIuN0P","57aBbMPSJLmrnO0efiUAqS","58dL8voQRIjIehpWWl5mGL","5axAftzb5P5oqjf/pOqrD5","5bCNhFpDZByq02I1WWc7Pm","5dsCAusGdJE7BCJMro9uGq","5d3zSbyR9EAbq1xogkCrAR","5ekXqOtjlBSr7gnxzE9vwT","5ewttlIMNJ9YI6ZVglJntL","5fIuZDC8dKuaudPsb75Ch1","64H/RZ1stDY7wlpa+G/jxx","68DHIoafxFN6/mngLby7mn","68foSbLaZLvpaH/xN9j+Rd","694godzvNLHbf5JVMji9S8","6a54SuQCpBGYv9z+V8gF2J","6bHPejRvpN+KqN4bqcJVaF","6ch72M965LALtXu8tmA+57","6eEisJVzJJCbc09LMnW9t+","71ZbdOBV9LBZZyRUgcxtaN","72+inff/JJmZ62XEULFMO2","73+s/pCI9BValXpnjX+gms","74PsA/tKJDwYqzilh0olfz","774hZgQ6lJWJkeb4Uui0S+","78NgkwMiRDEKOm1Vm6kiTw","79WEOSV8xOsIBUWtt16O0e","7a/QZLET9IDreTiBfRn2PD","7cN4+DB35B75yrPV+2sWYk","80oxq95MJOirjNKUMJKoGK","82Hv3S8ZpFE7M/Owzi9CqJ","82h7j05w5Eu42vLgIhErc8","85Xkf2t21InJ8nZbdVzx5s","86vSdFD6dFsr5S9jQbUk9+","87dOd3HSdNbroXCGJfzSwi","88pqOoGuZNzrSWQ2vSOJ04","8cF4Mh4dNOS7ewzrYOAKmK","8dj7eNkvRBzITNQeQZa8jz","90AMUWjA5MnoYXgIrKjxUU","90l92CT1tIBo1KgC7jq/u6","97peFZzL1NrpnKWCjN52p9","98+xNu0PpHIo1Ckegl7Gbm","99Q59mokNJdqB7qpaNnFDi","9bwcX+GntI1ZChEeag4yHn","9eSiFe0I1E/JyYxzdcFqwf","a0Mhp4BNBPR5WEUMcu2B/i","a0OePw9SBPYKZNSwgR+ydy","a2lHi9n0FMg7PE0RwRVi/u","a4hzqV/apDSoOCF1CnOl1m","a4rhy6s2lMY5VBcTQQf4Jz","a4xRHz8f9BaKpdNcjVjJfF","a405Bi3d1LFKbbGCGEnIDX","a6wlR0sGdDJIBo0OBjcGic","a7vcmM0M9KsZE+o5fi2G4h","a9zCCIU+pA8J1RisEIXQnX","abLv7MJTxPOrEeY+h6nI0j","afBLJFLGNMy6HjX+wmmJvr","aftCjcnaRMXobeiQiSPku7","b1c7mTfLJLa5n21JJAD4VX","b4haK4zQtMkpNdFU2TdbzW","b78K85QFFNwbYeMP0ttfpp","b80rVlPGhEYLPJtTgwSb/U","baEoOWDAZO1bZDD82pZJgr","bb8T31WuxCUawkdHVrkV6E","c3QkWBuZdOCr11iduo8JPK","c3fpn38udPjYOl4PgNLkbc","c6Xv6I+oNO4ZEWhiO8a3hr","cdqz1wf09HCL6EOLiyQb7B","d3prK4tpZGw5tPavxHK50I","d41Uv6575E3YgJpPUDl9x3","d50keuuCNAQZP4W8DWD995","d8UEmmuC1JBIvf3QFEqEQA","d9Pln8NL9AIKaEgbYtCmS1","dby0+M+LpFFaTA1MW5KKFs","ddpWibh1BHLpUbaXLyqQar","dd7Q3M/OZHbYJZYiUQWW1J","deuYXG5x1PT6dYYAhpWjDh","df6OC9eRFIYYSs9FVaqFny","e5FpGEyO1GrqRgMfeSJTWR","e6FqfuL/JLFLZTnLhKhD7J","e6htXS7MlNgZPLAeDGtWBT","e8GkFw/QBCkYi0HOp6Qb1K","e97GVMl6JHh5Ml5qEDdSGa","e9/rQs28RFt7p0qvceIOxO","ebpTu1IkVN8aIB2vAmbwCP","ecpdLyjvZBwrvm+cedCcQy","f0BIwQ8D5Ml7nTNQbh1YlS","f0V9JBWg5A+Kv//U+fx+vh","f0YzvQVBNNhoeiHJMhpRrt","f5iGeUeMBBp5CnTt0zRNRi","f5rTSTBE9JT5hkCHjBt9ES","fbd02Tib9PIKrZb4rPE1T9","fdFOEKs1hBAJwT5zYjszRg","fdV/kuMR1HqI7Ega92ki1O"],"scenes":{"db://assets/Bundle/TienLen/TienLen.fire":114},"redirect":[203,0,226,0,248,1,292,0,303,0,306,1,307,0],"deps":["resources","internal"],"packs":{"01dbab746":[210,118,222,235,297,300],"026121112":[1,91,99,4,104,14,114,119,17,137,29,139,33,35,36,140,142,44,51,154,56,57,159,164,65,166,167,67,170,172,176,76,184,84],"02c7171f5":[93,122],"03407eb64":[100,146],"03884cd51":[148,169],"05d253996":[188,189,191,192,193,195,196,198,207,109,212,213,216,219,220,223,225,227,229,230,241,242,246,250,251,252,253,254,257,259,260,271,275,276,277,280,284,286,290,296,298,302,305,313],"06f39c812":[190,194,197,199,200,201,202,204,205,206,209,211,214,224,228,231,232,234,236,237,238,239,240,244,245,247,255,258,261,262,263,264,265,266,269,270,272,274,278,279,281,282,283,155,287,288,289,291,295,299,304,308,309,311,312,314],"070a1ffca":[141,162],"07514b093":[110,153],"08cbf1568":[147,161],"0ab3066a8":[95,105,208,215,217,218,221,233,243,249,256,267,268,273,285,293,294,301,310],"0ad0bc356":[87,2,90,94,98,7,8,106,9,107,112,10,113,12,13,115,16,124,126,128,18,19,20,132,133,21,22,23,24,25,26,28,31,32,138,34,38,39,40,41,42,145,45,46,47,48,49,52,150,53,54,55,58,59,60,61,62,63,64,66,68,69,71,173,72,73,74,75,77,78,177,79,80,81,82,83,85,86,187],"0f2fec1d4":[129,151]},"name":"50","importBase":"import","nativeBase":"native","debug":false,"isZip":false,"encrypted":false,"versions":{"import":[0,"08689","01dbab746","93ec8","026121112","9865f",88,"35201","02c7171f5","2ca33","03407eb64","d4b1a","03884cd51","cdb5e",89,"39226","05d253996","2fd51","06f39c812","12fda","070a1ffca","4cf4d","07514b093","074d8","08cbf1568","3e7f8","0ab3066a8","6d3d5","0ad0bc356","35ab9",92,"e20b5","0f2fec1d4","39fb7",96,"b440e",97,"de419",3,"08689",101,"0169c",5,"b0b39",102,"1ba27",103,"9e43b",6,"08689",108,"985e9",111,"f2e38",11,"fb4a8",15,"08689",116,"509d4",117,"756bc",120,"28137",121,"4b45f",123,"ff1ed",125,"26679",127,"3a8b6",130,"05e6f",131,"71d26",134,"46624",27,"08689",135,"4c747",136,"caceb",30,"e154b",37,"781e0",143,"f7dec",144,"b1e70",43,"08689",149,"13fe8",50,"98be5",152,"19e74",156,"d74ac",157,"af505",158,"75d9b",160,"82901",163,"2c37a",165,"6f0dd",168,"98960",70,"08689",171,"75f08",174,"7ce4e",175,"086c6",178,"58e3c",179,"4a319",180,"99238",181,"7f159",182,"78bb8",183,"8483a",185,"8ac70",186,"f1c79"],"native":[0,"dc1a9",87,"d4aa1",1,"9eb37",2,"663e0",90,"4c6d1",94,"39a0c",98,"8eee1",3,"beb8f",4,"4d5f7",5,"4489f",6,"e5d67",7,"b8882",104,"65e1a",8,"5b9e3",106,"6f964",9,"a4a8b",107,"4f8fe",112,"1c42d",10,"62767",11,"83ca2",113,"1e6b9",12,"63f03",13,"fefe6",14,"690dd",15,"e9874",115,"52552",16,"571dd",17,"5391c",124,"5348f",126,"47118",128,"371a4",18,"58c8e",19,"9581e",20,"5b648",132,"49c4e",133,"b4667",21,"1b5dd",22,"57ccf",23,"d10bc",24,"190a8",25,"a91ee",26,"0cd10",27,"ab106",28,"3aa57",29,"5e30f",30,"7605f",31,"771ac",32,"e51c3",138,"bc2c7",33,"37f31",34,"86279",35,"c5ee4",36,"79de3",37,"b7602",38,"c5f5b",39,"ce458",40,"c07d4",41,"3804b",42,"15f3c",145,"7b735",43,"949ad",44,"94db6",45,"ce101",46,"e4024",47,"31b5a",48,"0bf3e",49,"631dc",50,"eebdc",51,"0fce6",52,"cdd09",150,"5cb85",53,"a1db4",54,"b8edd",55,"ed4cc",56,"d08f1",57,"0864c",58,"aaf59",59,"a8754",60,"2ee14",61,"b1f8c",62,"f15bd",63,"41e92",64,"a7845",65,"9d21f",66,"4f54f",67,"6a65a",68,"67025",69,"23918",70,"75239",71,"f0a9a",173,"904d7",72,"32c08",73,"0cc01",74,"21d0b",75,"433da",76,"de758",77,"42c7f",78,"0107f",177,"7d5b6",79,"cad01",80,"4f9ac",81,"e7a12",82,"c7d94",83,"90aed",84,"1670f",85,"c556b",86,"e3665",187,"429c3"]}}