{"paths":{"0":["Audios/prizeSmallwin",3],"1":["Audios/fsGetMultiSpawn",3],"2":["Atlats/Alats37",2],"3":["Atlats/Alats66",2],"4":["Atlats/Alats4",2],"5":["Audios/list_item_click",3],"6":["Atlats/Alats7",2],"7":["Audios/fsGetFreespinReach",3],"8":["Audios/fsSpin",3],"9":["Atlats/Alats57",2],"10":["Images/8c937d3e-9f3c-46ee-8bda-a310a8cd2364",2],"11":["Atlats/Alats17",2],"12":["Atlats/Alats27",2],"13":["Spines/s_fspins_atlas_specials",7],"14":["Atlats/Alats21",2],"15":["Spines/l_a_atlas_symbols",7],"16":["Audios/uiStart",3],"17":["Audios/spinBtn",3],"18":["Images/rule/03",2],"19":["Audios/reelExpand2",3],"20":["Audios/bgmBigwinEnd",3],"21":["Atlats/Alats67",2],"22":["Atlats/Alats68",2],"23":["Images/5c241efd-7009-43c8-a55c-00a2481ba3a7",2],"24":["Audios/reelExpand1",3],"25":["Audios/bgmTotalwinEnd",3],"26":["Atlats/Alats30",2],"27":["Images/383d0515-610e-470d-bbee-b075674adabf",2],"28":["Atlats/Alats43",2],"29":["Atlats/Alats13",2],"30":["Atlats/Alats11",2],"31":["Atlats/Alats15",2],"32":["Audios/spinStopQuick",3],"33":["Audios/fastspin",3],"34":["Atlats/Alats36",2],"35":["Spines/s_wild_b_atlas_specials",7],"36":["Atlats/Alats22",2],"37":["Spines/h_jack_atlas_symbols",7],"38":["Atlats/Alats53",2],"39":["Audios/spinStop1",3],"40":["Atlats/Alats33",2],"41":["Audios/symScatter",3],"42":["Atlats/Alats41",2],"43":["Atlats/Alats29",2],"44":["Audios/spinActiveLoop",3],"45":["Audios/fsWonRemainingIncrease",3],"46":["Atlats/Alats42",2],"47":["Audios/prizeMedwinMain",3],"48":["Atlats/Alats28",2],"49":["Spines/l_10_atlas_symbols",7],"50":["Spines/l_k_atlas_symbols",7],"51":["Images/44629407-397c-46e5-a461-c282d210c820",2],"52":["Audios/reelStop",3],"53":["Audios/multiplierFly",3],"54":["Atlats/Alats32",2],"55":["Images/5b80401d-b39b-4923-bd7b-f53951ad603d",2],"56":["Audios/uiInfo",3],"57":["Audios/featureBuyStart",3],"58":["Spines/specials",2],"59":["Atlats/Alats34",2],"60":["Audios/scatterWinHighlight",3],"61":["Images/rule/04",2],"62":["Audios/prizeInfobarTotalwin",3],"63":["Audios/reelSlower",3],"64":["Atlats/Alats26",2],"65":["Audios/slider_effect",3],"66":["Atlats/Alats16",2],"67":["Audios/reelReset",3],"68":["Atlats/Alats20",2],"69":["Atlats/Alats60",2],"70":["Images/166c454e-d50d-48e5-856a-70f5459b9311",2],"71":["Images/0b5ab3b3-7bac-437d-b141-68007f8ec546",2],"72":["Atlats/Alats72",2],"73":["Audios/spinStop3",3],"74":["Atlats/Alats3",2],"75":["Atlats/Alats14",2],"76":["Images/a3937d4e-a3bb-419a-8aa9-9913cf72ab2f",2],"77":["Atlats/Alats45",2],"78":["Atlats/Alats61",2],"79":["Images/c32040b6-852d-47ad-8de8-c65decbe5328",2],"80":["Atlats/Alats24",2],"81":["Atlats/Alats51",2],"82":["Audios/spinStop2",3],"83":["Audios/fsGetFreespinSpawn",3],"84":["Atlats/Alats65",2],"85":["Atlats/Alats12",2],"86":["Atlats/Alats64",2],"87":["Audios/fsWonTitle",3],"88":["Audios/prizeWinHighlight",3],"89":["Images/9bc4bcf2-7ce5-4924-b861-008d3f1870a5",2],"90":["Atlats/Alats52",2],"91":["Atlats/Alats56",2],"92":["Audios/bgm_mg",3],"93":["Atlats/Alats55",2],"94":["Atlats/Alats63",2],"95":["Spines/l_9_atlas_symbols",7],"96":["Atlats/Alats5",2],"97":["Images/BkgFS",2],"98":["Atlats/Alats6",2],"99":["Audios/fsTrans",3],"100":["Spines/s_wild_a_atlas_specials",7],"101":["Spines/symbols",2],"102":["Images/d1015fea-75a3-4c3c-a646-62ed46499e86",2],"103":["Atlats/Alats10",2],"104":["Audios/featureBuyCancel",3],"105":["Spines/h_sball_atlas_symbols",7],"106":["Spines/l_j_atlas_symbols",7],"107":["Audios/featureBuyBtn",3],"108":["Atlats/Alats69",2],"109":["Atlats/Alats39",2],"110":["Audios/multiplierUp",3],"111":["Images/cd9a5343-d26d-47a0-9c8e-ce1e61736498",2],"112":["Images/launch",2],"113":["Audios/bgmTotalwinMain",3],"114":["Images/43984316-7b8f-45e5-9fe4-a5f28790108a",2],"115":["Atlats/Alats47",2],"116":["Atlats/Alats62",2],"117":["Audios/fsGetMultiFly",3],"118":["Audios/bgmBigwinMain",3],"119":["Images/38f57c43-4ba9-4e30-9b0d-2c8102f174a6",2],"120":["Spines/symbols2",2],"121":["Audios/featureBuyHover",3],"122":["Atlats/Alats9",2],"123":["Audios/fsGetMultiReach",3],"124":["Audios/multiplierUpCombo",3],"125":["Atlats/Alats46",2],"126":["Spines/l_q_atlas_symbols",7],"127":["Images/rule/01",2],"128":["Audios/fsGetFreespinFly",3],"129":["Atlats/Alats44",2],"130":["Audios/wallet_counting_above",3],"131":["Spines/h_owl_atlas_symbols",7],"132":["Images/rule/02",2],"133":["Atlats/Alats48",2],"134":["Audios/menu_icon_press",3],"135":["Atlats/Alats35",2],"136":["Atlats/Alats54",2],"137":["Audios/uiCollect",3],"138":["Atlats/Alats18",2],"139":["Audios/prizeMedwinEnd",3],"140":["Audios/bgm_fs",3],"141":["Audios/symWild",3],"142":["Spines/h_staff_atlas_symbols",7],"143":["Images/4e3901e1-9eee-49d2-a0ad-3f8139ddaffa",2],"144":["Spines/h_sball_atlas_symbols",6],"145":["Atlats/Alats54",1],"146":["Animations/bw_vfx_f_00",0],"147":["Atlats/Alats30",1],"148":["Spines/symbols",5,1],"149":["Atlats/Alats4",1],"150":["Spines/h_jack_atlas_symbols",6],"151":["Animations/fs_vfx_f",0],"152":["Animations/bw_vfx_d",0],"153":["Spines/s_wild_a_atlas_specials",6],"154":["Atlats/Alats64",1],"155":["Atlats/Alats68",1],"156":["Spines/specials",5,1],"157":["Animations/wh_vfx_d_02",0],"158":["Images/cd9a5343-d26d-47a0-9c8e-ce1e61736498",5,1],"159":["Spines/h_owl_atlas_symbols",6],"160":["Atlats/Alats36",1],"161":["Atlats/Alats46",1],"162":["Atlats/Alats66",1],"163":["Images/0b5ab3b3-7bac-437d-b141-68007f8ec546",5,1],"164":["Images/43984316-7b8f-45e5-9fe4-a5f28790108a",5,1],"165":["Images/8c937d3e-9f3c-46ee-8bda-a310a8cd2364",5,1],"166":["Images/rule/02",5,1],"167":["Atlats/Alats12",1],"168":["Animations/reel_vfx_c_00",0],"169":["Images/c32040b6-852d-47ad-8de8-c65decbe5328",5,1],"170":["Atlats/Alats7",1],"171":["Animations/ibShowMoney",0],"172":["Animations/tw",0],"173":["Images/rule/03",5,1],"174":["Atlats/Alats39",1],"175":["Animations/SuperWin",0],"176":["Frefabs/LichSu",4],"177":["Atlats/Alats26",1],"178":["Spines/s_wild_b_atlas_specials",6],"179":["Animations/showBoderSmallItem",0],"180":["Images/d1015fea-75a3-4c3c-a646-62ed46499e86",5,1],"181":["Atlats/Alats45",1],"182":["Animations/reel_vfx_b_00",0],"183":["Atlats/Alats17",1],"184":["Atlats/Alats57",1],"185":["Images/166c454e-d50d-48e5-856a-70f5459b9311",5,1],"186":["Spines/l_k_atlas_symbols",6],"187":["Images/5c241efd-7009-43c8-a55c-00a2481ba3a7",5,1],"188":["Atlats/Alats34",1],"189":["Images/BkgFS",5,1],"190":["Spines/l_a_atlas_symbols",6],"191":["Images/launch",5,1],"192":["Spines/l_q_atlas_symbols",6],"193":["Atlats/Alats60",1],"194":["Animations/ib_vfx_g",0],"195":["Atlats/Alats63",1],"196":["Atlats/Alats42",1],"197":["Atlats/Alats24",1],"198":["Animations/BigWin",0],"199":["Animations/wh_vfx_b",0],"200":["Images/38f57c43-4ba9-4e30-9b0d-2c8102f174a6",5,1],"201":["Atlats/Alats28",1],"202":["Frefabs/EndFreeSpin",4],"203":["Atlats/Alats29",1],"204":["Atlats/Alats20",1],"205":["Atlats/Alats5",1],"206":["Animations/winItemBang",0],"207":["Atlats/Alats3",1],"208":["Animations/showBigWild",0],"209":["Atlats/Alats55",1],"210":["Atlats/Alats18",1],"211":["Atlats/Alats51",1],"212":["Atlats/Alats14",1],"213":["Animations/sb_vfx_b_00",0],"214":["Atlats/Alats65",1],"215":["Atlats/Alats11",1],"216":["Atlats/Alats9",1],"217":["Animations/lightWinMulti",0],"218":["Atlats/Alats22",1],"219":["Images/rule/01",5,1],"220":["Animations/wh_vfx_e",0],"221":["Atlats/Alats6",1],"222":["Atlats/Alats61",1],"223":["Atlats/Alats41",1],"224":["Atlats/Alats62",1],"225":["Atlats/Alats10",1],"226":["Images/5b80401d-b39b-4923-bd7b-f53951ad603d",5,1],"227":["Spines/l_j_atlas_symbols",6],"228":["Atlats/Alats52",1],"230":["Animations/ib_vfx_b_loop_00",0],"231":["Atlats/Alats16",1],"232":["Animations/tuyetroi",0],"233":["Frefabs/CachChoi",4],"234":["Atlats/Alats13",1],"235":["Animations/fs_vfx_g_00",0],"236":["Atlats/bl_vfx_a",0],"238":["Spines/l_10_atlas_symbols",6],"239":["Atlats/Alats15",1],"240":["Atlats/Alats33",1],"241":["Atlats/Alats48",1],"242":["Images/383d0515-610e-470d-bbee-b075674adabf",5,1],"243":["Animations/MegaWin",0],"244":["Atlats/Alats56",1],"245":["Images/rule/04",5,1],"246":["Images/9bc4bcf2-7ce5-4924-b861-008d3f1870a5",5,1],"247":["Images/44629407-397c-46e5-a461-c282d210c820",5,1],"248":["Images/a3937d4e-a3bb-419a-8aa9-9913cf72ab2f",5,1],"249":["Animations/ib_vfx_d_00",0],"250":["Atlats/Alats44",1],"251":["Atlats/Alats43",1],"252":["Animations/wh_vfx_c",0],"253":["Animations/showFreeSpinbg",0],"254":["Atlats/Alats72",1],"255":["Atlats/Alats53",1],"256":["Spines/l_9_atlas_symbols",6],"257":["Spines/symbols2",5,1],"258":["Atlats/Alats67",1],"259":["Spines/s_fspins_atlas_specials",6],"260":["Spines/h_staff_atlas_symbols",6],"261":["Atlats/Alats47",1],"262":["Frefabs/StartFreeSpin",4],"263":["Animations/scater_vfx_b",0],"264":["Animations/fs_vfx_b",0],"265":["Animations/showWinItem",0],"266":["Atlats/Alats21",1],"267":["Atlats/Alats35",1],"268":["Atlats/Alats37",1],"269":["Animations/fs_vfx_a_00",0],"270":["Atlats/Alats32",1],"271":["Animations/logo",0],"272":["Atlats/Alats69",1],"273":["Animations/fs_vfx_c",0],"275":["Images/4e3901e1-9eee-49d2-a0ad-3f8139ddaffa",5,1],"276":["Animations/freespinActive",0],"277":["Animations/scater_vfx_a",0],"278":["Atlats/Alats27",1]},"types":["cc.AnimationClip","cc.SpriteAtlas","cc.Texture2D","cc.AudioClip","cc.Prefab","cc.SpriteFrame","sp.SkeletonData","cc.Asset"],"uuids":["03/PxAm8NLFKIlkFO5wiHt","04ux+wEHNJFZabgb4OacWI","04y5QB7hlF7p+KIPbSDtvK","05IVsaaYRL1qdMznFUDC9t","05RO03qQFK0ruTJnEWkdc+","06qKLYiBFHlLzvxjTPQvtB","0aDkkFPNNGvrA6OG7fywMH","0aLhfbvr9LepAsNla/H8EM","0eEzDxPfpELrMrzJBJEjcv","0fW62WwM9Dk54uTw2CRZco","10QVh9QOBEMY3ml4sBiCxs","13LdGa+nhE7qmqukWwzYoe","1b8vvp/5lDd6lHTqAKtJoM","1cgnh3NvhAhIreRlVxOflf","24CIpnQ7NJI5GvdrUZxoro","25GtHHjblBk78CLSehy7N2","29YzYoTgxF47GWXyzgmIQ2","2bPeNDRIBFXIxR66ChgbBf","2dhuANYNBOb60BRJsXGSND","2ealUYXHFI/L3AjYxi4Q+w","31FM0grMpNDawwvBmGeSj7","31cYu29Q1Gf7D9xvm7pndD","34Kgp1sFJHfKDyo6sgQFB5","35rauJ+bZOUJFF/lfRkcQF","36dqaAW1ZIDYK9Tth3S91o","36j4El3qNPfa5JmXNd5yRZ","38JxMpGgtBZI2lQ0Wj3GSS","3eLxULbWZCCa8yGGMp3Pae","40YYMaaNVBcp/HBMzDEOqL","41nOW4zdxLDIyhGo8Yg/e/","422et9zpNPcKSyC4J+Dd7K","437FjlMolK9KGuPLeqjRu4","437wIimfpJdLv3B/TyhRs0","457zTxYC5AoZP9cBxTvdHO","47XQJZuadAEJfhw9rjUYnu","4bB85fqhVMS4/zSykEOkZ8","4begKdNV5FFZtTZvZ9f+Gw","4cpBFfR0ZMEIDKPkKi63e5","4da5/YHOBM84kthAjtEgDf","53Zv9NC+pOsYP8Sgclqtwq","55INRkG3lO6ou7jmb40VdB","56UmMzsUhPj6oR53gnsI69","58fHtg8EZLF4PFDDMs7KMD","594T6YXD9LDLysK/QDV8Ud","5chFgyl2NNybyVZJ3m3E5p","5ci6IL5+dAPrjky8lsFfhv","5dqB+yj2dOh6TyH5Z9Ld3p","5efLkvq6FI06f3S0Vk/hx1","61fwn1E2FHVKso6voEGnX5","62bvLBsPRHIIu6IvWQBZ44","65ncQXXMZHeIAgY8sJy4T5","66iYUhlupBEaGsr2mUNDBU","66y3wyW2lC5LTnZWITA2Fk","67akZY9m9NXadgH1QnplQW","69CvX8ylxK0qMKxtgUGjOt","69kLdamYJCdplbSDm0m32P","69kL4bDl9C1pzfPY6wh7l2","6b+7/wco5BqLEH3zGDJN/+","71E+qbGuNFq4EYzmYWY06t","71FFvjRIZNY5ZAKTorzFEk","73lxNYm81E/4152PIAQ6yR","74v4ttRD5ATZ9bVIqrZhYS","77fqnNHbZH8405gFwAb3i0","79nRLsfXhEfK5AWjCkCQsv","7bXFG1uzFCZIFraxkEAJki","7b0S6cME5PY7uFTZQ3N6Ng","7ct+6nWqFPeIGdG8bHvt2N","83AwIKDjVKsIOJf/hBG/yW","85nPogfdBLxplONAp3qeie","87rrIvQcNP9IUfRq+hqmSC","878T6z56VLxp2yAJAdNdBx","87/zs6lSFP3a8kl6zzH4KW","8apjquZcZO77/abt9VLBSx","8bFGuDoGhHi5jO4rQPiedx","8cRXge6UJMXLRr2f3PlrZm","8dIYZLL7VDMrCbAYSramk0","8dN7eDZQBPOoFwCFfxA0kr","8evy3lROhGObKEKcpTYzTK","90g0sDeJhBE7fB1ASLD2x4","94oOUvX3hOzJab5jRz9CAY","95mTwKV6BGxp3xaa9Rj4di","9aGJHmoyJMDa5uIcJq+v5/","9aXDecHRdMNrFNlqy27YvD","9by7sVntFMyYJb2KUgFEN1","9ehhhiatVG+Z2fMNuYmamr","9fP1G08hNApplQeRzCD2Tl","a0ass3yzNKxb6OHDXs0buh","a1zTR51e1Fxqz1hJ3zlLeu","a5J0Mxd45E2KpiBpsIRfso","a5T7I/50dG0JJJN2pB9zif","a5xBtETihCl7sd4kIuPmqL","a6a04y4BRK4osH8Lp0VaTq","a6xzpyCZ1Egrik3HsPuBR4","a8ECDWrJRNKYiytYJObdfl","abYV4E6lFFqr/oE9/mTlvX","afYdVCCwFAi7WovY4wisB4","aflM8zi7ZE64neHo0BcceX","b01bWEsLNGKK5GPqIOkxWz","b5uEJ3JLpBzb8BXqQgELsg","b8TRpGVqNL9pdXrpc9VgGe","b98NitVTdLgIGSmes2wbg4","bcqlVNay9PXKtUHfOzv2rA","beXB6tR+dNtoUaOuDC5YTz","beXNlj9yBFHL1okRGJXZvB","bfMmSk/pVJh7VJw+EVec9N","bfP3iBiRVFY6jAppuY8/2U","c0ArEJYQdDWpMTN4uaq13Y","c0p+6fLhJDsIQBolwBwX2n","c0+ErzmqdE3KtMC9wzcyU7","c13xqq+q1JYrhQgMF/naxo","c3PDSQhxxHF5HLhLtUoTEJ","c3y6fF5QxKp4fp2AAfRRws","c59F68CLlOuIXeNLTjmFrw","c9Djdp5M1OLLRdOFX5X0Zc","cbeR/RKQtALoIFvi4TI8Gr","ccBBeL7n5CHosCqcESYnQ3","cdDr72FGdAZqHS3jF0E+ur","cevY754mZPKrcsRJiyQ7FD","cfWZDbc5ZIg6htNZrD8jVJ","cfs8YQJ5lHFZKdpyRPTdHX","cful6L9QpP54batsPiiej8","d4rpzF3M9AbJJCLonnid/u","d7Gnht/r9MFZU1796n7Mf9","d8Rl8kZmxPwKEDu2yizRGk","d8XigbRnRCRZqWlcURQs+1","daondtUPxLJZdaEfDBW2oi","ddLDgIkmxDdJnbhDHYrYOF","denZBKL4VBer1zQao2WQdU","dfkWBoy0lCvIwzC1VeO4xK","e0Vv7Xj29ECah044O2iLjk","e4kR5dXINJCZMAt7TzqAwF","e4kp/SSUdB+5XbfH8Tsvwo","e8r2FX4olG+pomDaCjERuC","e9YF3hAjBDna1wnO5qIoJ3","e9po0w9KZOm7o7va+WUmUn","eabr5IVlFEtI/TsvsZygRf","edPUK7KlRKsoO7eko4wGFQ","f2u1TO0b1PfL6kJ6fPiS+Q","f7xL6TPTNHdrHpnDr0ESva","f9AxQRlD1BX7OFldaaHuWG","fboKMM1KBMyZrJDJKJocqB","fcUe41lmxBs6lztdxCz1W6","fcXpB+CJRMoqcfHu5fE90e","fe4Cw4js5IZqOgqlnTMyve","01yG26BYNGWbHly3tG+mlM","016TrbEbhH1ZQ3sZHFrbIG","05Q+T7EjZPd4QScAf2RAF2","05qmBylFxNzroVSigeImg5","05rRHC62lJdbnoMYCktlzB","07EQqHgntGzZjhaWx0Wc8P","0af3VX1ydEpJtPDZsWPhvY","0ctCPBGB1D85goib8ry+dX","11UCwHoHND05PLejya2MEW","15E2c2pVxHxo1BppB1xG33","16IpxwSxdLQrNuG89FzuQ/","17z90wXGJNsb5jyVDoQdo4","18fnfaTEtJ/aYfl7hG6E6q","18quqT/PpEc7Xgh+xL+i0Q","1aRv084GJFJ6AEYM2VEu/C","1bYvr7R2NMtprZ749SqstT","1dIIQLYblEfLoEVU6/j8MY","1et4E5UptGvImvGlWzHDe1","1fG8Dp+MNMDJ46HPOzG5Iz","20leOy8eZNi6ZLXDgyA8Mg","243oeTgB9Obr2sw0SWV8Gm","26mD0+igtC1LXHgvJVa8xI","29iXSMJ5NNCKPlDLI3KSuU","2axpHPnrRAEqFAenI4JRrk","2cdlaDLptLL6TZYSf4WARD","31GmB9WXRIjL0hkhKf5Gsg","32CtV636RNt6qNwhIOBZhP","34arDQwdtL56xksyp6WD65","35F2O+qxpLSr0XSnKdSN8z","35pEkQDUlD2bR/O4fGVttE","3amKsqHDxEKYp6yiEEoHb2","3bvYXVcrBGN71VcVH4OvH8","3cayQH4SxPcL5XXWcOGgOB","3cj/fE6n9P4Y12N00spAnU","3ckVHutThIB53xONYW77l4","3dE3Tb+blIHpnv6lpMxZzL","3evY9RPo1Fx5oXmxk50PdW","41BdomeeNFD7mJYq2SI6Bl","425Ggnk29O6JGloomlFUas","43GfBMCJRGCpooiMLuPASr","45YK8+qP9Ee6Y1AzNZZyDp","47jrmzj9tPFacfWbXNN2LV","480LRE9CtCeLapgmMstdTz","4bbxlD2CND57XmoJ3yv6eF","4fTjBZ+WxNo5N8q82Eo+5W","4fVlikFVFGvoV2cATdGR2A","53fYGcahxK0oh7nxeCkeu2","562qKTyIpES5HUlMkLCrcu","57Lj6ZtBZEXIEttIjLTHEI","58CyGr3hJDjrubvZQxnWWC","5cPOChqL9NIK//I2aqvF5q","5eWVevxglKzq2KySYgjlmq","612GqQy+lBaqh6vYIMfwBc","64CtPP3ehAMZwcb7BNWYxZ","68V9J4G8NGHI8AZmFrdLtC","6bd7o+EklEVoMrm4gwLYvC","6cPCKG/t1BNrMoaH0cuKHm","6ddrS9eudCn4gYOnYQFTwl","6eovNEx6tHLKA0eDkXs9qi","71O8Xth5FGyYfOzjurDVih","73fb2NVN9Ou6y4jTPZLXks","74HV2RtJdHi7J/7oRntj++","74R3o8mZJGIJTEexTs30qT","74i0llajRD6JFcKz9TQuAt","75zVXrZu5FFJX/Nnd+0KXb","79DEAJBHVGEpsClL4UGnFv","7betvSWkpMtq7V5/vBeFIq","7bvALw0whLJ6YGLK2hFji2","7b7OSjeg5L6JNsmHfJ9hrS","81Yo1aYIlPPaoR0jbMJ1t4","818rl7ALlHv5On2iFhAUs7","83JbC/W41Ovqa26M2w6LW3","88yrIFo7lEY5qAKQrywRtZ","89bxn6j99K1YWvPHTxc3PD","8fUSK1Er9KxLu7ngCidPcX","8fo2EbOA5E0aNozhWtyL7X","91fIFx8olOcb0DTx9uEBxV","93ApAH+H9GJKJJRegbViQk","95Dpu34C9IkbOOE4bgHeko","95uL0gT05OUJLZG0Fq9ttn","96hRkuI0dDFoSFN8ujDTIS","979ahfPNhE0JfW+5ev+JJW","9cHumIutFP1ar5bESClbMC","9dE9Qtpl5CXK+W/DRzYU7K","9dTX3ocwtI5KFvd7ECXFEd","9eHywo8WBKAa8AkUpOLlYu","9fJA88X+NOMJAjcjnEld2n","a1KE9XyLRO0otdLlNS6agS","a2X7J5QQxDX7X50KMZM++I","a4u3W+KLhIR5uveRm4ZB3E","a5Eky6nrVGLL7emZHcAXr+","a9X4Q/y9RCvKZ++eI6HN7j","abgWhRjY5NIb+ya0DFDlhD","acXg0Y7NFAjYn+E6Y7PwBr","aduJT6JthLm4lwE5WyJX2Q","afoWRz2LtDoZtuVfPmGj1W","b02bZyP8NAFbGWh40RpUB5","b2p/TiS+lJMIQaTH8sh1Zn","b4wTM5OGdGVJImUbFkClYu","b5e9qs0lRBEqurqliKRkxe","b5/3fTfwJIU51Nlr+8lBZR","b6yegqoghBB4Odi2KgiTN3","bce3c4WDZDvrvIlpLip9th","bdBlLIymxJXYUMho62mNPh","bdLvmG61VKSojKRar10za9","bdy33ZMiNK47aZbpCJuT9o","be1DXiaGlMaLl1MIv2iL0z","c0ea7QHwxBHry7k6XY8v7D","c2cKWTrYZI+rhoatvuf1wX","c4LcQdpuBFHbLNI1k7THY/","c4T7NkOodFWoaleveNCy+T","c7sJJp5UhK6JgnMjGRWJbW","c86yFsbtVOBpB3/aVrh8Qz","caYcljQ+BO2YYsHjt60gpm","caazgVhXdK7rwwoej3f7/Q","cbacEy1jFPtZtTbGNdOsYf","ce/0JlQ5BKPZiSZaH/VxCC","cfWD6OyZJAX55ecaQGxoGB","d3emIqqt1OSZQKURTZXUql","d5gqiCg2FAWYmJlBw/CB3f","d7u1/B5AhOw7iZ46eJal/y","d8Y9aYZ11DsrrqMK+jymYU","d8kKenBNBM0Ld6egz5nYlQ","dbBIEeyr5L4ZSzYFczlaZN","decqnZlCVIfIf7DU/TilZU","e5wCHJ9fFFNJrpt0JIx8KV","e6AgUcU4FA+LkU/aPut4BV","e8J8KfM+5BXpSVH/q45Grm","eaYQ0LopJKzLoFLbFjGeFD","ed80W3L3pL24DRRiIz3l2q","f2+6cAyDFJsbT3BwIjNOWK","f4RIKY9qtGBJqi21bCXDjs","f9gpXQ/sFHfIJSHrAnl3/h","fddpzmuFpNC5oumeSISbuO","fe+5kEt5pBxaWmw93BjAi3","004fwNxTZO6a7EZTqU4yzD","009gz8RJFA7bqpLYnPn/wl","01Qq03/fpGJLFW/Q1yk7Xz","01xb2Wf/9AG4deildCfkBi","010fG9TaFPE6LNoJxoEbLP","017HDk91lIl6GJDPbvjySy","02U65fU2VOp6kpHljfOyKg","02cLS/6HBINLZnreQ0zC4M","02uZB72QFCKrJhWsxZRszT","03T+yvzYlJEppcFHdtjfsY","03fejB+/JJhp2GJ3ZzKiX9","03ippzKwZBzrj/4mbhDcR7","03pZOLaCVCRbaJ7ikeJgZx","0381jhPSxFm41srnzzueW8","05BiqpcxVPd5AWGJPxFsmO","05ypcIE1hPwLRlIawHN+aV","06FT+NWK9IKpUR3Pa6dIY2","06XbgYdLlC/LKYaMz6ui3s","066yoD3S5E77OcvHSxAkWt","06+tlcQj5PaIZ2L9aHytnf","07PjxZl6ZJv4dpD3Gesu7I","08QI2CLfNEB5LOBfwUK/cf","08q1xZ20pPGaNzmsx9kJB4","08sYyrbipGfrAucWxALtRv","08wQXJ/PFIAYzIvwthK7eQ","08xHjtLZNI3a+DLORZSOJy","08x3EgY2dFAaeWqsyFOvOg","086xeccdRII7v7oJNjZylA","09HIJocVxGl6MGQuwqpt3M","09HQ1L/CJPbZZQWpNiSzsM","0aMvHc1ttONpjD9Xvu+BCG","0aNEZa1nZJxagaMuiE1o4x","0aRRZjDY1ElKIVo2VvwSoi","0aTNpwLHVMeZ/n7bTWG4Go","0ahnjf9KVIpqPCDGf7i3RC","0au5n8Mc9IQZBcl64tGAtv","0azZ/tZZVETqOvAmZEI48D","0a/BhIAulDe59Vwi1fIYib","0bEx/2JU5BhJv7kbbfjLbu","0bJjdvk1ZOgobKEp4Bt964","0biFWcbZ1C/Krm5naqP0+8","0bkW4HCNREA6wqSCHAAK2H","0cU4n+3edFYJs3bjmoUR0A","0cq45+v4RLtbdEG2Gb6iUV","0dLwExIIFK6qxGGWCqDy2Y","0dRNBaHIJErp3fUyVZGkBx","0dpqRK7zFNTJ6kl49Z0uOB","0eoRRFzWBJG5fqSQ+a7rNY","0fBDylCQ1IUp1EDMq/ilgD","0fBvlCZ5RKXqxfTB3tXTZS","0fE/tVD3hD3ptIQdz/Qpnr","0ftr1GBpRLRa1ko7z/FGH+","10Pnz+76hLPJPoY3dy+MK/","10b9+BXDRPC6Ore3vzePLi","11WaoOxzhI4pz8lNIc8Gzl","11Y7wCAJxCR5GxUlu++McB","11eN16YdVCkbjSHaWGaxku","11e/Qx5Y5GUZRLsjXECpkp","11osyJxR5EFK0yXww6mpdZ","1131sFp05DnYjaRUj+Kt2O","119rpxmkRAJYGThz7fIEBY","12l6iHSV1PvLdTfbDfQzE2","12q/eOJeVFGIe8s/mbbThB","126rQbj9xKNor4C9TEMc4p","13U8ZHV8hAJKJE55si9EVO","13gK/2UGtL2r6sStjdi/sB","14QTlkt+1MWYHZ/JPZsJ3o","14TQCJqIdD8oU9ilO+N6XA","148Re4DmhLlpyVtUuvQ9dP","15H8ukJQtN5LHynxec5D19","15JKPzXQ9Dw5XmIel0/MMn","15SYJwSxhEO60PchC5kAh+","15iImEzpFMmKxkQ7ZX+zky","150gSg2JZIyabAOeOKC4IJ","16z83IztBB5ZblWJOn6dqf","17XVf0Q1JPQZVFn5mqpgv4","17cr8zTLdME46GNAPdX2LS","17kUbv6y9C75O8gykUFGsY","17sIQ2pc5KpYb43huOZv7a","177+EInM9MQK7b76X9aWfH","18GNU+mz9M0IEG5X15VBZq","18NL6ZtTxJcJHPXnRbSZS8","1828KnmvxMqJh5otxvi3Cu","188nNsAsBJIrKJBlmDh4s6","19XoZa5u5A5q6zUSWDCF3Q","19X26mHBlG8J9lwmw5zwVO","1aKy04BGVALoxBhr6SGGGH","1aRUfQpYxMCKuGMm1zaj/s","1aU6UbhVRMDYsiOgn4OUoV","1acsgl0VVG1asBeS63dMx/","1ajRZg1FdOjJb+Et3NhSe+","1bE3GwnB9IvJL1r3hZ91a1","1bWpoeIShEK62mQ2RIqUIH","1bfrBIl65PfbX08N3N1FM+","1bjS+78UdFEb4qe7/y2jPp","1b895+0ZNJIrSB2hvnCGp7","1cbCAw4q1BM4wdH5tY5rdn","1c2I6b/p1LorjzJH+uH2dc","1dG3FLkHVLTYkc4dySEzT4","1dILUKs9FGkZx8K+qiPsGi","1dK7WtPXNBw6vm8M3SVuBK","1dR2y+B/pP8YjzPiC52XDm","1dsM/suSJJUq1VYPEy1dj9","1d0WhKtV1JhZ1/lxM6mFC+","1d25qm5sdDwK5PDOJ005Ec","1eDofLIXxJWazqIHpEg8g4","1eMKBQUbdFkro5zQg6e2f1","1eX7OlFVBOFa8kLknGy55N","1eloXzEs1GR6iBrDthIKnO","1emqGlYv9CtIOJ4UqSklBb","1eqQKPEQlBFZRkH4jrinVx","1fACq3EtJK7YUMdcIlpA8V","1fEwiLoaVJxbvK79cq8eet","1fKJKgmEBNtrvOhqiOqaFZ","1fPqkRm+pMtpo3D5XDKwu5","1fc5hUUJlFUaAKdMdeCYf8","1f9QZD/E1FALPyBw2FiQAg","20EyAjjhdEGZ3q8UhNLnb1","20ep+isItA+oKnpzUtrRp+","20y7kNIxdGTa6t1NYX3yNq","21DhBvzQJBK4gDJMngBuZB","211Hk+NHFAVK5BkkXLQeJ2","22FOaelstCsop4cyQfiZjY","22Xqm6e2VDLqgRj8mgzK0L","22hW8m6vNKCoqqb9vkhzWY","24DcUBQ5lDPLkGiM6PgVJa","24m28kNuNIX4ufTe/kf8UX","24pACCKYxJ/7fhq/+HxQlO","24xODGnDlCB5AET5N+qjot","25XQsB/SpOYJpVYqZ8jGVG","26H2aQ4FNHnaw5yWlLrAMr","26NlPKrvJIaJq0nqw+QxcO","26eM4lkClPUKfsuzko2jKK","26i5QZR4FMKpz4xrf+/BLR","27plMxtAFOFKg+8T39Kzbs","28IUlJncFNUJVcbdp3u5j4","28I00oQUlIUKjPdvu/Hj9R","28PiluI/FG/JtWqoDDtW6Y","28cgDJrr9DDq9RfYzzF/gf","28iywTwfhNQLpPw8es/WyZ","28xhNFdFNLRJJbZEfyuGBq","28/3j1RehBnJ64bmPpW60f","29FYIk+N1GYaeWH/q1NxQO","2aUrbkkH9N64XgtDBwkOLo","2a1CKP4IVMt6rf8e+139Vn","2bMVKwiNpFMKqyXRcew+wY","2bNofGIbdJh6KYClgAvKKq","2bUiE5TYxGcZdgdQJ83T6F","2bVjSik91Nt6UA4o8fWm0E","2b13mfXnFL7Z6t9Z4ionAX","2b5CByadtGB4aNq8LFr+Ow","2b+Lx6VFpB3rG5ToLVcGbq","2ca72Xew1Ic5qe9GM6eWyr","2cbMzBXkZBDqrt4QHUB+qE","2cv5b7UXxM86tWa/xbiRFt","2c0QDNyotJIK1uicocC4NJ","2dC15FTMpEpa8CABU9uYoe","2d9r7BCkxBn6Kr/at2mfbJ","2e06feNYdBVrzF6tz/5jAI","2e24OddYJFC6jGvJyiCFqc","2e4O5nOlNCMYZ5hHBE2LHn","2e8Egkg4dAO76/aypG3u2K","2fN5kYcnlCFZYQTy4/VfNh","2feDyu0UNNg5DdPCGjjmIi","2fxlNFvrFGUZxbjloz/dxl","2f0kFGql5GuotdsBxTSkma","2f3U0HpnlJ2L69uXM+MDJC","30crQNzCdLq7f8dUGXr569","30ytP+Yt1FjbOMcAoR0Nx+","31zTImyqxOI4nxnT68FaP0","32P1nE2QtAiJRXcn/gGOjg","32eFOhm3FFibjt8jBQn9Rp","32lVQYVIZAi5ZhkhVVOCgd","32lxkstyBCqpOLdbDtBWoN","3202qyxpJENb600cd/y/nQ","33Rn7jgGNNg54F4nWEEu/V","33dD1KP5ZOpZ6lmQG4B+F4","3385znOCxBbIQAzAzLq5CT","34BqxSEXhFnI1nh4kpdbzQ","34JJw77fFHho453ETD5IQz","34QWumYqZJBonOIyPyJCYT","35D0/80qlPl50MoRryL+C9","35LWiqylJD8rs3JOo/1ukv","35RuefLS5H8bK+yYCT5kr2","36B3bvy0NE0KCXCvJsAoIJ","36VeWyJuZK6J9S8JNXKh2a","36cS8bYDRL8IhJBtLRgtlO","36srKe9uxOzozgsKxk4EUA","37BYM8maFDR5+TTbfrxM9m","37HGw4fLxEgKCitGyK0D82","37rcS4IuZDhYTWrq/HzhKC","37riShmeFHBqihGsdHIkZS","38F8c/93dF3pMuk+nf+IER","38J1zO0RhLUa7oVuruyE1v","38ObTrBuZGvawLpEIzVrqb","38uLg3dMtKMYqPshIYWLQ0","3894TbfQtOMrJoQf3z9FaC","39f85ac1NAkK0QSkBmSdB4","39zEkdk9lN5ayfGCcazB4a","3ae7efMv1CLq2ilvUY/tQi","3azoJVPrFHa5+/qAstz4va","3bUaaEYdlAgZMq/6KPVUba","3bVNUYOYJK+5+JScAWJnin","3bjUH/MUtDDYbg9Mh9v4wM","3brzbUJi5LQoR3lNGYZOtn","3b7d3gtbNJ75gOCPXWdbOd","3b9liG4f9Bnb7hyYfqdA8k","3cLnezueFC4ZFBfLlzkLQb","3ccqIJTFBEFadHqO9oBzyB","3ciBn41t1EvYwWz4+jdPrk","3cj0Bsv81MU6wiDPKqsqdc","3dEj5hgJBOi7G1MqUNfAUw","3dgmKzCVhPzKlyY8OTVgGU","3dlgKKxhlFXIwQPe+UVYAh","3drUszfMZJnqlgCVmmT5rS","3d4S6N79JKm4BknRfo97zS","3d7tNLKmBIxpfk8rc22kKq","3eQyDyzN1KRonJIHE07k6s","3eggr+y1xGArwd9qeXIRIS","3fDV3C8ZFHHYHv2U0gG++C","3fEyDyndlE8qA35r4r/ZOC","3fUI+CjA1M64dPwZKq6I31","3fa+lUDy5LHaaTVpcgo2M9","3flmWusx9M2ISLwwPK7vmQ","3fuFWwIXRMEasvs7b32V2S","3fuoHEoHxMc5SP2u/h/bx4","40X5Fgmz9Ku4Rks37WzPvX","40c0Gc78FEzp66FPGXpFbK","40oZkzZEpOHquYto6kEBon","41XDLhrYpFFLgX1mTvYbuT","42P9fQy5VNoa28K07qgAhX","42U201e3dDmKBQUT5p7xLW","42higKnVlC/7unQGKareTB","420UAMze1MiYG+G9FmiWTp","43LyjZ09dAEr4WQ8bc1dwg","44h10NoDNKKpiP2dgWUN1o","44mjAZ5yZDjpLtIZZ+mcSm","445x/UrdVL3r98v9xlPGYF","45OAbqyodB6pbsi6lk0C6C","45QAUxczRAB5bBHkQNGzQj","45TEc7GXRB6aLIGK1RWISj","45a/CR1/pHM7TpesDIkhbM","45cLrbZQpKtLYfV78WWF+T","45fiOVT51GS5Alvay0/6xl","459Fm1wKNP1KUy0b4ehXQs","46A2q0JpZLk7SoHv6pTJPb","46XK1oIpFH7Z0QATz69zFD","46YEzve9tMMpUl67Lf0gnV","46YGyHTzZEvqbQX61jtMON","46eE4EWoZKu4F7FhzewPRJ","46gSa14kpOaoUDMFMHcy60","46gw8qbMBMiZ+ik2QVdLa3","46u4u/JSVDarLtHAxovowE","46xO9wNyJEsJjLJiV1qtAg","47OryAsZ9JFaDli+ZjZAXi","47a9Iz4fhAQ4bk/tA/glI6","47i7/BvTpEha2X7sF+HS8e","47yV5Br9tDMaMyWLzIxou+","475tIN1ZJOTaMzGY2OuU1t","48Gjos9chKA6SuBxjIXqdu","48O4tztUdFQoZcjF6p4uzm","48XapsZwtPAqtN75lyDBHZ","48v+Sd4ldCYLH0z0Pvaqk8","484elHiMlI7LKxkvHQO/fD","48+btFxgdHCIrfBTfmHJ4S","49VD06AehD6KPEtgxo5nYi","494xX7CkVMfbptQAqZmsGY","4aDJ8oQZFNj70jujlUpi97","4aq9KII3lPxrsc+scjzEkP","4bsQjF5uVNFpc5MxpN8oOx","4bxqe8yf9EZ4/lKqtLp5RC","4cotHZS8BD8pq0r+lkHM5d","4czL72GLtM9rrs3RPUY1JG","4dOg5osuNKkJb7Ucxna1Bq","4dZfuL5JpFHId/tfeRsVhj","4d56bvpCdPZJodERLpE5ZJ","4eLZ0DnzJM6JWIitUh+/gV","4euTTJHX9PNJdDurBQuMln","4fBXN2DM1IAqSklfQPEOU6","4fJs2NvnpIEYIcJ2lnirLf","4fMfhuPzBKEYT5t3Fd+hNP","4fNuAdyLFPJZaN1L4gWyXP","50D17VFaBNLIaJlOz1KT4o","50Zqz8i1BD0oXHA3JE9y8b","50oUBeXzhEyI30nx6nrKBg","500I5H189PU5tjpYNNFLm2","51DNxh4O1MXZbtCawKOPQR","51c86B5s1IWI+J4zT9yTBp","51k4HavgNFJKqtI2aJrkAY","51m1N1cMtN0Z4IOFkQqChK","51pLw0WN5MUJwHKBjr4xxj","51qV74ixJDt6294KiakCFx","52jsKwGX5BuKhMFwULejR5","52j4fFkUtKD5TiJU0APuEZ","52mRdfKG9CfrdoWLqX6xJu","529ZEm3ndIOrJa2qLS1k+u","53Dvp3d0FJTYhSDWjqoTe1","53S+mhdyROYKt17cTkpfoc","53vZPNMCRJHbXcfejr+gum","53x2II5hVEvpm+76zZM4LL","53/zJRkc5N+LIjw7ZpAl4V","54cMPIJq1NJra8yCs5Xzw/","549dyB/npMWZ3Zt5epy2cM","55bgepalNGo7LKXH3n5cYc","55mwsSN8JM1qPa8c18F+ZV","56gmiQQiBET5gS/fj+T8s3","57KvCTr9xKv5iQfmHGf73A","57uMH28hREH5iYwW2JmRQN","579cbPardEGIXPMeFEJSeS","58OPo7ZHhHtaQ0VKHt5j5X","58Thkhio9J2oODFRsZ8p7u","58ZaPqSmZNh421O/1+nBb7","58kRzTGchMmZOxKBScRmTY","58qWSnt0tBt5NMIQ1z0qzX","59VE1UpDBNxb4jEpSzXrkt","5942sH6vlExZs9qKdNmXF8","5aEMkjcVhM0IigwM2b32/+","5aKVQma8lHopchC072crrX","5aiUHvroFLEKosmd9PqSeK","5aidrOBJBMDoG2bKpO4I7/","5apilIEdBLtqN/oR8yvjmx","5a3mDwx/BJFYBziOwZtmk/","5bVj0SI7RGy74YgQM/jvmt","5byAgo44tGOIVjPPJ21unj","5cOm8NrkxNRZ+76j2WDAzb","5cO7kybDxGj4ipyMYdRYZB","5c659AVmBHfIV9I4zEvYoi","5eHGhcZDdFAK+3j38bryPY","5eIhB9sShDhK6cSITqFDoz","5eiWekrkJCUZ0rLOoFFRYS","5emzpfQUlGPLVpAMyExxFA","5esSGw3ZdDqJJp6HnSvgzE","5e+vc4aZRDEoI1FvzFUDd+","5fAj545bxNAYv8VgahZjF/","5fGfUBFQlIxb6Ag4HvFCVo","5fRPmteqRB7pkTrvm7jxNT","5fUy7Fg8BDfJLxmo6HrHNI","5foYkwxXFJWowLuPUhlv7c","5f5dyqtRNNxaFmVzYns6FZ","60V3MiJ+tJ2ZD5C15Na26E","60gHhavGtOHJ3hdfwubAAr","60sVmptPVDwLHmsNCOooF7","61AObwUSFHzLT8EQ9hXzmB","61Im2v2LBJrohDTIh1I7F0","61xw3y+ZJL5aXHVCIf2S28","61ysKqqhZIgJBD2DaPqK5P","61+B57EMZJ+bATAFBcrSpt","63A7FKWMBKOJHhMlK9qa4G","63QKIFLD5BqpACrhww9NkR","64EG8hu2VOwIW7a7FoWtbe","64HAj+aAJM44o5H//4xlG7","64VErJAlpHRZeCF1rj5eFV","642iYqGRhHeZ+dGg3xdQ/n","65BN1S3+1HWbrsc6oNxqVZ","65FW1zeR5PvbcISF7rg3NA","65j7OKV5pKiIj+MKohG+sd","653I6ZKB5FWpnRC1oegoWV","671FSxGhJEaJ+AtI9T0Z9p","678SUv2aBFjoGJQqBf5Wb1","67/ZcqbldNA7iT28GIz/rE","68JRxaZt5MD5T2WOVhl874","68Ju+Lh0dFoJgN9Z4R0pq3","68QsN5L7lFyrjIZC7hpJYh","687M9ymshJ/rTCi1KvlD2D","69ACBjBFJLZIjPH7Nc+Thm","69ZnSFXxlBVYkPxpFvmKJW","6aF3bEQSBMo6GoXGt7fxHh","6aNz/j7D1MTo9DQl7CVFBP","6aZb0TDTNBZp/mwsC3Z5SX","6ah6wgTY9GTppdWtSvOo6j","6a11dZ2G5AVppr7wQwAVly","6bFTIeIHpGB7ntl0PJAKqH","6bI7RAMdFH/4+39LaAlfOn","6bLHoU++pFb7gu+JxVS1Qh","6bX1HxloRGbJ1Mdk+Tl+HA","6bmYzkmZlA2oh3NvGnvEHm","6b/4zclxNHaLV/8QLBG1i7","6cYdQBsohKoY4EdqfcKmwA","6cviM4HgZOx65+lUvgzedV","6c/mZ1ARNDhadeGDiDOm8m","6dNasBdoxJQImhJ6Qhrpht","6dWz+EmZpFBJ/5PYfMapob","6djjBJNblCiIuTOzzYvrFG","6d0/+o3HdIZb6kl+cbIlPb","6d6m8b0E9KqKCZTYDbCggV","6d+YE6WwpHIIUK/G2B3HZC","6eNArCNolI654JG3B7wb0J","6ePXfee8BAP7TxBYIw6+1c","6egXE9rxNPt55Izbm4H1bg","6eqRy1M8pGCL13dyzozssn","6es9gAMJpCoYsf0Gnuat4U","6fDqZuEzNOqp0r1dfDrXBD","6fG55sj01M5rVnYgtku/xz","6fUrmCmfdOcan1y5pIpdhZ","6fYYsCMdxHOo32O9QPNxaO","6fca+j2e5GU5AZeOoSLn+d","6ftWhhx41FK6wje/fb5dYG","6fti3yQMVH/qZ3CxwSBCL1","6fx77n8xRPnqcLDwZgRocN","70QpUqbVtMSp53CxksDqSY","70VcMJhLJCUoDLCPr3AzvU","70WXSZdmtD2rRz8Nufmzmq","70gTss8vpIGI2m1QksBklu","71ISn7hCVEcYRT3VclO92v","71KO62XIFNp79wq6ANApc9","71LAne9GBPS7r02ACk7Wch","71NGXZ6ERCMq61+OiXNB7X","71POurmjtCt522CNl6srgx","71Smbp0jtFw7trL0AeyjF1","71fTJK6E5PRpi0KPJlRwD9","71tkw7k1pKipL19BIjrFFn","71y+d+jeBOl6ZP5PQ4c1CP","72TTF+ZZBO9ZiqVxR3lROo","72UnvBVJdBr5n0JVwtBq9+","72rSHlJiRGAL0IEd0lV694","73A35ylodIybOzvwdkorlX","73B7ImvE5Pt7nsIKCKmrXC","73C1dM/ZNOOq3BztP8w8//","73SFSrv9RJ6rpotsVIhECo","73Tuszm/tKlYy7Q+lgUcVn","74CJ+d/kNCOojQNAWBYnKU","74Dx7NbjJBmJxs9LYefN0j","74OUtMrlFF/oegI9Wk9tsz","74SldsZf5E/ppdVThgRkGP","75NkAWnI9Krquh7+Nw9IGz","75QKgFQNlCl459VvVumjr6","75QoEHmiRFIaYDwLOTzLBB","75xcYUdR1JbLqSpDo5WQFk","76TZoOQT5CvY5StrkwzEbX","76WM9im+NLl4kAhu6MFrq7","763dBPkvBBgqPR7JVfdzHb","77J3/SFmNAIp0v5cY14F23","77g72UApFJK7y6Rsxmkpao","78LCzL831Jv5LvOZgmz2u5","78LKsdxC1GM6SOjSGmzwkI","78TtI4kQNAi5PsZMXjh/Hs","78ypAKGotM1KPM9v99n4vb","79GUk0+tpDWq07yZncogeu","79eblEQ2lFap7Pd/OqFTS9","79nYee0GtINZYpTPyjhz9u","79xw6d5KpDZoDuzRJ/c3aN","795vLmUwdPKr39CTLgIbtE","7aek6qgeFJrrpRGRB7RbE0","7a8aGAj5tERbFVNQV6+DMy","7a/QZLET9IDreTiBfRn2PD","7bDu6okUdOCq37kwk2Hh0W","7bQbGeLetBL5Nl9MwVwilP","7bRL+bJZtD0LIksP9xDmMd","7bTGyP9zNNzKNeRdrTAmcU","7b32N+9CBLgZE04+ALNjht","7b4HJvSNBGNIbgGfyib4fN","7cCXHyf01BKaEM2MnnrOtn","7cL4EIgqBMIatmy3qf9iJu","7cntvwza9IOaw9rA20sL+5","7eGCPhYz5Eu4tMpwHBzbka","7eeSoCx/tOdraQtHTe4KPC","7fK/vAmKhJi5rY+7qG6Dlu","7fVsn/7OdLUaF7zSA/AgmA","7fV+3kkBdHrYyJQdToVQXZ","7foIsFVYBF6JoeBGAVh3Rn","7fpI5IJtBM74zGd6A1wAZb","7f6nw8ZRtOh6CUh8s49jyN","7f6pvSOVZK37fbz/Uptsa5","80A97TCplP262NcdvHjG6A","80WOUljFZKxoe1ionlynD6","80lE9EXF1NLZesg5V0g+V/","81TCR8SXdNNIrDq07IVzh0","81axLHnKdEuq4ilnSPKcvS","81ceU6OztJ6ZKKASu7MsSW","81eNIHsFRNSrgQoRuAiRJn","81hPTNeiVB5L5Gzc5pQv+/","8113i5RIBCZqphkTLLjhiK","82BTfSfspILpPDmNDaya1H","82fl8Q2Q1D2qtZEUASozSt","82snO3xyJHGKQxNrDH1R6c","82v6FpfahE8o78K5di9Kfc","83HMdZKeJLbpsp7gO+Cjpk","83gOq2TZhBFqFPXk35nK8m","832W/mkQVFaLiKwzlSmyox","84AgCVFXhCNpkcPdMWDy8Z","84Dpqqp5lIlp0PwXWrJwVz","85UMHtU7tNqbKLLWNXpCPK","85hS+2ctBJlbFyMgJGvaTZ","86M9Dc7FZFFZbG4/gHi8LJ","86YFtUyCxF9JDiEsiUyTPk","86mqJBKutAZrjs3HxrDglC","87D4fyrFFDhbDSfRT+egfl","87n+Jv0TFNpYDbOj51BKy7","88BS/CP6ZM1KpvLDZrCle5","88Pcn8JbJHPaugr0m4rasH","88knkgbhdFpYE1nMbp6lQM","88r0McYIBHRIKSKq119URz","8822M6Z31EW7O11R8yia7g","886uddcGRJqaZdFIusDUmp","89xYHlJuVAoICmGZ11YjB9","890n9fR7hG8oy0sZuCjMi/","8amwi82sJI55ivVqIO0rKG","8am8sVbiJIlo/QXcH+Svrf","8bMUaSr5tNnYysB4NCVy8l","8bVSno0oZJhogSxZPsuXWG","8bZUvCUjRLv6xPmJ0aPdJt","8b0Llu1GVMSK5sdqwYCl8/","8cQ8R42WNOz63H21j5o7n9","8cbB77Y3hDvrgrI9Da0mnK","8cm/FZIutAy5KnEqnhsNAU","8ctXt8XGtB660F4RMrEXts","8ddvFCf6dH5rce51lQh0+K","8ebS317mdNF76M37guVhua","8eeDvGSS9I9rjvTZBA2qCQ","8e7SuHpH9HQKhhfL7LogQ4","8fhbEZ8QtDzqhpXh680Cyb","8fw1dtqEFJYKe2F/F2byjK","90UDYv3AdJP7u6NsV1tCCs","90VeXYk31JJbVHiD2QwezN","90hx1NwbNKZ6AUMyAOxYqJ","90o2tYmGRDYpOCrctmtOJr","90qsOrd1tEt4rDLYBpm7y5","90ubgY1MVM4IUQlsae/nzL","901XhOo8BNz45zUQi9bzlm","91g0KQgXhHrphHQPfyTQVD","91yI1vOplI7J6ytIuIpyhL","910OfddatLh7FwTv3ei7WG","9197AE2H9AAbQB8bkBq2Yk","92G0Wz1LNA8bzXoblkPCTr","92ZgVCRVJNB6nyLGqHkFT2","927mvyJQ1GZpbKYeVNd1pp","93QkfXaqtM8LvLmuZwF14/","93lvpaf3xLF5FZd0iqnbG1","93lxrPqWZNdYJK50KkvrfV","93ydpxkVFNI77g3+BbpTh0","93znpSqR1Nw6PGqLtq8gzC","933KIM5opMhILHExsxkJOk","94NC3MU1FMPr5Tz1eyzbAh","94Sfuc1ONEApKmKJJyN/u9","94kK6WwcZCZKeP6B2vJRZw","95VHtFafxBZLvlL9ZjhrTx","95z6MhFBxFRpXcimHouJi9","950AX/JJJJporjRJ4WUT8S","96fhQxbslFoJDpq07T2TNL","96fsQb8NpHj725XoRSJ+R9","967DYOR/xJI4Pp4rVCD7hh","97AnrvTMFJTIkVzNQgA71x","97OXr2t7dMcZ4M39Mru+Jq","97OtAcJSxIbqYDuPTlC1cz","97ThH3B2FGqa3psmhDPF7H","97hmPJUOxDTKViuPXR0XeJ","98eN7/cR1GVJW6b0xUUfnx","99C3DqRyRJ+ql83LDg8/V8","99VG3+17BJ9Z/4hTZ0NmLM","99wLt+JAJIu7dVV5NE8/O9","99wgEk+U5OI4H3c7pnmNtx","99zD6xyjxN9oQHR8dj5VJf","9aMN/FlmJHUJCt2HDnebZW","9agjm2FxZKr6tYcnChAvmS","9a0NSeGmZLSY3FIlWTNSyY","9bnteM/rhGw40bV+tErpTE","9bs9qjRdlDs5lS3DxWP447","9b8mnX8uJFioFqRi4xPQNZ","9cC5wUPctGv64feO4i2uDg","9cQO+0D7dLlbNrbCUW98Qp","9cv0huobdJkb0ZEwBxf5iy","9dAuxKhi1LjrN0HuwFn6U1","9dM6a9J+xLMLHGgVrx5aEB","9dlP7Z2tZEqorH8W0nK5Nq","9duf9XOU9Eoq2YGmxeuQao","9d0r72TTNLoZVxNrWT3g44","9ePimg0SNPGrtoh8etp6BW","9eY8SDY85KvLTuznMWbYME","9es59F7PJImbwpz+0gsV2n","9fj7evLxFODLvQG7+bB8+1","9f5WR1/NZDUYjRB4rymLiQ","a0D4NQCJlLHK1xKJs98IgN","a0iWxiZINEwL9qBLPlphWY","a0xXQkVglGOonOc/NVUorw","a1AuERSq1BL6pSJY87nSik","a1HSPPoAZBIKtIhVQI3bv0","a1LuGSdUxLH7wCUGHbNPsB","a1UgjkR5RMp48zUckxzwW8","a1ZdI6x6tPy7cHCG6OEM6f","a1cVVLzsxBYaFpgODzm1i5","a1q8lnYzFKzqO+0AfrfG4g","a2MjXRFdtLlYQ5ouAFv/+R","a2PwSdLEBIsYTL2BjqpfAF","a2ejR0b7xFvpiwiB53OPl2","a2qEsc1SdK1Jwn4H3s1Kvs","a294KcW/ZPIYmP9siXTj/i","a2+qmuIx1GIbkZovRJ8fOr","a3CphsfclFboFhP/sAP9TG","a3EThHlfdFWr+5xmApe7vF","a3NFhCRTBBiqxKhoTRR1Tt","a3ii62vnJJfKxd41iX8b75","a3nFB037dNlLDWIEybyvaH","a3r25VHIBHuYFTJVuzSjje","a4Qdk++eFLJa1NHZ2M89Sm","a4zCAmDAFNF6WuQt0met5N","a5clt+7OxI4IkCC9c5SG8e","a54jvPvkJJgZDl+qAfqyuI","a6SFjyD6ZNkKAyCA3Sxwnz","a64nuvKR5MR7eEtADDWP9A","a7NtCID5JL8qVpJNMZZXnU","a7Pk7KWrVEm7S7geNMuyZy","a7bTeugc1EY6mn41E/w4n9","a7iTpU2HBGUI4gM7GNjweS","a7oiY+VmhBc57ZTiheU7No","a8O+yDmdND74Zm+p4WZNwj","a81R9LuYhAT7b68gPwGI1r","a81xCm+gNInomlR0hYNvXi","a82MuUmfVMWo3sWPx1Krv/","a9Lom0W7VM9ICn7yoFSTSG","a9jACRZjRHc5JoXyOjOer/","aaCMC8feJEPIhWPnmU+ZZZ","aaXADxKepAsbfLgspXv5xx","aadr782IBMg5rEWoeiX1qO","aawIS7gplKpqUcXADGotb0","aawaHd+MlPioA5SiUn5TQu","aa5BHImbVIxoJVNRz3JTtg","abDaxVyflPN6+Y1xpBPRjb","abJKL4JgxOZZ7LNyhyY3XK","acwIDlfrhHxrGWFlGqaros","ac4w7wAQlF/7cvBcYYqy03","adN4EkCDRIYpt4PgkphS2a","adQ1zsBVdGS406YA6NErDb","adYFCmeY9AC6RMqvUSQvDE","adYRcUY+BBtLfLrrT8+8u8","adfyrTXmdAY7zAwmCJUKQW","aeMSLyLixAHJo6mMPe3rIg","aeRwmUrXZFsZ2nK0OeYU6a","aeUaNWFrhKgqYb/B1JVs3B","aekF4kA4dICYl0vaZZWlRc","afA5iTCrRPQKjSBNn+rSex","afVCWQI2hMaqhA+m5tv2mc","af9/ec8kVCGoqovemau8e3","b0CNK5wplMrpXBdFKcJME4","b0SDJuhWVN1YPjWX3y1XxP","b0lmsxG3xL+Z8vBKvbKp7q","b1FWPjsqJFQb1mF8DuI/mG","b1jH9Lb7JCZKtlLmKs5VQI","b2V10YPZhBMo5B2tANiTYB","b2g/OJwhtG8aOKW+6dGuMn","b2syHkOK9L9qWmRpwg2azF","b3oOwbr0JJn4eLFkQbL2JY","b3vAhS9iFF7pxE9/F3QxLB","b3wVbvS+lNOq1pXUiGHk7e","b4E7xoFGFCOK5ZjJdgvwdB","b4Sf1oD05DA4Jl7mbeBE8D","b4b2kWK2pFpJ0srWP5zQJs","b4dV977cJB06QkWbvzUrrK","b4lEYzubtP9Km2uu8/kYRK","b4nS4WhspCeJiWXC6qDI3I","b5L9cKHTtA2qO5hO/tP3me","b5QAjzHYZLOYcJ4m70VZbZ","b5hA7QWT1FTb9GwBEcswXv","b5v522wlZJ/r2omRry/huz","b59CDSXOdLAr9suGQWnaq6","b6el0KpHFHv6N8pg6coogt","b6lgoGLSZJCK35XdHotZc6","b7FyBajUdJvp1UK7lWQ+c5","b7lF/5OnRHRYKeLGodCexU","b7419MhdxNYY1CV9ibRprY","b7+aWQ+69GWas1d/YoWAkL","b8TpWfrIVCWLLiUosrsIiC","b9An99/zdHgZaMgSEBrbhP","b9QeKuOLJJRIylRJD4etaL","b9YoWCj59AFIa0u2nW4nRu","b9m/SbPhJKzqRlrhftYqS0","baBP19csNL8YrC5k9fV9RH","baI2U2IP5KopTWCoXCprIf","babXwOJjNLhpsvHixGPzO1","ba/Un8uCpExZ05Lky/AWH+","bbmxWdLk1Hko3sbU6O9wmx","bbmx3p9chCh7G2+YgMe9o3","bcRpE8oV1LK7E1LTXTYTb4","bcaeorrKpKMrd9kjuqzGjF","bcwmsxvOJCC42B6H0NN4O4","bc2O4Zs2pCbblzuxm/B7wY","bc6kbqnehOSLLx5PLhgBw7","bdAqN0IQVP3ZGOTVDJSDmi","bdPlVboA5FVpLW2+HzvzJh","bdQY8KHQhFJrPSZdb1bJ6p","beEI5MO/hD5J1jxbJ6H5eC","beub8BbS9C769FuB0gbJP9","bfhrJ9IsJJBre39ihYk8jZ","bfjxn4l/9NAKl8Qd6Uc6uH","bfn1tprENEB4Rw98fCItla","bfx7R+c55IVJJQfoxrxwjw","c0FltmauBDDZeChhrhVCsP","c0HERWzY5KF5+pM+gBUwFO","c1B7PLIPBAUbM8YxL08GBI","c1cratdiZL0b7YO120lpPF","c2qbxoV+1OeoCw5kv7fZeY","c2uzh7cjZMGKP9sH/lqcJW","c25K8oRhdLA70g8nd84qjh","c3VoEgTltO3J2HF0OQL23X","c3cjmq8apFuIkUVBk0jujh","c3qOBapctB+5hkejIn7PCz","c4CFip+GZOFq64B+Cltl7N","c4NafCj4hHz4mGaHWplhAe","c4UH4QK9hGspu+OUVXE7Uw","c4aJqg89pFR71mXJp89JlI","c4assz4LNB978vfsst4Nyj","c4eV+b9R1GHIzutJTsRwFo","c4kNOUFmBONJpSRFESaCo9","c4kbqpHaxAwYMHv9JLtRjM","c4qmWKn6ZL9L6vA0qrJpgy","c5MOBgt65Evr0+OhwgRqYs","c5WkUV6RlDi6n7mTYeG/Bh","c5bdZf9zlJY4aQBW5zCum8","c5h0iaQF1NkbGqv6Xpwe3J","c5yxd6sTBPhIL4OwZ6SrEd","c5zjnjPi9HgZNr4i9ZDTO2","c59i9XBBtHQ7srW5Bij1z6","c6DAjEuXpMgrICDXff0s0F","c6n12MyAFFO6aR0ATCZ8er","c6rWnxCbxDEq6f03E/qdz4","c6xy0rK05Bc7+Bf8++Nnf1","c7PERnJnhC94MXvORuPE3C","c8UmDKyJBMN6LaUzmanjiJ","c83TahqGdC64nYek3R8cg7","c9VupEoCxGbIrIXOJwwOth","c9/vJVB2dPz4ikUjCEfXk8","caBEhB31ZCdqWHuqJv3jf/","caDIwh/+9OUpTKFevVW78Q","caDl7c4ndGk58ObIOJXtnU","cagdTiXnlGOo5pDFfTMJxZ","cawdk5r7RHQbhuymDwP1EA","ca3yC0msNPNbnmbRnYYJ/2","cbXBzMIx5CHLKk4XpJlqsD","cbYkxwhg9DH5vB6GTELKLZ","cbkbK/kb1DEY7TK5J/eZyW","ccSkMB8qVGT7xUWnKm+4V+","ccmgqXj/NJgpMxsYgBazpw","ccxvc4oc5K8YJHGYV1NaBB","cc89P2VCZDD70/olpNkVZj","cdLIIy7ndAZZUIWHJD3NEb","cdPb4qdz9EaZjCznH7zpFS","cdb8rkf+RM769jjACpRror","cdcnCHZPVObJMXMBL59a2z","cdfsnEZr5LBp+jQWs3Qc1h","cdjFaxSAtKaqGhNFqi+JnP","cd092PksRCn4w5DoTF/Ked","ceSKBRnSdDCJQEwon/fcod","ceoCpM7idEG4P28u9oEF4S","ce6Ro7SqlPkrOaS95o0GoV","cfH/B5ErpNorWvT6aQgONd","cfMrZ324dOZK9jt4vsy3uk","cf8mJTl4tHKJNi5XzMH/nq","d0Wph/AJ1IQobbDHYnc7yt","d0WxcQYZ1JgLlYGeJUupbZ","d0hVNvYCBHZ6Y4AGj7ptJ6","d0h2cCmU1GrZxfXygzj88p","d0svnHkJpMDr45qzgHxXUh","d02hS3fJpIsJVBgsux2ShE","d1b+2Os0NBa6aiSsPguijQ","d10swRjNNGOJhtzsd1RahM","d2I8oPwcFL07W7VV9n992M","d2JWS1IPBOGK+bC7woPHjs","d2PQIXykFGYqu83yfOXi/V","d2TEzEIZNHt4K9VNq99dOR","d2sj8aPApMPrsl4BprmNhx","d3I3Nm9BpLbKGV6SeTc6kl","d35x/ICJdMOZWwDCZVqHo/","d4N7QdJOtLqbAY1A4gANo3","d4c1u3rj5NUL1SxNZUT6TH","d4oGBGCKBECaFeDelopziJ","d4oVaaf+NEyr8uIG7bZbUy","d4tTDS/TRMt7uXR9eJ67mE","d4xyUoB9RIdLzVWZnz1por","d47bfyTcRDCK3c8taIGy+1","d49vYhO69NVpmMqoRa3A0K","d5M0zN6DNJmZ72KrC+WUZ2","d53UB+QwRALo3s/PqYBKN/","d6CT3dVFtJXJbdgi72TToV","d6gOCAPgpGBozxjW+DJ7eH","d6g/tXX5VJQq0NlWTV2prE","d6jimv99FJXbsS9BEvg4Cl","d6w2sjD3tHi6P7bPTZbkPx","d7BX7YYU9AS61nhoEegvJG","d7FZacSvJG4pqLzanvejsI","d7HAeHIVVOB6EcrEo04st5","d7HcXh8/NIzpDV8zcrEtOJ","d7WiW+pDRIVIPNA8UprYo9","d7twrRZhxBtJTIXd4zWADe","d7vQmSUAJNtKpG/JIwdkmU","d7yEuopcRLMoaJFkjJDeni","d8Cyt7eeRKCY11zOBmxWKA","d8jAI8CaFNAKB10LHgbsSP","d8n4nLei1LSaZ9y7WV0T7w","d8u6EZidxNPquHrW59R/sp","d84ZPZFRpCVp/S2pQpNClo","d9HcDCRC5HW7z3wAInuPTS","d9PZRFoGFGlp4YBd5q2sPK","daTSEk729D44xYmjdTGUjD","daUYKMgtZCWoOXuA9tdQ4G","dacyDXV6RDlKpZvcA0YQfq","dbD/Ic58xHfolg4bN2RX7r","dbhjlUHFBDx7C7G+hMgDgQ","dcqWlpt9JFXZkRmVvCvhbg","ddT0ozd65Jq79iqh61Qxio","ddrkJ5MKVMbL5A+Bk8BBQ8","ddyCPN32tBGqse5tHzu5Gd","ddyoiwHPpAyY9nSu3h+4mJ","deex6mbaFGyqwZx54Vtdk5","deggG2BtBLq4wriuhh6pdK","dezC6Aty1I/6o0vx7oNnlA","dfGYmzHkNPhohaEQv2j4WO","dfTRw7ZTxGPqd6TuC/Cwf4","e0A3GhixlJBLT/pcLw/RfR","e0TcMTnAdAd4cFqEEIxmdy","e0WA+Tx8BBVqSHWSG1PPuv","e0lVaQf1NMVpDuenZqyzD2","e0ly8nhX1IZ4uUogfJQ5vd","e0u0NPV25I9bwZVUYQkOvf","e06BUUJZRJU7q1tfi4hAx9","e0+8lc2xBGo4/1/tlQ3Ssb","e1DgYTIEBLAbXwGzC+NEQt","e1LhvEaSZHLYHoCUMfub75","e1y+bmzgtJqId9E3d09vGq","e2Iuvv0UZEnZz+TKSlZxIV","e22sOoWg5PVLkK/BsUuR6L","e3Djze2wVNwIWOaHpyl9O8","e3Ut/N1GJFF5z1d/h48T3v","e3djMtgnxOUrpi4cN4K2if","e3tDaklt9KzI3ynCEOXcFb","e3viMhLexAtYVog51KHk6J","e35q+i9uRFG78oZxnLkyxT","e4FscLz6FKtac+9KGZZvyT","e4OtVLLHpMM4UgmdbvYjfw","e4Vptmm21JDI1VzRIeAcUe","e41WtyLSdCi55EgmANq74R","e43SnHentNuIxMQbK8F59o","e5QanB1OZPaK8zVIougfre","e5kQw7UVRDUaEJVUrUz7RN","e559Y5gEpMnrKHQPV2XaQ+","e6In1EFlVPD7O3bDvCr++S","e6arFaHW1EC4Af21XuKmI8","e6vHptIlZDA4KeHz9nJx6K","e7K38GHoNEfr4mqWbO0hMh","e7Q89tOBtHpLyOkgdGZblV","e7R0E1MCVHYa0g3lsFifZZ","e7jCX9pehJdqcAeLHJhtqA","e8N6RLHB1OO66TL6T+k+uW","e8YjmOI6hAz6eUXJoYpgLs","e8aQHwUlRJbojhxPjvip7h","e8iOU8nrpALZtwkRfiuEuf","e8v8SuvAJDb5XkmTwP1OVo","e8/bzPnj1E1YQ46PYrRcUP","e9NgCWSPVJgZa/caqL/Fz1","e9cMh7iztDLau0EsPjOMG5","e93HLr6sJPrLDpL5jZI+eP","e97GVMl6JHh5Ml5qEDdSGa","e98PUNwHpAKI4dSSdUjMqb","eaWuVaJvRCe6vOncUxT0y2","earFSKRwhJ/I/1mdOBoq+I","earuVL66FDjYm+MhA0BkQG","ea0fDhCl5J94hEAB7EsGkt","ea4o0+2sFER508f422H+fH","ebFm48Q2hF7bYMYRH8RS9r","ebXz5xBNNFuI8E5RCUZZSI","ebdSSpLFBJY6WwnEqHiTds","eblDBL/eBJQbIdqaqBjylT","ebpxhfSrRNe4ngaarhCvzh","eb5bi0J7pCn4nxP9YCxkKD","eb5qi0aOtJtJY4GKRndIXd","ecCTW49kJJYZX+93y4H/Sv","ecPXVuNWxHH6Neg/fb/BZ6","ecT25qV+NLDpF3UVHoUzb0","ecXoj2uftIJ4xJU72tF6bj","ecfi4nzPdJS4SDkgp8s8qB","ecfykq6uZJSYLJfts4t5tU","ecpdLyjvZBwrvm+cedCcQy","ecxscg65lN/7XAeAEtc2Ga","ec7I9y0/hD55846z4w/l50","edI7Epk4ZC6ZrIChnatAX9","edK18B8SZLn7nSATSA9Jv2","edS/0+OEpMJ4P0xmcKeEvP","edWXPJpKJHOKmK6Y2ODbXV","edXLdltrNF4qiwG3U+5OHg","edyaUPqxNLTrejsPf/lK+u","eePDJq2mFJ/K2rF7rKSIrh","eeYQE9rspAfIeozvyo93IM","eepYSUoRpJ3JhR9ODl9xyS","ee3ssLgLNAIJS/a39WL0Eh","ee7cLOR2BEearsDRisSA08","f0BIwQ8D5Ml7nTNQbh1YlS","f0sXxsBo1OPo8wG+QQdoSo","f1MCh4oDtKf7gmtvTxTLoL","f1ktKaeZZJjZg+QA0Xs6Fc","f2DHBJ3WNCJq7h0O9WV1LI","f2MnvVqz1Id6rCnfE1nkol","f2ovnW6CVMSLyfgMWpqKOB","f3GKMnu7VODrAhuFqq6MLi","f4hfDIO3xElp9T2M48LSn+","f4psvfiV9PEbGVbUNt6piP","f4uQe08rxIQa0vQJmQS+x8","f5PeDt4gZMrqJNQGcfIZ1O","f5k/yKyCtG6a2FB+k+7K9m","f5tNhOJltLjLtQNTlILkUL","f506Nmqb5A9IezQX70F0CM","f5/GdGesBDAoZP3pqZtkSC","f6MwhsD+lFiLvQL334zn+D","f660G+Az9Gwq4CpeI7LL+O","f667gq2jhPK401fClUgGRQ","f7QQSpKudEY5+0kmd1OchV","f7URHT8PhF6ZoR3/WwoKwn","f7fNb0zv1NO6/gVDizWwZc","f7uP5L/LxNT7VOnNTuMo4L","f8GhX1wV9JxpVZzwI/n5L+","f8aD25LDpIBbmhYoTPHzOt","f8m9CvWbBH3YEHzVnh1p+Y","f8sjiTaURIxqc8drUTqAjF","f8y1RDrPRMca7ynzR7jvLX","f9S81unb1PdKYY9IZazTcG","f9ena64JZCOIYFr65J2GRT","f9ryVEKMlE7bSk6C8ADViS","f9+XbGyWFHCpuQclyKVNXL","faKh+adMpG/5NpE1fG58Hz","faLuWQ8XBBRalM+Ctzonio","faQyCNG29INaOPIemsU0Mh","faTLRk4ZBKK6SZSvFwP9un","faiD92121BMoQ4Kwn16jA/","fbNuAKo55CO4dm4TPAqWAQ","fbsjNdZ79E+IwVSFPjPOWl","fcGRTj+dVPD6smSHyOTMAZ","fcQBTguRFNwLsu503c3l//","fcWpxp/ldOVpXBJbRD76Gz","fcYBTew7tBqaUym9W9hwZr","fcb2AYNgBJL4I3GC3bFGGG","fcfzLo5ENBWqzLaB5HmrfV","fc1nxXchJGK7B2osbpaKn6","fc6skxAcJMMp/l5UZ51cNe","fdfZm5FYRJu62IRrTYVLIL","feFfz0stFP9Ik+YT0O+7Cr","feeZaLndZEVZIOFNOT81Dn","feg1rbFmpM57o3I57Ap9ps","fez8z/yNlIdJfwqlGt1G2i","ffSa/FHGtMzZmRUBHh9Iaw"],"scenes":{"db://assets/Bundle/MuaDongVoTan/MuaDongVoTan.fire":229},"redirect":[421,0,478,1,604,2,617,2,723,1,860,0,997,0,1128,0,1142,0,1148,1,1162,0,1176,2],"deps":["resources","internal","main"],"packs":{"01303994d":[624,1191],"0177c0d26":[282,292,312,395,455,462,466,489,516,595,656,665,707,717,802,928,989,1005,1029,1115,1208],"017d51b3c":[661,841,1144],"0197deb96":[643,204,987,1188],"01e723351":[283,305,326,389,403,436,479,482,511,557,572,653,666,695,703,763,767,769,891,1006,1050,1086,1094,1160,1175,1183],"01f676702":[652,1200],"0261b2bbd":[205,760,1046],"0277c61e7":[201,668,728,817,889,1134],"0287c5d2c":[819,901,1166],"02d95afc5":[302,330,335,380,420,476,507,509,589,625,629,658,692,742,892,897,913,922,1032,1184],"034c659ce":[500,552,558,570,587,601,615,621,738,755,779,887,912,934,1096,1135,1153,1158,1159,1195,1204],"034f99822":[318,346,385,388,161,515,545,549,551,654,696,699,710,885,983,998,1001,1020,1041,1107,1168],"038296757":[207,770],"0385222d3":[567,649,747,772,875,977,995,1000,1019,1102,1113,1117,1146,1155,1207,1213],"0417ab6a2":[279,307,328,397,400,483,504,610,635,673,674,683,873,907,908,915,976,992,994,1002,1047,1087,1105,1123,1181,1197],"041879606":[321,324,402,417,451,540,651,835,898,965,1040,272],"0443c4140":[390,433,524,530,607,627,628,821,1048,1133,1156],"047dd0740":[281,295,329,343,349,352,355,359,365,381,384,475,532,537,581,634,646,713,733,778,840,894,978,980,996,1064,1072,1171],"0498a047b":[297,303,311,447,484,494,501,546,565,573,600,758,794,920,970,254,1049,1122],"049e9d9a8":[320,347,354,360,382,405,407,480,502,560,630,736,811,853,868,942,948,986,1121,1141,1179],"04a0ce6d1":[364,725,836,864],"04a3b55ad":[348,490,555,776,793,818,843,896,916,964,1069,1091,1199],"04be6ece0":[684,715,730,813,899,933,1059,1089],"04c541858":[298,339,357,362,363,449,452,465,473,508,521,539,553,642,675,782,799,822,863,945,954,1031,1081,1093,1095,1111,1114,1116,1149,1151],"04e1c14d3":[325,334,416,442,467,561,575,633,688,693,719,720,743,748,808,816,876,880,988,1078,1083,1154,1198],"04f10a4d5":[336,342,375,523,608,613,676,740,228,854,926,939,1026,1082,1097,1100,1118],"057866b9c":[631,722,1004],"05cccbd5d":[370,647],"05db147a9":[514,580,614],"060ab5a6b":[308,313,323,337,344,351,373,440,457,481,550,566,677,766,990,1003,261,1099,1125,1174,1193],"0644b6df3":[163,869,917],"064b469b0":[304,316,450,453,477,536,598,694,741,752,783,801,810,824,833,972,1043,1164,1187,1212],"065f2d4c1":[293,296,399,410,415,441,445,459,522,543,563,590,636,729,731,788,838,839,849,867,881,890,923,938,961,974,1051,1068,1165,1172,1182,1203],"066a9c193":[2,3,4,6,9,10,11,12,14,18,21,22,23,26,27,28,29,30,31,34,36,38,40,42,43,46,48,51,54,55,58,59,61,64,66,68,69,70,71,72,74,75,76,77,78,79,80,81,84,85,86,89,90,91,93,94,237,96,97,98,101,102,103,108,109,111,112,114,115,116,119,120,122,125,127,129,132,133,135,136,274,138,143],"06e328be3":[829,1170],"0739afdf0":[287,317,345,376,430,471,499,513,583,704,749,750,804,827,895,905,999,1054,1143,1169,1209],"075090731":[670,1028,1056],"07738eb47":[474,1178],"07f276933":[174,708,877],"080dae7a3":[503,637,211,785,918,1065],"08492d21f":[398,422,438,495,618,667,716,795,814,865,925,952,1030],"08773eb10":[341,372,428,431,525,528,564,594,611,681,727,732,855,927,266,1180],"0887f0f5c":[147,1009],"090dddc66":[340,361,386,409,444,496,512,517,616,622,678,698,712,787,800,845,857,872,943,946,947,957,1052,1060,1066,1101,1103],"093bde140":[0,1,5,7,8,158,16,17,435,19,20,24,25,175,180,32,33,187,39,41,191,44,45,47,52,53,198,56,57,60,62,63,65,67,73,826,82,83,229,87,88,92,242,243,99,941,950,247,104,107,110,113,117,118,121,123,124,128,130,134,137,275,139,140,141],"0955d0d70":[288,310,353,356,426,520,556,593,639,671,685,709,714,777,825,879,909,940,958,1077],"0965bd45c":[300,309,350,412,531,533,571,603,626,648,663,691,850,874,914,951,979,981,1070,1129,1140,1185,1196,1202,1214],"0993e62c0":[286,315,374,379,497,506,510,588,592,596,606,638,645,672,680,753,762,798,812,842,886,931,1079,1190,1211],"0a0267980":[737,1132],"0a24b2a0b":[544,1021],"0a8f6a4b8":[576,584,619,641,258,1137],"0ab070ecf":[176,764],"0ab2729ea":[418,429,437,486,488,518,655,664,697,757,852,906,1136,1192],"0ae9b0c6c":[285,299,368,383,401,419,425,439,485,491,505,756,870,878,911,985,1012,1015,1092,1106],"0b837a76d":[165,185,200,202,248],"0bf540b9a":[289,291,301,314,319,332,358,377,387,554,577,620,739,771,796,828,856,866,883,937,955,969,1038,1055,1084,1119,1147,1152,1194,1206],"0c30fec97":[427,470,493,548,578,669,705,724,832,848,924,929,944,967,975,984,1034,1035,1036,1053,1098,1130,1145],"0c37799ef":[306,408,612,711,837,846,861,884,900,902,932,971,1007,1013,1016,1074,1088,1124,1173,1189,1205],"0c40bbae0":[423,527,609,759,784,815,919,962,991,1061,1067,1080,1108,1112,1210],"0cbcc04c0":[547,225],"0d1956057":[746,1109],"0d4e21774":[322,331,366,371,392,404,432,434,458,460,582,623,644,650,721,773,791,797,859,893,903,1027,1045,1062,1075,1120,1138],"0da625b8f":[280,327,414,498,534,568,602,605,660,662,679,689,700,702,734,735,761,765,775,935,960,973,1018,1023,1025,1037,1039,1042,1057,1104,1201],"0dbc4a4d4":[535,574,599],"0e0d720bd":[333,378,424,443,454,492,803,963,982,1017,1090,1167],"0e2033d9a":[632,659,224],"0e4b9315d":[164,246],"0ec5c59c7":[394,464,542,579,585,640,657,687,718,726,806,807,820,844,904,936,250,1010,1022,1033,1063],"0ecfb7835":[393,396,406,411,446,461,463,487,526,597,686,751,754,790,847,851,858,882,888,956,966,1110,1139,1163,1177,1186],"0ed3fefff":[468,193],"0f7f3b0f1":[166,173,219,233,245],"0fa751a95":[469,529,562,569,682,701,831,993,1058,1071,1150,1161],"0fc1aaa64":[294,338,369,413,448,456,472,519,538,541,559,586,690,744,745,768,781,786,805,809,823,862,871,959,1011,1024,1044,1073,1076,1126],"0fc805187":[169,189,226,253,262],"0fd736f38":[284,367,391,591,706,780,789,792,830,834,910,930,949,953,1008,1085]},"name":"54","importBase":"import","nativeBase":"native","debug":false,"isZip":false,"encrypted":false,"versions":{"import":["01303994d","78e9a","0177c0d26","2ca32","017d51b3c","38189","0197deb96","f1137",144,"6842b","01e723351","e3bbb",145,"78c65","01f676702","f9855","0261b2bbd","4c71b","0277c61e7","d883c","0287c5d2c","662a5","02d95afc5","bdedd","034c659ce","02e7d","034f99822","1d541","038296757","82bd7","0385222d3","5fa2a",290,"6d977","0417ab6a2","f94be","041879606","92d22","0443c4140","0a6f8","047dd0740","8f02e","0498a047b","87d09","049e9d9a8","94f38","04a0ce6d1","23f3b","04a3b55ad","76785","04be6ece0","470ca","04c541858","6480d","04e1c14d3","ff52f","04f10a4d5","957e4",146,"5dd6b","057866b9c","75239",148,"cc038","05cccbd5d","933e0","05db147a9","e1395","060ab5a6b","2172d","0644b6df3","3f477","064b469b0","85d0e","065f2d4c1","494e1","066a9c193","dd402","06e328be3","9bd11",149,"fd1a4","0739afdf0","85c85","075090731","03d81","07738eb47","7b0a6","07f276933","a1096","080dae7a3","06b09","08492d21f","493c6","08773eb10","b8648","0887f0f5c","f3479","090dddc66","6d953","093bde140","134e4","0955d0d70","aadef","0965bd45c","69bb8","0993e62c0","24c00","0a0267980","efe13","0a24b2a0b","69052",150,"ff8db","0a8f6a4b8","11a87","0ab070ecf","24a4c","0ab2729ea","f0259","0ae9b0c6c","755ab","0b837a76d","50312","0bf540b9a","31970","0c30fec97","93ff9","0c37799ef","8d816","0c40bbae0","f0dc7",151,"38fa9","0cbcc04c0","0072e","0d1956057","6dc4f","0d4e21774","89f7f","0da625b8f","c1f08","0dbc4a4d4","deb5d","0e0d720bd","39a90","0e2033d9a","a700b","0e4b9315d","47eeb","0ec5c59c7","3d8ae","0ecfb7835","382e6","0ed3fefff","e02bb","0f7f3b0f1","ac5f2","0fa751a95","34364","0fc1aaa64","8a521","0fc805187","1bcb9","0fd736f38","cbfc1",152,"7d134",153,"92b5c",154,"2f2d2",155,"c15e5",156,"9447f",157,"90e3e",159,"0e9cf",13,"519cb",160,"51297",162,"4771b",15,"8e470",167,"c5131",168,"4962d",170,"a4e76",171,"92c5c",172,"893a5",177,"3854a",178,"8ad21",179,"37462",181,"af69b",182,"58444",183,"18aae",184,"5b583",186,"63eb2",35,"9931a",37,"6da7b",188,"3ec2d",190,"5fe1f",192,"e3c1c",194,"046e8",195,"7933e",196,"0d6bd",49,"96565",197,"c5f32",50,"278d8",199,"e6ded",203,"09769",206,"0ba00",208,"947db",209,"e77e7",210,"074ae",212,"0a547",213,"75144",214,"3509b",215,"e0ec3",216,"1c634",217,"f7901",774,"40275",218,"7e644",220,"64b11",221,"7095e",222,"62617",223,"19dcd",227,"3f55c",230,"c64c6",231,"fd7fe",232,"37a13",234,"c0710",235,"f4f86",236,"df30f",238,"e43fc",95,"8261b",239,"a61a9",240,"9a4d5",241,"e8a4f",921,"c6bf6",244,"e1f6a",100,"5b13d",249,"276f7",105,"fd577",106,"89818",251,"ce5e0",252,"8842c",968,"63933",255,"16284",256,"7de0f",257,"42dc7",259,"fca54",1014,"8e2b1",260,"e4594",263,"b1360",264,"b7969",265,"b16a2",267,"f40a9",126,"73f73",268,"6125a",131,"182ce",269,"adacd",270,"ebb44",271,"2fe6f",1127,"f84b9",1131,"35514",273,"b66ab",1157,"d418a",276,"64883",142,"3a13f",277,"588a3",278,"4710e"],"native":[0,"ac176",1,"d27a1",2,"7b59d",3,"c3bdd",4,"0c4ff",5,"0864c",6,"3e284",7,"0e0aa",8,"043fb",9,"5ec3f",10,"e4621",11,"cef89",12,"b87c7",13,"4d21e",14,"679db",15,"f19ca",16,"500dc",17,"8e6c4",18,"608ea",19,"7f9a1",20,"1e645",21,"c9f1d",22,"79c86",23,"1d351",24,"d5e92",25,"91c08",26,"e7b47",27,"f4c9d",28,"4345d",29,"b3585",30,"d4f56",31,"ce996",32,"e4390",33,"34d27",34,"20d01",35,"4d21e",36,"16b20",37,"f19ca",38,"abcb7",39,"55f44",40,"b59fd",41,"52a27",42,"c651f",43,"17f00",44,"dfb8b",45,"ee44d",46,"a7521",47,"11d71",48,"a00ad",49,"f19ca",50,"f19ca",51,"38732",52,"37985",53,"c8198",54,"32312",55,"610bd",56,"e4959",57,"4be92",58,"6cadd",59,"a484f",60,"6b21b",61,"af07f",62,"b287b",63,"0e0d8",64,"b61b0",65,"babe8",66,"b3a63",67,"277df",68,"a3f1c",69,"3c2d4",70,"159d5",71,"ab2d2",72,"0211e",73,"a9d1c",74,"db4bc",75,"50055",76,"cd0c9",77,"61841",78,"7de88",79,"cc8d6",80,"ce083",81,"70db7",82,"fe2ea",83,"8cb2d",84,"0e8be",85,"a86ae",86,"b358a",87,"d390f",88,"abf59",89,"a08bd",90,"1fb18",91,"350e9",92,"8a56e",93,"b5c76",94,"84b31",237,"4bdbb",95,"f19ca",96,"2ed41",97,"2bf5b",98,"62618",99,"bf3c7",100,"4d21e",101,"82336",102,"6d544",103,"162f6",104,"8aeac",105,"f19ca",106,"f19ca",107,"2be8c",108,"ffb90",109,"beb53",110,"48b2b",111,"9b492",112,"c53ab",113,"9ee27",114,"3adc9",115,"05820",116,"9fc41",117,"3e45d",118,"f3dfc",119,"6b1a5",120,"337cf",121,"79c0c",122,"46d4f",123,"9a843",124,"1b84b",125,"1d55a",126,"f19ca",127,"40091",128,"302d7",129,"f090a",130,"f438a",131,"f19ca",132,"5030c",133,"dde71",134,"c3f38",135,"a9c7c",136,"1c884",137,"76159",274,"284a9",138,"48c9d",139,"d25c7",140,"b805e",141,"1c379",142,"f19ca",143,"74052"]}}