[1,["e6mWAY101MfJqqX0TU05vb"],["_textureSetter"],["cc.SpriteFrame"],0,[[[{"name":"14","rect":[562,168,23,23],"offset":[0,0],"originalSize":[23,23],"capInsets":[0,0,0,0]}],[0],0,[0],[0],[0]],[[{"name":"lineLSP","rect":[1044,2,954,151],"offset":[0,0],"originalSize":[954,151],"capInsets":[0,0,0,0]}],[0],0,[0],[0],[0]],[[{"name":"17","rect":[597,194,23,23],"offset":[0,0],"originalSize":[23,23],"capInsets":[0,0,0,0]}],[0],0,[0],[0],[0]],[[{"name":"6","rect":[692,168,23,23],"offset":[0,0],"originalSize":[23,23],"capInsets":[0,0,0,0]}],[0],0,[0],[0],[0]],[[{"name":"btnXingau1","rect":[1044,156,161,65],"offset":[0,0],"originalSize":[161,65],"capInsets":[0,0,0,0]}],[0],0,[0],[0],[0]],[[{"name":"4","rect":[666,168,23,23],"offset":[0,0],"originalSize":[23,23],"capInsets":[0,0,0,0]}],[0],0,[0],[0],[0]],[[{"name":"15","rect":[571,194,23,23],"offset":[0,0],"originalSize":[23,23],"capInsets":[0,0,0,0]}],[0],0,[0],[0],[0]],[[{"name":"lineBoder2","rect":[2,2,1039,163],"offset":[0,0],"originalSize":[1039,163],"capInsets":[0,0,0,0]}],[0],0,[0],[0],[0]],[[{"name":"btnXingau2Unsellect","rect":[1536,156,161,65],"offset":[0,0],"originalSize":[161,65],"capInsets":[0,0,0,0]}],[0],0,[0],[0],[0]],[[{"name":"btnXingau3","rect":[1700,156,161,65],"offset":[0,0],"originalSize":[161,65],"capInsets":[0,0,0,0]}],[0],0,[0],[0],[0]],[[{"name":"btnXingau2","rect":[1372,156,161,65],"offset":[0,0],"originalSize":[161,65],"capInsets":[0,0,0,0]}],[0],0,[0],[0],[0]],[[{"name":"3","rect":[640,168,23,23],"offset":[0,0],"originalSize":[23,23],"capInsets":[0,0,0,0]}],[0],0,[0],[0],[0]],[[{"name":"13","rect":[545,194,23,23],"offset":[0,0],"originalSize":[23,23],"capInsets":[0,0,0,0]}],[0],0,[0],[0],[0]],[[{"name":"16","rect":[588,168,23,23],"offset":[0,0],"originalSize":[23,23],"capInsets":[0,0,0,0]}],[0],0,[0],[0],[0]],[[{"name":"12","rect":[536,168,23,23],"offset":[0,0],"originalSize":[23,23],"capInsets":[0,0,0,0]}],[0],0,[0],[0],[0]],[[{"name":"btnXingau1Unsellect","rect":[1208,156,161,65],"offset":[0,0],"originalSize":[161,65],"capInsets":[0,0,0,0]}],[0],0,[0],[0],[0]],[[{"name":"8","rect":[718,168,23,23],"offset":[0,0],"originalSize":[23,23],"capInsets":[0,0,0,0]}],[0],0,[0],[0],[0]],[[{"name":"btnXingau3Unsellect","rect":[1864,156,161,65],"offset":[0,0],"originalSize":[161,65],"capInsets":[0,0,0,0]}],[0],0,[0],[0],[0]],[[{"name":"cauden","rect":[744,168,23,23],"offset":[0,0],"originalSize":[23,23],"capInsets":[0,0,0,0]}],[0],0,[0],[0],[0]],[[{"name":"5","rect":[675,194,23,23],"offset":[0,0],"originalSize":[23,23],"capInsets":[0,0,0,0]}],[0],0,[0],[0],[0]],[[{"name":"10","rect":[510,168,23,23],"offset":[0,0],"originalSize":[23,23],"capInsets":[0,0,0,0]}],[0],0,[0],[0],[0]],[[{"name":"18","rect":[614,168,23,23],"offset":[0,0],"originalSize":[23,23],"capInsets":[0,0,0,0]}],[0],0,[0],[0],[0]],[[{"name":"9","rect":[727,194,23,23],"offset":[0,0],"originalSize":[23,23],"capInsets":[0,0,0,0]}],[0],0,[0],[0],[0]],[[{"name":"cautrang","rect":[753,194,23,23],"offset":[0,0],"originalSize":[23,23],"capInsets":[0,0,0,0]}],[0],0,[0],[0],[0]],[[{"name":"7","rect":[701,194,23,23],"offset":[0,0],"originalSize":[23,23],"capInsets":[0,0,0,0]}],[0],0,[0],[0],[0]],[[{"name":"11","rect":[519,194,23,23],"offset":[0,0],"originalSize":[23,23],"capInsets":[0,0,0,0]}],[0],0,[0],[0],[0]]]]