[1,["d5CUAxiK5BabY4whrZ3KvK","4b5CpcBLlOcImaDQGpgPYZ","3cygBsxKBDX4zbDmwTRWKT","b8CQ5dCklKs5vveTr3R298","3cb9TL+QhBVr4oEhrnIS0t","b8kLw3+rlGO5n8s3EuRIr+","b3/jcojIFIuanKczsIkI1o","25362kNHRNipsfhM7g6RZ/","fe0oztIMtAzpzlhwXkuVsP","9dOiBGkqpCSZ5HgH5bBl+E","a40uUzO85MKq+REG/tt40L","cfmaLLgfpNmYGTY+TZENw0","9fCB0d229HcIC5oZXzXm1I","86IH11pDxJhpgANPjh0JGp","ca4915sgBEII2TWf54iMfB","88I3LAALpPRZCUmtpyfbAC","aeiIvBA5BDv4f9BSPaqBHw","f3tEsNfulEF5iCnnC1kE04","f6fSEIqERIr5hQsWUQIgR7"],["value"],[["cc.AnimationClip",["_name","_duration","speed","curveData"],0,11]],[[0,0,1,2,3,4]],[[0,"spin_sand2",0.31666666666666665,0.5,[{},"comps",11,[{},"cc.Sprite",11,[{},"spriteFrame",12,[[[{"frame":0},"value",6,0],[{"frame":0.016666666666666666},"value",6,1],[{"frame":0.03333333333333333},"value",6,2],[{"frame":0.05},"value",6,3],[{"frame":0.06666666666666667},"value",6,4],[{"frame":0.08333333333333333},"value",6,5],[{"frame":0.1},"value",6,6],[{"frame":0.11666666666666667},"value",6,7],[{"frame":0.13333333333333333},"value",6,8],[{"frame":0.15},"value",6,9],[{"frame":0.16666666666666666},"value",6,10],[{"frame":0.18333333333333332},"value",6,11],[{"frame":0.2},"value",6,12],[{"frame":0.21666666666666667},"value",6,13],[{"frame":0.23333333333333334},"value",6,14],[{"frame":0.25},"value",6,15],[{"frame":0.26666666666666666},"value",6,16],[{"frame":0.2833333333333333},"value",6,17],[{"frame":0.3},"value",6,18]],11,11,11,11,11,11,11,11,11,11,11,11,11,11,11,11,11,11,11]]]]]],0,0,[0,0,0,0,0,0,0,0,0,0,0,0,0,0,0,0,0,0,0],[0,0,0,0,0,0,0,0,0,0,0,0,0,0,0,0,0,0,0],[0,1,2,3,4,5,6,7,8,9,10,11,12,13,14,15,16,17,18]]