[1,["d3ZJoRqaxEX5IIJJJlddJ5","10ViiYirxOgbvRklzoBk04","2foqc214NDiLMyyI+LtGHV","4cLp3cQFlBc7qqk0BKXnKP","55huvrfUFKnL8fSL4+L1ks","3fb4xzAl5E+awNrMEWaBwy","87xMLoFnxII5uGNFFC6PKm","37+VodaF9MfLrEm2pjeNcD","60F5+UW1BO2LYQtdoCx9wK","dem03bMUpE/pWCW3UtvM5m","c65TVJvhBNxYya6DAJm+cQ","d3InpsE/dE1YVKXsdWJE2D","660ltNMxhEqY1y643JzfRx","39JFlaR1dKn5SCPqZqTttM","83KXQsBBRG74v6+gBbpOMt","95sYRLLb9FkaRjgljLGWty","ebw4Pn2XVAmp5Frzv5I1Gj","57sJIR4A1AqJ3R6G5MIiB9","6d1MleY81Mz495w2Zb31Y4","500jXKU+pJO4rtOeaErP/s","85tqpujq1LSZ2dbe1Uvqtu","d083pW3zdLtrWaT2vHl0Fd","02DW90A6RGgZ2Sz8sKcc0u","89jN36RkRJGrhnnU39ZFfo","cdKpIZbTBDKr1eRDOCEZ3f","6eP/qixyNJP5AkEQKJCyog","4b0C1p1spJ3rpsJL1exPNB","a0JQTgF4FIrZ2RCOwGJ+bu","12GospibdGhryudf0cON0u","6eAr3eNwtNRLp8DKgTSSKb","17OzGbzRxJNoqtguiUVodv","bf1d+luC9OrrfXNA6cPtMp","25JX30eW9Gc6OIrffj+DxM","6dMDtKjzBAAqgbWYGp6dsY","549xxZkKdHj7Havb5d4S4p"],["_textureSetter","btm_ankh_blur","btm_ankh","btm_cat_shad","btm_block_blur","btm_jar","btm_anubis_blur","btm_horus_blur","btm_ibis_blur","btm_pharaoh","s_btm_wild_blur","btm_cat","s_btm_wild_shad","btm_pharaoh_blur","btm_snake_shad","btm_pharaoh_shad","btm_ibis","btm_cross","btm_jar_shad","btm_horus_shad","btm_cross_blur","btm_eye","btm_ankh_shad","btm_eye_blur","btm_cross_shad","btm_cat_blur","btm_block","btm_anubis_shad","btm_ibis_shad","btm_eye_shad","btm_jar_blur","btm_snake_blur","btm_horus","btm_snake","btm_anubis"],["cc.SpriteFrame",["cc.SpriteAtlas",["_name","_spriteFrames"],2,11]],[[1,0,1,2]],[[[{"name":"btm_ankh_shad","rect":[149,1017,109,130],"offset":[1,9],"originalSize":[221,174],"rotated":1,"capInsets":[0,0,0,0]}],[0],0,[0],[0],[0]],[[{"name":"btm_ankh_blur","rect":[432,97,68,96],"offset":[0,-1],"originalSize":[158,124],"capInsets":[0,0,0,0]}],[0],0,[0],[0],[0]],[[{"name":"btm_ibis_shad","rect":[1,165,183,150],"offset":[-5,3],"originalSize":[221,174],"capInsets":[0,0,0,0]}],[0],0,[0],[0],[0]],[[{"name":"btm_jar_blur","rect":[432,1,70,94],"offset":[0,-3],"originalSize":[158,124],"capInsets":[0,0,0,0]}],[0],0,[0],[0],[0]],[[{"name":"btm_horus","rect":[174,616,163,142],"offset":[0,-7],"originalSize":[221,174],"capInsets":[0,0,0,0]}],[0],0,[0],[0],[0]],[[{"name":"btm_ankh","rect":[1,1263,91,112],"offset":[1,-2],"originalSize":[221,174],"rotated":1,"capInsets":[0,0,0,0]}],[0],0,[0],[0],[0]],[[{"name":"btm_horus_blur","rect":[257,1155,116,114],"offset":[0,-4],"originalSize":[158,124],"capInsets":[0,0,0,0]}],[0],0,[0],[0],[0]],[[{"name":"btm_pharaoh_blur","rect":[131,1128,110,124],"offset":[1,0],"originalSize":[158,124],"rotated":1,"capInsets":[0,0,0,0]}],[0],0,[0],[0],[0]],[[{"name":"btm_jar","rect":[375,1161,97,110],"offset":[0,-3],"originalSize":[221,174],"rotated":1,"capInsets":[0,0,0,0]}],[0],0,[0],[0],[0]],[[{"name":"btm_block","rect":[222,1,208,163],"offset":[0,0],"originalSize":[246,193],"capInsets":[0,0,0,0]}],[0],0,[0],[0],[0]],[[{"name":"btm_cat_shad","rect":[345,506,151,166],"offset":[-3,4],"originalSize":[221,174],"rotated":1,"capInsets":[0,0,0,0]}],[0],0,[0],[0],[0]],[[{"name":"btm_horus_shad","rect":[186,166,173,156],"offset":[0,6],"originalSize":[221,174],"capInsets":[0,0,0,0]}],[0],0,[0],[0],[0]],[[{"name":"btm_anubis","rect":[1,625,157,146],"offset":[0,-3],"originalSize":[221,174],"capInsets":[0,0,0,0]}],[0],0,[0],[0],[0]],[[{"name":"btm_block_blur","rect":[316,791,150,134],"offset":[0,0],"originalSize":[176,138],"capInsets":[0,0,0,0]}],[0],0,[0],[0],[0]],[[{"name":"btm_cross","rect":[308,927,139,112],"offset":[0,0],"originalSize":[221,174],"capInsets":[0,0,0,0]}],[0],0,[0],[0],[0]],[[{"name":"btm_ibis_blur","rect":[281,1041,124,112],"offset":[-4,-5],"originalSize":[158,124],"capInsets":[0,0,0,0]}],[0],0,[0],[0],[0]],[[{"name":"s_btm_wild_shad","rect":[1,1,219,162],"offset":[0,6],"originalSize":[221,174],"capInsets":[0,0,0,0]}],[0],0,[0],[0],[0]],[[{"name":"btm_snake","rect":[349,368,161,136],"offset":[0,-10],"originalSize":[221,174],"capInsets":[0,0,0,0]}],[0],0,[0],[0],[0]],[[{"name":"btm_jar_shad","rect":[1,1030,115,128],"offset":[0,7],"originalSize":[221,174],"rotated":1,"capInsets":[0,0,0,0]}],[0],0,[0],[0],[0]],[[{"name":"btm_eye_shad","rect":[174,494,169,120],"offset":[2,9],"originalSize":[221,174],"capInsets":[0,0,0,0]}],[0],0,[0],[0],[0]],[[{"name":"btm_cat_blur","rect":[407,1041,100,118],"offset":[-2,-3],"originalSize":[158,124],"capInsets":[0,0,0,0]}],[0],0,[0],[0],[0]],[[{"name":"btm_snake_shad","rect":[361,195,171,150],"offset":[-1,3],"originalSize":[221,174],"rotated":1,"capInsets":[0,0,0,0]}],[0],0,[0],[0],[0]],[[{"name":"btm_cross_blur","rect":[239,1271,100,96],"offset":[0,0],"originalSize":[158,124],"capInsets":[0,0,0,0]}],[0],0,[0],[0],[0]],[[{"name":"btm_anubis_blur","rect":[1,1147,114,118],"offset":[0,-2],"originalSize":[158,124],"rotated":1,"capInsets":[0,0,0,0]}],[0],0,[0],[0],[0]],[[{"name":"btm_eye_blur","rect":[375,1260,110,86],"offset":[1,-1],"originalSize":[158,124],"capInsets":[0,0,0,0]}],[0],0,[0],[0],[0]],[[{"name":"btm_pharaoh_shad","rect":[1,459,171,164],"offset":[1,5],"originalSize":[221,174],"capInsets":[0,0,0,0]}],[0],0,[0],[0],[0]],[[{"name":"btm_anubis_shad","rect":[176,324,171,168],"offset":[0,2],"originalSize":[221,174],"capInsets":[0,0,0,0]}],[0],0,[0],[0],[0]],[[{"name":"btm_snake_blur","rect":[121,1240,116,110],"offset":[-1,-7],"originalSize":[158,124],"capInsets":[0,0,0,0]}],[0],0,[0],[0],[0]],[[{"name":"s_btm_wild_blur","rect":[1,916,146,112],"offset":[-2,0],"originalSize":[158,124],"capInsets":[0,0,0,0]}],[0],0,[0],[0],[0]],[[{"name":"btm_cross_shad","rect":[339,659,157,130],"offset":[0,11],"originalSize":[221,174],"capInsets":[0,0,0,0]}],[0],0,[0],[0],[0]],[[{"name":"btm_eye","rect":[157,913,149,102],"offset":[2,-1],"originalSize":[221,174],"capInsets":[0,0,0,0]}],[0],0,[0],[0],[0]],[[{"name":"btm_cat","rect":[1,773,141,154],"offset":[-3,-8],"originalSize":[221,174],"rotated":1,"capInsets":[0,0,0,0]}],[0],0,[0],[0],[0]],[[{"name":"btm_pharaoh","rect":[160,760,151,154],"offset":[1,0],"originalSize":[221,174],"rotated":1,"capInsets":[0,0,0,0]}],[0],0,[0],[0],[0]],[[[0,"Alats6.plist",[{},"btm_ankh_blur",6,0,"btm_ankh",6,1,"btm_cat_shad",6,2,"btm_block_blur",6,3,"btm_jar",6,4,"btm_anubis_blur",6,5,"btm_horus_blur",6,6,"btm_ibis_blur",6,7,"btm_pharaoh",6,8,"s_btm_wild_blur",6,9,"btm_cat",6,10,"s_btm_wild_shad",6,11,"btm_pharaoh_blur",6,12,"btm_snake_shad",6,13,"btm_pharaoh_shad",6,14,"btm_ibis",6,15,"btm_cross",6,16,"btm_jar_shad",6,17,"btm_horus_shad",6,18,"btm_cross_blur",6,19,"btm_eye",6,20,"btm_ankh_shad",6,21,"btm_eye_blur",6,22,"btm_cross_shad",6,23,"btm_cat_blur",6,24,"btm_block",6,25,"btm_anubis_shad",6,26,"btm_ibis_shad",6,27,"btm_eye_shad",6,28,"btm_jar_blur",6,29,"btm_snake_blur",6,30,"btm_horus",6,31,"btm_snake",6,32,"btm_anubis",6,33]]],0,0,[0,0,0,0,0,0,0,0,0,0,0,0,0,0,0,0,0,0,0,0,0,0,0,0,0,0,0,0,0,0,0,0,0,0],[1,2,3,4,5,6,7,8,9,10,11,12,13,14,15,16,17,18,19,20,21,22,23,24,25,26,27,28,29,30,31,32,33,34],[1,2,3,4,5,6,7,8,9,10,11,12,13,14,15,16,17,18,19,20,21,22,23,24,25,26,27,28,29,30,31,32,33,34]],[[{"name":"btm_ibis","rect":[1,317,173,140],"offset":[-5,-7],"originalSize":[221,174],"capInsets":[0,0,0,0]}],[0],0,[0],[0],[0]]]]