[1,["918sOSHgZOC7z+hebOI6jK","ad8+vKU5tMXoht+KYvJeaw","d1rwRUhQ5Dhrarc2BmtGHX","5cG64a4MpHFLK7mYDh4YP/","f60GGMj/VHZbym9GPwA0iN","ed83pRK9dDcp5VwhGJDlnk","a8ci0UW+VDS7KYOaDmF8md","b5MXuYlcVOUoJ0JUnkX5SW","c9CpOzXYtIu4DYr29Ewjgb","c8YjnY5KVEppgOiXJPfV9k","a62CsoLLpEsKHkfyX98Tcf","9du+XgeHVKOIAuGeFo0WcA","72Fr+AmthKv4vmjNW0m+Yd","3cauLSONBOdZIPc+Tki1hN","5dXw9ILZtM645USm9P6I4q","acXPrFX2hDmKx41WzlTLfk","63jMwsLFFA1bx2lgkumczh","26kqqZyTpNC4qcGPfhrTgM","bb8x2MHmZNdrllpVWmiFEp","d2x4QkwJtParWiiQd+7+FC"],["value"],[["cc.AnimationClip",["_name","_duration","sample","wrapMode","curveData"],-1,11]],[[0,0,1,2,3,4,5]],[[0,"bw_vfx_f_screen_01_00",1,20,2,[{},"comps",11,[{},"cc.Sprite",11,[{},"spriteFrame",12,[[[{"frame":0},"value",6,0],[{"frame":0.05},"value",6,1],[{"frame":0.1},"value",6,2],[{"frame":0.15},"value",6,3],[{"frame":0.2},"value",6,4],[{"frame":0.25},"value",6,5],[{"frame":0.3},"value",6,6],[{"frame":0.35},"value",6,7],[{"frame":0.4},"value",6,8],[{"frame":0.45},"value",6,9],[{"frame":0.5},"value",6,10],[{"frame":0.55},"value",6,11],[{"frame":0.6},"value",6,12],[{"frame":0.65},"value",6,13],[{"frame":0.7},"value",6,14],[{"frame":0.75},"value",6,15],[{"frame":0.8},"value",6,16],[{"frame":0.85},"value",6,17],[{"frame":0.9},"value",6,18],[{"frame":0.95},"value",6,19]],11,11,11,11,11,11,11,11,11,11,11,11,11,11,11,11,11,11,11,11]]]]]],0,0,[0,0,0,0,0,0,0,0,0,0,0,0,0,0,0,0,0,0,0,0],[0,0,0,0,0,0,0,0,0,0,0,0,0,0,0,0,0,0,0,0],[0,1,2,3,4,5,6,7,8,9,10,11,12,13,14,15,16,17,18,19]]