[1,["41ufJRauNGCpVY80qvHiDE"],["_textureSetter"],["cc.SpriteFrame"],0,[[[{"name":"bw_vfx_f_screen_01_17","rect":[1636,1,316,491],"offset":[-22,3],"originalSize":[360,675],"capInsets":[0,0,0,0]}],[0],0,[0],[0],[0]],[[{"name":"bw_vfx_f_screen_01_13","rect":[1,1,298,539],"offset":[-31,38],"originalSize":[360,675],"rotated":1,"capInsets":[0,0,0,0]}],[0],0,[0],[0],[0]],[[{"name":"bw_vfx_f_screen_01_03","rect":[512,1221,306,519],"offset":[-27,1],"originalSize":[360,675],"rotated":1,"capInsets":[0,0,0,0]}],[0],0,[0],[0],[0]],[[{"name":"bw_vfx_f_screen_01_14","rect":[1,911,304,535],"offset":[-28,34],"originalSize":[360,675],"rotated":1,"capInsets":[0,0,0,0]}],[0],0,[0],[0],[0]],[[{"name":"bw_vfx_f_screen_01_16","rect":[538,609,302,541],"offset":[-29,31],"originalSize":[360,675],"rotated":1,"capInsets":[0,0,0,0]}],[0],0,[0],[0],[0]],[[{"name":"bw_vfx_f_screen_01_12","rect":[532,1531,308,533],"offset":[-26,37],"originalSize":[360,675],"rotated":1,"capInsets":[0,0,0,0]}],[0],0,[0],[0],[0]],[[{"name":"bw_vfx_f_screen_01_00","rect":[1111,305,306,511],"offset":[-27,5],"originalSize":[360,675],"rotated":1,"capInsets":[0,0,0,0]}],[0],0,[0],[0],[0]],[[{"name":"bw_vfx_f_screen_01_11","rect":[542,1,300,529],"offset":[-30,38],"originalSize":[360,675],"rotated":1,"capInsets":[0,0,0,0]}],[0],0,[0],[0],[0]],[[{"name":"bw_vfx_f_screen_01_10","rect":[1033,1225,304,561],"offset":[-28,18],"originalSize":[360,675],"rotated":1,"capInsets":[0,0,0,0]}],[0],0,[0],[0],[0]],[[{"name":"bw_vfx_f_screen_01_06","rect":[1081,613,304,543],"offset":[-28,7],"originalSize":[360,675],"rotated":1,"capInsets":[0,0,0,0]}],[0],0,[0],[0],[0]],[[{"name":"bw_vfx_f_screen_01_15","rect":[1,301,302,539],"offset":[-29,32],"originalSize":[360,675],"rotated":1,"capInsets":[0,0,0,0]}],[0],0,[0],[0],[0]],[[{"name":"bw_vfx_f_screen_01_01","rect":[538,913,306,515],"offset":[-27,5],"originalSize":[360,675],"rotated":1,"capInsets":[0,0,0,0]}],[0],0,[0],[0],[0]],[[{"name":"bw_vfx_f_screen_01_07","rect":[1055,919,304,551],"offset":[-28,7],"originalSize":[360,675],"rotated":1,"capInsets":[0,0,0,0]}],[0],0,[0],[0],[0]],[[{"name":"bw_vfx_f_screen_01_18","rect":[1626,494,316,497],"offset":[-22,3],"originalSize":[360,675],"capInsets":[0,0,0,0]}],[0],0,[0],[0],[0]],[[{"name":"bw_vfx_f_screen_01_09","rect":[542,305,302,567],"offset":[-29,9],"originalSize":[360,675],"rotated":1,"capInsets":[0,0,0,0]}],[0],0,[0],[0],[0]],[[{"name":"bw_vfx_f_screen_01_08","rect":[1073,1,302,561],"offset":[-29,8],"originalSize":[360,675],"rotated":1,"capInsets":[0,0,0,0]}],[0],0,[0],[0],[0]],[[{"name":"bw_vfx_f_screen_01_02","rect":[1,1217,306,509],"offset":[-27,-2],"originalSize":[360,675],"rotated":1,"capInsets":[0,0,0,0]}],[0],0,[0],[0],[0]],[[{"name":"bw_vfx_f_screen_01_19","rect":[1608,993,316,505],"offset":[-22,4],"originalSize":[360,675],"capInsets":[0,0,0,0]}],[0],0,[0],[0],[0]],[[{"name":"bw_vfx_f_screen_01_05","rect":[1,605,304,535],"offset":[-28,5],"originalSize":[360,675],"rotated":1,"capInsets":[0,0,0,0]}],[0],0,[0],[0],[0]],[[{"name":"bw_vfx_f_screen_01_04","rect":[1,1529,308,529],"offset":[-26,3],"originalSize":[360,675],"rotated":1,"capInsets":[0,0,0,0]}],[0],0,[0],[0],[0]]]]