[1,["4fpTdjHRpILq5MbaVaFTTh"],["_textureSetter"],["cc.SpriteFrame"],0,[[[{"name":"ib_vfx_a_add_11","rect":[1,1,175,183],"offset":[2,0],"originalSize":[191,199],"rotated":1,"capInsets":[0,0,0,0]}],[0],0,[0],[0],[0]],[[{"name":"ib_vfx_a_add_10","rect":[186,1,173,181],"offset":[2,1],"originalSize":[191,199],"rotated":1,"capInsets":[0,0,0,0]}],[0],0,[0],[0],[0]],[[{"name":"ib_vfx_a_add_16","rect":[1,633,137,105],"offset":[-17,1],"originalSize":[191,199],"capInsets":[0,0,0,0]}],[0],0,[0],[0],[0]],[[{"name":"ib_vfx_a_add_17","rect":[256,714,29,29],"offset":[35,-16],"originalSize":[191,199],"capInsets":[0,0,0,0]}],[0],0,[0],[0],[0]],[[{"name":"ib_vfx_a_add_14","rect":[1,492,139,151],"offset":[-16,-17],"originalSize":[191,199],"rotated":1,"capInsets":[0,0,0,0]}],[0],0,[0],[0],[0]],[[{"name":"ib_vfx_a_add_13","rect":[170,333,173,151],"offset":[3,-17],"originalSize":[191,199],"capInsets":[0,0,0,0]}],[0],0,[0],[0],[0]],[[{"name":"ib_vfx_a_add_00","rect":[140,633,27,41],"offset":[78,7],"originalSize":[191,199],"capInsets":[0,0,0,0]}],[0],0,[0],[0],[0]],[[{"name":"ib_vfx_a_add_06","rect":[333,593,163,153],"offset":[-11,4],"originalSize":[191,199],"capInsets":[0,0,0,0]}],[0],0,[0],[0],[0]],[[{"name":"ib_vfx_a_add_03","rect":[369,154,137,117],"offset":[21,3],"originalSize":[191,199],"rotated":1,"capInsets":[0,0,0,0]}],[0],0,[0],[0],[0]],[[{"name":"ib_vfx_a_add_04","rect":[369,1,151,127],"offset":[9,3],"originalSize":[191,199],"rotated":1,"capInsets":[0,0,0,0]}],[0],0,[0],[0],[0]],[[{"name":"ib_vfx_a_add_01","rect":[256,647,65,67],"offset":[59,1],"originalSize":[191,199],"rotated":1,"capInsets":[0,0,0,0]}],[0],0,[0],[0],[0]],[[{"name":"ib_vfx_a_add_12","rect":[1,178,173,153],"offset":[3,-17],"originalSize":[191,199],"capInsets":[0,0,0,0]}],[0],0,[0],[0],[0]],[[{"name":"ib_vfx_a_add_15","rect":[365,293,137,107],"offset":[-17,1],"originalSize":[191,199],"rotated":1,"capInsets":[0,0,0,0]}],[0],0,[0],[0],[0]],[[{"name":"ib_vfx_a_add_07","rect":[1,333,167,157],"offset":[-12,4],"originalSize":[191,199],"capInsets":[0,0,0,0]}],[0],0,[0],[0],[0]],[[{"name":"ib_vfx_a_add_02","rect":[169,647,95,85],"offset":[44,1],"originalSize":[191,199],"rotated":1,"capInsets":[0,0,0,0]}],[0],0,[0],[0],[0]],[[{"name":"ib_vfx_a_add_09","rect":[186,176,155,177],"offset":[-18,2],"originalSize":[191,199],"rotated":1,"capInsets":[0,0,0,0]}],[0],0,[0],[0],[0]],[[{"name":"ib_vfx_a_add_08","rect":[170,486,159,161],"offset":[-16,4],"originalSize":[191,199],"rotated":1,"capInsets":[0,0,0,0]}],[0],0,[0],[0],[0]],[[{"name":"ib_vfx_a_add_05","rect":[345,432,159,137],"offset":[0,3],"originalSize":[191,199],"rotated":1,"capInsets":[0,0,0,0]}],[0],0,[0],[0],[0]]]]