[1,["82Mbvw1WtD0JYxT3MUD+56","4coaqbjNxOPLFUGACFMEbm","94SXsJpcFGkYIrwQAzhF8l","7fJzel/WBJA51QZvjQL7fY","2auSQh6LVJMIeBdziYfUU4","75GsvGwdpM1qQEzxqx4iTA","232EULMf5Fkq0fsxEVN5iY","d8k6Dqq/FBZJJ6zekyPrC7"],["_textureSetter","info_flare_b","info_glow_f","info_glow_g","info_flare_a","info_glow_e","info_flare_c","info_glow_d"],["cc.SpriteFrame",["cc.SpriteAtlas",["_name","_spriteFrames"],2,11]],[[1,0,1,2]],[[[[0,"Alats29.plist",[{},"info_flare_b",6,0,"info_glow_f",6,1,"info_glow_g",6,2,"info_flare_a",6,3,"info_glow_e",6,4,"info_flare_c",6,5,"info_glow_d",6,6]]],0,0,[0,0,0,0,0,0,0],[1,2,3,4,5,6,7],[1,2,3,4,5,6,7]],[[{"name":"info_flare_b","rect":[1,653,278,223],"offset":[0,0],"originalSize":[278,223],"capInsets":[0,0,0,0]}],[0],0,[0],[0],[0]],[[{"name":"info_glow_e","rect":[1,327,324,71],"offset":[0,0],"originalSize":[324,71],"rotated":1,"capInsets":[0,0,0,0]}],[0],0,[0],[0],[0]],[[{"name":"info_glow_f","rect":[237,1,262,41],"offset":[0,0],"originalSize":[262,41],"rotated":1,"capInsets":[0,0,0,0]}],[0],0,[0],[0],[0]],[[{"name":"info_glow_d","rect":[74,327,318,158],"offset":[0,0],"originalSize":[318,158],"rotated":1,"capInsets":[0,0,0,0]}],[0],0,[0],[0],[0]]]]