[1,["bfIVUYFUJKUIzY83oN2UT7"],["_textureSetter"],["cc.SpriteFrame"],0,[[[{"name":"spin_vfx_a_18","rect":[1,685,178,104],"offset":[19,25],"originalSize":[250,250],"rotated":1,"capInsets":[0,0,0,0]}],[0],0,[0],[0],[0]],[[{"name":"spin_vfx_a_07","rect":[225,445,216,214],"offset":[7,-7],"originalSize":[250,250],"rotated":1,"capInsets":[0,0,0,0]}],[0],0,[0],[0],[0]],[[{"name":"spin_vfx_a_10","rect":[1,1,232,218],"offset":[9,0],"originalSize":[250,250],"capInsets":[0,0,0,0]}],[0],0,[0],[0],[0]],[[{"name":"spin_vfx_a_00","rect":[625,579,70,68],"offset":[3,-1],"originalSize":[250,250],"capInsets":[0,0,0,0]}],[0],0,[0],[0],[0]],[[{"name":"spin_vfx_a_04","rect":[629,403,174,174],"offset":[4,-3],"originalSize":[250,250],"capInsets":[0,0,0,0]}],[0],0,[0],[0],[0]],[[{"name":"spin_vfx_a_05","rect":[629,211,190,190],"offset":[6,-5],"originalSize":[250,250],"capInsets":[0,0,0,0]}],[0],0,[0],[0],[0]],[[{"name":"spin_vfx_a_15","rect":[219,221,222,192],"offset":[4,1],"originalSize":[250,250],"rotated":1,"capInsets":[0,0,0,0]}],[0],0,[0],[0],[0]],[[{"name":"spin_vfx_a_20","rect":[853,1,3,3],"offset":[-123.5,123.5],"originalSize":[250,250],"capInsets":[0,0,0,0]}],[0],0,[0],[0],[0]],[[{"name":"spin_vfx_a_02","rect":[709,579,134,128],"offset":[2,-1],"originalSize":[250,250],"rotated":1,"capInsets":[0,0,0,0]}],[0],0,[0],[0],[0]],[[{"name":"spin_vfx_a_06","rect":[501,653,206,202],"offset":[6,-6],"originalSize":[250,250],"capInsets":[0,0,0,0]}],[0],0,[0],[0],[0]],[[{"name":"spin_vfx_a_16","rect":[441,435,216,182],"offset":[-1,-14],"originalSize":[250,250],"rotated":1,"capInsets":[0,0,0,0]}],[0],0,[0],[0],[0]],[[{"name":"spin_vfx_a_13","rect":[413,217,216,214],"offset":[7,1],"originalSize":[250,250],"rotated":1,"capInsets":[0,0,0,0]}],[0],0,[0],[0],[0]],[[{"name":"spin_vfx_a_08","rect":[469,1,226,208],"offset":[7,-1],"originalSize":[250,250],"capInsets":[0,0,0,0]}],[0],0,[0],[0],[0]],[[{"name":"spin_vfx_a_19","rect":[219,445,4,4],"offset":[68,75],"originalSize":[250,250],"capInsets":[0,0,0,0]}],[0],0,[0],[0],[0]],[[{"name":"spin_vfx_a_03","rect":[697,1,154,152],"offset":[2,-2],"originalSize":[250,250],"capInsets":[0,0,0,0]}],[0],0,[0],[0],[0]],[[{"name":"spin_vfx_a_01","rect":[709,715,106,100],"offset":[3,-1],"originalSize":[250,250],"capInsets":[0,0,0,0]}],[0],0,[0],[0],[0]],[[{"name":"spin_vfx_a_17","rect":[107,685,186,176],"offset":[14,-8],"originalSize":[250,250],"capInsets":[0,0,0,0]}],[0],0,[0],[0],[0]],[[{"name":"spin_vfx_a_12","rect":[1,457,222,226],"offset":[2,1],"originalSize":[250,250],"capInsets":[0,0,0,0]}],[0],0,[0],[0],[0]],[[{"name":"spin_vfx_a_09","rect":[235,1,232,214],"offset":[8,0],"originalSize":[250,250],"capInsets":[0,0,0,0]}],[0],0,[0],[0],[0]],[[{"name":"spin_vfx_a_11","rect":[1,221,234,216],"offset":[8,4],"originalSize":[250,250],"rotated":1,"capInsets":[0,0,0,0]}],[0],0,[0],[0],[0]],[[{"name":"spin_vfx_a_14","rect":[295,663,192,204],"offset":[18,-5],"originalSize":[250,250],"rotated":1,"capInsets":[0,0,0,0]}],[0],0,[0],[0],[0]]]]