[1,["35ceupk8RPioLSbD8bXHHN"],["_textureSetter"],["cc.SpriteFrame"],0,[[[{"name":"infoboard_vfx_d_loop_11","rect":[713,501,828,112],"offset":[0,0],"originalSize":[828,112],"rotated":1,"capInsets":[0,0,0,0]}],[0],0,[0],[0],[0]],[[{"name":"infoboard_vfx_d_loop_00","rect":[1,501,862,114],"offset":[0,0],"originalSize":[862,114],"rotated":1,"capInsets":[0,0,0,0]}],[0],0,[0],[0],[0]],[[{"name":"infoboard_vfx_d_loop_07","rect":[1,127,860,124],"offset":[0,0],"originalSize":[860,124],"capInsets":[0,0,0,0]}],[0],0,[0],[0],[0]],[[{"name":"infoboard_vfx_d_loop_02","rect":[361,501,834,124],"offset":[0,0],"originalSize":[834,124],"rotated":1,"capInsets":[0,0,0,0]}],[0],0,[0],[0],[0]],[[{"name":"infoboard_vfx_d_loop_06","rect":[1,253,860,122],"offset":[0,0],"originalSize":[860,122],"capInsets":[0,0,0,0]}],[0],0,[0],[0],[0]],[[{"name":"infoboard_vfx_d_loop_09","rect":[1,1367,826,106],"offset":[0,0],"originalSize":[826,106],"capInsets":[0,0,0,0]}],[0],0,[0],[0],[0]],[[{"name":"infoboard_vfx_d_loop_05","rect":[1,377,858,122],"offset":[0,0],"originalSize":[858,122],"capInsets":[0,0,0,0]}],[0],0,[0],[0],[0]],[[{"name":"infoboard_vfx_d_loop_03","rect":[233,501,848,126],"offset":[0,0],"originalSize":[848,126],"rotated":1,"capInsets":[0,0,0,0]}],[0],0,[0],[0],[0]],[[{"name":"infoboard_vfx_d_loop_04","rect":[1,1,870,124],"offset":[0,0],"originalSize":[870,124],"capInsets":[0,0,0,0]}],[0],0,[0],[0],[0]],[[{"name":"infoboard_vfx_d_loop_08","rect":[601,501,864,110],"offset":[0,0],"originalSize":[864,110],"rotated":1,"capInsets":[0,0,0,0]}],[0],0,[0],[0],[0]],[[{"name":"infoboard_vfx_d_loop_10","rect":[827,501,828,104],"offset":[0,0],"originalSize":[828,104],"rotated":1,"capInsets":[0,0,0,0]}],[0],0,[0],[0],[0]],[[{"name":"infoboard_vfx_d_loop_01","rect":[487,501,844,112],"offset":[0,0],"originalSize":[844,112],"rotated":1,"capInsets":[0,0,0,0]}],[0],0,[0],[0],[0]],[[{"name":"infoboard_vfx_d_loop_12","rect":[117,501,862,114],"offset":[0,0],"originalSize":[862,114],"rotated":1,"capInsets":[0,0,0,0]}],[0],0,[0],[0],[0]]]]