[1,["50Y1smxZBH9YXZ62e6uXxy"],["_textureSetter"],["cc.SpriteFrame"],0,[[[{"name":"freespins_alert","rect":[381,760,261,40],"offset":[0,0],"originalSize":[519,76],"capInsets":[0,0,0,0]}],[0],0,[0],[0],[0]],[[{"name":"multiplier_alert","rect":[644,760,114,38],"offset":[0,0],"originalSize":[224,72],"capInsets":[0,0,0,0]}],[0],0,[0],[0],[0]],[[{"name":"bg_alert","rect":[1469,1,675,386],"offset":[0,-1],"originalSize":[1351,774],"rotated":1,"capInsets":[0,0,0,0]}],[0],0,[0],[0],[0]],[[{"name":"scatter_alert","rect":[1076,753,240,80],"offset":[0,0],"originalSize":[476,156],"capInsets":[0,0,0,0]}],[0],0,[0],[0],[0]]]]