[1,["6fFx6NSDhD/ZWgCJ3xaxK9","82WcLd8atJoL0YTPr2JvaR","c1Q/hmN+JLwZrsxhqlhtd3","7digCOsHFAAI9O0t2h3sSO","807LsRjIRBtoB2N/xkYFIO","e0zlPHDE5JrryJjVH83sIl","78IWdaoNJEZIkWeNWJ6Oja","94eG5rtitEo4KJYPBKh9AI","d2k9eyoqhDVZ6he8eJ2XDS","c9WZejj7VKnITg7yulK8f6","04Xb+dnFhE175gQwVkN7Jq","00ndGyYLxPIa33RK6aNn/q","876++BRrdO7Ye/fCrgmtv3","6fDb7iLCRPT7CoElT9rSyy","57mwKHn6JLnKdAhmlCnTD2","90qbaN0W9OnKsojvR4tAwR","4cNQpb6idA35YmuY8aqxtQ","4f4umPiz9LxLRXbMZ4kguQ","a7WfGj1udL0ZxRgRNOE20q","7fCOE5ErFI0ISt0Bnly24r","24tsmkxJJF1IrS4AtS+wSk","e3OV/N7WRP26VC4+O/a3QX","dbgtJjPrJGLLzTRRE3mcwz","9fYy+OH2xEQLeiLO7Db6az","b002di/E1GOKMyFGW5ocJX","2dXn2uHoFOwLd1PfvcA03E","04hZWSSIlEWKEkVyvFxQuw","58a+yG66xMdbAZGy5CG6N7","2bgCsfpKNLkrLjSkR+FhTB","daEuHvMHJOLbSexhSxjGbV","705qY/UkJJdJyQpIBoStbV","d7QN7Ns8RLdrZAe1kRp1MT","4eWgD2N1dOm70WVOsYKNIE","dfrX8KaOBFmr1XX+Q/5KW9"],["value"],[["cc.AnimationClip",["_name","_duration","sample","curveData"],0,11]],[[0,0,1,2,3,4]],[[0,"NormalWin",1.6,25,[{},"paths",11,[{"Normal/ib_vfx_c_screen":{"props":{"opacity":[{"frame":0,"value":0},{"frame":0.24,"value":255},{"frame":1.6,"value":0}]}}},"Normal/ib_vfx_b_add_00",11,[{"props":{"opacity":[{"frame":0,"value":255},{"frame":0.8,"value":255},{"frame":1.6,"value":0}]}},"comps",11,[{},"cc.Sprite",11,[{},"spriteFrame",12,[[[{"frame":0},"value",6,0],[{"frame":0.04},"value",6,1],[{"frame":0.08},"value",6,2],[{"frame":0.12},"value",6,3],[{"frame":0.16},"value",6,4],[{"frame":0.2},"value",6,5],[{"frame":0.24},"value",6,6]],11,11,11,11,11,11,11]]]],"Normal/ib_vfx_d_add_00",11,[{},"comps",11,[{},"cc.Sprite",11,[{},"spriteFrame",12,[[[{"frame":0.24},"value",6,7],[{"frame":0.28},"value",6,8],[{"frame":0.32},"value",6,9],[{"frame":0.36},"value",6,10],[{"frame":0.4},"value",6,11],[{"frame":0.44},"value",6,12],[{"frame":0.48},"value",6,13],[{"frame":0.52},"value",6,14],[{"frame":0.56},"value",6,15]],11,11,11,11,11,11,11,11,11]]]],"Normal/ib_vfx_a_add_00",11,[{},"comps",11,[{},"cc.Sprite",11,[{},"spriteFrame",12,[[{"frame":0,"value":null},[{"frame":0.16},"value",6,16],[{"frame":0.2},"value",6,17],[{"frame":0.24},"value",6,18],[{"frame":0.28},"value",6,19],[{"frame":0.32},"value",6,20],[{"frame":0.36},"value",6,21],[{"frame":0.4},"value",6,22],[{"frame":0.44},"value",6,23],[{"frame":0.48},"value",6,24],[{"frame":0.52},"value",6,25],[{"frame":0.56},"value",6,26],[{"frame":0.6},"value",6,27],[{"frame":0.64},"value",6,28],[{"frame":0.68},"value",6,29],[{"frame":0.72},"value",6,30],[{"frame":0.76},"value",6,31],[{"frame":0.8},"value",6,32],[{"frame":0.84},"value",6,33]],0,11,11,11,11,11,11,11,11,11,11,11,11,11,11,11,11,11,11]]]],"Normal/ib_vfx_a_add_01",11,[{},"comps",11,[{},"cc.Sprite",11,[{},"spriteFrame",12,[[{"frame":0,"value":null},[{"frame":0.16},"value",6,34],[{"frame":0.2},"value",6,35],[{"frame":0.24},"value",6,36],[{"frame":0.28},"value",6,37],[{"frame":0.32},"value",6,38],[{"frame":0.36},"value",6,39],[{"frame":0.4},"value",6,40],[{"frame":0.44},"value",6,41],[{"frame":0.48},"value",6,42],[{"frame":0.52},"value",6,43],[{"frame":0.56},"value",6,44],[{"frame":0.6},"value",6,45],[{"frame":0.64},"value",6,46],[{"frame":0.68},"value",6,47],[{"frame":0.72},"value",6,48],[{"frame":0.76},"value",6,49],[{"frame":0.8},"value",6,50],[{"frame":0.84},"value",6,51]],0,11,11,11,11,11,11,11,11,11,11,11,11,11,11,11,11,11,11]]]]]]]],0,0,[0,0,0,0,0,0,0,0,0,0,0,0,0,0,0,0,0,0,0,0,0,0,0,0,0,0,0,0,0,0,0,0,0,0,0,0,0,0,0,0,0,0,0,0,0,0,0,0,0,0,0,0],[0,0,0,0,0,0,0,0,0,0,0,0,0,0,0,0,0,0,0,0,0,0,0,0,0,0,0,0,0,0,0,0,0,0,0,0,0,0,0,0,0,0,0,0,0,0,0,0,0,0,0,0],[18,19,20,21,22,23,24,25,26,27,28,29,30,31,32,33,0,1,2,3,4,5,6,7,8,9,10,11,12,13,14,15,16,17,0,1,2,3,4,5,6,7,8,9,10,11,12,13,14,15,16,17]]