[1,["2ex3V1PPRAm7aF2douatZa"],["_textureSetter"],["cc.SpriteFrame"],0,[[[{"name":"infoboard_vfx_f_add_01","rect":[300,76,210,55],"offset":[4,-1],"originalSize":[270,89],"rotated":1,"capInsets":[0,0,0,0]}],[0],0,[0],[0],[0]],[[{"name":"infoboard_vfx_f_add_15","rect":[207,442,6,5],"offset":[-67,-34],"originalSize":[270,89],"rotated":1,"capInsets":[0,0,0,0]}],[0],0,[0],[0],[0]],[[{"name":"infoboard_vfx_f_add_03","rect":[1,373,218,67],"offset":[2,0],"originalSize":[270,89],"capInsets":[0,0,0,0]}],[0],0,[0],[0],[0]],[[{"name":"infoboard_vfx_f_add_13","rect":[300,288,128,61],"offset":[-8,-7],"originalSize":[270,89],"capInsets":[0,0,0,0]}],[0],0,[0],[0],[0]],[[{"name":"infoboard_vfx_f_add_06","rect":[1,1,222,75],"offset":[-1,-2],"originalSize":[270,89],"rotated":1,"capInsets":[0,0,0,0]}],[0],0,[0],[0],[0]],[[{"name":"infoboard_vfx_f_add_09","rect":[227,224,192,71],"offset":[-18,-2],"originalSize":[270,89],"rotated":1,"capInsets":[0,0,0,0]}],[0],0,[0],[0],[0]],[[{"name":"infoboard_vfx_f_add_16","rect":[207,450,4,3],"offset":[-67,-34],"originalSize":[270,89],"rotated":1,"capInsets":[0,0,0,0]}],[0],0,[0],[0],[0]],[[{"name":"infoboard_vfx_f_add_14","rect":[300,351,126,61],"offset":[-8,-7],"originalSize":[270,89],"capInsets":[0,0,0,0]}],[0],0,[0],[0],[0]],[[{"name":"infoboard_vfx_f_add_10","rect":[1,300,190,71],"offset":[-18,-2],"originalSize":[270,89],"capInsets":[0,0,0,0]}],[0],0,[0],[0],[0]],[[{"name":"infoboard_vfx_f_add_12","rect":[302,1,138,69],"offset":[-2,-2],"originalSize":[270,89],"capInsets":[0,0,0,0]}],[0],0,[0],[0],[0]],[[{"name":"infoboard_vfx_f_add_00","rect":[1,442,204,47],"offset":[6,-1],"originalSize":[270,89],"capInsets":[0,0,0,0]}],[0],0,[0],[0],[0]],[[{"name":"infoboard_vfx_f_add_05","rect":[78,76,220,73],"offset":[1,-2],"originalSize":[270,89],"capInsets":[0,0,0,0]}],[0],0,[0],[0],[0]],[[{"name":"infoboard_vfx_f_add_04","rect":[78,151,220,71],"offset":[1,0],"originalSize":[270,89],"capInsets":[0,0,0,0]}],[0],0,[0],[0],[0]],[[{"name":"infoboard_vfx_f_add_07","rect":[78,1,222,73],"offset":[-1,-4],"originalSize":[270,89],"capInsets":[0,0,0,0]}],[0],0,[0],[0],[0]],[[{"name":"infoboard_vfx_f_add_08","rect":[1,225,224,73],"offset":[-2,-5],"originalSize":[270,89],"capInsets":[0,0,0,0]}],[0],0,[0],[0],[0]],[[{"name":"infoboard_vfx_f_add_02","rect":[221,418,214,61],"offset":[3,-1],"originalSize":[270,89],"capInsets":[0,0,0,0]}],[0],0,[0],[0],[0]],[[{"name":"infoboard_vfx_f_add_11","rect":[357,72,142,71],"offset":[-2,-2],"originalSize":[270,89],"rotated":1,"capInsets":[0,0,0,0]}],[0],0,[0],[0],[0]]]]