[1,["7dQXzK2VJBWLFkBnlBfFTt"],0,[["sp.SkeletonData",["_name","_atlasText","textureNames","_skeletonJson","textures"],-1,3]],[[0,0,1,2,3,4,5]],[[0,"skeleton","\nskeleton.png\nsize: 264,264\nformat: RGBA8888\nfilter: Linear,Linear\nrepeat: none\n10\n  rotate: false\n  xy: 2, 36\n  size: 124, 226\n  orig: 124, 230\n  offset: 0, 4\n  index: -1\nchen\n  rotate: true\n  xy: 128, 53\n  size: 79, 66\n  orig: 79, 66\n  offset: 0, 0\n  index: -1\nday\n  rotate: false\n  xy: 196, 56\n  size: 57, 76\n  orig: 57, 76\n  offset: 0, 0\n  index: -1\nlight\n  rotate: true\n  xy: 128, 134\n  size: 128, 134\n  orig: 206, 208\n  offset: 34, 34\n  index: -1\n",["skeleton.png"],{"skeleton":{"hash":"WcZwxoYLqhfO0pMCoqAuAkabBuc","spine":"3.8.99","x":-106.12,"y":-118.95,"width":251.34,"height":301.73,"images":"./image/","audio":""},"bones":[{"name":"root"},{"name":"bone","parent":"root","x":8.32,"y":-5.59},{"name":"light","parent":"bone","x":33.9,"y":84.37},{"name":"day","parent":"bone","x":42.68,"y":2.62},{"name":"day3","parent":"day","length":21.26,"rotation":38.16,"x":8.36,"y":4.18},{"name":"day2","parent":"day3","length":20.07,"rotation":21.46,"x":22.94,"y":0.2},{"name":"day5","parent":"day2","length":20.33,"rotation":27.01,"x":22.64,"y":1.51},{"name":"chen","parent":"root","x":-61.24,"y":-85.95}],"slots":[{"name":"day","bone":"day5","attachment":"day"},{"name":"10","bone":"bone","attachment":"10"},{"name":"light","bone":"light","attachment":"light","blend":"additive"},{"name":"chen","bone":"chen","attachment":"chen"}],"skins":[{"name":"default","attachments":{"10":{"10":{"x":0.64,"y":7.97,"width":124,"height":230}},"chen":{"chen":{"x":-5.37,"width":79,"height":66}},"day":{"day":{"type":"mesh","hull":23,"width":57,"height":76,"uvs":[0.70771,0.065,0.929,0.16834,1,0.28734,1,0.4815,0.90395,0.60676,0.77869,0.70071,0.65342,0.74455,0.61167,0.80718,0.56156,0.85102,0.53234,0.94184,0.41125,1,0.30269,1,0,1,0,0.8886,0.1816,0.83223,0.18995,0.74455,0.27346,0.69758,0.37367,0.68505,0.43213,0.61615,0.42378,0.41886,0.39455,0.23097,0.31939,0,0.46135,0],"triangles":[19,2,3,19,1,2,1,20,0,1,19,20,20,22,0,20,21,22,17,18,6,6,18,5,5,18,4,18,19,4,4,19,3,9,10,8,12,14,11,11,14,8,14,17,8,8,10,11,15,16,14,16,17,14,8,17,7,7,17,6,12,13,14],"vertices":[1,6,28.86,1.2,1,1,6,21.76,-11.85,1,2,5,41.66,-7.23,0.03154,6,12.97,-16.42,0.96846,2,5,28.93,-14.69,0.43693,6,-1.76,-17.29,0.56307,2,5,17.95,-14.79,0.87504,6,-11.59,-12.38,0.12496,3,4,35.02,-8.2,0.00012,5,8.18,-12.24,0.99944,6,-19.13,-5.68,0.00044,2,4,27.35,-6.4,0.18069,5,1.69,-7.76,0.81931,2,4,22.54,-8.68,0.71146,5,-3.62,-8.12,0.28854,2,4,18.23,-9.53,0.95781,5,-7.94,-7.34,0.04219,1,4,12.66,-13.93,1,1,4,4.5,-13.14,1,2,3,13.83,-3.37,0.01632,4,-0.37,-9.32,0.98368,1,3,-3.43,-3.37,1,2,3,-3.43,5.09,0.93289,4,-8.7,8,0.06711,2,3,6.93,9.38,0.04226,4,2.08,4.97,0.95774,1,4,6.58,9.92,1,2,4,12.52,9.78,0.99986,5,-6.18,12.73,0.00014,3,4,17.6,7,0.9065,5,-2.47,8.28,0.09289,6,-19.3,17.44,0.0006,3,4,23.46,9.06,0.28623,5,3.73,8.05,0.6752,6,-13.88,14.42,0.03858,3,4,32.35,21.15,0.00002,5,16.42,16.05,0.28486,6,1.06,15.78,0.71512,2,5,27.9,24.71,0.00275,6,15.22,18.28,0.99725,1,6,32.49,23.59,1,1,6,32.97,15.51,1],"edges":[24,26,26,28,28,30,30,32,32,34,34,36,36,38,38,40,40,42,42,44,44,0,0,2,2,4,4,6,6,8,8,10,10,12,12,14,14,16,16,18,18,20,20,22,22,24]}},"light":{"light":{"width":206,"height":208}}}}],"animations":{"animation":{"slots":{"light":{"color":[{"color":"ffffff00"},{"time":0.3333,"color":"ffffffff"},{"time":0.6667,"color":"ffffff00"},{"time":1,"color":"ffffffff"},{"time":1.3333,"color":"ffffff00"}]}},"bones":{"light":{"rotate":[{},{"time":0.2333,"angle":-123.09},{"time":0.4333,"angle":122.88},{"time":0.6667},{"time":0.9,"angle":-123.09},{"time":1.1,"angle":122.88},{"time":1.3333}]},"day":{"rotate":[{"curve":0.25,"c3":0.75},{"time":0.6667,"angle":14.23,"curve":0.25,"c3":0.75},{"time":1.3333}]},"day3":{"rotate":[{"curve":0.25,"c3":0.75},{"time":0.6667,"angle":14.23,"curve":0.25,"c3":0.75},{"time":1.3333}]},"day2":{"rotate":[{"curve":0.25,"c3":0.75},{"time":0.6667,"angle":14.23,"curve":0.25,"c3":0.75},{"time":1.3333}]},"day5":{"rotate":[{"curve":0.25,"c3":0.75},{"time":0.6667,"angle":14.23,"curve":0.25,"c3":0.75},{"time":1.3333}]},"chen":{"rotate":[{"curve":0.25,"c3":0.75},{"time":0.3333,"angle":-8.29,"curve":0.25,"c3":0.75},{"time":0.6667,"curve":0.25,"c3":0.75},{"time":1,"angle":7.93,"curve":0.25,"c3":0.75},{"time":1.3333}],"translate":[{"curve":0.25,"c3":0.75},{"time":0.3333,"x":-16.08,"curve":0.25,"c3":0.75},{"time":0.6667,"curve":0.25,"c3":0.75},{"time":1,"x":-16.08,"curve":0.25,"c3":0.75},{"time":1.3333}],"scale":[{},{"time":0.3333,"x":1.058,"y":1.058},{"time":0.6667},{"time":1,"x":1.001,"y":1.001},{"time":1.3333}]},"bone":{"rotate":[{"curve":0.25,"c3":0.75},{"time":0.3333,"angle":9.97,"curve":0.25,"c3":0.75},{"time":0.6667,"curve":0.25,"c3":0.75},{"time":1,"angle":-7.47,"curve":0.25,"c3":0.75},{"time":1.3333}],"scale":[{"curve":0.25,"c3":0.75},{"time":0.3333,"x":1.051,"y":1.051,"curve":0.25,"c3":0.75},{"time":0.6667,"curve":0.25,"c3":0.75},{"time":1,"x":1.043,"y":1.043,"curve":0.25,"c3":0.75},{"time":1.3333}]}}}}},[0]]],0,0,[0],[-1],[0]]