[1,["fcQBTguRFNwLsu503c3l//","c4eV+b9R1GHIzutJTsRwFo","eb5bi0J7pCn4nxP9YCxkKD","faQyCNG29INaOPIemsU0Mh","e98PUNwHpAKI4dSSdUjMqb","5cOm8NrkxNRZ+76j2WDAzb","6d6m8b0E9KqKCZTYDbCggV","26i5QZR4FMKpz4xrf+/BLR","15SYJwSxhEO60PchC5kAh+","c4kbqpHaxAwYMHv9JLtRjM","b1FWPjsqJFQb1mF8DuI/mG","47OryAsZ9JFaDli+ZjZAXi","a0D4NQCJlLHK1xKJs98IgN","52jsKwGX5BuKhMFwULejR5","63A7FKWMBKOJHhMlK9qa4G","daTSEk729D44xYmjdTGUjD","bcaeorrKpKMrd9kjuqzGjF","08QI2CLfNEB5LOBfwUK/cf","f8GhX1wV9JxpVZzwI/n5L+","ffSa/FHGtMzZmRUBHh9Iaw","72TTF+ZZBO9ZiqVxR3lROo","6ah6wgTY9GTppdWtSvOo6j","a5clt+7OxI4IkCC9c5SG8e","46u4u/JSVDarLtHAxovowE","0aMvHc1ttONpjD9Xvu+BCG"],["value"],[["cc.AnimationClip",["_name","_duration","sample","wrapMode","curveData"],-1,11]],[[0,0,1,2,3,4,5]],[[0,"fs_vfx_g_00",0.8333333333333334,30,2,[{},"comps",11,[{},"cc.Sprite",11,[{},"spriteFrame",12,[[[{"frame":0},"value",6,0],[{"frame":0.03333333333333333},"value",6,1],[{"frame":0.06666666666666667},"value",6,2],[{"frame":0.1},"value",6,3],[{"frame":0.13333333333333333},"value",6,4],[{"frame":0.16666666666666666},"value",6,5],[{"frame":0.2},"value",6,6],[{"frame":0.23333333333333334},"value",6,7],[{"frame":0.26666666666666666},"value",6,8],[{"frame":0.3},"value",6,9],[{"frame":0.3333333333333333},"value",6,10],[{"frame":0.36666666666666664},"value",6,11],[{"frame":0.4},"value",6,12],[{"frame":0.43333333333333335},"value",6,13],[{"frame":0.4666666666666667},"value",6,14],[{"frame":0.5},"value",6,15],[{"frame":0.5333333333333333},"value",6,16],[{"frame":0.5666666666666667},"value",6,17],[{"frame":0.6},"value",6,18],[{"frame":0.6333333333333333},"value",6,19],[{"frame":0.6666666666666666},"value",6,20],[{"frame":0.7},"value",6,21],[{"frame":0.7333333333333333},"value",6,22],[{"frame":0.7666666666666667},"value",6,23],[{"frame":0.8},"value",6,24]],11,11,11,11,11,11,11,11,11,11,11,11,11,11,11,11,11,11,11,11,11,11,11,11,11]]]]]],0,0,[0,0,0,0,0,0,0,0,0,0,0,0,0,0,0,0,0,0,0,0,0,0,0,0,0],[0,0,0,0,0,0,0,0,0,0,0,0,0,0,0,0,0,0,0,0,0,0,0,0,0],[0,1,2,3,4,5,6,7,8,9,10,11,12,13,14,15,16,17,18,19,20,21,22,23,24]]