[1,["523NtPsN5GlrCgr5boOBfS"],["_textureSetter"],["cc.SpriteFrame"],0,[[[{"name":"rectangle5","rect":[0,1728,326,39],"offset":[0,0],"originalSize":[326,39],"capInsets":[0,0,0,0]}],[0],0,[0],[0],[0]],[[{"name":"50K","rect":[885,1752,128,81],"offset":[0,0],"originalSize":[128,81],"capInsets":[0,0,0,0]}],[0],0,[0],[0],[0]],[[{"name":"500K","rect":[797,1867,129,81],"offset":[0,0],"originalSize":[129,81],"capInsets":[0,0,0,0]}],[0],0,[0],[0],[0]],[[{"name":"allIn","rect":[0,1936,260,93],"offset":[0,0],"originalSize":[260,93],"capInsets":[0,0,0,0]}],[0],0,[0],[0],[0]],[[{"name":"1M","rect":[825,1026,129,81],"offset":[0,0],"originalSize":[129,81],"capInsets":[0,0,0,0]}],[0],0,[0],[0],[0]],[[{"name":"tXU","rect":[416,1269,187,65],"offset":[0,0],"originalSize":[187,65],"capInsets":[0,0,0,0]}],[0],0,[0],[0],[0]],[[{"name":"taiden","rect":[852,1242,21,21],"offset":[0,0],"originalSize":[21,21],"capInsets":[0,0,0,0]}],[0],0,[0],[0],[0]],[[{"name":"5M","rect":[885,1272,128,81],"offset":[0,0],"originalSize":[128,81],"capInsets":[0,0,0,0]}],[0],0,[0],[0],[0]],[[{"name":"bgSoiCau","rect":[0,875,1084,68],"offset":[0,0],"originalSize":[1084,68],"capInsets":[0,0,0,0]}],[0],0,[0],[0],[0]],[[{"name":"datCuoc","rect":[0,1581,391,146],"offset":[0,0],"originalSize":[391,146],"capInsets":[0,0,0,0]}],[0],0,[0],[0],[0]],[[{"name":"x","rect":[902,1474,116,116],"offset":[0,0],"originalSize":[116,116],"capInsets":[0,0,0,0]}],[0],0,[0],[0],[0]],[[{"name":"10K","rect":[825,1108,128,81],"offset":[0,0],"originalSize":[128,81],"capInsets":[0,0,0,0]}],[0],0,[0],[0],[0]],[[{"name":"table","rect":[0,0,1515,874],"offset":[0,0],"originalSize":[1515,874],"capInsets":[0,0,0,0]}],[0],0,[0],[0],[0]],[[{"name":"50M","rect":[797,1949,129,81],"offset":[0,0],"originalSize":[129,81],"capInsets":[0,0,0,0]}],[0],0,[0],[0],[0]],[[{"name":"lsc","rect":[927,1889,99,99],"offset":[0,0],"originalSize":[99,99],"capInsets":[0,0,0,0]}],[0],0,[0],[0],[0]],[[{"name":"nan","rect":[604,1271,119,119],"offset":[0,0],"originalSize":[119,119],"capInsets":[0,0,0,0]}],[0],0,[0],[0],[0]],[[{"name":"huy","rect":[261,1939,254,96],"offset":[0,0],"originalSize":[254,96],"capInsets":[0,0,0,0]}],[0],0,[0],[0],[0]],[[{"name":"thongKe","rect":[955,1044,99,99],"offset":[0,0],"originalSize":[99,99],"capInsets":[0,0,0,0]}],[0],0,[0],[0],[0]],[[{"name":"100K","rect":[885,1190,128,81],"offset":[0,0],"originalSize":[128,81],"capInsets":[0,0,0,0]}],[0],0,[0],[0],[0]],[[{"name":"buttonGui","rect":[927,1834,100,54],"offset":[0,0],"originalSize":[100,54],"capInsets":[0,0,0,0]}],[0],0,[0],[0],[0]],[[{"name":"ellipse6","rect":[825,1190,51,51],"offset":[0,0],"originalSize":[51,51],"capInsets":[0,0,0,0]}],[0],0,[0],[0],[0]],[[{"name":"iconmember","rect":[749,1867,36,41],"offset":[0,0],"originalSize":[36,41],"capInsets":[0,0,0,0]}],[0],0,[0],[0],[0]],[[{"name":"chat","rect":[902,1354,119,119],"offset":[0,0],"originalSize":[119,119],"capInsets":[0,0,0,0]}],[0],0,[0],[0],[0]],[[{"name":"1K","rect":[825,944,129,81],"offset":[0,0],"originalSize":[129,81],"capInsets":[0,0,0,0]}],[0],0,[0],[0],[0]],[[{"name":"oHienThiMd5","rect":[0,944,559,41],"offset":[0,0],"originalSize":[559,41],"capInsets":[23,0,23,0]}],[0],0,[0],[0],[0]],[[{"name":"20M","rect":[1023,1989,95,58],"offset":[0,0],"originalSize":[95,58],"capInsets":[0,0,0,0]}],[0],0,[0],[0],[0]],[[{"name":"xiutrang","rect":[629,2024,21,21],"offset":[0,0],"originalSize":[21,21],"capInsets":[0,0,0,0]}],[0],0,[0],[0],[0]],[[{"name":"boxchat","rect":[0,1016,415,564],"offset":[0,0],"originalSize":[415,564],"capInsets":[0,0,0,0]}],[0],0,[0],[0],[0]],[[{"name":"invalidName","rect":[955,944,99,99],"offset":[0,0],"originalSize":[99,99],"capInsets":[0,0,0,0]}],[0],0,[0],[0],[0]],[[{"name":"to","rect":[392,1581,356,357],"offset":[0,0],"originalSize":[356,357],"capInsets":[0,0,0,0]}],[0],0,[0],[0],[0]],[[{"name":"bxh","rect":[1014,1144,67,66],"offset":[0,0],"originalSize":[67,66],"capInsets":[0,0,0,0]}],[0],0,[0],[0],[0]],[[{"name":"nanDisable","rect":[1014,1277,65,65],"offset":[0,0],"originalSize":[65,65],"capInsets":[0,0,0,0]}],[0],0,[0],[0],[0]]]]