[1,["1fc74cbbd","1a257a690","3aLQfonp5CAazQi4LXhF/1","0cbjBSG21P64+D6cpxBcYA","4ecUHrZ7FD4LVybh9XLC04","f2ZkyNTU5ALLM3GaTGzYou","0bfMcZx1dONbvEDO21JMBu","ff9elg+jxLXoz07FgAQXcq","1d+ec1gjpFhLQjqTXe1t/S","cfuv7ar/lKU5PM6CFOkJ7x","82JKczrytNnYtMSbM7upEi","8eq/sp69RPwo8eKblFp66F","d4pFV4mhRJHIaYiHoFuYLL","97A+UyK1hO5ZLg9hAi8If8","e80ObOjHNKn5X1NWXnSnWW","62D3aotUVOHYsR2LShxizd","48hGrYLABN+YMOAfzzjLbN","02a7JSYTRFXLEHGc0NGnAi","10UYGYrhlEOJNTQzmlYlgG","3fQ+s1IthOUKXeawmiiVXg","b6UskCpwFOrL2Hu8+ob80m","b6sjzEF5BEAJh/rIAJ5fef","c1efO4NudHjK8YbW1pD8li","c6f09VnTdNa7c0B9xVxsYc","c8n0S0VE1C27Mi74SGTbFX","3b2mIzdrxEELtimkoUzb/X","16K7wU8/xAnqEPWN2uhCZx","08HN5VOeFPQZ/5u467DN77","69O9s9rThP5L+FT3I4qgis","33h++hbHxNiqc/BmG+C22t"],["_textureSetter","value"],["cc.SpriteFrame",["cc.AnimationClip",["_name","_duration","sample","wrapMode","curveData"],-1,11]],[[1,0,1,2,3,4,5]],[[[{"name":"fs_vfx_i_screen_16","rect":[1,1,230,230],"offset":[0,0],"originalSize":[230,230],"capInsets":[0,0,0,0]}],[0],0,[0],[0],[0]],[[{"name":"fs_vfx_i_screen_26","rect":[1,233,230,230],"offset":[0,0],"originalSize":[230,230],"capInsets":[0,0,0,0]}],[0],0,[0],[0],[0]],[[{"name":"fs_vfx_i_screen_04","rect":[1,465,230,230],"offset":[0,0],"originalSize":[230,230],"capInsets":[0,0,0,0]}],[0],0,[0],[0],[0]],[[{"name":"fs_vfx_i_screen_01","rect":[1,697,230,230],"offset":[0,0],"originalSize":[230,230],"capInsets":[0,0,0,0]}],[0],0,[0],[0],[0]],[[{"name":"fs_vfx_i_screen_17","rect":[233,1,230,230],"offset":[0,0],"originalSize":[230,230],"capInsets":[0,0,0,0]}],[0],0,[0],[0],[0]],[[{"name":"fs_vfx_i_screen_25","rect":[465,1,230,230],"offset":[0,0],"originalSize":[230,230],"capInsets":[0,0,0,0]}],[0],0,[0],[0],[0]],[[{"name":"fs_vfx_i_screen_06","rect":[697,1,230,230],"offset":[0,0],"originalSize":[230,230],"capInsets":[0,0,0,0]}],[0],0,[0],[0],[0]],[[{"name":"fs_vfx_i_screen_28","rect":[233,233,230,230],"offset":[0,0],"originalSize":[230,230],"capInsets":[0,0,0,0]}],[0],0,[0],[0],[0]],[[{"name":"fs_vfx_i_screen_00","rect":[233,465,230,230],"offset":[0,0],"originalSize":[230,230],"capInsets":[0,0,0,0]}],[0],0,[0],[0],[0]],[[{"name":"fs_vfx_i_screen_24","rect":[233,697,230,230],"offset":[0,0],"originalSize":[230,230],"capInsets":[0,0,0,0]}],[0],0,[0],[0],[0]],[[{"name":"fs_vfx_i_screen_18","rect":[465,233,230,230],"offset":[0,0],"originalSize":[230,230],"capInsets":[0,0,0,0]}],[0],0,[0],[0],[0]],[[{"name":"fs_vfx_i_screen_15","rect":[697,233,230,230],"offset":[0,0],"originalSize":[230,230],"capInsets":[0,0,0,0]}],[0],0,[0],[0],[0]],[[{"name":"fs_vfx_i_screen_02","rect":[465,465,230,230],"offset":[0,0],"originalSize":[230,230],"capInsets":[0,0,0,0]}],[0],0,[0],[0],[0]],[[{"name":"fs_vfx_i_screen_14","rect":[465,697,230,230],"offset":[0,0],"originalSize":[230,230],"capInsets":[0,0,0,0]}],[0],0,[0],[0],[0]],[[{"name":"fs_vfx_i_screen_27","rect":[697,465,230,230],"offset":[0,0],"originalSize":[230,230],"capInsets":[0,0,0,0]}],[0],0,[0],[0],[0]],[[{"name":"fs_vfx_i_screen_08","rect":[1,1,230,230],"offset":[0,0],"originalSize":[230,230],"capInsets":[0,0,0,0]}],[0],0,[0],[0],[1]],[[{"name":"fs_vfx_i_screen_09","rect":[1,233,230,230],"offset":[0,0],"originalSize":[230,230],"capInsets":[0,0,0,0]}],[0],0,[0],[0],[1]],[[{"name":"fs_vfx_i_screen_11","rect":[1,465,230,230],"offset":[0,0],"originalSize":[230,230],"capInsets":[0,0,0,0]}],[0],0,[0],[0],[1]],[[{"name":"fs_vfx_i_screen_19","rect":[1,697,230,230],"offset":[0,0],"originalSize":[230,230],"capInsets":[0,0,0,0]}],[0],0,[0],[0],[1]],[[{"name":"fs_vfx_i_screen_20","rect":[233,1,230,230],"offset":[0,0],"originalSize":[230,230],"capInsets":[0,0,0,0]}],[0],0,[0],[0],[1]],[[{"name":"fs_vfx_i_screen_21","rect":[465,1,230,230],"offset":[0,0],"originalSize":[230,230],"capInsets":[0,0,0,0]}],[0],0,[0],[0],[1]],[[{"name":"fs_vfx_i_screen_22","rect":[697,1,230,230],"offset":[0,0],"originalSize":[230,230],"capInsets":[0,0,0,0]}],[0],0,[0],[0],[1]],[[{"name":"fs_vfx_i_screen_23","rect":[233,233,230,230],"offset":[0,0],"originalSize":[230,230],"capInsets":[0,0,0,0]}],[0],0,[0],[0],[1]],[[{"name":"fs_vfx_i_screen_07","rect":[233,465,230,230],"offset":[0,0],"originalSize":[230,230],"capInsets":[0,0,0,0]}],[0],0,[0],[0],[1]],[[{"name":"fs_vfx_i_screen_10","rect":[233,697,230,230],"offset":[0,0],"originalSize":[230,230],"capInsets":[0,0,0,0]}],[0],0,[0],[0],[1]],[[{"name":"fs_vfx_i_screen_13","rect":[465,233,230,230],"offset":[0,0],"originalSize":[230,230],"capInsets":[0,0,0,0]}],[0],0,[0],[0],[1]],[[[0,"ScaterEf",1.4,20,2,[{},"comps",11,[{},"cc.Sprite",11,[{},"spriteFrame",12,[[[{"frame":0},"value",6,0],[{"frame":0.05},"value",6,1],[{"frame":0.1},"value",6,2],[{"frame":0.15},"value",6,3],[{"frame":0.2},"value",6,4],[{"frame":0.25},"value",6,5],[{"frame":0.3},"value",6,6],[{"frame":0.35},"value",6,7],[{"frame":0.4},"value",6,8],[{"frame":0.45},"value",6,9],[{"frame":0.5},"value",6,10],[{"frame":0.55},"value",6,11],[{"frame":0.6},"value",6,12],[{"frame":0.65},"value",6,13],[{"frame":0.7},"value",6,14],[{"frame":0.75},"value",6,15],[{"frame":0.8},"value",6,16],[{"frame":0.85},"value",6,17],[{"frame":0.9},"value",6,18],[{"frame":0.95},"value",6,19],[{"frame":1},"value",6,20],[{"frame":1.05},"value",6,21],[{"frame":1.1},"value",6,22],[{"frame":1.15},"value",6,23],[{"frame":1.2},"value",6,24],[{"frame":1.25},"value",6,25],[{"frame":1.3},"value",6,26],[{"frame":1.35},"value",6,27]],11,11,11,11,11,11,11,11,11,11,11,11,11,11,11,11,11,11,11,11,11,11,11,11,11,11,11,11]]]]]],0,0,[0,0,0,0,0,0,0,0,0,0,0,0,0,0,0,0,0,0,0,0,0,0,0,0,0,0,0,0],[1,1,1,1,1,1,1,1,1,1,1,1,1,1,1,1,1,1,1,1,1,1,1,1,1,1,1,1],[2,3,4,5,6,7,8,9,10,11,12,13,14,15,16,17,18,19,20,21,22,23,24,25,26,27,28,29]],[[{"name":"fs_vfx_i_screen_03","rect":[697,233,230,230],"offset":[0,0],"originalSize":[230,230],"capInsets":[0,0,0,0]}],[0],0,[0],[0],[1]],[[{"name":"fs_vfx_i_screen_05","rect":[465,465,230,230],"offset":[0,0],"originalSize":[230,230],"capInsets":[0,0,0,0]}],[0],0,[0],[0],[1]]]]