[1,["78IvUjsAVOH77htIz4yXdR","807kTmkTVPs4YDeyUpk0e6","84PsD08yZLGZUkX0XliKsC","08bt0cZOtGY45bZLAav6WS","c6dUtYpghCio/iwIx9nVKK","c1dmjaHxtA6KgChiUDyqCG","0fFhaNJMhMNKSyE9rihALw","aaYGXYh8NLn4vVvj7+Igsg","e7m7GV5GBFLb0uTDf+GnkK","03eYVWXORITYfBBhIyhb0w","4dOXSM/5JIgq0VjF09Csth","24Z4x77yNPopmHLlb7lmWn","e9uVcqmdhMbZW0JaQMzxl2","33BN11seZOfqV+9sWMnkq7","451BkBerVFRJqhAHSkhFil","98fJhp2phDGJPlrMZkuzXf","77lL74BCxIHp2oBOlUbTKj","1aiS3EX2lIVqiCkTzbbQpH","1aIKS0I2ZD5rGnEnmRyELK","20oA+Kf6pJ8bWf/E5wnoRe","610POuPRdMSozDHiWa9QkT","25azwdrh9F3qFCha4RSmtX","5cr3BMg7lJW6P6A02G5Np6","6dgvmazmhA5Z5GxzIAVl3H","27Mw+h6yRAcqE06lEbI0bW","72UPQwF99MuZ8GRkl5yjTH","3aLQfonp5CAazQi4LXhF/1","0cbjBSG21P64+D6cpxBcYA","4ecUHrZ7FD4LVybh9XLC04","f2ZkyNTU5ALLM3GaTGzYou","0bfMcZx1dONbvEDO21JMBu","ff9elg+jxLXoz07FgAQXcq","1d+ec1gjpFhLQjqTXe1t/S","cfuv7ar/lKU5PM6CFOkJ7x","82JKczrytNnYtMSbM7upEi","8eq/sp69RPwo8eKblFp66F","d4pFV4mhRJHIaYiHoFuYLL","97A+UyK1hO5ZLg9hAi8If8","e80ObOjHNKn5X1NWXnSnWW","62D3aotUVOHYsR2LShxizd","48hGrYLABN+YMOAfzzjLbN","02a7JSYTRFXLEHGc0NGnAi","10UYGYrhlEOJNTQzmlYlgG","3fQ+s1IthOUKXeawmiiVXg","b6UskCpwFOrL2Hu8+ob80m","b6sjzEF5BEAJh/rIAJ5fef","c1efO4NudHjK8YbW1pD8li","c6f09VnTdNa7c0B9xVxsYc","c8n0S0VE1C27Mi74SGTbFX","3b2mIzdrxEELtimkoUzb/X","16K7wU8/xAnqEPWN2uhCZx","08HN5VOeFPQZ/5u467DN77","69O9s9rThP5L+FT3I4qgis","33h++hbHxNiqc/BmG+C22t","60pVAqO35FUpMYKz2Q9VZs","5b3bLvKapI+rqcCkbUMlEU"],["_textureSetter","value"],["cc.SpriteFrame",["cc.AnimationClip",["_name","_duration","sample","wrapMode","curveData"],-1,11]],[[1,0,1,2,3,4,5]],[[[{"name":"fs_vfx_i_screen_16","rect":[0,0,230,230],"offset":[0,0],"originalSize":[230,230],"capInsets":[0,0,0,0]}],[0],0,[0],[0],[0]],[[{"name":"fs_vfx_i_screen_26","rect":[0,0,230,230],"offset":[0,0],"originalSize":[230,230],"capInsets":[0,0,0,0]}],[0],0,[0],[0],[1]],[[{"name":"fs_vfx_i_screen_04","rect":[0,0,230,230],"offset":[0,0],"originalSize":[230,230],"capInsets":[0,0,0,0]}],[0],0,[0],[0],[2]],[[{"name":"fs_vfx_i_screen_01","rect":[0,0,230,230],"offset":[0,0],"originalSize":[230,230],"capInsets":[0,0,0,0]}],[0],0,[0],[0],[3]],[[{"name":"fs_vfx_i_screen_17","rect":[0,0,230,230],"offset":[0,0],"originalSize":[230,230],"capInsets":[0,0,0,0]}],[0],0,[0],[0],[4]],[[{"name":"fs_vfx_i_screen_25","rect":[0,0,230,230],"offset":[0,0],"originalSize":[230,230],"capInsets":[0,0,0,0]}],[0],0,[0],[0],[5]],[[{"name":"fs_vfx_i_screen_06","rect":[0,0,230,230],"offset":[0,0],"originalSize":[230,230],"capInsets":[0,0,0,0]}],[0],0,[0],[0],[6]],[[{"name":"fs_vfx_i_screen_28","rect":[0,0,230,230],"offset":[0,0],"originalSize":[230,230],"capInsets":[0,0,0,0]}],[0],0,[0],[0],[7]],[[{"name":"fs_vfx_i_screen_00","rect":[0,0,230,230],"offset":[0,0],"originalSize":[230,230],"capInsets":[0,0,0,0]}],[0],0,[0],[0],[8]],[[{"name":"fs_vfx_i_screen_24","rect":[0,0,230,230],"offset":[0,0],"originalSize":[230,230],"capInsets":[0,0,0,0]}],[0],0,[0],[0],[9]],[[{"name":"fs_vfx_i_screen_18","rect":[0,0,230,230],"offset":[0,0],"originalSize":[230,230],"capInsets":[0,0,0,0]}],[0],0,[0],[0],[10]],[[{"name":"fs_vfx_i_screen_15","rect":[0,0,230,230],"offset":[0,0],"originalSize":[230,230],"capInsets":[0,0,0,0]}],[0],0,[0],[0],[11]],[[{"name":"fs_vfx_i_screen_02","rect":[0,0,230,230],"offset":[0,0],"originalSize":[230,230],"capInsets":[0,0,0,0]}],[0],0,[0],[0],[12]],[[{"name":"fs_vfx_i_screen_14","rect":[0,0,230,230],"offset":[0,0],"originalSize":[230,230],"capInsets":[0,0,0,0]}],[0],0,[0],[0],[13]],[[{"name":"fs_vfx_i_screen_27","rect":[0,0,230,230],"offset":[0,0],"originalSize":[230,230],"capInsets":[0,0,0,0]}],[0],0,[0],[0],[14]],[[{"name":"fs_vfx_i_screen_08","rect":[0,0,230,230],"offset":[0,0],"originalSize":[230,230],"capInsets":[0,0,0,0]}],[0],0,[0],[0],[15]],[[{"name":"fs_vfx_i_screen_09","rect":[0,0,230,230],"offset":[0,0],"originalSize":[230,230],"capInsets":[0,0,0,0]}],[0],0,[0],[0],[16]],[[{"name":"fs_vfx_i_screen_11","rect":[0,0,230,230],"offset":[0,0],"originalSize":[230,230],"capInsets":[0,0,0,0]}],[0],0,[0],[0],[17]],[[{"name":"fs_vfx_i_screen_19","rect":[0,0,230,230],"offset":[0,0],"originalSize":[230,230],"capInsets":[0,0,0,0]}],[0],0,[0],[0],[18]],[[{"name":"fs_vfx_i_screen_20","rect":[0,0,230,230],"offset":[0,0],"originalSize":[230,230],"capInsets":[0,0,0,0]}],[0],0,[0],[0],[19]],[[{"name":"fs_vfx_i_screen_21","rect":[0,0,230,230],"offset":[0,0],"originalSize":[230,230],"capInsets":[0,0,0,0]}],[0],0,[0],[0],[20]],[[{"name":"fs_vfx_i_screen_22","rect":[0,0,230,230],"offset":[0,0],"originalSize":[230,230],"capInsets":[0,0,0,0]}],[0],0,[0],[0],[21]],[[{"name":"fs_vfx_i_screen_23","rect":[0,0,230,230],"offset":[0,0],"originalSize":[230,230],"capInsets":[0,0,0,0]}],[0],0,[0],[0],[22]],[[{"name":"fs_vfx_i_screen_07","rect":[0,0,230,230],"offset":[0,0],"originalSize":[230,230],"capInsets":[0,0,0,0]}],[0],0,[0],[0],[23]],[[{"name":"fs_vfx_i_screen_10","rect":[0,0,230,230],"offset":[0,0],"originalSize":[230,230],"capInsets":[0,0,0,0]}],[0],0,[0],[0],[24]],[[{"name":"fs_vfx_i_screen_13","rect":[0,0,230,230],"offset":[0,0],"originalSize":[230,230],"capInsets":[0,0,0,0]}],[0],0,[0],[0],[25]],[[[0,"ScaterEf",1.4,20,2,[{},"comps",11,[{},"cc.Sprite",11,[{},"spriteFrame",12,[[[{"frame":0},"value",6,0],[{"frame":0.05},"value",6,1],[{"frame":0.1},"value",6,2],[{"frame":0.15},"value",6,3],[{"frame":0.2},"value",6,4],[{"frame":0.25},"value",6,5],[{"frame":0.3},"value",6,6],[{"frame":0.35},"value",6,7],[{"frame":0.4},"value",6,8],[{"frame":0.45},"value",6,9],[{"frame":0.5},"value",6,10],[{"frame":0.55},"value",6,11],[{"frame":0.6},"value",6,12],[{"frame":0.65},"value",6,13],[{"frame":0.7},"value",6,14],[{"frame":0.75},"value",6,15],[{"frame":0.8},"value",6,16],[{"frame":0.85},"value",6,17],[{"frame":0.9},"value",6,18],[{"frame":0.95},"value",6,19],[{"frame":1},"value",6,20],[{"frame":1.05},"value",6,21],[{"frame":1.1},"value",6,22],[{"frame":1.15},"value",6,23],[{"frame":1.2},"value",6,24],[{"frame":1.25},"value",6,25],[{"frame":1.3},"value",6,26],[{"frame":1.35},"value",6,27]],11,11,11,11,11,11,11,11,11,11,11,11,11,11,11,11,11,11,11,11,11,11,11,11,11,11,11,11]]]]]],0,0,[0,0,0,0,0,0,0,0,0,0,0,0,0,0,0,0,0,0,0,0,0,0,0,0,0,0,0,0],[1,1,1,1,1,1,1,1,1,1,1,1,1,1,1,1,1,1,1,1,1,1,1,1,1,1,1,1],[26,27,28,29,30,31,32,33,34,35,36,37,38,39,40,41,42,43,44,45,46,47,48,49,50,51,52,53]],[[{"name":"fs_vfx_i_screen_03","rect":[0,0,230,230],"offset":[0,0],"originalSize":[230,230],"capInsets":[0,0,0,0]}],[0],0,[0],[0],[54]],[[{"name":"fs_vfx_i_screen_05","rect":[0,0,230,230],"offset":[0,0],"originalSize":[230,230],"capInsets":[0,0,0,0]}],[0],0,[0],[0],[55]]]]