[1,["019lYInkNLqJODbNyeEMBA","10pweZunhLc5O8M4p2MHE0","147P9VBXpA55z2gnGKz783","acQrfAAS5BNqctDCKoaOtb","f5VxPvWjBOioRO5tjrttbZ","29+Ah4pGBCrY3pVcRJPgwd","9cKp0Q0NlC5Yi4h6199h4h","80dLRemM1IKJimDGdcOmhz","f61h85Nu5POroBDU3I4SQd","e5TYtc4Q9G7Zymhg0SMSt7","06qwWtIzZOU5eMP2oMzM/v","86QTwk2fhDsKuJyXPADS0F","74qjLGxNdMaq6Nvh5d1cvM","a1QG5LEWNHXbQvTdEJUgxH","dbzMYZp+tLcJQEgGJrZ+28","6foEh531dCT4WdjG/f/h4X"],["value"],[["cc.AnimationClip",["_name","_duration","sample","wrapMode","curveData"],-1,11]],[[0,0,1,2,3,4,5]],[[0,"win_vfx_b",0.64,25,2,[{"props":{"opacity":[{"frame":0,"value":255},{"frame":0.6,"value":255},{"frame":0.64,"value":0}]}},"comps",11,[{},"cc.Sprite",11,[{},"spriteFrame",12,[[[{"frame":0},"value",6,0],[{"frame":0.04},"value",6,1],[{"frame":0.08},"value",6,2],[{"frame":0.12},"value",6,3],[{"frame":0.16},"value",6,4],[{"frame":0.2},"value",6,5],[{"frame":0.24},"value",6,6],[{"frame":0.28},"value",6,7],[{"frame":0.32},"value",6,8],[{"frame":0.36},"value",6,9],[{"frame":0.4},"value",6,10],[{"frame":0.44},"value",6,11],[{"frame":0.48},"value",6,12],[{"frame":0.52},"value",6,13],[{"frame":0.56},"value",6,14],[{"frame":0.6},"value",6,15]],11,11,11,11,11,11,11,11,11,11,11,11,11,11,11,11]]]]]],0,0,[0,0,0,0,0,0,0,0,0,0,0,0,0,0,0,0],[0,0,0,0,0,0,0,0,0,0,0,0,0,0,0,0],[0,1,2,3,4,5,6,7,8,9,10,11,12,13,14,15]]