[1,["51ScC7mRlA7Ky8eQdP5XQ7","09eLRITzZE1Jn3MIE6q045","aaeZ/NeVlCJbG/VcMa589r","30/6c7gT5PSYUHu5wRSTaL","6727ga8d9OfY53KAPujecm","5f+GF3c7BBjrQSESNJRqDf","b8mJFk5ZFLnIqhYZceKh54","0dBSNNX1pANYTBUdnUP+4L","0dBwuVEDRBpppcOQuOj3Pc","4dmCVlRXZDPq4ccaOnDDpz","e37LpJ45ZJ4Jmp9aBLABYI","dbWdmAqKRBNYVyByPYKtPC","37UVKbYdhCEqHAP934/+/R","8awyRkL29FjqmFwQGPkxFO","3cHJ14iDNOyI+PUUD+j+5M","b5LCBU0apKSK2o5lVBWogp","0ba2fwK8xBgI49Dt68Dn8y","1aoH3FI6NGO7pNZwnLd96x","cd6ebZZvFD2o2rFTy3NAl+","476q8MN55BD6ELZ0Tbu8Ie","d5QQv0drdMy6vEA8WoSyeI","50CqGyjw1E553GPb8yxDlh","e1TWgBlRFOj4ypzahsUjdB","1cu5vtWTdDeKFrM9BDf5bE","4dFG8a6VdIiIjTIDM1fwWn","1eh+I08XtBz6SxEd3EY+98"],["_textureSetter","symbol_bg","symbol_bg_blur","wild_a_blur","high_payout_03","symbol_base_gold_blur","low_payout_02_blur","low_payout_01_blur","low_payout_05_blur","high_payout_01","low_payout_01","low_payout_03_blur","low_payout_06_blur","high_payout_03_blur","high_payout_01_blur","low_payout_04_blur","low_payout_05","high_payout_02","high_payout_02_blur","low_payout_04","low_payout_06","low_payout_02","low_payout_03","symbol_base_gold_ingot","symbol_base_gold","wild_a"],["cc.SpriteFrame",["cc.SpriteAtlas",["_name","_spriteFrames"],2,11]],[[1,0,1,2]],[[[{"name":"low_payout_01_blur","rect":[956,374,95,112],"offset":[0,0],"originalSize":[95,112],"rotated":1,"capInsets":[0,0,0,0]}],[0],0,[0],[0],[0]],[[{"name":"low_payout_05_blur","rect":[1344,227,95,112],"offset":[0,0],"originalSize":[95,112],"capInsets":[0,0,0,0]}],[0],0,[0],[0],[0]],[[{"name":"high_payout_02","rect":[192,253,189,224],"offset":[0,0],"originalSize":[189,224],"capInsets":[0,0,0,0]}],[0],0,[0],[0],[0]],[[{"name":"wild_a","rect":[1,1,250,250],"offset":[0,0],"originalSize":[250,250],"capInsets":[0,0,0,0]}],[0],0,[0],[0],[0]],[[{"name":"wild_a_blur","rect":[1399,1,125,125],"offset":[0,0],"originalSize":[125,125],"capInsets":[0,0,0,0]}],[0],0,[0],[0],[0]],[[{"name":"low_payout_06_blur","rect":[1378,341,95,112],"offset":[0,0],"originalSize":[95,112],"capInsets":[0,0,0,0]}],[0],0,[0],[0],[0]],[[{"name":"high_payout_01_blur","rect":[1399,128,95,112],"offset":[0,0],"originalSize":[95,112],"rotated":1,"capInsets":[0,0,0,0]}],[0],0,[0],[0],[0]],[[{"name":"low_payout_04","rect":[1017,1,189,224],"offset":[0,0],"originalSize":[189,224],"capInsets":[0,0,0,0]}],[0],0,[0],[0],[0]],[[[0,"Alats42.plist",[{},"symbol_bg",6,0,"symbol_bg_blur",6,1,"wild_a_blur",6,2,"high_payout_03",6,3,"symbol_base_gold_blur",6,4,"low_payout_02_blur",6,5,"low_payout_01_blur",6,6,"low_payout_05_blur",6,7,"high_payout_01",6,8,"low_payout_01",6,9,"low_payout_03_blur",6,10,"low_payout_06_blur",6,11,"high_payout_03_blur",6,12,"high_payout_01_blur",6,13,"low_payout_04_blur",6,14,"low_payout_05",6,15,"high_payout_02",6,16,"high_payout_02_blur",6,17,"low_payout_04",6,18,"low_payout_06",6,19,"low_payout_02",6,20,"low_payout_03",6,21,"symbol_base_gold_ingot",6,22,"symbol_base_gold",6,23,"wild_a",6,24]]],0,0,[0,0,0,0,0,0,0,0,0,0,0,0,0,0,0,0,0,0,0,0,0,0,0,0,0],[1,2,3,4,5,6,7,8,9,10,11,12,13,14,15,16,17,18,19,20,21,22,23,24,25],[1,2,3,4,5,6,7,8,9,10,11,12,13,14,15,16,17,18,19,20,21,22,23,24,25]],[[{"name":"symbol_base_gold","rect":[574,227,189,224],"offset":[0,0],"originalSize":[189,224],"capInsets":[0,0,0,0]}],[0],0,[0],[0],[0]],[[{"name":"low_payout_02","rect":[635,1,189,224],"offset":[0,0],"originalSize":[189,224],"capInsets":[0,0,0,0]}],[0],0,[0],[0],[0]],[[{"name":"symbol_base_gold_blur","rect":[956,227,95,145],"offset":[0,0],"originalSize":[95,145],"capInsets":[0,0,0,0]}],[0],0,[0],[0],[0]],[[{"name":"high_payout_03","rect":[253,1,189,224],"offset":[0,0],"originalSize":[189,224],"capInsets":[0,0,0,0]}],[0],0,[0],[0],[0]],[[{"name":"high_payout_03_blur","rect":[1247,227,95,112],"offset":[0,0],"originalSize":[95,112],"capInsets":[0,0,0,0]}],[0],0,[0],[0],[0]],[[{"name":"symbol_bg_blur","rect":[1053,227,95,145],"offset":[0,0],"originalSize":[95,145],"capInsets":[0,0,0,0]}],[0],0,[0],[0],[0]],[[{"name":"low_payout_04_blur","rect":[1281,341,95,112],"offset":[0,0],"originalSize":[95,112],"capInsets":[0,0,0,0]}],[0],0,[0],[0],[0]],[[{"name":"low_payout_02_blur","rect":[1070,374,95,112],"offset":[0,0],"originalSize":[95,112],"rotated":1,"capInsets":[0,0,0,0]}],[0],0,[0],[0],[0]],[[{"name":"high_payout_02_blur","rect":[1150,227,95,112],"offset":[0,0],"originalSize":[95,112],"capInsets":[0,0,0,0]}],[0],0,[0],[0],[0]],[[{"name":"low_payout_06","rect":[383,227,189,224],"offset":[0,0],"originalSize":[189,224],"capInsets":[0,0,0,0]}],[0],0,[0],[0],[0]],[[{"name":"low_payout_03_blur","rect":[1184,341,95,112],"offset":[0,0],"originalSize":[95,112],"capInsets":[0,0,0,0]}],[0],0,[0],[0],[0]],[[{"name":"low_payout_03","rect":[826,1,189,224],"offset":[0,0],"originalSize":[189,224],"capInsets":[0,0,0,0]}],[0],0,[0],[0],[0]],[[{"name":"low_payout_01","rect":[444,1,189,224],"offset":[0,0],"originalSize":[189,224],"capInsets":[0,0,0,0]}],[0],0,[0],[0],[0]]]]