[1,["50NgkJDf9LcIg+oV1hhFgc"],["_textureSetter"],["cc.SpriteFrame"],0,[[[{"name":"f_bg_14","rect":[1,625,76,264],"offset":[0,0],"originalSize":[76,264],"rotated":1,"capInsets":[0,0,0,0]}],[0],0,[0],[0],[0]],[[{"name":"f_bg_15","rect":[1,703,76,264],"offset":[0,0],"originalSize":[76,264],"rotated":1,"capInsets":[0,0,0,0]}],[0],0,[0],[0],[0]],[[{"name":"f_bg_12","rect":[1,469,76,264],"offset":[0,0],"originalSize":[76,264],"rotated":1,"capInsets":[0,0,0,0]}],[0],0,[0],[0],[0]],[[{"name":"f_bg_18","rect":[423,533,76,264],"offset":[0,0],"originalSize":[76,264],"capInsets":[0,0,0,0]}],[0],0,[0],[0],[0]],[[{"name":"f_bg_03","rect":[267,1,76,264],"offset":[0,0],"originalSize":[76,264],"capInsets":[0,0,0,0]}],[0],0,[0],[0],[0]],[[{"name":"f_bg_13","rect":[1,547,76,264],"offset":[0,0],"originalSize":[76,264],"rotated":1,"capInsets":[0,0,0,0]}],[0],0,[0],[0],[0]],[[{"name":"f_bg_00","rect":[1,1,76,264],"offset":[0,0],"originalSize":[76,264],"rotated":1,"capInsets":[0,0,0,0]}],[0],0,[0],[0],[0]],[[{"name":"f_bg_17","rect":[345,533,76,264],"offset":[0,0],"originalSize":[76,264],"capInsets":[0,0,0,0]}],[0],0,[0],[0],[0]],[[{"name":"f_bg_07","rect":[1,313,76,264],"offset":[0,0],"originalSize":[76,264],"rotated":1,"capInsets":[0,0,0,0]}],[0],0,[0],[0],[0]],[[{"name":"f_bg_05","rect":[423,1,76,264],"offset":[0,0],"originalSize":[76,264],"capInsets":[0,0,0,0]}],[0],0,[0],[0],[0]],[[{"name":"f_bg_06","rect":[1,235,76,264],"offset":[0,0],"originalSize":[76,264],"rotated":1,"capInsets":[0,0,0,0]}],[0],0,[0],[0],[0]],[[{"name":"f_bg_10","rect":[345,267,76,264],"offset":[0,0],"originalSize":[76,264],"capInsets":[0,0,0,0]}],[0],0,[0],[0],[0]],[[{"name":"f_bg_01","rect":[1,79,76,264],"offset":[0,0],"originalSize":[76,264],"rotated":1,"capInsets":[0,0,0,0]}],[0],0,[0],[0],[0]],[[{"name":"f_bg_11","rect":[423,267,76,264],"offset":[0,0],"originalSize":[76,264],"capInsets":[0,0,0,0]}],[0],0,[0],[0],[0]],[[{"name":"f_bg_02","rect":[1,157,76,264],"offset":[0,0],"originalSize":[76,264],"rotated":1,"capInsets":[0,0,0,0]}],[0],0,[0],[0],[0]],[[{"name":"f_bg_09","rect":[267,267,76,264],"offset":[0,0],"originalSize":[76,264],"capInsets":[0,0,0,0]}],[0],0,[0],[0],[0]],[[{"name":"f_bg_08","rect":[1,391,76,264],"offset":[0,0],"originalSize":[76,264],"rotated":1,"capInsets":[0,0,0,0]}],[0],0,[0],[0],[0]],[[{"name":"f_bg_16","rect":[267,533,76,264],"offset":[0,0],"originalSize":[76,264],"capInsets":[0,0,0,0]}],[0],0,[0],[0],[0]],[[{"name":"f_bg_04","rect":[345,1,76,264],"offset":[0,0],"originalSize":[76,264],"capInsets":[0,0,0,0]}],[0],0,[0],[0],[0]]]]