[1,["ecpdLyjvZBwrvm+cedCcQy","96W3wKpONLiLdX6LwVlUIr","49IVSUUgtJlYVq45HvyqHT","4b4JHK7eBGepMqM/N743cq","4e23lGP1RO4Kv6gTF11wRz","7a/QZLET9IDreTiBfRn2PD","13j3628hpPmph7sIaKK77e","1c3Xdg0SZE6bvPalpr2WbV"],["node","_spriteFrame","_textureSetter","root","data","_N$skeletonData","_defaultClip"],[["cc.Node",["_name","_components","_prefab","_parent","_children","_contentSize","_trs"],2,9,4,1,2,5,7],"cc.SpriteFrame",["cc.PrefabInfo",["fileId","root","asset"],2,1,1],["cc.AnimationClip",["_name","_duration","wrapMode","curveData"],-1],["cc.Prefab",["_name"],2],["cc.Animation",["node","_clips","_defaultClip"],3,1,3,6],["a61f2I4n9ZKHLMzyX/uhcqT",["node"],3,1],["cc.Sprite",["_dstBlendFactor","_sizeMode","_isTrimmedMode","node","_materials","_spriteFrame"],0,1,3,6],["sp.Skeleton",["defaultSkin","defaultAnimation","_preCacheMode","loop","_animationName","_playTimes","node","_materials","_N$skeletonData"],-3,1,3,6]],[[2,0,1,2,2],[0,0,3,1,2,5,6,2],[7,0,1,2,3,4,5,4],[3,0,1,2,3,5],[4,0,2],[0,0,4,1,2,2],[0,0,3,1,2,2],[5,0,1,2,1],[6,0,1],[2,1,2,1],[8,0,1,2,3,4,5,6,7,8,7]],[[[[3,"NodeAddScatterBlink",0.6666666666666666,2,{"paths":{"fs_s_glow_a":{"props":{"opacity":[{"frame":0,"value":0},{"frame":0.3333333333333333,"value":255},{"frame":0.6666666666666666,"value":0}]}}}}]],0,0,[],[],[]],[[{"name":"fs_s_glow_a","rect":[0,0,359,359],"offset":[0,0],"originalSize":[359,359],"capInsets":[0,0,0,0]}],[1],0,[0],[2],[3]],[[[4,"NodeAddScatter"],[5,"NodeAddScatter",[-4,-5,-6,-7],[[7,-2,[9],8],[8,-3]],[9,-1,0]],[1,"fs_s_glow_a",1,[[2,1,2,false,-8,[0],1]],[0,"c8n6j4qpVCfKDa3pIuCjpI",1,0],[5,359,359],[0,0,0,0,0,0,1,1.45,1.45,1]],[1,"fs_s_pattern",1,[[2,1,2,false,-9,[2],3]],[0,"7f4Boh84NPlJII0v2VbKvt",1,0],[5,247,96],[0,97.563,0,0,0,0,1,1.4,1.4,1]],[1,"fs_s_pattern copy",1,[[2,1,2,false,-10,[4],5]],[0,"1dqzPDS6JHcLQnDnXxHUUb",1,0],[5,247,96],[0,-96.738,0,0,0,0,1,1.4,-1.4,1]],[6,"s_scatter_a_atlas_symbols",1,[[10,"default","win",0,false,"win",1,-11,[6],7]],[0,"d1WLPc7vpGIKcESdDt5j+2",1,0]]],0,[0,3,1,0,0,1,0,0,1,0,-1,2,0,-2,3,0,-3,4,0,-4,5,0,0,2,0,0,3,0,0,4,0,0,5,0,4,1,11],[0,0,0,0,0,0,0,0,0,0],[-1,1,-1,1,-1,1,-1,5,6,-1],[0,4,0,1,0,1,5,6,2,2]],[[{"name":"fs_s_pattern","rect":[0,0,247,96],"offset":[0,0],"originalSize":[247,96],"capInsets":[0,0,0,0]}],[1],0,[0],[2],[7]]]]