[1,["ecpdLyjvZBwrvm+cedCcQy","fcrDhO50pGWbisv1CJcFB1","b6Uf2XYlRIt4PMWLRGIIjT","799RPr3P1P748+yudJxSam","83hi+bMRFHKaGt+FGr8Jt8","ee4fwOtB5HdJHpmJidcLpw","b5smSR5sJJwYgH2Gk0xEtK","5eqvnwjadP4IIAaQCtZote","34EaIsjtdM4b5tWktsk6ZH","4fggm58/1BgaLUILiBCkvf","fbSogluVZIE6Ug/BT4oNPs","64/WyQQVhJlatX3P9V795p","90tdy0kepGEJafkXgjJnUz","a4dOaH871M/6K8SRf6Q93p","64nzRAAdFNd5KrOVR3MAU5","2fTpzeY0JFP6gBLuxDIJjw","a5aDMc3+dL6LA14eFY+7na","9canswLm1O3rHiL6Ybjmhw","28wJeYjTVFLpFX7rWdY+/6","48Mj1XwaBFTbsme05TGxJg","0d0/TCIzFEVK52dYeNsCcR","62uy06pd5EeZVx/5t+bUal","89y9W3yIpM8YiNGpKCmoMt","98OoEYTphLSJAI5QKEDDbi","04L5Z7Xy9I57VItZ8DaNO/","d8fHhnlgZH+ZanqQ0fo+Va","79beBoPi5C5YlbeS76TD43","bb2wZ0Td9H6J6LKcXpDHEt","66KboMgR9JIKg3aI4TkAzA","ab3igCH4tFkYYJueM0mT47","cbdZJklipPtplgJuU11nCe","76TUxNpLhKaL8SwetN5TIg","5azF/0UddNnIUuOz/ug4iY","81fRqoRbtEW4LhyTAkj28h","e8BMlqHgdPAoP4XFWd3ujp","a7oPBIuQdHB5GcV8lsBYAG","35x+X1sUpHi4qmiYKMWpVt","631AA7z49JNafZx0q93a2A","bagKuCVUlEUYGwkq8aIwJD","c5QvX2f3tAu7t1kL6iirOd","99LIb0Z+NJ0LRaJxjNBjqV","9508+VU+RBeLduJ38QmBbn","08+nypJntH24Jc0jOwidW5","d42owB68lMU6dq5FGhua7+","92l6JmKBhISbt8cP97l+Jf","2880F9mrlAdqCuPKEXkAfS","4ckiGrP9lOCas7ZtaeMpWU","f7NGCzauFLSLEdoZnC4AM5","03cxx7vBFJGYcGHCnEcp4W","b7B3LKhWpNgbnJ64WHR1TM","36vmGW+SNNZr52Uqha8sG2","e9mH6lL2VM/ZBTB+NaBVbx","724JpjvGpEaKjo+hnBwYQA","a2MjXRFdtLlYQ5ouAFv/+R","7a/QZLET9IDreTiBfRn2PD","79TZXal/BBzq/g6q2s5Y7q","4eYpxfotNPkJt2CitJwIz4","92jAoJhtpO3ZUe2rgWXeqa","447Uv6twJAhJHi1jSS7gCe","53QBBgOl9KZKpH5Jdh7of7","a2qjImPWtH4J7q7OaDHSW8","11xygNiQZCXI68/h44Hlhd","e7vHcRDiVJY5+NrTyBvXgz","47ZJCKoYRCH4P5TYiKLmJO","f2XQKBlJJFuo14nMfBwVuV","bfFcQXrHhOVJm5uz1XNbhn","87ZwWoPFlLv6SkAuHHyPrY","9d2WYQsNBOP4jN7mTYmo+Y","d1soFh8HpBIoPYzNYWhJNg","364jLh0IBBOLhhXS9D1hyi","f2vJ+J/ytGv6BJ4na1AKaX","83FwRYV7pPu4WNrSzFObCr","01/0uqpGJBJ67c70/BDyFT","a3Nsr1QapAwJWnrkJXskP6","881KS2YWBBgZkdAOjCFYeH","c6FU7iD2ZKGIVWbA28QKXM","affNvH1gJAKZpaCg88U3i4","38dcg1Sv1J1qTez3VlzsA7","1cevAFOBVCNJ9v3deyQUvF","4dh5qF93RKBL2ugFinSxpq","a4auNkMPZNl7wiA7ggVImR","9a1JEcT7tG7Igu9ubqw8Q6","2bB00xJopDzY5y1mQFm++a","5ds32qKBFHhrbPwNnjbSAx","f3EX8+IhJFaLNds6I+zUhW","2cPtIXa+pA6LrwODZDA+Vn","04OmJDH0JG25DoFz+IAbxU","8aH1cc9qJPYqEW8PBJlVU/","b4fQa0nQ1JooMlFqCZmO8z"],["node","_textureSetter","_spriteFrame","_N$file","_parent","atlas","root","animTake2","animTake1","jackpot","superWin","megaWin","bigWin","btnFast","lb_Jackpot","lb_Money","data","_defaultClip","_N$skeletonData","font","spriteFrame","0","1","2","3","4","5","6","7","8","9","comma","decimal"],["cc.SpriteFrame",["cc.Node",["_name","_opacity","_parent","_components","_prefab","_contentSize","_trs","_anchorPoint","_color"],1,1,9,4,5,7,5,5],["cc.Node",["_name","_active","_prefab","_parent","_children","_contentSize","_components","_trs","_color","_anchorPoint"],1,4,1,2,5,12,7,5,5],["cc.Sprite",["_dstBlendFactor","_sizeMode","_isTrimmedMode","node","_materials","_spriteFrame"],0,1,3,6],["cc.AnimationClip",["_name","_duration","sample","wrapMode","curveData"],-1,11],["cc.Node",["_name","_active","_children","_components","_prefab","_parent","_contentSize","_trs"],1,2,2,4,1,5,7],["cc.PrefabInfo",["fileId","root","asset"],2,1,1],["cc.Animation",["playOnLoad","node","_clips","_defaultClip"],2,1,3,6],["ef6cdgak0JA7Klp9LwbTgyF",["tempReplaceAtlas","isPrefix","_string","_maxWidth","listFS","type","_maxWidthSpecialChar","_scale","node"],-5,1],["cc.ParticleSystem",["_dstBlendFactor","_custom","totalParticles","emissionRate","angleVar","speed","speedVar","tangentialAccel","endRadiusVar","rotatePerSVar","playOnLoad","duration","life","lifeVar","angle","startSize","startSizeVar","endRadius","rotatePerS","endSize","_positionType","rotationIsDir","startRadiusVar","node","_materials","_startColor","_startColorVar","_endColor","_endColorVar","_spriteFrame","posVar"],-20,1,3,8,8,8,8,6,5],["cc.AnimationClip",["_name","_duration","wrapMode","curveData"],-1],["sp.SkeletonData",["_name","_atlasText","textureNames","_skeletonJson","textures"],-1,3],["cc.Prefab",["_name"],2],["cc.Node",["_name","_active","_parent","_children","_components","_prefab"],1,1,12,2,4],["ede81s5ZHNHtKcf30/GR7+E",["node","lb_Money","lb_Jackpot","btnFast","bigWin","megaWin","superWin","jackpot","animTake1","animTake2","listColor"],3,1,1,1,1,1,1,1,1,1,1,12],["cc.Animation",["playOnLoad","_clips","node"],1,1],["c06aeGh69JJKYu1D8xtM1Fn",["node"],3,1],["sp.Skeleton",["defaultSkin","_preCacheMode","timeScale","_animationName","node","_materials","_N$skeletonData"],-1,1,3,6],["cc.Label",["_string","_isSystemFontUsed","node","_materials","_N$file"],1,1,3,6],["cc.Button",["node","clickEvents"],3,1,9],["cc.ClickEvent",["_componentId","handler","target"],1,1],["cc.BitmapFont",["_name","fontSize","_fntConfig"],0],["cc.SpriteAtlas",["_name","_spriteFrames"],2,11]],[[6,0,1,2,2],[1,0,2,3,4,5,6,2],[3,0,3,4,5,2],[3,3,4,5,1],[2,0,3,4,2,5,9,7,2],[1,0,2,3,4,5,7,2],[18,0,1,2,3,4,3],[7,1,2,1],[1,0,1,2,3,4,8,5,6,3],[4,0,1,2,4,4],[10,0,1,2,3,5],[2,0,3,2,2],[2,0,3,6,2,8,5,7,2],[13,0,1,2,3,4,5,3],[1,0,2,3,4,6,2],[3,0,1,2,3,4,5,4],[3,0,1,2,3,4,4],[4,0,1,2,3,4,5],[4,0,1,4,3],[11,0,1,2,3,4,5],[12,0,2],[2,0,4,6,2,5,2],[2,0,1,3,4,2,3],[5,0,5,2,3,4,2],[5,0,2,3,4,6,7,2],[5,0,1,5,2,3,4,6,7,3],[1,0,2,3,4,5,7,6,2],[1,0,1,2,3,4,5,6,3],[14,0,1,2,3,4,5,6,7,8,9,10,1],[6,1,2,1],[3,1,3,4,5,2],[7,0,1,2,3,2],[15,0,1,2,3],[16,0,1],[8,0,1,2,3,4,8,6],[8,5,0,1,2,3,6,7,4,8,9],[17,0,1,2,3,4,5,6,5],[9,0,1,10,2,11,3,12,13,14,4,15,16,5,6,7,17,8,18,9,23,24,25,26,27,28,29,20],[9,0,1,2,3,4,19,20,5,6,7,21,22,8,9,23,24,25,26,27,28,30,29,15],[19,0,1,1],[20,0,1,2,3],[21,0,1,2,4],[22,0,1,2]],[[[{"name":"45","rect":[0,0,324,677],"offset":[0,0],"originalSize":[324,677],"capInsets":[0,0,0,0]}],[0],0,[0],[1],[6]],[[{"name":"decimal","rect":[84,724,60,64],"offset":[0,0],"originalSize":[60,64],"capInsets":[0,0,0,0]}],[0],0,[0],[1],[1]],[[{"name":"95","rect":[0,0,577,762],"offset":[0,1],"originalSize":[577,764],"capInsets":[0,0,0,0]}],[0],0,[0],[1],[7]],[[{"name":"3","rect":[1,459,113,150],"offset":[0,0],"originalSize":[113,150],"capInsets":[0,0,0,0]}],[0],0,[0],[1],[1]],[[{"name":"7","rect":[118,152,105,146],"offset":[0,0],"originalSize":[105,146],"capInsets":[0,0,0,0]}],[0],0,[0],[1],[1]],[[{"name":"comma","rect":[1,724,64,81],"offset":[0,0],"originalSize":[64,81],"rotated":1,"capInsets":[0,0,0,0]}],[0],0,[0],[1],[1]],[[{"name":"41","rect":[0,0,302,302],"offset":[0,0],"originalSize":[302,302],"capInsets":[0,0,0,0]}],[0],0,[0],[1],[8]],[[[17,"SuperWinLoop2",0.8777777777777778,90,2,[{},"paths",11,[{"82":{"props":{"opacity":[{"frame":0,"value":255},{"frame":0.45555555555555555,"value":50},{"frame":0.8777777777777778,"value":255}]}},"92":{"props":{"opacity":[{"frame":0,"value":255},{"frame":0.45555555555555555,"value":50},{"frame":0.8777777777777778,"value":255}]}}},"haoQuang",11,[{},"props",11,[{},"scale",12,[[[{"frame":0},"value",8,[0,1.697,1.697]],[{"frame":0.45555555555555555},"value",8,[0,1.313,1.313]],[{"frame":0.8777777777777778},"value",8,[0,1.697,1.697]]],11,11,11]]]]]]],0,0,[],[],[]],[[{"name":"2","rect":[117,307,118,147],"offset":[0,0],"originalSize":[118,147],"capInsets":[0,0,0,0]}],[0],0,[0],[1],[1]],[[{"name":"b02068d1-27d7-4cea-b744-3cc83bf9d959","rect":[0,0,256,256],"offset":[0,0],"originalSize":[256,256],"capInsets":[0,0,0,0]}],[0],0,[0],[1],[9]],[[{"name":"97","rect":[0,0,345,345],"offset":[0,0],"originalSize":[345,345],"capInsets":[0,0,0,0]}],[0],0,[0],[1],[10]],[[{"name":"5","rect":[0,0,756,774],"offset":[0,0],"originalSize":[756,774],"capInsets":[0,0,0,0]}],[0],0,[0],[1],[11]],[[{"name":"4","rect":[1,1,115,151],"offset":[0,0],"originalSize":[115,151],"capInsets":[0,0,0,0]}],[0],0,[0],[1],[1]],[[{"name":"tw_vfx_f_add","rect":[759,436,335,339],"offset":[0,0],"originalSize":[335,339],"capInsets":[0,0,0,0]}],[0],0,[0],[1],[12]],[[{"name":"8","rect":[1,307,114,150],"offset":[0,0],"originalSize":[114,150],"capInsets":[0,0,0,0]}],[0],0,[0],[1],[1]],[[[10,"MegaWinLoop2",1.8,2,{"paths":{"82":{"props":{"opacity":[{"frame":0,"value":255},{"frame":0.9333333333333333,"value":50},{"frame":1.8,"value":255}]}},"92":{"props":{"opacity":[{"frame":0,"value":255},{"frame":0.9333333333333333,"value":50},{"frame":1.8,"value":255}]}}}}]],0,0,[],[],[]],[[[9,"BigWin1",14.188888888888888,90,[{},"paths",11,[{"93":{"props":{"opacity":[{"frame":0,"value":0},{"frame":0.15555555555555556,"value":255},{"frame":0.5444444444444444,"value":0}]}}},"23",11,[{},"props",11,[{"opacity":[{"frame":0,"value":0},{"frame":0.23333333333333334,"value":255}]},"scale",12,[[[{"frame":0},"value",8,[0,0.5,0.5]],[{"frame":0.23333333333333334},"value",8,[0,1,1]],[{"frame":14.188888888888888},"value",8,[0,1.3,1.3]]],11,11,11]]],"24",11,[{},"props",11,[{},"scale",12,[[[{"frame":0},"value",8,[0,0.4,0.4]],[{"frame":0.26666666666666666},"value",8,[0,1.24,1.24]]],11,11]]],"95",11,[{},"props",11,[{},"scale",12,[[[{"frame":0},"value",8,[0,0.4,0.4]],[{"frame":0.26666666666666666},"value",8,[0,1.24,1.24]]],11,11]]],"98",11,[{},"props",11,[{},"scale",12,[[[{"frame":0},"value",8,[0,0.4,0.4]],[{"frame":0.26666666666666666},"value",8,[0,2.396,2.396]],[{"frame":10.655555555555555},"value",8,[0,3,3]]],11,11,11]]],"bw",11,[{},"props",11,[{},"scale",12,[[[{"frame":0,"curve":[0.18,0.89,0.31,1.21]},"value",8,[0,0,0]],[{"frame":0.5333333333333333},"value",8,[0,1,1]]],11,11]]]]]]],0,0,[],[],[]],[[{"name":"92","rect":[0,0,425,239],"offset":[0,0],"originalSize":[425,239],"capInsets":[0,0,0,0]}],[0],0,[0],[1],[13]],[[[19,"jackpot","\njackpot.png\nsize: 1216,616\nformat: RGBA8888\nfilter: Linear,Linear\nrepeat: none\nA\n  rotate: false\n  xy: 597, 128\n  size: 233, 206\n  orig: 234, 206\n  offset: 1, 0\n  index: -1\nC\n  rotate: true\n  xy: 2, 56\n  size: 140, 224\n  orig: 140, 224\n  offset: 0, 0\n  index: -1\nCOIN_STACK\n  rotate: false\n  xy: 2, 357\n  size: 383, 256\n  orig: 383, 257\n  offset: 0, 0\n  index: -1\nJ\n  rotate: true\n  xy: 673, 336\n  size: 277, 182\n  orig: 277, 183\n  offset: 0, 1\n  index: -1\nK\n  rotate: true\n  xy: 703, 29\n  size: 87, 231\n  orig: 88, 231\n  offset: 1, 0\n  index: -1\nO\n  rotate: false\n  xy: 857, 336\n  size: 199, 210\n  orig: 199, 210\n  offset: 0, 0\n  index: -1\nP\n  rotate: true\n  xy: 471, 13\n  size: 113, 230\n  orig: 113, 230\n  offset: 0, 0\n  index: -1\nT\n  rotate: false\n  xy: 387, 357\n  size: 284, 190\n  orig: 284, 190\n  offset: 0, 0\n  index: -1\nTOAST_FRAME\n  rotate: false\n  xy: 2, 198\n  size: 593, 157\n  orig: 613, 157\n  offset: 0, 0\n  index: -1\na1\n  rotate: false\n  xy: 1014, 26\n  size: 73, 90\n  orig: 73, 90\n  offset: 0, 0\n  index: -1\nc1\n  rotate: true\n  xy: 228, 2\n  size: 69, 77\n  orig: 69, 77\n  offset: 0, 0\n  index: -1\nflare1\n  rotate: false\n  xy: 387, 562\n  size: 150, 51\n  orig: 150, 51\n  offset: 0, 0\n  index: -1\nflare2\n  rotate: false\n  xy: 2, 6\n  size: 49, 48\n  orig: 51, 51\n  offset: 1, 1\n  index: -1\nj1\n  rotate: true\n  xy: 539, 565\n  size: 48, 86\n  orig: 48, 86\n  offset: 0, 0\n  index: -1\nk1\n  rotate: false\n  xy: 1058, 520\n  size: 77, 77\n  orig: 77, 77\n  offset: 0, 0\n  index: -1\nlight2\n  rotate: true\n  xy: 832, 118\n  size: 216, 217\n  orig: 217, 217\n  offset: 0, 0\n  index: -1\no1\n  rotate: false\n  xy: 1089, 39\n  size: 82, 77\n  orig: 82, 77\n  offset: 0, 0\n  index: -1\np1\n  rotate: false\n  xy: 1137, 520\n  size: 77, 77\n  orig: 77, 77\n  offset: 0, 0\n  index: -1\nstar2\n  rotate: false\n  xy: 1058, 313\n  size: 134, 205\n  orig: 134, 205\n  offset: 0, 0\n  index: -1\nstar_1\n  rotate: true\n  xy: 1051, 118\n  size: 193, 152\n  orig: 193, 152\n  offset: 0, 0\n  index: -1\nstar_3\n  rotate: true\n  xy: 228, 73\n  size: 123, 241\n  orig: 124, 241\n  offset: 1, 0\n  index: -1\nt1\n  rotate: false\n  xy: 936, 28\n  size: 76, 88\n  orig: 76, 88\n  offset: 0, 0\n  index: -1\n",["jackpot.png"],{"skeleton":{"hash":"Vqifck3wVP7LmPMSpTeLgsz+fYk","spine":"3.8.99","x":-376.45,"y":-296.07,"width":757.06,"height":737.45,"images":"","audio":"C:/Users/DELL/Downloads/Telegram Desktop/AnimJP/AnimJP"},"bones":[{"name":"root"},{"name":"Scale","parent":"root"},{"name":"K","parent":"Scale","x":-12.11,"y":71.84},{"name":"C","parent":"Scale","x":-84.03,"y":71.84},{"name":"A","parent":"Scale","x":-168.05,"y":52.16},{"name":"J","parent":"Scale","x":-241.48,"y":24.91},{"name":"P","parent":"Scale","x":67.37,"y":74.87},{"name":"O","parent":"Scale","x":168.81,"y":59.73},{"name":"T","parent":"Scale","x":250.57,"y":26.42},{"name":"star3","parent":"Scale","x":7.88,"y":163.52},{"name":"Star2","parent":"Scale","x":-97.85,"y":146.17},{"name":"Star1","parent":"Scale","x":-173.59,"y":105.93},{"name":"Star3","parent":"Scale","x":123.86,"y":146.17,"scaleX":-1},{"name":"Star4","parent":"Scale","x":198.02,"y":105.93,"scaleX":-1},{"name":"light2","parent":"Scale","x":-9.92,"y":75.87,"scaleX":1.269,"scaleY":1.269},{"name":"flare2","parent":"Scale","x":121.42,"y":-42.81,"scaleY":1.4},{"name":"flare3","parent":"Scale","x":-122.65,"y":-140.11},{"name":"flare4","parent":"Scale","x":-64.39,"y":-6.14,"scaleX":1.759,"scaleY":1.759},{"name":"coin","parent":"Scale","x":2.36,"y":-40.03},{"name":"flare5","parent":"Scale","rotation":-16.82,"x":139.61,"y":79.54,"scaleX":2.039,"scaleY":2.039},{"name":"flare6","parent":"Scale","rotation":-16.82,"x":-3.19,"y":167.94,"scaleX":2.172,"scaleY":2.172},{"name":"flare7","parent":"Scale","rotation":-52.87,"x":234.81,"y":-7.5,"scaleX":1.97,"scaleY":1.97},{"name":"light3","parent":"Scale","x":-9.92,"y":75.87,"scaleX":1.054,"scaleY":1.054},{"name":"toast","parent":"Scale","x":-10.14,"y":-94.28}],"slots":[{"name":"light2","bone":"light2","color":"ffcd00ff","attachment":"light2","blend":"additive"},{"name":"light3","bone":"light3","color":"ffcd00ff","attachment":"light2","blend":"additive"},{"name":"star_1","bone":"Star1","attachment":"star_1"},{"name":"star_2","bone":"Star4","attachment":"star_1"},{"name":"star2","bone":"Star2","attachment":"star2"},{"name":"star3","bone":"Star3","attachment":"star2"},{"name":"star_3","bone":"star3","attachment":"star_3"},{"name":"J","bone":"J","attachment":"J"},{"name":"A","bone":"A","attachment":"A"},{"name":"C","bone":"C","attachment":"C"},{"name":"T","bone":"T","attachment":"T"},{"name":"O","bone":"O","attachment":"O"},{"name":"P","bone":"P","attachment":"P"},{"name":"K","bone":"K","attachment":"K"},{"name":"COIN_STACK","bone":"coin","attachment":"COIN_STACK"},{"name":"TOAST_FRAME","bone":"toast","attachment":"TOAST_FRAME"},{"name":"flare1","bone":"flare2","attachment":"flare1","blend":"additive"},{"name":"flare2","bone":"flare3","attachment":"flare1","blend":"additive"},{"name":"C2","bone":"C","color":"fffdcd00","attachment":"c1","blend":"additive"},{"name":"A2","bone":"A","color":"fffdcd00","attachment":"a1","blend":"additive"},{"name":"J2","bone":"J","color":"fffdcd00","attachment":"j1","blend":"additive"},{"name":"K2","bone":"K","color":"fffdcd00","attachment":"k1","blend":"additive"},{"name":"O2","bone":"O","color":"fffdcd00","attachment":"o1","blend":"additive"},{"name":"P2","bone":"P","color":"fffdcd00","attachment":"p1","blend":"additive"},{"name":"T2","bone":"T","color":"fffdcd00","attachment":"t1","blend":"additive"},{"name":"flare3","bone":"flare4","color":"ffffff00","attachment":"flare2","blend":"additive"},{"name":"flare4","bone":"flare5","color":"ffffff00","attachment":"flare2","blend":"additive"},{"name":"flare5","bone":"flare6","color":"ffffff00","attachment":"flare2","blend":"additive"},{"name":"flare6","bone":"flare7","color":"ffffff00","attachment":"flare2","blend":"additive"}],"skins":[{"name":"default","attachments":{"A":{"A":{"x":80.28,"y":-57.57,"width":234,"height":206}},"A2":{"a1":{"x":6.2,"y":-3.11,"width":73,"height":90}},"C":{"C":{"x":26.84,"y":-67.59,"width":140,"height":224}},"C2":{"c1":{"x":-3.13,"y":2.05,"width":69,"height":77}},"COIN_STACK":{"COIN_STACK":{"x":-2.36,"y":-7.27,"width":383,"height":257}},"J":{"J":{"x":113.46,"y":-44.81,"width":277,"height":183}},"J2":{"j1":{"x":4.66,"width":48,"height":86}},"K":{"K":{"x":4.84,"y":-64.37,"width":88,"height":231}},"K2":{"k1":{"x":5.68,"y":8.79,"width":77,"height":77}},"O":{"O":{"x":-55.26,"y":-62.83,"width":199,"height":210}},"O2":{"o1":{"x":-0.52,"y":-0.54,"width":82,"height":77}},"P":{"P":{"x":1.02,"y":-69.01,"width":113,"height":230}},"P2":{"p1":{"x":12.93,"y":4.13,"width":77,"height":77}},"T":{"T":{"x":-90.84,"y":-41.64,"width":284,"height":190}},"T2":{"t1":{"x":7.25,"y":5.7,"width":76,"height":88}},"TOAST_FRAME":{"TOAST_FRAME":{"x":10.14,"y":2.76,"scaleX":1.2,"scaleY":1.4,"width":613,"height":157}},"flare1":{"flare1":{"x":5.62,"y":0.98,"scaleX":3.381,"scaleY":1.487,"width":150,"height":51}},"flare2":{"flare1":{"x":5.62,"y":0.98,"scaleX":3.381,"scaleY":1.487,"width":150,"height":51}},"flare3":{"flare2":{"x":0.5,"y":0.5,"width":51,"height":51}},"flare4":{"flare2":{"x":0.5,"y":0.5,"width":51,"height":51}},"flare5":{"flare2":{"x":0.5,"y":0.5,"width":51,"height":51}},"flare6":{"flare2":{"x":0.5,"y":0.5,"width":51,"height":51}},"light2":{"light2":{"x":1.73,"y":-2.53,"scaleX":2.678,"scaleY":2.678,"width":217,"height":217}},"light3":{"light2":{"x":1.73,"y":-2.53,"scaleX":2.678,"scaleY":2.678,"width":217,"height":217}},"star2":{"star2":{"x":20.18,"y":-58.17,"width":134,"height":205}},"star3":{"star2":{"x":20.18,"y":-58.17,"width":134,"height":205}},"star_1":{"star_1":{"x":59.6,"y":-42.45,"width":193,"height":152}},"star_2":{"star_1":{"x":59.6,"y":-42.45,"width":193,"height":152}},"star_3":{"star_3":{"x":5.25,"y":-63.72,"width":124,"height":241}}}}],"animations":{"Idle":{"slots":{"A2":{"color":[{"time":0.2,"color":"fffdcd00","curve":0.25,"c3":0.75},{"time":0.3667,"color":"fffdcd9c","curve":0.25,"c3":0.75},{"time":0.7333,"color":"fffdcd00","curve":"stepped"},{"time":1.8667,"color":"fffdcd00","curve":0.25,"c3":0.75},{"time":2.0333,"color":"fffdcd9c","curve":0.25,"c3":0.75},{"time":2.4,"color":"fffdcd00","curve":"stepped"},{"time":3.5333,"color":"fffdcd00","curve":0.25,"c3":0.75},{"time":3.7,"color":"fffdcd9c","curve":0.25,"c3":0.75},{"time":4.0667,"color":"fffdcd00"}]},"C2":{"color":[{"time":0.3667,"color":"fffdcd00","curve":0.25,"c3":0.75},{"time":0.5667,"color":"fffdcd9c","curve":0.25,"c3":0.75},{"time":0.9333,"color":"fffdcd00","curve":"stepped"},{"time":2.0333,"color":"fffdcd00","curve":0.25,"c3":0.75},{"time":2.2333,"color":"fffdcd9c","curve":0.25,"c3":0.75},{"time":2.6,"color":"fffdcd00","curve":"stepped"},{"time":3.7,"color":"fffdcd00","curve":0.25,"c3":0.75},{"time":3.9,"color":"fffdcd9c","curve":0.25,"c3":0.75},{"time":4.2667,"color":"fffdcd00"}]},"J2":{"color":[{"color":"fffdcd00","curve":0.25,"c3":0.75},{"time":0.2,"color":"fffdcd9c","curve":0.25,"c3":0.75},{"time":0.5667,"color":"fffdcd00","curve":"stepped"},{"time":1.6667,"color":"fffdcd00","curve":0.25,"c3":0.75},{"time":1.8667,"color":"fffdcd9c","curve":0.25,"c3":0.75},{"time":2.2333,"color":"fffdcd00","curve":"stepped"},{"time":3.3333,"color":"fffdcd00","curve":0.25,"c3":0.75},{"time":3.5333,"color":"fffdcd9c","curve":0.25,"c3":0.75},{"time":3.9,"color":"fffdcd00"}]},"K2":{"color":[{"time":0.5667,"color":"fffdcd00","curve":0.25,"c3":0.75},{"time":0.7333,"color":"fffdcd9c","curve":0.25,"c3":0.75},{"time":1.1,"color":"fffdcd00","curve":"stepped"},{"time":2.2333,"color":"fffdcd00","curve":0.25,"c3":0.75},{"time":2.4,"color":"fffdcd9c","curve":0.25,"c3":0.75},{"time":2.7667,"color":"fffdcd00","curve":"stepped"},{"time":3.9,"color":"fffdcd00","curve":0.25,"c3":0.75},{"time":4.0667,"color":"fffdcd9c","curve":0.25,"c3":0.75},{"time":4.4333,"color":"fffdcd00"}]},"O2":{"color":[{"time":0.9333,"color":"fffdcd00","curve":0.25,"c3":0.75},{"time":1.1,"color":"fffdcd9c","curve":0.25,"c3":0.75},{"time":1.5,"color":"fffdcd00","curve":"stepped"},{"time":2.6,"color":"fffdcd00","curve":0.25,"c3":0.75},{"time":2.7667,"color":"fffdcd9c","curve":0.25,"c3":0.75},{"time":3.1667,"color":"fffdcd00","curve":"stepped"},{"time":4.2667,"color":"fffdcd00","curve":0.25,"c3":0.75},{"time":4.4333,"color":"fffdcd9c","curve":0.25,"c3":0.75},{"time":4.8333,"color":"fffdcd00"}]},"P2":{"color":[{"time":0.7333,"color":"fffdcd00","curve":0.25,"c3":0.75},{"time":0.9333,"color":"fffdcd9c","curve":0.25,"c3":0.75},{"time":1.3,"color":"fffdcd00","curve":"stepped"},{"time":2.4,"color":"fffdcd00","curve":0.25,"c3":0.75},{"time":2.6,"color":"fffdcd9c","curve":0.25,"c3":0.75},{"time":2.9667,"color":"fffdcd00","curve":"stepped"},{"time":4.0667,"color":"fffdcd00","curve":0.25,"c3":0.75},{"time":4.2667,"color":"fffdcd9c","curve":0.25,"c3":0.75},{"time":4.6333,"color":"fffdcd00"}]},"T2":{"color":[{"time":1.1,"color":"fffdcd00","curve":0.25,"c3":0.75},{"time":1.3,"color":"fffdcd9c","curve":0.25,"c3":0.75},{"time":1.6667,"color":"fffdcd00","curve":"stepped"},{"time":2.7667,"color":"fffdcd00","curve":0.25,"c3":0.75},{"time":2.9667,"color":"fffdcd9c","curve":0.25,"c3":0.75},{"time":3.3333,"color":"fffdcd00","curve":"stepped"},{"time":4.4333,"color":"fffdcd00","curve":0.25,"c3":0.75},{"time":4.6333,"color":"fffdcd9c","curve":0.25,"c3":0.75},{"time":5,"color":"fffdcd00"}]},"flare1":{"color":[{"color":"ffffff00","curve":0.25,"c3":0.75},{"time":0.5,"color":"ffffffd1","curve":0.25,"c3":0.75},{"time":1.5,"color":"ffffff00","curve":"stepped"},{"time":1.6667,"color":"ffffff00","curve":0.25,"c3":0.75},{"time":2.1667,"color":"ffffffd1","curve":0.25,"c3":0.75},{"time":3.1667,"color":"ffffff00","curve":"stepped"},{"time":3.3333,"color":"ffffff00","curve":0.25,"c3":0.75},{"time":3.8333,"color":"ffffffd1","curve":0.25,"c3":0.75},{"time":4.8333,"color":"ffffff00"}]},"flare2":{"color":[{"color":"ffffff00","curve":0.25,"c3":0.75},{"time":0.5,"color":"ffffffd1","curve":0.25,"c3":0.75},{"time":1.5,"color":"ffffff00","curve":"stepped"},{"time":1.6667,"color":"ffffff00","curve":0.25,"c3":0.75},{"time":2.1667,"color":"ffffffd1","curve":0.25,"c3":0.75},{"time":3.1667,"color":"ffffff00","curve":"stepped"},{"time":3.3333,"color":"ffffff00","curve":0.25,"c3":0.75},{"time":3.8333,"color":"ffffffd1","curve":0.25,"c3":0.75},{"time":4.8333,"color":"ffffff00"}]},"flare3":{"color":[{"color":"ffffff00"},{"time":0.3333,"color":"ffffffff"},{"time":1,"color":"ffffff00","curve":"stepped"},{"time":1.6667,"color":"ffffff00"},{"time":2,"color":"ffffffff"},{"time":2.6667,"color":"ffffff00","curve":"stepped"},{"time":3.3333,"color":"ffffff00"},{"time":3.6667,"color":"ffffffff"},{"time":4.3333,"color":"ffffff00"}]},"flare4":{"color":[{"time":0.1667,"color":"ffffff00"},{"time":0.5,"color":"ffffffff"},{"time":1.1667,"color":"ffffff00","curve":"stepped"},{"time":1.8333,"color":"ffffff00"},{"time":2.1667,"color":"ffffffff"},{"time":2.8333,"color":"ffffff00","curve":"stepped"},{"time":3.5,"color":"ffffff00"},{"time":3.8333,"color":"ffffffff"},{"time":4.5,"color":"ffffff00"}]},"flare5":{"color":[{"time":0.5,"color":"ffffff00"},{"time":0.8333,"color":"ffffffff"},{"time":1.5,"color":"ffffff00","curve":"stepped"},{"time":2.1667,"color":"ffffff00"},{"time":2.5,"color":"ffffffff"},{"time":3.1667,"color":"ffffff00","curve":"stepped"},{"time":3.8333,"color":"ffffff00"},{"time":4.1667,"color":"ffffffff"},{"time":4.8333,"color":"ffffff00"}]},"flare6":{"color":[{"time":0.8333,"color":"ffffff00"},{"time":1.1667,"color":"ffffffff"},{"time":1.6667,"color":"ffffff00","curve":"stepped"},{"time":2.5,"color":"ffffff00"},{"time":2.8333,"color":"ffffffff"},{"time":3.3333,"color":"ffffff00","curve":"stepped"},{"time":4.1667,"color":"ffffff00"},{"time":4.5,"color":"ffffffff"},{"time":5,"color":"ffffff00"}]},"light2":{"color":[{"color":"ffcd0000","curve":0.284,"c3":0.625,"c4":0.38},{"time":1,"color":"ffcd00ff","curve":"stepped"},{"time":3.6667,"color":"ffcd00ff","curve":0.32,"c2":0.29,"c3":0.757},{"time":5,"color":"ffcd0000"}]},"light3":{"color":[{"color":"ffcd00ee","curve":0.334,"c2":0.34,"c3":0.758},{"time":0.9333,"color":"ffcd0000","curve":"stepped"},{"time":1.2667,"color":"ffcd0000"},{"time":2.2667,"color":"ffcd00ff","curve":"stepped"},{"time":4.9333,"color":"ffcd00ff","curve":0.326,"c2":0.3,"c3":0.66,"c4":0.64},{"time":5,"color":"ffcd00ee"}]}},"bones":{"A":{"translate":[{"time":0.2,"curve":0.25,"c3":0.75},{"time":0.3667,"x":-6.83,"y":10.25,"curve":0.25,"c3":0.75},{"time":0.7333,"curve":"stepped"},{"time":1.8667,"curve":0.25,"c3":0.75},{"time":2.0333,"x":-6.83,"y":10.25,"curve":0.25,"c3":0.75},{"time":2.4,"curve":"stepped"},{"time":3.5333,"curve":0.25,"c3":0.75},{"time":3.7,"x":-6.83,"y":10.25,"curve":0.25,"c3":0.75},{"time":4.0667}],"scale":[{"time":0.2,"curve":0.25,"c3":0.75},{"time":0.3667,"x":1.036,"y":1.036,"curve":0.25,"c3":0.75},{"time":0.7333,"curve":"stepped"},{"time":1.8667,"curve":0.25,"c3":0.75},{"time":2.0333,"x":1.036,"y":1.036,"curve":0.25,"c3":0.75},{"time":2.4,"curve":"stepped"},{"time":3.5333,"curve":0.25,"c3":0.75},{"time":3.7,"x":1.036,"y":1.036,"curve":0.25,"c3":0.75},{"time":4.0667}]},"C":{"translate":[{"time":0.3667,"curve":0.25,"c3":0.75},{"time":0.5667,"x":-5.7,"y":11.39,"curve":0.25,"c3":0.75},{"time":0.9333,"curve":"stepped"},{"time":2.0333,"curve":0.25,"c3":0.75},{"time":2.2333,"x":-5.7,"y":11.39,"curve":0.25,"c3":0.75},{"time":2.6,"curve":"stepped"},{"time":3.7,"curve":0.25,"c3":0.75},{"time":3.9,"x":-5.7,"y":11.39,"curve":0.25,"c3":0.75},{"time":4.2667}],"scale":[{"time":0.3667,"curve":0.25,"c3":0.75},{"time":0.5667,"x":1.058,"y":1.058,"curve":0.25,"c3":0.75},{"time":0.9333,"curve":"stepped"},{"time":2.0333,"curve":0.25,"c3":0.75},{"time":2.2333,"x":1.058,"y":1.058,"curve":0.25,"c3":0.75},{"time":2.6,"curve":"stepped"},{"time":3.7,"curve":0.25,"c3":0.75},{"time":3.9,"x":1.058,"y":1.058,"curve":0.25,"c3":0.75},{"time":4.2667}]},"J":{"translate":[{"curve":0.25,"c3":0.75},{"time":0.2,"x":-14.81,"y":10.25,"curve":0.25,"c3":0.75},{"time":0.5667,"curve":"stepped"},{"time":1.6667,"curve":0.25,"c3":0.75},{"time":1.8667,"x":-14.81,"y":10.25,"curve":0.25,"c3":0.75},{"time":2.2333,"curve":"stepped"},{"time":3.3333,"curve":0.25,"c3":0.75},{"time":3.5333,"x":-14.81,"y":10.25,"curve":0.25,"c3":0.75},{"time":3.9}],"scale":[{"curve":0.25,"c3":0.75},{"time":0.2,"x":1.041,"y":1.041,"curve":0.25,"c3":0.75},{"time":0.5667,"curve":"stepped"},{"time":1.6667,"curve":0.25,"c3":0.75},{"time":1.8667,"x":1.041,"y":1.041,"curve":0.25,"c3":0.75},{"time":2.2333,"curve":"stepped"},{"time":3.3333,"curve":0.25,"c3":0.75},{"time":3.5333,"x":1.041,"y":1.041,"curve":0.25,"c3":0.75},{"time":3.9}]},"K":{"translate":[{"time":0.5667,"curve":0.25,"c3":0.75},{"time":0.7333,"y":11.39,"curve":0.25,"c3":0.75},{"time":1.1,"curve":"stepped"},{"time":2.2333,"curve":0.25,"c3":0.75},{"time":2.4,"y":11.39,"curve":0.25,"c3":0.75},{"time":2.7667,"curve":"stepped"},{"time":3.9,"curve":0.25,"c3":0.75},{"time":4.0667,"y":11.39,"curve":0.25,"c3":0.75},{"time":4.4333}],"scale":[{"time":0.5667,"curve":0.25,"c3":0.75},{"time":0.7333,"x":1.061,"y":1.061,"curve":0.25,"c3":0.75},{"time":1.1,"curve":"stepped"},{"time":2.2333,"curve":0.25,"c3":0.75},{"time":2.4,"x":1.061,"y":1.061,"curve":0.25,"c3":0.75},{"time":2.7667,"curve":"stepped"},{"time":3.9,"curve":0.25,"c3":0.75},{"time":4.0667,"x":1.061,"y":1.061,"curve":0.25,"c3":0.75},{"time":4.4333}]},"O":{"translate":[{"time":0.9333,"curve":0.25,"c3":0.75},{"time":1.1,"x":2.28,"y":7.97,"curve":0.25,"c3":0.75},{"time":1.5,"curve":"stepped"},{"time":2.6,"curve":0.25,"c3":0.75},{"time":2.7667,"x":2.28,"y":7.97,"curve":0.25,"c3":0.75},{"time":3.1667,"curve":"stepped"},{"time":4.2667,"curve":0.25,"c3":0.75},{"time":4.4333,"x":2.28,"y":7.97,"curve":0.25,"c3":0.75},{"time":4.8333}],"scale":[{"time":0.9333,"curve":0.25,"c3":0.75},{"time":1.1,"x":1.064,"y":1.064,"curve":0.25,"c3":0.75},{"time":1.5,"curve":"stepped"},{"time":2.6,"curve":0.25,"c3":0.75},{"time":2.7667,"x":1.064,"y":1.064,"curve":0.25,"c3":0.75},{"time":3.1667,"curve":"stepped"},{"time":4.2667,"curve":0.25,"c3":0.75},{"time":4.4333,"x":1.064,"y":1.064,"curve":0.25,"c3":0.75},{"time":4.8333}]},"P":{"translate":[{"time":0.7333,"curve":0.25,"c3":0.75},{"time":0.9333,"y":11.39,"curve":0.25,"c3":0.75},{"time":1.3,"curve":"stepped"},{"time":2.4,"curve":0.25,"c3":0.75},{"time":2.6,"y":11.39,"curve":0.25,"c3":0.75},{"time":2.9667,"curve":"stepped"},{"time":4.0667,"curve":0.25,"c3":0.75},{"time":4.2667,"y":11.39,"curve":0.25,"c3":0.75},{"time":4.6333}],"scale":[{"time":0.7333,"curve":0.25,"c3":0.75},{"time":0.9333,"x":1.092,"y":1.092,"curve":0.25,"c3":0.75},{"time":1.3,"curve":"stepped"},{"time":2.4,"curve":0.25,"c3":0.75},{"time":2.6,"x":1.092,"y":1.092,"curve":0.25,"c3":0.75},{"time":2.9667,"curve":"stepped"},{"time":4.0667,"curve":0.25,"c3":0.75},{"time":4.2667,"x":1.092,"y":1.092,"curve":0.25,"c3":0.75},{"time":4.6333}]},"T":{"translate":[{"time":1.1,"curve":0.25,"c3":0.75},{"time":1.3,"x":4.56,"y":7.97,"curve":0.25,"c3":0.75},{"time":1.6667,"curve":"stepped"},{"time":2.7667,"curve":0.25,"c3":0.75},{"time":2.9667,"x":4.56,"y":7.97,"curve":0.25,"c3":0.75},{"time":3.3333,"curve":"stepped"},{"time":4.4333,"curve":0.25,"c3":0.75},{"time":4.6333,"x":4.56,"y":7.97,"curve":0.25,"c3":0.75},{"time":5}],"scale":[{"time":1.1,"curve":0.25,"c3":0.75},{"time":1.3,"x":1.047,"y":1.047,"curve":0.25,"c3":0.75},{"time":1.6667,"curve":"stepped"},{"time":2.7667,"curve":0.25,"c3":0.75},{"time":2.9667,"x":1.047,"y":1.047,"curve":0.25,"c3":0.75},{"time":3.3333,"curve":"stepped"},{"time":4.4333,"curve":0.25,"c3":0.75},{"time":4.6333,"x":1.047,"y":1.047,"curve":0.25,"c3":0.75},{"time":5}]},"flare2":{"translate":[{"curve":0.25,"c3":0.75},{"time":1.5,"x":-255.12},{"time":1.6667,"curve":0.25,"c3":0.75},{"time":3.1667,"x":-255.12},{"time":3.3333,"curve":0.25,"c3":0.75},{"time":4.8333,"x":-255.12}]},"flare3":{"translate":[{"x":-55.73,"curve":0.25,"c3":0.75},{"time":1.5,"x":295.94},{"time":1.6667,"x":-55.73,"curve":0.25,"c3":0.75},{"time":3.1667,"x":295.94},{"time":3.3333,"x":-55.73,"curve":0.25,"c3":0.75},{"time":4.8333,"x":295.94}]},"flare4":{"rotate":[{"curve":0.25,"c3":0.75},{"time":1,"angle":-50.44,"curve":0.25,"c3":0.75},{"time":1.6667,"curve":0.25,"c3":0.75},{"time":2.6667,"angle":-50.44,"curve":0.25,"c3":0.75},{"time":3.3333,"curve":0.25,"c3":0.75},{"time":4.3333,"angle":-50.44}],"scale":[{"curve":0.265,"c3":0.618,"c4":0.43},{"time":0.3333,"x":1.299,"y":1.299,"curve":0.351,"c2":0.4,"c3":0.757},{"time":1,"curve":"stepped"},{"time":1.6667,"curve":0.265,"c3":0.618,"c4":0.43},{"time":2,"x":1.299,"y":1.299,"curve":0.351,"c2":0.4,"c3":0.757},{"time":2.6667,"curve":"stepped"},{"time":3.3333,"curve":0.265,"c3":0.618,"c4":0.43},{"time":3.6667,"x":1.299,"y":1.299,"curve":0.351,"c2":0.4,"c3":0.757},{"time":4.3333}]},"flare5":{"rotate":[{"time":0.1667,"curve":0.25,"c3":0.75},{"time":1.1667,"angle":-50.44,"curve":0.25,"c3":0.75},{"time":1.8333,"curve":0.25,"c3":0.75},{"time":2.8333,"angle":-50.44,"curve":0.25,"c3":0.75},{"time":3.5,"curve":0.25,"c3":0.75},{"time":4.5,"angle":-50.44}],"translate":[{"time":0.1667,"x":-379.44,"y":-27.2}],"scale":[{"time":0.1667,"curve":0.265,"c3":0.618,"c4":0.43},{"time":0.5,"x":1.299,"y":1.299,"curve":0.351,"c2":0.4,"c3":0.757},{"time":1.1667,"curve":"stepped"},{"time":1.8333,"curve":0.265,"c3":0.618,"c4":0.43},{"time":2.1667,"x":1.299,"y":1.299,"curve":0.351,"c2":0.4,"c3":0.757},{"time":2.8333,"curve":"stepped"},{"time":3.5,"curve":0.265,"c3":0.618,"c4":0.43},{"time":3.8333,"x":1.299,"y":1.299,"curve":0.351,"c2":0.4,"c3":0.757},{"time":4.5}]},"flare6":{"rotate":[{"time":0.5,"curve":0.25,"c3":0.75},{"time":1.5,"angle":-50.44,"curve":0.25,"c3":0.75},{"time":2.1667,"curve":0.25,"c3":0.75},{"time":3.1667,"angle":-50.44,"curve":0.25,"c3":0.75},{"time":3.8333,"curve":0.25,"c3":0.75},{"time":4.8333,"angle":-50.44}],"translate":[{"time":0.5,"x":-5.44,"y":16.32}],"scale":[{"time":0.5,"curve":0.265,"c3":0.618,"c4":0.43},{"time":0.8333,"x":1.299,"y":1.299,"curve":0.351,"c2":0.4,"c3":0.757},{"time":1.5,"curve":"stepped"},{"time":2.1667,"curve":0.265,"c3":0.618,"c4":0.43},{"time":2.5,"x":1.299,"y":1.299,"curve":0.351,"c2":0.4,"c3":0.757},{"time":3.1667,"curve":"stepped"},{"time":3.8333,"curve":0.265,"c3":0.618,"c4":0.43},{"time":4.1667,"x":1.299,"y":1.299,"curve":0.351,"c2":0.4,"c3":0.757},{"time":4.8333}]},"flare7":{"rotate":[{"time":0.8333,"curve":0.25,"c3":0.75},{"time":1.6667,"angle":-50.44,"curve":0.25,"c3":0.75},{"time":2.5,"curve":0.25,"c3":0.75},{"time":3.3333,"angle":-50.44,"curve":0.25,"c3":0.75},{"time":4.1667,"curve":0.25,"c3":0.75},{"time":5,"angle":-50.44}],"translate":[{"time":0.8333,"x":-66.64,"y":29.92}],"scale":[{"time":0.8333,"curve":0.265,"c3":0.618,"c4":0.43},{"time":1.1667,"x":1.299,"y":1.299,"curve":0.351,"c2":0.4,"c3":0.757},{"time":1.6667,"curve":"stepped"},{"time":2.5,"curve":0.265,"c3":0.618,"c4":0.43},{"time":2.8333,"x":1.299,"y":1.299,"curve":0.351,"c2":0.4,"c3":0.757},{"time":3.3333,"curve":"stepped"},{"time":4.1667,"curve":0.265,"c3":0.618,"c4":0.43},{"time":4.5,"x":1.299,"y":1.299,"curve":0.351,"c2":0.4,"c3":0.757},{"time":5}]},"light2":{"rotate":[{},{"time":5,"angle":180}],"scale":[{"curve":0.25,"c3":0.75},{"time":1,"x":1.18,"y":1.18,"curve":0.375,"c2":0.5,"c3":0.75},{"time":2.3333,"curve":0.25,"c3":0.625,"c4":0.5},{"time":3.6667,"x":1.18,"y":1.18,"curve":0.375,"c2":0.5,"c3":0.75},{"time":5}]},"light3":{"rotate":[{"angle":144},{"time":0.9333,"angle":180},{"time":1.2667},{"time":3.6,"angle":90},{"time":5,"angle":144}],"scale":[{"x":1.164,"y":1.164,"curve":0.378,"c2":0.52,"c3":0.748},{"time":0.9333,"curve":"stepped"},{"time":1.2667,"curve":0.25,"c3":0.75},{"time":2.2667,"x":1.18,"y":1.18,"curve":0.375,"c2":0.5,"c3":0.75},{"time":3.6,"curve":0.25,"c3":0.625,"c4":0.5},{"time":4.9333,"x":1.18,"y":1.18,"curve":0.333,"c2":0.33,"c3":0.667,"c4":0.67},{"time":5,"x":1.164,"y":1.164}]},"star3":{"translate":[{"curve":0.25,"c3":0.625,"c4":0.5},{"time":0.8333,"y":10.75,"curve":0.375,"c2":0.5,"c3":0.75},{"time":1.6667,"curve":0.25,"c3":0.625,"c4":0.5},{"time":2.5,"y":10.75,"curve":0.375,"c2":0.5,"c3":0.75},{"time":3.3333,"curve":0.25,"c3":0.625,"c4":0.5},{"time":4.1667,"y":10.75,"curve":0.375,"c2":0.5,"c3":0.75},{"time":5}],"scale":[{"curve":0.25,"c3":0.625,"c4":0.5},{"time":0.8333,"x":1.094,"y":1.094,"curve":0.375,"c2":0.5,"c3":0.75},{"time":1.6667,"curve":0.25,"c3":0.625,"c4":0.5},{"time":2.5,"x":1.094,"y":1.094,"curve":0.375,"c2":0.5,"c3":0.75},{"time":3.3333,"curve":0.25,"c3":0.625,"c4":0.5},{"time":4.1667,"x":1.094,"y":1.094,"curve":0.375,"c2":0.5,"c3":0.75},{"time":5}]},"Star2":{"translate":[{"y":2.69,"curve":0.351,"c2":0.42,"c3":0.686,"c4":0.76},{"time":0.1667,"y":0.88,"curve":0.36,"c2":0.64,"c3":0.695},{"time":0.3333},{"time":1.1667,"y":10.75,"curve":0.347,"c2":0.38,"c3":0.694,"c4":0.76},{"time":1.6667,"y":2.69,"curve":0.351,"c2":0.42,"c3":0.686,"c4":0.76},{"time":1.8333,"y":0.88,"curve":0.36,"c2":0.64,"c3":0.695},{"time":2},{"time":2.8333,"y":10.75,"curve":0.347,"c2":0.38,"c3":0.694,"c4":0.76},{"time":3.3333,"y":2.69,"curve":0.351,"c2":0.42,"c3":0.686,"c4":0.76},{"time":3.5,"y":0.88,"curve":0.36,"c2":0.64,"c3":0.695},{"time":3.6667},{"time":4.5,"y":10.75,"curve":0.347,"c2":0.38,"c3":0.694,"c4":0.76},{"time":5,"y":2.69}],"scale":[{"x":1.024,"y":1.024,"curve":0.351,"c2":0.42,"c3":0.686,"c4":0.76},{"time":0.1667,"x":1.008,"y":1.008,"curve":0.36,"c2":0.64,"c3":0.695},{"time":0.3333},{"time":1.1667,"x":1.094,"y":1.094,"curve":0.347,"c2":0.38,"c3":0.694,"c4":0.76},{"time":1.6667,"x":1.024,"y":1.024,"curve":0.351,"c2":0.42,"c3":0.686,"c4":0.76},{"time":1.8333,"x":1.008,"y":1.008,"curve":0.36,"c2":0.64,"c3":0.695},{"time":2},{"time":2.8333,"x":1.094,"y":1.094,"curve":0.347,"c2":0.38,"c3":0.694,"c4":0.76},{"time":3.3333,"x":1.024,"y":1.024,"curve":0.351,"c2":0.42,"c3":0.686,"c4":0.76},{"time":3.5,"x":1.008,"y":1.008,"curve":0.36,"c2":0.64,"c3":0.695},{"time":3.6667},{"time":4.5,"x":1.094,"y":1.094,"curve":0.347,"c2":0.38,"c3":0.694,"c4":0.76},{"time":5,"x":1.024,"y":1.024}]},"Star1":{"translate":[{"y":7.87,"curve":0.349,"c2":0.39,"c3":0.689,"c4":0.74},{"time":0.3333,"y":2.77,"curve":0.375,"c2":0.62,"c3":0.716},{"time":0.6667},{"time":1.5,"y":10.75,"curve":0.335,"c2":0.34,"c3":0.67,"c4":0.68},{"time":1.6667,"y":7.87,"curve":0.349,"c2":0.39,"c3":0.689,"c4":0.74},{"time":2,"y":2.77,"curve":0.375,"c2":0.62,"c3":0.716},{"time":2.3333},{"time":3.1667,"y":10.75,"curve":0.335,"c2":0.34,"c3":0.67,"c4":0.68},{"time":3.3333,"y":7.87,"curve":0.349,"c2":0.39,"c3":0.689,"c4":0.74},{"time":3.6667,"y":2.77,"curve":0.375,"c2":0.62,"c3":0.716},{"time":4},{"time":4.8333,"y":10.75,"curve":0.335,"c2":0.34,"c3":0.67,"c4":0.68},{"time":5,"y":7.87}],"scale":[{"x":1.069,"y":1.069,"curve":0.349,"c2":0.39,"c3":0.689,"c4":0.74},{"time":0.3333,"x":1.024,"y":1.024,"curve":0.375,"c2":0.62,"c3":0.716},{"time":0.6667},{"time":1.5,"x":1.094,"y":1.094,"curve":0.335,"c2":0.34,"c3":0.67,"c4":0.68},{"time":1.6667,"x":1.069,"y":1.069,"curve":0.349,"c2":0.39,"c3":0.689,"c4":0.74},{"time":2,"x":1.024,"y":1.024,"curve":0.375,"c2":0.62,"c3":0.716},{"time":2.3333},{"time":3.1667,"x":1.094,"y":1.094,"curve":0.335,"c2":0.34,"c3":0.67,"c4":0.68},{"time":3.3333,"x":1.069,"y":1.069,"curve":0.349,"c2":0.39,"c3":0.689,"c4":0.74},{"time":3.6667,"x":1.024,"y":1.024,"curve":0.375,"c2":0.62,"c3":0.716},{"time":4},{"time":4.8333,"x":1.094,"y":1.094,"curve":0.335,"c2":0.34,"c3":0.67,"c4":0.68},{"time":5,"x":1.069,"y":1.069}]},"Star3":{"translate":[{"y":2.69,"curve":0.351,"c2":0.42,"c3":0.686,"c4":0.76},{"time":0.1667,"y":0.88,"curve":0.36,"c2":0.64,"c3":0.695},{"time":0.3333},{"time":1.1667,"y":10.75,"curve":0.347,"c2":0.38,"c3":0.694,"c4":0.76},{"time":1.6667,"y":2.69,"curve":0.351,"c2":0.42,"c3":0.686,"c4":0.76},{"time":1.8333,"y":0.88,"curve":0.36,"c2":0.64,"c3":0.695},{"time":2},{"time":2.8333,"y":10.75,"curve":0.347,"c2":0.38,"c3":0.694,"c4":0.76},{"time":3.3333,"y":2.69,"curve":0.351,"c2":0.42,"c3":0.686,"c4":0.76},{"time":3.5,"y":0.88,"curve":0.36,"c2":0.64,"c3":0.695},{"time":3.6667},{"time":4.5,"y":10.75,"curve":0.347,"c2":0.38,"c3":0.694,"c4":0.76},{"time":5,"y":2.69}],"scale":[{"x":1.015,"y":1.015,"curve":0.351,"c2":0.42,"c3":0.686,"c4":0.76},{"time":0.1667,"x":1.005,"y":1.005,"curve":0.36,"c2":0.64,"c3":0.695},{"time":0.3333,"curve":0.25,"c3":0.75},{"time":1.1667,"x":1.061,"y":1.061,"curve":0.347,"c2":0.38,"c3":0.694,"c4":0.76},{"time":1.6667,"x":1.015,"y":1.015,"curve":0.351,"c2":0.42,"c3":0.686,"c4":0.76},{"time":1.8333,"x":1.005,"y":1.005,"curve":0.36,"c2":0.64,"c3":0.695},{"time":2,"curve":0.25,"c3":0.75},{"time":2.8333,"x":1.061,"y":1.061,"curve":0.347,"c2":0.38,"c3":0.694,"c4":0.76},{"time":3.3333,"x":1.015,"y":1.015,"curve":0.351,"c2":0.42,"c3":0.686,"c4":0.76},{"time":3.5,"x":1.005,"y":1.005,"curve":0.36,"c2":0.64,"c3":0.695},{"time":3.6667,"curve":0.25,"c3":0.75},{"time":4.5,"x":1.061,"y":1.061,"curve":0.347,"c2":0.38,"c3":0.694,"c4":0.76},{"time":5,"x":1.015,"y":1.015}]},"Star4":{"translate":[{"y":7.87,"curve":0.349,"c2":0.39,"c3":0.689,"c4":0.74},{"time":0.3333,"y":2.77,"curve":0.375,"c2":0.62,"c3":0.716},{"time":0.6667},{"time":1.5,"y":10.75,"curve":0.335,"c2":0.34,"c3":0.67,"c4":0.68},{"time":1.6667,"y":7.87,"curve":0.349,"c2":0.39,"c3":0.689,"c4":0.74},{"time":2,"y":2.77,"curve":0.375,"c2":0.62,"c3":0.716},{"time":2.3333},{"time":3.1667,"y":10.75,"curve":0.335,"c2":0.34,"c3":0.67,"c4":0.68},{"time":3.3333,"y":7.87,"curve":0.349,"c2":0.39,"c3":0.689,"c4":0.74},{"time":3.6667,"y":2.77,"curve":0.375,"c2":0.62,"c3":0.716},{"time":4},{"time":4.8333,"y":10.75,"curve":0.335,"c2":0.34,"c3":0.67,"c4":0.68},{"time":5,"y":7.87}],"scale":[{"x":1.045,"y":1.045,"curve":0.349,"c2":0.39,"c3":0.689,"c4":0.74},{"time":0.3333,"x":1.016,"y":1.016,"curve":0.375,"c2":0.62,"c3":0.716},{"time":0.6667,"curve":0.25,"c3":0.75},{"time":1.5,"x":1.061,"y":1.061,"curve":0.335,"c2":0.34,"c3":0.67,"c4":0.68},{"time":1.6667,"x":1.045,"y":1.045,"curve":0.349,"c2":0.39,"c3":0.689,"c4":0.74},{"time":2,"x":1.016,"y":1.016,"curve":0.375,"c2":0.62,"c3":0.716},{"time":2.3333,"curve":0.25,"c3":0.75},{"time":3.1667,"x":1.061,"y":1.061,"curve":0.335,"c2":0.34,"c3":0.67,"c4":0.68},{"time":3.3333,"x":1.045,"y":1.045,"curve":0.349,"c2":0.39,"c3":0.689,"c4":0.74},{"time":3.6667,"x":1.016,"y":1.016,"curve":0.375,"c2":0.62,"c3":0.716},{"time":4,"curve":0.25,"c3":0.75},{"time":4.8333,"x":1.061,"y":1.061,"curve":0.335,"c2":0.34,"c3":0.67,"c4":0.68},{"time":5,"x":1.045,"y":1.045}]},"coin":{"scale":[{"curve":0.25,"c3":0.75},{"time":0.8333,"x":1.077,"y":1.077,"curve":0.25,"c3":0.75},{"time":1.6667,"curve":0.25,"c3":0.75},{"time":2.5,"x":1.077,"y":1.077,"curve":0.25,"c3":0.75},{"time":3.3333,"curve":0.25,"c3":0.75},{"time":4.1667,"x":1.077,"y":1.077,"curve":0.25,"c3":0.75},{"time":5}]}}},"Open":{"slots":{"flare1":{"color":[{"color":"ffffff00"}]},"flare2":{"color":[{"color":"ffffff00"}]},"flare4":{"color":[{"time":0.3667,"color":"ffffff00"},{"time":0.5667,"color":"ffffffff"},{"time":1.0333,"color":"ffffff00"}]},"flare5":{"color":[{"time":0.5667,"color":"ffffff00"},{"time":0.8,"color":"ffffffff"},{"time":1.1667,"color":"ffffff00"}]},"flare6":{"color":[{"time":0.3333,"color":"ffffff00"},{"time":0.6667,"color":"ffffffff"},{"time":1.1667,"color":"ffffff00"}]},"light2":{"color":[{"color":"ffcd0000","curve":0.318,"c3":0.652,"c4":0.34},{"time":0.3333,"color":"ffcd00ff","curve":0.3,"c2":0.15,"c3":0.638,"c4":0.5},{"time":1.1667,"color":"ffcd0000"}]},"light3":{"color":[{"color":"ffcd00ee","curve":"stepped"},{"time":0.3333,"color":"ffcd00ee","curve":0.334,"c2":0.33,"c3":0.672,"c4":0.68},{"time":0.6667,"color":"ffcd00ff","curve":0.382,"c2":0.56,"c3":0.74},{"time":1.1667,"color":"ffcd00ee"}]}},"bones":{"flare3":{"translate":[{"x":-55.73}]},"flare5":{"rotate":[{"time":0.3667,"curve":0.25,"c3":0.75},{"time":1.0333,"angle":-50.44}],"translate":[{"time":0.3667,"x":-121.13,"y":-118.01}],"scale":[{"time":0.3667,"curve":0.265,"c3":0.618,"c4":0.43},{"time":0.5667,"x":1.299,"y":1.299,"curve":0.351,"c2":0.4,"c3":0.757},{"time":1.0333}]},"flare6":{"rotate":[{"time":0.5667,"curve":0.25,"c3":0.75},{"time":1.1667,"angle":-50.44}],"translate":[{"time":0.5667,"x":49.52,"y":-122.79}],"scale":[{"time":0.5667,"curve":0.265,"c3":0.618,"c4":0.43},{"time":0.8,"x":1.299,"y":1.299,"curve":0.351,"c2":0.4,"c3":0.757},{"time":1.1667}]},"flare7":{"rotate":[{"time":0.3333,"curve":0.25,"c3":0.75},{"time":1.1667,"angle":-50.44}],"translate":[{"time":0.3333,"x":-432.04,"y":88.25}],"scale":[{"time":0.3333,"curve":0.265,"c3":0.618,"c4":0.43},{"time":0.6667,"x":1.299,"y":1.299,"curve":0.351,"c2":0.4,"c3":0.757},{"time":1.1667}]},"light2":{"scale":[{"curve":0.276,"c3":0.621,"c4":0.4},{"time":0.3333,"x":1.352,"y":1.352,"curve":0.333,"c2":0.33,"c3":0.758},{"time":1.1667}]},"light3":{"rotate":[{"angle":144}],"scale":[{"x":1.164,"y":1.164}]},"K":{"translate":[{"y":-42.05,"curve":"stepped"},{"time":0.1667,"y":-42.05,"curve":0.25,"c3":0.75},{"time":0.6,"x":-0.99,"y":51.51,"curve":0.25,"c3":0.75},{"time":1}],"scale":[{"time":0.1667,"curve":0.25,"c3":0.625,"c4":0.5},{"time":0.6,"x":1.307,"y":1.307,"curve":0.25,"c3":0.625,"c4":0.5},{"time":1}]},"C":{"translate":[{"y":-42.05,"curve":"stepped"},{"time":0.1667,"y":-42.05,"curve":0.25,"c3":0.75},{"time":0.5,"x":-0.99,"y":48.49,"curve":0.25,"c3":0.75},{"time":1}],"scale":[{"time":0.1667,"curve":0.25,"c3":0.75},{"time":0.5,"x":1.18,"y":1.18,"curve":0.25,"c3":0.75},{"time":1}]},"A":{"translate":[{"y":-42.05,"curve":"stepped"},{"time":0.1667,"y":-42.05,"curve":0.25,"c3":0.75},{"time":0.3333,"x":-0.99,"y":26.2,"curve":0.25,"c3":0.75},{"time":0.8333}],"scale":[{"time":0.1667,"curve":0.25,"c3":0.75},{"time":0.3333,"x":1.18,"y":1.18,"curve":0.25,"c3":0.75},{"time":0.8333}]},"J":{"translate":[{"y":-42.05,"curve":0.25,"c3":0.75},{"time":0.1667,"x":-0.99,"y":-1.34,"curve":0.25,"c3":0.75},{"time":0.6667}],"scale":[{"curve":0.25,"c3":0.75},{"time":0.1667,"x":1.18,"y":1.18,"curve":0.25,"c3":0.75},{"time":0.6667}]},"P":{"translate":[{"y":-42.05,"curve":"stepped"},{"time":0.1667,"y":-42.05,"curve":0.25,"c3":0.75},{"time":0.5,"x":-0.99,"y":48.49,"curve":0.25,"c3":0.75},{"time":1}],"scale":[{"time":0.1667,"curve":0.25,"c3":0.75},{"time":0.5,"x":1.18,"y":1.18,"curve":0.25,"c3":0.75},{"time":1}]},"O":{"translate":[{"y":-42.05,"curve":"stepped"},{"time":0.1667,"y":-42.05,"curve":0.25,"c3":0.625,"c4":0.5},{"time":0.3333,"x":-0.99,"y":26.2,"curve":0.25,"c3":0.625,"c4":0.5},{"time":0.8333}],"scale":[{"time":0.1667,"curve":0.25,"c3":0.625,"c4":0.5},{"time":0.3333,"x":1.18,"y":1.18,"curve":0.25,"c3":0.625,"c4":0.5},{"time":0.8333}]},"T":{"translate":[{"y":-42.05,"curve":0.25,"c3":0.75},{"time":0.1667,"x":-0.99,"y":1.61,"curve":0.25,"c3":0.75},{"time":0.6667}],"scale":[{"curve":0.25,"c3":0.75},{"time":0.1667,"x":1.18,"y":1.18,"curve":0.25,"c3":0.75},{"time":0.6667}]},"star3":{"translate":[{"y":-66.8,"curve":"stepped"},{"time":0.1667,"y":-66.8,"curve":0.471,"c2":0.04,"c3":0.533,"c4":0.88},{"time":0.5,"y":43.76,"curve":0.471,"c2":0.04,"c3":0.533,"c4":0.88},{"time":0.8333}],"scale":[{"time":0.1667,"curve":0.471,"c2":0.04,"c3":0.533,"c4":0.88},{"time":0.5,"x":1.198,"y":1.198,"curve":0.471,"c2":0.04,"c3":0.533,"c4":0.88},{"time":0.8333}]},"Star2":{"translate":[{"y":-65.69,"curve":"stepped"},{"time":0.1333,"y":-65.69,"curve":0.471,"c2":0.04,"c3":0.533,"c4":0.88},{"time":0.4667,"x":-13.4,"y":31.27,"curve":0.471,"c2":0.04,"c3":0.533,"c4":0.88},{"time":0.8,"y":2.69}],"scale":[{"x":1.024,"y":1.024,"curve":"stepped"},{"time":0.1333,"x":1.024,"y":1.024,"curve":0.471,"c2":0.04,"c3":0.533,"c4":0.88},{"time":0.4667,"x":1.226,"y":1.226,"curve":0.471,"c2":0.04,"c3":0.533,"c4":0.88},{"time":0.8,"x":1.024,"y":1.024}]},"Star1":{"translate":[{"y":-63.54,"curve":0.471,"c2":0.04,"c3":0.533,"c4":0.88},{"time":0.3333,"x":-24.11,"y":16.8,"curve":0.471,"c2":0.04,"c3":0.533,"c4":0.88},{"time":0.6667,"y":7.87}],"scale":[{"x":1.069,"y":1.069,"curve":0.471,"c2":0.04,"c3":0.533,"c4":0.88},{"time":0.3333,"x":1.281,"y":1.281,"curve":0.471,"c2":0.04,"c3":0.533,"c4":0.88},{"time":0.6667,"x":1.069,"y":1.069}]},"Star3":{"translate":[{"y":-65.13,"curve":"stepped"},{"time":0.1333,"y":-65.13,"curve":0.471,"c2":0.04,"c3":0.533,"c4":0.88},{"time":0.4667,"x":10.72,"y":25.02,"curve":0.471,"c2":0.04,"c3":0.533,"c4":0.88},{"time":0.8,"y":2.69}],"scale":[{"x":1.015,"y":1.015,"curve":"stepped"},{"time":0.1333,"x":1.015,"y":1.015,"curve":0.471,"c2":0.04,"c3":0.533,"c4":0.88},{"time":0.4667,"x":1.199,"y":1.199,"curve":0.471,"c2":0.04,"c3":0.533,"c4":0.88},{"time":0.8,"x":1.015,"y":1.015}]},"Star4":{"translate":[{"y":-61.91,"curve":0.471,"c2":0.04,"c3":0.533,"c4":0.88},{"time":0.3333,"x":19.65,"y":13.23,"curve":0.471,"c2":0.04,"c3":0.533,"c4":0.88},{"time":0.6667,"y":7.87}],"scale":[{"x":1.045,"y":1.045,"curve":0.471,"c2":0.04,"c3":0.533,"c4":0.88},{"time":0.3333,"x":1.234,"y":1.234,"curve":0.471,"c2":0.04,"c3":0.533,"c4":0.88},{"time":0.6667,"x":1.045,"y":1.045}]},"coin":{"translate":[{},{"time":0.3333,"y":20.95},{"time":0.8667}],"scale":[{"curve":0.276,"c3":0.621,"c4":0.4},{"time":0.3333,"x":1.347,"y":1.347,"curve":0.312,"c2":0.27,"c3":0.667,"c4":0.67},{"time":0.8667}]},"Scale":{"scale":[{"x":0.5,"y":0.5,"curve":0.25,"c3":0.75},{"time":0.4333,"x":1.275,"y":1.275,"curve":0.25,"c3":0.75},{"time":1.1667}]},"toast":{"translate":[{},{"time":0.1667,"y":-20.35},{"time":0.6667}],"scale":[{},{"time":0.3333,"x":1.262,"y":1.262},{"time":1.1667}]}}}}},[0]]],0,0,[0],[-1],[14]],[[{"name":"93","rect":[0,0,540,491],"offset":[0,0],"originalSize":[540,491],"capInsets":[0,0,0,0]}],[0],0,[0],[1],[15]],[[{"name":"52","rect":[0,0,540,539],"offset":[0,0],"originalSize":[540,539],"capInsets":[0,0,0,0]}],[0],0,[0],[1],[16]],[[{"name":"98","rect":[0,0,324,522],"offset":[0,0],"originalSize":[324,522],"capInsets":[0,0,0,0]}],[0],0,[0],[1],[17]],[[{"name":"24","rect":[0,0,620,627],"offset":[0,0],"originalSize":[620,627],"capInsets":[0,0,0,0]}],[0],0,[0],[1],[18]],[[[20,"Bigwin"],[21,"Bigwin",[-13,-14,-15,-16,-17,-18,-19],[[[28,-11,-10,-9,-8,-7,-6,-5,-4,-3,-2,[[[4,4294933541],[4,4284088130],[4,4278221567]],8,8,8]],-12],4,1],[29,-1,0],[5,720,1280]],[13,"SuperWin",false,1,[[-21,-22,-23,[11,"ParentCoint",-24,[0,"fc2mIx8GlCko9RDN/Eihd7",1,0]],-25,-26,-27,-28,-29,-30,-31,-32,-33],1,1,1,4,1,1,1,1,1,1,1,1,1],[-20],[0,"deMJVa13hDlJjKdUVOz4+7",1,0]],[13,"MegaWin",false,1,[[-35,-36,-37,[11,"ParentCoint",-38,[0,"c7C6JcLc9DKKxiuj1rQfJO",1,0]],-39,-40,-41,-42,-43,-44,-45],1,1,1,4,1,1,1,1,1,1,1],[-34],[0,"203PVP+D5PXrKmZKn9WwPb",1,0]],[23,"Bigwin",1,[-47,-48,-49,-50,-51,-52,-53,-54,-55,-56],[-46],[0,"06BjTnX3dCgYLZhbzaHDfl",1,0]],[24,"lbJackPot",[-58,-59,-60,-61,-62,-63,-64,-65,-66,-67],[-57],[0,"86ox2d2xVBNo6eEaGMJzS5",1,0],[5,530,0],[-16.308,-54.038,0,0,0,0,1,1.3,1.3,1.3]],[22,"Jackpot",false,1,[-68,-69,-70,5,-71,-72],[0,"aauxvy4GZFZqokssOjAMxP",1,0]],[1,"bw_vfx_c_screen_01_00",3,[[15,1,2,false,-73,[30],31],[31,true,-74,[33],32]],[0,"06fYQv1PJK3q6kT7KUKnTJ",1,0],[5,240,240],[0,-459.667,0,0,0,0,1,4.865,4.865,4.865]],[1,"bw_vfx_c_screen_03_00",2,[[15,1,2,false,-75,[60],61],[32,true,[null],-76]],[0,"67zfbYdStA1JLEumniTJia",1,0],[5,240,240],[0,-264.243,0,0,0,0,1,4.523,4.523,0.942]],[25,"LbMoney",false,1,[-78],[-77],[0,"4dk3Qy6DJN/ajDx8BtYEuU",1,0],[5,100,0],[0,70.851,0,0,0,0,1,0.776,0.776,0.776]],[8,"sprite_splash",150,6,[[30,0,-79,[74],75],[33,-80]],[0,"fcn+BflbxP376Akgt6E/ib",1,0],[4,4278190080],[5,720,1280],[-16.308,96.034,0,0,0,0,1,1.3,1.3,1.3]],[12,"bw_vfx_g_add_01_03",1,[[[16,1,2,false,-81,[104]],-82],4,1],[0,"029UFY9xtL043tajKZsIas",1,0],[4,4279999487],[5,216,468],[0,-79.772,0,0,0,0,1,4.656,4.656,4.656]],[12,"bw_vfx_g_add_02_00",1,[[[16,1,2,false,-83,[106]],-84],4,1],[0,"7coHMzBUlPDYWXO1VI9Gdc",1,0],[4,4279999487],[5,324,702],[0,-61.642,0,0,0,0,1,2.275,2.275,2.275]],[1,"97",4,[[2,1,-85,[0],1]],[0,"33BP4B+qVCUoq1981zkSI0",1,0],[5,345,345],[0,390.034,0,0,0,0,1,2.799,2.799,2.799]],[1,"95",4,[[3,-86,[2],3]],[0,"aeAUop/kJA9bi+7d7ZvQRI",1,0],[5,577,762],[0,166.019,0,0,0,0,1,1.24,1.24,1.24]],[8,"52",100,4,[[3,-87,[4],5]],[0,"b3n3uLckpJOqXfCEh2ryWV",1,0],[4,4294936159],[5,540,539],[0,-369.164,0,0,0,0,1,1.504,1.205,1.205]],[1,"67",4,[[2,1,-88,[6],7]],[0,"59jShzt+pEYJImRmbR2xHm",1,0],[5,840,245],[0,141.811,0,0,0,0,1,1.576,1.576,1.576]],[1,"24",4,[[2,1,-89,[8],9]],[0,"4bCIAiBiJA36twzY9EIevt",1,0],[5,620,627],[0,177.862,0,0,0,0,1,1.262,1.262,1.262]],[1,"100",4,[[2,1,-90,[10],11]],[0,"b4ByQpcSZD6LR7xwKTGqNz",1,0],[5,263,146],[0,116.325,0,0,0,0,1,3.181,3.181,3.181]],[1,"bw",4,[[3,-91,[12],13]],[0,"f4cjay4t5AKYEeWfBwGy81",1,0],[5,691,230],[0,322.848,0,0,0,0,1,1,1,1]],[26,"23",4,[[3,-92,[14],15]],[0,"92x4ewVxJKD7217X4qLoEn",1,0],[5,683,836],[0,0.5,0.4],[0,-548.853,0,0,0,0,1,1,1,1]],[1,"98",4,[[2,1,-93,[16],17]],[0,"7cjKE+ndRDbZ5WIG1VnN4/",1,0],[5,324,522],[0,0,0,0,0,0,1,1.959,1.959,1.959]],[1,"93",4,[[2,1,-94,[18],19]],[0,"bfoV2ShRNMt70h75fCq175",1,0],[5,540,491],[0,151.822,0,0,0,0,1,4.384,4.384,4.384]],[7,4,[20,21]],[1,"57",3,[[3,-95,[22],23]],[0,"4bjdTfqP1MLp+FVS2XiUdn",1,0],[5,617,1041],[0,203.739,0,0,0,0,1,1.128,1.128,1.128]],[1,"82",3,[[2,1,-96,[24],25]],[0,"34Bb49kHpEiLDcbbm5OBIf",1,0],[5,618,688],[0,200.181,0,0,0,0,1,1.218,1.218,1.218]],[1,"92",3,[[2,1,-97,[26],27]],[0,"6761o85mJJ1IeMuxLeaos8",1,0],[5,425,239],[0,148.185,0,0,0,0,1,2.669,2.669,2.669]],[1,"mw",3,[[3,-98,[28],29]],[0,"fflUPdq29L3KEVA5WV0ZgE",1,0],[5,570,355],[0,340.132,0,0,0,0,1,1,1,1]],[8,"52",100,3,[[3,-99,[34],35]],[0,"fc/xtYhWxLN7wzWGFwlrRe",1,0],[4,4284481420],[5,540,539],[0,-369.164,0,0,0,0,1,1.504,1.205,1.205]],[1,"hero",3,[[3,-100,[36],37]],[0,"656RSZqFtAqZGIeUSlmFhH",1,0],[5,756,874],[0,-439.356,0,0,0,0,1,1,1,1]],[1,"44",3,[[2,1,-101,[38],39]],[0,"d3ERm0sEJM8Il5wsXoRRe8",1,0],[5,324,268],[0,-451.078,0,0,0,0,1,2.387,2.387,2.387]],[1,"Bui",3,[[2,1,-102,[40],41]],[0,"9bG8aC6AdHJZ9wausW3tQw",1,0],[5,324,522],[-18.13,3.626,0,0,0,0,1,2.148,2.148,2.148]],[27,"41",0,3,[[2,1,-103,[42],43]],[0,"812iZeOpBD/r6drX+ih42N",1,0],[5,302,302],[0,0,0,0,0,0,1,4.535,4.535,4.535]],[7,3,[44,45]],[1,"57",2,[[3,-104,[46],47]],[0,"cbvRtwy+RGtamCE4ceX9MB",1,0],[5,624,951],[0,159.686,0,0,0,0,1,1.222,1.222,1.222]],[1,"82",2,[[2,1,-105,[48],49]],[0,"06M52VhHBCBo58Az5kWgou",1,0],[5,698,765],[0,163.04,0,0,0,0,1,1.094,1.094,1.094]],[1,"92",2,[[2,1,-106,[50],51]],[0,"4bOKAneNBIc4oQqrEdt6yT",1,0],[5,529,233],[0,148.185,0,0,0,0,1,2.08,2.08,2.08]],[1,"mw",2,[[3,-107,[52],53]],[0,"70ib2Sb7dN0KPPbtC1+Lg7",1,0],[5,585,400],[0,340.132,0,0,0,0,1,1,1,1]],[1,"haoQuang",2,[[2,1,-108,[54],55]],[0,"8aruRBbvxOcKqKKKvKRUGK",1,0],[5,510,702],[0,223.315,0,0,0,0,1,1.314,1.314,1.314]],[8,"52",100,2,[[3,-109,[56],57]],[0,"8fGR20vFRLzb3V77TBZpvo",1,0],[4,4284481420],[5,540,539],[0,-369.164,0,0,0,0,1,1.504,1.205,1.205]],[1,"68",2,[[2,1,-110,[58],59]],[0,"3aDLbPbbZKS7CIYNfkTJTU",1,0],[5,702,702],[0,-325.232,0,0,0,0,1,1.743,1.743,1.743]],[1,"hero",2,[[3,-111,[62],63]],[0,"59BJgdSPlHSZk3vV0hFNhX",1,0],[5,756,774],[0,-439.356,0,0,0,0,1,1,1,1]],[1,"74",2,[[2,1,-112,[64],65]],[0,"7bnZydJpVL/Ja1uQCUJkFf",1,0],[5,324,228],[0,-524.085,0,0,0,0,1,2.311,2.311,2.311]],[1,"Bui",2,[[2,1,-113,[66],67]],[0,"11+sPWLPdAjqSjqcjFcEro",1,0],[5,324,677],[-6.009,61.106,0,0,0,0,1,2.149,2.149,2.149]],[1,"21",2,[[2,1,-114,[68],69]],[0,"9ej807LxlJ24eOiHZpENAU",1,0],[5,302,302],[0,94.808,0,0,0,0,1,5.116,5.116,5.116]],[7,2,[70,71]],[4,"0",9,[-115],[0,"9fnmQZTbpJjYUyHj4P0+qk",1,0],[5,100,0],[0,0.5,0],[0,-10,0,0,0,0,1,1,1,1]],[5,"New Node",46,[[3,-116,[72],73]],[0,"02SXLJo4FLf4XdpIvVYhzo",1,0],[5,134,186],[0,0.5,0]],[34,"big_",true,"0",100,[null,null,null,null,null,null,null,null,null,null,null,null],9],[1,"jackpot",6,[[36,"default",0,1.5,"Idle",-117,[76],77]],[0,"4c88KfQKZPgY2jBqltLFfl",1,0],[5,757.06,737.45],[-16.308,96.034,0,0,0,0,1,1.3,1.3,1.3]],[1,"tw_vfx_f_add",6,[[2,1,-118,[78],79]],[0,"45U4VNE9BKFaT2OoenWPNJ",1,0],[5,335,339],[-16.308,96.034,0,0,0,0,1,1.3,1.3,1.3]],[4,"1",5,[-119],[0,"eaIQo/sWpNyqFAX40mLFQ0",1,0],[5,60,0],[0,0.5,0],[-235,-10,0,0,0,0,1,2,2,2]],[5,"New Node",51,[[6,"1",false,-120,[80],81]],[0,"70vsUD9tlKJIRtqpA/8a8z",1,0],[5,20,40],[0,0.5,0]],[4,"0",5,[-121],[0,"43BWdcgqFLEpLaKZLOcTwd",1,0],[5,60,0],[0,0.5,0],[-175,-10,0,0,0,0,1,2,2,2]],[5,"New Node",53,[[6,"0",false,-122,[82],83]],[0,"2eTpn3td1Gur99FprYIz7J",1,0],[5,37.5,40],[0,0.5,0]],[4,".",5,[-123],[0,"aabFOVxntBC4aA8VPcRqat",1,0],[5,25,0],[0,0.5,0],[-132.5,-10,0,0,0,0,1,2,2,2]],[5,"New Node",55,[[6,".",false,-124,[84],85]],[0,"7a6tahAFBIoqx7Mi/knZUv",1,0],[5,15,40],[0,0.5,0]],[4,"0",5,[-125],[0,"6d/Zeu+eFHN4tSXH7rZBnN",1,0],[5,60,0],[0,0.5,0],[-90,-10,0,0,0,0,1,2,2,2]],[5,"New Node",57,[[6,"0",false,-126,[86],87]],[0,"8dPlXL4LtDk4Hnb4fc/msb",1,0],[5,37.5,40],[0,0.5,0]],[4,"0",5,[-127],[0,"acC2OPCCBFubVZe9p+vS0D",1,0],[5,60,0],[0,0.5,0],[-30,-10,0,0,0,0,1,2,2,2]],[5,"New Node",59,[[6,"0",false,-128,[88],89]],[0,"5csiXu0+VEj6o3oKRKGZiq",1,0],[5,37.5,40],[0,0.5,0]],[4,"0",5,[-129],[0,"58iMp7rC1D6J3c6k/29IwV",1,0],[5,60,0],[0,0.5,0],[30,-10,0,0,0,0,1,2,2,2]],[5,"New Node",61,[[6,"0",false,-130,[90],91]],[0,"6fK9C8jaBCH7OKMzKsv1sc",1,0],[5,37.5,40],[0,0.5,0]],[4,".",5,[-131],[0,"e5vAj14g1BfotXRCLjqVDF",1,0],[5,25,0],[0,0.5,0],[72.5,-10,0,0,0,0,1,2,2,2]],[5,"New Node",63,[[6,".",false,-132,[92],93]],[0,"c2ECaU84RNq4KayftBPWqq",1,0],[5,15,40],[0,0.5,0]],[4,"0",5,[-133],[0,"8aXZlZdy5GJJREeSqA7fqJ",1,0],[5,60,0],[0,0.5,0],[115,-10,0,0,0,0,1,2,2,2]],[5,"New Node",65,[[6,"0",false,-134,[94],95]],[0,"e0L4PaL1ROM6qjilNx+Bsr",1,0],[5,37.5,40],[0,0.5,0]],[4,"0",5,[-135],[0,"dftyKdgx9GeYRMSUK/wyn9",1,0],[5,60,0],[0,0.5,0],[175,-10,0,0,0,0,1,2,2,2]],[5,"New Node",67,[[6,"0",false,-136,[96],97]],[0,"9b2imotPdN0JKBrBjfG6f2",1,0],[5,37.5,40],[0,0.5,0]],[4,"0",5,[-137],[0,"15gI4s9UdONaN4Gxs+fVJy",1,0],[5,60,0],[0,0.5,0],[235,-10,0,0,0,0,1,2,2,2]],[5,"New Node",69,[[6,"0",false,-138,[98],99]],[0,"95u5UmFRZF/pk4v31TkQBd",1,0],[5,37.5,40],[0,0.5,0]],[35,2,"",true,"10.000.000",60,25,2,[null,null,null,null,null,null,null,null,null,null,null,null],5],[14,"PaticleShow",6,[[37,1,true,false,100,0.5,600,3,5,360,360,10,60,300,0,0,60,50,50,50,-139,[100],[4,4294967295],[4,0],[4,16777215],[4,0],101]],[0,"91XC+ztIpJ/KA7ssbTbclj",1,0],[-9.5571,121.7064,0,0,0,0,1,1.3,1.3,1.3]],[14,"particle2",6,[[38,1,true,100,100,360,50,2,80,10,0,true,100,100,200,-140,[102],[4,4294967295],[4,4278190080],[4,0],[4,4278190080],[0,400,350],103]],[0,"642bVZyuNFV59w+D3RHv5y",1,0],[-17.933,116.9458,0,0,0,0,1,1.3,1.3,1.3]],[7,11,[105]],[7,12,[107]],[39,1,[[40,"ede81s5ZHNHtKcf30/GR7+E","onClickBtnShowFast",1]]]],0,[0,6,1,0,7,75,0,8,74,0,9,6,0,10,45,0,11,33,0,12,23,0,13,76,0,14,71,0,15,48,0,0,1,0,-2,76,0,-1,4,0,-2,3,0,-3,2,0,-4,9,0,-5,6,0,-6,11,0,-7,12,0,-1,45,0,-1,34,0,-2,35,0,-3,36,0,4,2,0,-5,37,0,-6,38,0,-7,39,0,-8,40,0,-9,8,0,-10,41,0,-11,42,0,-12,43,0,-13,44,0,-1,33,0,-1,24,0,-2,25,0,-3,26,0,4,3,0,-5,27,0,-6,7,0,-7,28,0,-8,29,0,-9,30,0,-10,31,0,-11,32,0,-1,23,0,-1,13,0,-2,14,0,-3,15,0,-4,16,0,-5,17,0,-6,18,0,-7,19,0,-8,20,0,-9,21,0,-10,22,0,-1,71,0,-1,51,0,-2,53,0,-3,55,0,-4,57,0,-5,59,0,-6,61,0,-7,63,0,-8,65,0,-9,67,0,-10,69,0,-1,10,0,-2,49,0,-3,50,0,-5,72,0,-6,73,0,0,7,0,0,7,0,0,8,0,0,8,0,-1,48,0,-1,46,0,0,10,0,0,10,0,0,11,0,-2,74,0,0,12,0,-2,75,0,0,13,0,0,14,0,0,15,0,0,16,0,0,17,0,0,18,0,0,19,0,0,20,0,0,21,0,0,22,0,0,24,0,0,25,0,0,26,0,0,27,0,0,28,0,0,29,0,0,30,0,0,31,0,0,32,0,0,34,0,0,35,0,0,36,0,0,37,0,0,38,0,0,39,0,0,40,0,0,41,0,0,42,0,0,43,0,0,44,0,-1,47,0,0,47,0,0,49,0,0,50,0,-1,52,0,0,52,0,-1,54,0,0,54,0,-1,56,0,0,56,0,-1,58,0,0,58,0,-1,60,0,0,60,0,-1,62,0,0,62,0,-1,64,0,0,64,0,-1,66,0,0,66,0,-1,68,0,0,68,0,-1,70,0,0,70,0,0,72,0,0,73,0,16,1,5,4,6,140],[0,0,0,0,0,0,0,0,0,0,0,0,0,0,0,0,0,0,0,0,0,0,0,0,0,0,0,0,0,0,0,0,0,0,0,0,0,0,0,0,0,0,0,0,0,0,0,0,0,0,0,0,0,0,0,0,0,0,0,0,0,0,0,0,0,0,0,0,0,0,0,0,0,0,0,0,0,0,0,0,0,0,0,0,0,0,0,0,0,0,0,0,0,0,0,0,0,0,0,0,0,0,0,0,0,0,0,0,48,71,71],[-1,2,-1,2,-1,2,-1,2,-1,2,-1,2,-1,2,-1,2,-1,2,-1,2,-1,-2,-1,2,-1,2,-1,2,-1,2,-1,2,17,-1,-1,2,-1,2,-1,2,-1,2,-1,2,-1,-2,-1,2,-1,2,-1,2,-1,2,-1,2,-1,2,-1,2,-1,2,-1,2,-1,2,-1,2,-1,2,-1,-2,-1,2,-1,2,-1,18,-1,2,-1,3,-1,3,-1,3,-1,3,-1,3,-1,3,-1,3,-1,3,-1,3,-1,3,-1,2,-1,2,-1,-1,-1,-1,5,5,19],[0,19,0,20,0,3,0,21,0,22,0,23,0,24,0,25,0,4,0,26,27,28,0,29,0,30,0,31,0,32,0,33,5,5,0,3,0,34,0,35,0,4,0,36,37,38,0,39,0,40,0,41,0,42,0,43,0,3,0,44,0,45,0,46,0,47,0,48,0,49,50,51,0,52,0,53,54,55,0,56,0,2,0,2,0,2,0,2,0,2,0,2,0,2,0,2,0,2,0,2,0,57,0,58,0,59,0,60,61,62,2]],[[{"name":"18ae2916-3403-44a0-ad33-d36599073dfc","rect":[0,0,79,78],"offset":[0,0],"originalSize":[79,78],"capInsets":[0,0,0,0]}],[0],0,[0],[1],[63]],[[{"name":"68","rect":[0,0,702,702],"offset":[0,0],"originalSize":[702,702],"capInsets":[0,0,0,0]}],[0],0,[0],[1],[64]],[[{"name":"61","rect":[0,0,698,765],"offset":[0,0],"originalSize":[698,765],"capInsets":[0,0,0,0]}],[0],0,[0],[1],[65]],[[{"name":"6","rect":[118,1,111,149],"offset":[0,0],"originalSize":[111,149],"capInsets":[0,0,0,0]}],[0],0,[0],[1],[1]],[[{"name":"5","rect":[1,154,115,151],"offset":[0,0],"originalSize":[115,151],"capInsets":[0,0,0,0]}],[0],0,[0],[1],[1]],[[{"name":"44","rect":[0,0,324,268],"offset":[0,0],"originalSize":[324,268],"capInsets":[0,0,0,0]}],[0],0,[0],[1],[66]],[[{"name":"57","rect":[0,0,617,1041],"offset":[0,0],"originalSize":[617,1041],"capInsets":[0,0,0,0]}],[0],0,[0],[1],[67]],[[{"name":"1","rect":[153,610,80,146],"offset":[0,0],"originalSize":[80,146],"capInsets":[0,0,0,0]}],[0],0,[0],[1],[1]],[[[41,"font_gold_new-export",32,{"commonHeight":35,"fontSize":32,"atlasName":"font_gold_new-export.png","fontDefDictionary":{"9":{"xOffset":0,"yOffset":0,"xAdvance":48,"rect":{"x":0,"y":0,"width":0,"height":0}},"32":{"xOffset":0,"yOffset":0,"xAdvance":6,"rect":{"x":0,"y":0,"width":0,"height":0}},"44":{"xOffset":0,"yOffset":22,"xAdvance":10,"rect":{"x":91,"y":32,"width":14,"height":17}},"46":{"xOffset":0,"yOffset":22,"xAdvance":8,"rect":{"x":91,"y":50,"width":12,"height":13}},"48":{"xOffset":0,"yOffset":4,"xAdvance":26,"rect":{"x":0,"y":64,"width":30,"height":31}},"49":{"xOffset":0,"yOffset":4,"xAdvance":12,"rect":{"x":85,"y":96,"width":16,"height":31}},"50":{"xOffset":0,"yOffset":4,"xAdvance":26,"rect":{"x":0,"y":96,"width":30,"height":31}},"51":{"xOffset":0,"yOffset":4,"xAdvance":25,"rect":{"x":31,"y":96,"width":29,"height":31}},"52":{"xOffset":0,"yOffset":4,"xAdvance":23,"rect":{"x":63,"y":32,"width":27,"height":31}},"53":{"xOffset":0,"yOffset":4,"xAdvance":25,"rect":{"x":61,"y":64,"width":29,"height":31}},"54":{"xOffset":0,"yOffset":4,"xAdvance":25,"rect":{"x":31,"y":64,"width":29,"height":31}},"55":{"xOffset":0,"yOffset":4,"xAdvance":22,"rect":{"x":67,"y":0,"width":26,"height":31}},"56":{"xOffset":0,"yOffset":4,"xAdvance":25,"rect":{"x":37,"y":0,"width":29,"height":31}},"57":{"xOffset":0,"yOffset":4,"xAdvance":25,"rect":{"x":33,"y":32,"width":29,"height":31}},"75":{"xOffset":0,"yOffset":4,"xAdvance":28,"rect":{"x":0,"y":32,"width":32,"height":31}},"76":{"xOffset":0,"yOffset":4,"xAdvance":19,"rect":{"x":61,"y":96,"width":23,"height":31}},"77":{"xOffset":0,"yOffset":4,"xAdvance":32,"rect":{"x":0,"y":0,"width":36,"height":31}}},"kerningDict":{}}]],0,0,[0],[20],[68]],[[{"name":"21","rect":[0,0,302,302],"offset":[0,0],"originalSize":[302,302],"capInsets":[0,0,0,0]}],[0],0,[0],[1],[69]],[[[9,"MegaWin3",10.233333333333333,30,[{},"paths",11,[{"41":{"props":{"opacity":[{"frame":0,"value":0},{"frame":0.36666666666666664,"value":255},{"frame":1,"value":0}]}},"52":{"props":{"opacity":[{"frame":0,"value":0},{"frame":0.23333333333333334,"value":100}]}}},"57",11,[{},"props",11,[{},"scale",12,[[[{"frame":0},"value",8,[0,0,0]],[{"frame":0.16666666666666666},"value",8,[0,1.218,1.218]]],11,11]]],"82",11,[{},"props",11,[{},"scale",12,[[[{"frame":0},"value",8,[0,0,0]],[{"frame":0.16666666666666666},"value",8,[0,1.218,1.218]]],11,11]]],"92",11,[{},"props",11,[{},"scale",12,[[[{"frame":0},"value",8,[0,0,0]],[{"frame":0.16666666666666666},"value",8,[0,1.218,1.218]]],11,11]]],"mw",11,[{},"props",11,[{},"scale",12,[[[{"frame":0,"curve":[0.18,0.89,0.31,1.21]},"value",8,[0,0,0]],[{"frame":0.5},"value",8,[0,1.218,1.218]]],11,11]]],"hero",11,[{},"props",11,[{},"scale",12,[[[{"frame":0},"value",8,[0,0,0]],[{"frame":0.16666666666666666},"value",8,[0,0.97,0.97]],[{"frame":10.233333333333333},"value",8,[0,1.4,1.4]]],11,11,11]]],"Bui",11,[{},"props",11,[{},"scale",12,[[[{"frame":0},"value",8,[0,0,0]],[{"frame":0.16666666666666666},"value",8,[0,2.426,2.426]],[{"frame":10.233333333333333},"value",8,[0,3,3]]],11,11,11]]]]]]],0,0,[],[],[]],[[[10,"BigWinLoop1",1.5333333333333334,2,{"paths":{"24":{"props":{"opacity":[{"frame":0,"value":255},{"frame":0.75,"value":50},{"frame":1.5333333333333334,"value":255}]}},"100":{"props":{"opacity":[{"frame":0,"value":255},{"frame":0.75,"value":100},{"frame":1.5333333333333334,"value":255}]}}}}]],0,0,[],[],[]],[[{"name":"40","rect":[0,0,624,951],"offset":[0,0],"originalSize":[624,951],"capInsets":[0,0,0,0]}],[0],0,[0],[1],[70]],[[{"name":"0","rect":[116,459,118,149],"offset":[0,0],"originalSize":[118,149],"capInsets":[0,0,0,0]}],[0],0,[0],[1],[1]],[[{"name":"82","rect":[0,0,618,688],"offset":[0,0],"originalSize":[618,688],"capInsets":[0,0,0,0]}],[0],0,[0],[1],[71]],[[{"name":"font_gold_new-export","rect":[0,0,105,127],"offset":[-0.5,0.5],"originalSize":[106,128],"capInsets":[0,0,0,0]}],[0],0,[0],[1],[72]],[[{"name":"89","rect":[0,0,510,702],"offset":[0,0],"originalSize":[510,702],"capInsets":[0,0,0,0]}],[0],0,[0],[1],[73]],[[{"name":"23","rect":[0,0,683,836],"offset":[0,0],"originalSize":[683,836],"capInsets":[0,0,0,0]}],[0],0,[0],[1],[74]],[[[42,"Alats44.plist",[{},"0",6,0,"1",6,1,"2",6,2,"3",6,3,"4",6,4,"5",6,5,"6",6,6,"7",6,7,"8",6,8,"9",6,9,"comma",6,10,"decimal",6,11]]],0,0,[0,0,0,0,0,0,0,0,0,0,0,0],[21,22,23,24,25,26,27,28,29,30,31,32],[75,76,77,78,79,80,81,82,83,84,85,86]],[[{"name":"28","rect":[0,0,756,874],"offset":[0,0],"originalSize":[756,874],"capInsets":[0,0,0,0]}],[0],0,[0],[1],[87]],[[[18,"SuperWin1",13.6,[{},"paths",11,[{"21":{"props":{"opacity":[{"frame":0,"value":0},{"frame":0.15,"value":255},{"frame":0.5333333333333333,"value":0}]}}},"57",11,[{},"props",11,[{},"scale",12,[[[{"frame":0},"value",8,[0,0,0]],[{"frame":0.15},"value",8,[0,1.222,1.222]]],11,11]]],"82",11,[{},"props",11,[{},"scale",12,[[[{"frame":0},"value",8,[0,0,0]],[{"frame":0.15},"value",8,[0,1.222,1.222]]],11,11]]],"92",11,[{},"props",11,[{},"scale",12,[[[{"frame":0},"value",8,[0,0,0]],[{"frame":0.15},"value",8,[0,1.222,1.222]]],11,11]]],"mw",11,[{},"props",11,[{},"scale",12,[[[{"frame":0,"curve":[0.18,0.89,0.31,1.21]},"value",8,[0,0,0]],[{"frame":0.4666666666666667},"value",8,[0,1.222,1.222]]],11,11]]],"hero",11,[{},"props",11,[{},"scale",12,[[[{"frame":0},"value",8,[0,0,0]],[{"frame":0.21666666666666667},"value",8,[0,1,1]],[{"frame":13.6},"value",8,[0,1.3,1.3]]],11,11,11]]],"Bui",11,[{},"props",11,[{},"scale",12,[[[{"frame":0},"value",8,[0,1,1]],[{"frame":0.2},"value",8,[0,2.149,2.149]],[{"frame":13.6},"value",8,[0,2.8,2.8]]],11,11,11]]]]]]],0,0,[],[],[]],[[{"name":"9","rect":[1,611,111,150],"offset":[0,0],"originalSize":[111,150],"rotated":1,"capInsets":[0,0,0,0]}],[0],0,[0],[1],[1]],[[{"name":"74","rect":[0,0,324,228],"offset":[0,0],"originalSize":[324,228],"capInsets":[0,0,0,0]}],[0],0,[0],[1],[88]]]]