[1,["dctm2kkmZGs75SGNIKtKzm"],["_textureSetter"],["cc.SpriteFrame"],0,[[[{"name":"spin_vfx_a_06","rect":[1,196,186,185],"offset":[0,0],"originalSize":[186,185],"capInsets":[0,0,0,0]}],[0],0,[0],[0],[0]],[[{"name":"spin_vfx_a_01","rect":[316,559,42,45],"offset":[0,0],"originalSize":[42,45],"rotated":1,"capInsets":[0,0,0,0]}],[0],0,[0],[0],[0]],[[{"name":"spin_vfx_a_10","rect":[197,194,190,189],"offset":[0,0],"originalSize":[190,189],"capInsets":[0,0,0,0]}],[0],0,[0],[0],[0]],[[{"name":"spin_vfx_a_12","rect":[389,382,184,189],"offset":[0,0],"originalSize":[184,189],"rotated":1,"capInsets":[0,0,0,0]}],[0],0,[0],[0],[0]],[[{"name":"spin_vfx_a_11","rect":[391,190,190,191],"offset":[0,0],"originalSize":[190,191],"rotated":1,"capInsets":[0,0,0,0]}],[0],0,[0],[0],[0]],[[{"name":"spin_vfx_a_13","rect":[180,385,172,175],"offset":[0,0],"originalSize":[172,175],"rotated":1,"capInsets":[0,0,0,0]}],[0],0,[0],[0],[0]],[[{"name":"spin_vfx_a_07","rect":[1,1,194,193],"offset":[0,0],"originalSize":[194,193],"capInsets":[0,0,0,0]}],[0],0,[0],[0],[0]],[[{"name":"spin_vfx_a_05","rect":[1,383,174,177],"offset":[0,0],"originalSize":[174,177],"rotated":1,"capInsets":[0,0,0,0]}],[0],0,[0],[0],[0]],[[{"name":"spin_vfx_a_00","rect":[584,190,3,3],"offset":[0,0],"originalSize":[3,3],"capInsets":[0,0,0,0]}],[0],0,[0],[0],[0]],[[{"name":"spin_vfx_a_09","rect":[197,1,192,191],"offset":[0,0],"originalSize":[192,191],"capInsets":[0,0,0,0]}],[0],0,[0],[0],[0]],[[{"name":"spin_vfx_a_08","rect":[391,1,196,187],"offset":[0,0],"originalSize":[196,187],"capInsets":[0,0,0,0]}],[0],0,[0],[0],[0]],[[{"name":"spin_vfx_a_03","rect":[589,1,136,137],"offset":[0,0],"originalSize":[136,137],"capInsets":[0,0,0,0]}],[0],0,[0],[0],[0]],[[{"name":"spin_vfx_a_04","rect":[1,559,152,157],"offset":[0,0],"originalSize":[152,157],"capInsets":[0,0,0,0]}],[0],0,[0],[0],[0]],[[{"name":"spin_vfx_a_02","rect":[1,718,130,131],"offset":[0,0],"originalSize":[130,131],"capInsets":[0,0,0,0]}],[0],0,[0],[0],[0]]]]