[1,["c3rF91hgZKsaLo3p7Y2myw","32PZETgnxC8oXeoSvdZS4d","f5Ryn7qDVFZq7Y2oanpI7f","bdVuplUmFARb2Y3sj29dnJ","38HwgY7S5I54R1u5X9YipO","09gUIb69NH7YoIdTXeiVHr","cenaCXoZlKgaUvz2VwOhC5","055K3kAuJNz45izbgZyamD","cbEqMev0BNDZ5TVRc6D9pf","59VHJKP+hOOrkr97baOHHa","30SwElzWFMQ7C1HH5r5LTz","aaBiecgSdPBa3e/jn5ZHuY","c5tRCgXqhIQLYI9ZOpIB9K","baOoja2ERIooU1O11B28Gx","efMhRaOy1CHqlVmDtcwqUU","69tPwtsqNOw4kAmJg2e3c/","71cgEeywZDg5Q2dJYo4FlV","26c3siOvJNEpuJVk6ccyzR","e300juheFBPbUHMQoKk/O7","c9QeOA2GhIRYvGprRtEMeO","43J8oLmGxNkYFK8deZQjdl","aabZaktTZAS4Sz8OpHDPey","311rMH1IFK1LFtFwIegiZE","026u7cdPdOCaYS5blFKpJ8","95TrFr1ANIGqe0DBPDzY/s","7aN9gSoH5PH6IDU/ApJn9J","beyS8q959Oe7oP33D4Vmdj","3aSQYa8INPlJ4ghxNVKLDf","a6hVelwPFE57OJlraQcVuz","93zRKgYC1Myq9mKwnQULv3","6fib27NzJG9rnKrfZRyCR4","27y1hCR3pOx4RF9vf3dY+Y","5bE5PtWbFC8Z8qXFociS1X","c0gkQyClJGW6nFA9MFhrlm","1daBzfgL1HNYYe06to9wRZ","2dlVPINWNBcrFggCCmZa3X","9bjNOpv39NaryQ217nZQKM","33TcLfmO9JG7FiympYYi6u","7bdXwAow5Pkoy/TwLZCFq9","c2OeML22xM9pQXi03pqlcr","96tH0+bgZLYavWcJZjGrhK","a308q7CjtJt5ll0VfRvVbr","e3OjCDRvlEQp4MLgHHibtB","efeifHwHRAqqZULDwchHgf","00aJeaPNVEy7jOVmZdsgVu","edVBZAOdpLi7gd6sDZgajs","9f+5HQsLRNWpKXWfrqDCXX","dd5/3+BPRIXJcF04zKrThG","c8TlhjJNdJX6UNsXwvf2nn","e5fyuuuAZLireh5tB/badu","2bEsJ/RdhDZ7fonVWAc+VK","97O1nut6NKBaRf5ZJgrF37","2bFwVDaKdME6HPiVUGSiCH","5fnePtPpxJ3KKpbog7f304","14YyF9MxJJzaDV/LeG37Rn","5dI4R22sNIvaQDQlj8skPt","d5cQFc0i9G7Ie9qoM3j3D3","4eq1mKnjVF6ZLeA5gyCZcc","9eBHCCV0FPJYcgOOYDurZz","06dT/kyb9FH517vSI2gdKl","25qSIAFXdF26mQf+9631lk","1c85Jt04ZKb7pEOhgC+9eq","02abLhkWJAG4voamwyz6Bu","6e6aaspYxJQr8SBVOMmVOT","b0BRtEbARP8qsqWhxJKqlb","75bsblkjNA87yXMefGbgmV","afVX1iXipJcavc8BN9W6WW","f5HZJu4mVLGrTDQu+mk80j","52DEWHWKdLMq2rPab/Eqay","9f/8uW6oVFnrmP8m/7P3/A","65Hjfp+ERCIJD5yOi9l0gY","40ZGu4x5xC6p0mwMxMi6+a","8a9gJnkZ1Mm5cysH4CtEJ/","1e7hmWaxRCna7/xEqGP8FQ","49EWObYwxK8ZRKGKaP7F8F","4aW11pQF5OEZKJ2KQxr9DV","ceUe9LDypEK6v/drrC9JLW","411vHSMWZN5KokYXBPMeP6","35l0QKymBJaJzOvYi4G+oK","87TBGo/lhK679+3VxgwrMX","dbVPjdiQNC6ayx3D04guDJ","62CP8aYOpJYqmtMCLWquYP","eeND0ZeUJM87fkknh4I5fL","96/m5VNC1Nv5TWSoMBlcS0","a5Hs4NqoxPFYGOvc4K/bHK","95cGMQM+FEqYLyY3k51ODc","156UQi64dD5LP9dfdBheRM","d1I3talNJPD48G7WJeL4ng","f2XNqA0m1EkLjSQYFrCFqL","62QgK8JKpMOICQ0uunqGZQ","19HHF364VKCbzbRjmcGE5c","d1bihw0YxKmLS/x8Fi4y7t","711ZXy3ptCKLpVa5Y1K7EH","a1/s1ZStdFc5ZP9kC5tm75","ceK5sp5ndGpYBCHpUKoXq6","39yA/ZxYhBwYV8i438FFtS","1cz8re5zpHrJ9CZppjCUE0","50Nbs7rzJKwKJUZsZTfRGT","96Rl2S3DVHj5C2d6TLSPac","e7CorP3lBJTLqKFjKFeL2g","7fP83hZv9PkK2WPP8cWCSt","0fa+RwY9hIob30GsnZWnFT","70oSWx0IFLhrePZ2esC98q","efRYNEkOVBp54RC67db6ch","4cyQbZmrFKcrr0PZu/nqhN","125RVKZfZKh4EuEgdXn1CL","30grvu9tVEkphUKnU6dtSi","42XgDzgPhGzqMT2MqT1va6","41d40kAPdBYa0JfARbUZgc","c43Qsul5ZDe4MDVqYCzcnC","458LFbsrFB6YI2of/+9i4y","6dOmC/h+1C2b4O4+T2+IZ8","9aLwZLIChM1rr5p4HH9kVN","e7fB2MFABGXoc0yM9+mKXS","cb73K5kMRAgYeFUt8iNROv","92CWXFjwBGIJVxzJ0Md9U9","44atkb8pdLALuVJt0jqqUR","a0iQBQkDBOnZrkuAjtiIxd","399aaPlgpEDK7ekq6IXndo","8bSBWHRxdM9IGd078Qwfzk","42DsE8CatLILRBOAT0oFX7","8fJ3PDA2FC1acfDy6FDgD5","49x/TDRQVDA4+K0KY/cH2M","bb5v0oHLZE2Y1JeohFAAaa","56JAF5r05P6bdv7Evof+M9","75TZnpLBBP8JYZADwUjftS","f3zXt2Wf1AZKAhlMx5VCA1"],["value"],[["cc.AnimationClip",["_name","_duration","speed","curveData"],0,11]],[[0,0,1,2,3,4]],[[0,"TakeTotalWin",2.566666666666667,1.5,[{},"paths",11,[{"TakeBigWin/info_flare_c":{"props":{"opacity":[{"frame":0,"value":255},{"frame":0.5,"value":0}]}},"TakeBigWin/infoboard_lv02_vfx_b_add":{"props":{"opacity":[{"frame":0,"value":0}]}},"TakeBigWin/75/infoboard_lv02_vfx_c_add":{"props":{"opacity":[{"frame":0,"value":0}]}},"TakeBigWin/75/infoboard_lv02_vfx_e_add":{"props":{"opacity":[{"frame":0,"value":0}]}},"TakeBigWin/infoboard_lv02_vfx_c_add_2":{"props":{"opacity":[{"frame":0,"value":0}]}}},"TakeBigWin/infoboard_lv02_vfx_g_add_00",11,[{},"comps",11,[{},"cc.Sprite",11,[{},"spriteFrame",12,[[[{"frame":0},"value",6,0],[{"frame":0.03333333333333333},"value",6,1],[{"frame":0.06666666666666667},"value",6,2],[{"frame":0.1},"value",6,3],[{"frame":0.13333333333333333},"value",6,4],[{"frame":0.16666666666666666},"value",6,5],[{"frame":0.2},"value",6,6],[{"frame":0.23333333333333334},"value",6,7],[{"frame":0.26666666666666666},"value",6,8],[{"frame":0.3},"value",6,9],[{"frame":0.3333333333333333},"value",6,10],[{"frame":0.36666666666666664},"value",6,11],[{"frame":0.4},"value",6,12],[{"frame":0.43333333333333335},"value",6,13],[{"frame":0.4666666666666667},"value",6,14],[{"frame":0.5},"value",6,15],[{"frame":0.5333333333333333},"value",6,16],[{"frame":0.5666666666666667},"value",6,17],[{"frame":0.6},"value",6,18]],11,11,11,11,11,11,11,11,11,11,11,11,11,11,11,11,11,11,11]]]],"TakeBigWin/75",11,[{},"props",11,[{"opacity":[{"frame":0,"value":255}]},"scale",12,[[[{"frame":0},"value",8,[1,0,1,1]],[{"frame":0.5},"value",8,[1,1.05,1,1]],[{"frame":0.6666666666666666},"value",8,[1,1,1,1]]],11,11,11]],"comps",11,[{},"cc.Sprite",11,[{},"spriteFrame",12,[[[{"frame":0},"value",6,19]],11]]]],"TakeBigWin/info_vfx_a_00",11,[{},"props",11,[{"opacity":[{"frame":0,"value":255}]},"scale",12,[[[{"frame":0},"value",8,[1,1,1,1]],[{"frame":1.4},"value",8,[1,2,2,1]]],11,11]],"comps",11,[{},"cc.Sprite",11,[{},"spriteFrame",12,[[[{"frame":0},"value",6,20],[{"frame":0.06666666666666667},"value",6,21],[{"frame":0.13333333333333333},"value",6,22],[{"frame":0.2},"value",6,23],[{"frame":0.26666666666666666},"value",6,24],[{"frame":0.3333333333333333},"value",6,25],[{"frame":0.4},"value",6,26],[{"frame":0.4666666666666667},"value",6,27],[{"frame":0.5333333333333333},"value",6,28],[{"frame":0.6},"value",6,29],[{"frame":0.6666666666666666},"value",6,30],[{"frame":0.7333333333333333},"value",6,31],[{"frame":0.8},"value",6,32],[{"frame":0.8666666666666667},"value",6,33],[{"frame":0.9333333333333333},"value",6,34],[{"frame":1},"value",6,35],[{"frame":1.0666666666666667},"value",6,36],[{"frame":1.1333333333333333},"value",6,37],[{"frame":1.2},"value",6,38],[{"frame":1.2666666666666666},"value",6,39],[{"frame":1.3333333333333333},"value",6,40]],11,11,11,11,11,11,11,11,11,11,11,11,11,11,11,11,11,11,11,11,11]]]],"TakeBigWin/info_flare_a",11,[{},"props",11,[{"opacity":[{"frame":0,"value":0},{"frame":0.48333333333333334,"value":255},{"frame":2.216666666666667,"value":0}]},"scale",12,[[[{"frame":0},"value",8,[1,1,1,1]],[{"frame":0.48333333333333334},"value",8,[1,2,1,1]],[{"frame":2.216666666666667},"value",8,[1,1,1,1]]],11,11,11]]],"TakeBigWin/infoboard_lv02_vfx_d_add_00",11,[{"props":{"opacity":[{"frame":0,"value":0},{"frame":0.1,"value":255}]}},"comps",11,[{},"cc.Sprite",11,[{},"spriteFrame",12,[[[{"frame":0.1},"value",6,41],[{"frame":0.16666666666666666},"value",6,42],[{"frame":0.23333333333333334},"value",6,43],[{"frame":0.3},"value",6,44],[{"frame":0.36666666666666664},"value",6,45],[{"frame":0.43333333333333335},"value",6,46],[{"frame":0.5},"value",6,47],[{"frame":0.5666666666666667},"value",6,48],[{"frame":0.6333333333333333},"value",6,49],[{"frame":0.7},"value",6,50],[{"frame":0.7666666666666667},"value",6,51],[{"frame":0.8333333333333334},"value",6,52],[{"frame":0.9},"value",6,53],[{"frame":0.9666666666666667},"value",6,54],[{"frame":1.0333333333333334},"value",6,55],[{"frame":1.1},"value",6,56],[{"frame":1.1666666666666667},"value",6,57]],11,11,11,11,11,11,11,11,11,11,11,11,11,11,11,11,11]]]],"TakeBigWin/infoboard_lv02_vfx_f_add_00",11,[{"props":{"opacity":[{"frame":0,"value":0},{"frame":0.1,"value":255}]}},"comps",11,[{},"cc.Sprite",11,[{},"spriteFrame",12,[[[{"frame":0.1},"value",6,58],[{"frame":0.16666666666666666},"value",6,59],[{"frame":0.23333333333333334},"value",6,60],[{"frame":0.3},"value",6,61],[{"frame":0.36666666666666664},"value",6,62],[{"frame":0.43333333333333335},"value",6,63],[{"frame":0.5},"value",6,64]],11,11,11,11,11,11,11]]]],"TakeBigWin/infoboard_lv02_vfx_c_screen_00",11,[{"props":{"opacity":[{"frame":0,"value":0},{"frame":1.65,"value":0},{"frame":1.6666666666666667,"value":255}]}},"comps",11,[{},"cc.Sprite",11,[{},"spriteFrame",12,[[[{"frame":1.6666666666666667},"value",6,65],[{"frame":1.7333333333333334},"value",6,66],[{"frame":1.8},"value",6,67],[{"frame":1.8666666666666667},"value",6,68],[{"frame":1.9333333333333333},"value",6,69],[{"frame":2},"value",6,70],[{"frame":2.066666666666667},"value",6,71],[{"frame":2.1333333333333333},"value",6,72],[{"frame":2.2},"value",6,73],[{"frame":2.2666666666666666},"value",6,74],[{"frame":2.3333333333333335},"value",6,75],[{"frame":2.4},"value",6,76],[{"frame":2.466666666666667},"value",6,77],[{"frame":2.533333333333333},"value",6,78]],11,11,11,11,11,11,11,11,11,11,11,11,11,11]]]],"TakeBigWin/info_vfx_d_00",11,[{"props":{"opacity":[{"frame":0.55,"value":0},{"frame":0.5666666666666667,"value":255}]}},"comps",11,[{},"cc.Sprite",11,[{},"spriteFrame",12,[[[{"frame":0},"value",6,79],[{"frame":0.6166666666666667},"value",6,80],[{"frame":0.65},"value",6,81],[{"frame":0.6833333333333333},"value",6,82],[{"frame":0.7166666666666667},"value",6,83],[{"frame":0.75},"value",6,84],[{"frame":0.7833333333333333},"value",6,85],[{"frame":0.8166666666666667},"value",6,86],[{"frame":0.85},"value",6,87],[{"frame":0.8833333333333333},"value",6,88],[{"frame":0.9166666666666666},"value",6,89],[{"frame":0.95},"value",6,90],[{"frame":0.9833333333333333},"value",6,91],[{"frame":1.0166666666666666},"value",6,92],[{"frame":1.05},"value",6,93],[{"frame":1.0833333333333333},"value",6,94],[{"frame":1.1166666666666667},"value",6,95],[{"frame":1.15},"value",6,96],[{"frame":1.1833333333333333},"value",6,97],[{"frame":1.2166666666666666},"value",6,98],[{"frame":1.25},"value",6,99],[{"frame":1.2833333333333334},"value",6,100],[{"frame":1.3166666666666667},"value",6,101],[{"frame":1.35},"value",6,102],[{"frame":1.3833333333333333},"value",6,103],[{"frame":1.4166666666666667},"value",6,104],[{"frame":1.45},"value",6,105],[{"frame":1.4833333333333334},"value",6,106],[{"frame":1.5166666666666666},"value",6,107],[{"frame":1.5666666666666667},"value",6,108],[{"frame":1.6333333333333333},"value",6,109],[{"frame":1.6833333333333333},"value",6,110],[{"frame":1.7333333333333334},"value",6,111],[{"frame":1.7833333333333334},"value",6,112],[{"frame":1.8333333333333333},"value",6,113],[{"frame":1.8833333333333333},"value",6,114],[{"frame":1.9333333333333333},"value",6,115],[{"frame":1.9833333333333334},"value",6,116],[{"frame":2.033333333333333},"value",6,117],[{"frame":2.0833333333333335},"value",6,118],[{"frame":2.1333333333333333},"value",6,119],[{"frame":2.183333333333333},"value",6,120],[{"frame":2.2333333333333334},"value",6,121],[{"frame":2.283333333333333},"value",6,122],[{"frame":2.3333333333333335},"value",6,123],[{"frame":2.3833333333333333},"value",6,124],[{"frame":2.433333333333333},"value",6,125],[{"frame":2.4833333333333334},"value",6,126],[{"frame":2.533333333333333},"value",6,127],{"frame":2.55,"value":null}],11,11,11,11,11,11,11,11,11,11,11,11,11,11,11,11,11,11,11,11,11,11,11,11,11,11,11,11,11,11,11,11,11,11,11,11,11,11,11,11,11,11,11,11,11,11,11,11,11,0]]]]]]]],0,0,[0,0,0,0,0,0,0,0,0,0,0,0,0,0,0,0,0,0,0,0,0,0,0,0,0,0,0,0,0,0,0,0,0,0,0,0,0,0,0,0,0,0,0,0,0,0,0,0,0,0,0,0,0,0,0,0,0,0,0,0,0,0,0,0,0,0,0,0,0,0,0,0,0,0,0,0,0,0,0,0,0,0,0,0,0,0,0,0,0,0,0,0,0,0,0,0,0,0,0,0,0,0,0,0,0,0,0,0,0,0,0,0,0,0,0,0,0,0,0,0,0,0,0,0,0,0,0,0],[0,0,0,0,0,0,0,0,0,0,0,0,0,0,0,0,0,0,0,0,0,0,0,0,0,0,0,0,0,0,0,0,0,0,0,0,0,0,0,0,0,0,0,0,0,0,0,0,0,0,0,0,0,0,0,0,0,0,0,0,0,0,0,0,0,0,0,0,0,0,0,0,0,0,0,0,0,0,0,0,0,0,0,0,0,0,0,0,0,0,0,0,0,0,0,0,0,0,0,0,0,0,0,0,0,0,0,0,0,0,0,0,0,0,0,0,0,0,0,0,0,0,0,0,0,0,0,0],[1,2,3,4,5,6,7,8,9,10,11,12,13,14,15,16,17,18,19,20,21,22,23,24,25,26,27,28,29,30,31,32,33,34,35,36,37,38,39,40,41,42,43,44,45,46,47,48,49,50,51,52,53,54,55,56,57,58,59,60,61,62,63,64,65,66,67,68,69,70,71,72,73,74,75,76,77,78,79,0,0,80,81,82,83,84,85,86,87,88,89,90,91,92,93,94,95,96,97,98,99,100,101,102,103,104,105,106,107,108,109,110,111,112,113,114,115,116,117,118,119,120,121,122,123,124,125,126]]