[1,["14168d690","62N77QIT1JJ7KKyCyNxOVc","83f6I3nYJPwqRyY8rDymWl","af8lMQ5N9DK4xA8w3czwon","1fwlqEViNGqJ2RPHf3gb0r","e2cd+mb8FHabFrCDb3tP9l","c6CC0XeddKWoPu33PGCLJj","22AA13KtZL04bxlDWmE0RH","52w04iu6hOKpWO6I+UKfke","b9OfkxwOFI848UJgxNEDrO","b8pPmwizdA/Y/JFVYDb8Aq","fed28+vtlBmq3N9bLlxk7C","bf8IsRoUVE9YReg2v9l0Vt","a35Ma5pthDZ6hpyJLqFZNV","4edw5NmTdOsovkQ+XCWx75","7cQzQmOzdAeI1p4dnDqsD+","d6EnidJrpCNrZynQmpIFHr"],["value","_textureSetter"],["cc.SpriteFrame",["cc.AnimationClip",["_name","_duration","sample","wrapMode","curveData"],-1,11]],[[1,0,1,2,3,4,5]],[[[{"name":"fs_vfx_c_add_02","rect":[1,202,68,383],"offset":[0,0],"originalSize":[68,383],"rotated":1,"capInsets":[0,0,0,0]}],[0],0,[0],[1],[0]],[[{"name":"fs_vfx_c_add_05","rect":[1,272,68,383],"offset":[0,0],"originalSize":[68,383],"rotated":1,"capInsets":[0,0,0,0]}],[0],0,[0],[1],[0]],[[{"name":"fs_vfx_c_add_12","rect":[1,342,68,383],"offset":[0,0],"originalSize":[68,383],"rotated":1,"capInsets":[0,0,0,0]}],[0],0,[0],[1],[0]],[[{"name":"fs_vfx_c_add_06","rect":[1,412,68,383],"offset":[0,0],"originalSize":[68,383],"rotated":1,"capInsets":[0,0,0,0]}],[0],0,[0],[1],[0]],[[{"name":"fs_vfx_c_add_00","rect":[651,178,68,383],"offset":[0,0],"originalSize":[68,383],"capInsets":[0,0,0,0]}],[0],0,[0],[1],[0]],[[{"name":"fs_vfx_c_add_13","rect":[1,552,68,383],"offset":[0,0],"originalSize":[68,383],"rotated":1,"capInsets":[0,0,0,0]}],[0],0,[0],[1],[0]],[[{"name":"fs_vfx_c_add_15","rect":[1,622,68,383],"offset":[0,0],"originalSize":[68,383],"capInsets":[0,0,0,0]}],[0],0,[0],[1],[0]],[[[0,"NearWin4",1.2,15,2,[{},"comps",11,[{},"cc.Sprite",11,[{},"spriteFrame",12,[[[{"frame":0},"value",6,0],[{"frame":0.06666666666666667},"value",6,1],[{"frame":0.13333333333333333},"value",6,2],[{"frame":0.2},"value",6,3],[{"frame":0.26666666666666666},"value",6,4],[{"frame":0.3333333333333333},"value",6,5],[{"frame":0.4},"value",6,6],[{"frame":0.4666666666666667},"value",6,7],[{"frame":0.5333333333333333},"value",6,8],[{"frame":0.6},"value",6,9],[{"frame":0.6666666666666666},"value",6,10],[{"frame":0.7333333333333333},"value",6,11],[{"frame":0.8},"value",6,12],[{"frame":0.8666666666666667},"value",6,13],[{"frame":0.9333333333333333},"value",6,14],[{"frame":1},"value",6,15],[{"frame":1.0666666666666667},"value",6,16],[{"frame":1.1333333333333333},"value",6,17]],11,11,11,11,11,11,11,11,11,11,11,11,11,11,11,11,11,11]]]]]],0,0,[0,0,0,0,0,0,0,0,0,0,0,0,0,0,0,0,0,0],[0,0,0,0,0,0,0,0,0,0,0,0,0,0,0,0,0,0],[1,1,3,4,5,6,7,8,9,10,11,12,13,14,15,16,2,2]],[[{"name":"fs_vfx_c_add_11","rect":[71,622,68,383],"offset":[0,0],"originalSize":[68,383],"capInsets":[0,0,0,0]}],[0],0,[0],[1],[0]],[[{"name":"fs_vfx_c_add_01","rect":[141,622,68,383],"offset":[0,0],"originalSize":[68,383],"capInsets":[0,0,0,0]}],[0],0,[0],[1],[0]],[[{"name":"fs_vfx_c_add_08","rect":[211,622,68,383],"offset":[0,0],"originalSize":[68,383],"capInsets":[0,0,0,0]}],[0],0,[0],[1],[0]],[[{"name":"fs_vfx_c_add_07","rect":[281,622,68,383],"offset":[0,0],"originalSize":[68,383],"capInsets":[0,0,0,0]}],[0],0,[0],[1],[0]],[[{"name":"fs_vfx_c_add_10","rect":[351,622,68,383],"offset":[0,0],"originalSize":[68,383],"rotated":1,"capInsets":[0,0,0,0]}],[0],0,[0],[1],[0]],[[{"name":"fs_vfx_c_add_04","rect":[351,692,68,383],"offset":[0,0],"originalSize":[68,383],"rotated":1,"capInsets":[0,0,0,0]}],[0],0,[0],[1],[0]],[[{"name":"fs_vfx_c_add_14","rect":[351,762,68,383],"offset":[0,0],"originalSize":[68,383],"rotated":1,"capInsets":[0,0,0,0]}],[0],0,[0],[1],[0]],[[{"name":"fs_vfx_c_add_03","rect":[351,832,68,383],"offset":[0,0],"originalSize":[68,383],"rotated":1,"capInsets":[0,0,0,0]}],[0],0,[0],[1],[0]],[[{"name":"fs_vfx_c_add_09","rect":[351,902,68,383],"offset":[0,0],"originalSize":[68,383],"rotated":1,"capInsets":[0,0,0,0]}],[0],0,[0],[1],[0]]]]