[1,["592jAHgw1CEZ54G0u6A1Ds"],["value"],[["cc.AnimationClip",["_name","_duration","sample","wrapMode","curveData"],-1,11]],[[0,0,1,2,3,4,5]],[[0,"ParticleLoop",1.6666666666666667,90,2,[{},"comps",11,[{},"cc.Sprite",11,[{},"spriteFrame",12,[[[{"frame":0},"value",6,0]],11]]],"props",11,[{"opacity":[{"frame":0,"value":153.00000000000006},{"frame":1.1111111111111112,"value":255},{"frame":1.6666666666666667,"value":0}]},"scale",12,[[[{"frame":0},"value",8,[1,1,1,1]],[{"frame":1.1111111111111112},"value",8,[1,2,2,1]],[{"frame":1.6666666666666667},"value",8,[1,3,3,1]]],11,11,11]]]]],0,0,[0],[0],[0]]