[1,["0b8wsY2h9Cb6KDi/KyXpp1","9f5EVHiE5Dr7Y/15C3Ti8u","18TrhbG85DcbMaVf5N/Vuv","57V/y25+pOXbR9zQjKL77g","1bwXw+KoBEWrWzDrrDwGsU","1dwcSqo21F+YfrebcD4C9n","9aoq9LUmdDdLLW3ryqKHOx","5bPLw1gaxEOYHbhst8Eu7/","b0ikVr4yBBErUCc+/5xuky","3a9E1pm+5IAYSt4WmHnVgA","adLMGRtCBLZ4fUxG5iN2tu","9a5RsUbwxFcLAUsBUh1/yL","fb9Qr+HNFNeb6A6drStQJ5","a8fv7BOrJEmI9ZqX4137Hl","c7JE9gc6lE9KWBjjTG/8Pq","a80Ee/sspG/Ke5T9F0XytF","165eYUYVhAM51aOE7pTdk5","92cdK9S81DIJVFn3ab80Ea","9auxc3wZJLbZbpDw96Rd/I","63r6DhW7NBvZqQvqiC79Nb"],["value"],[["cc.AnimationClip",["_name","_duration","sample","wrapMode","curveData"],-1,11]],[[0,0,1,2,3,4,5]],[[0,"bonusBgMulti",0.6666666666666666,30,2,[{},"comps",11,[{},"cc.Sprite",11,[{},"spriteFrame",12,[[[{"frame":0},"value",6,0],[{"frame":0.03333333333333333},"value",6,1],[{"frame":0.06666666666666667},"value",6,2],[{"frame":0.1},"value",6,3],[{"frame":0.13333333333333333},"value",6,4],[{"frame":0.16666666666666666},"value",6,5],[{"frame":0.2},"value",6,6],[{"frame":0.23333333333333334},"value",6,7],[{"frame":0.26666666666666666},"value",6,8],[{"frame":0.3},"value",6,9],[{"frame":0.3333333333333333},"value",6,10],[{"frame":0.36666666666666664},"value",6,11],[{"frame":0.4},"value",6,12],[{"frame":0.43333333333333335},"value",6,13],[{"frame":0.4666666666666667},"value",6,14],[{"frame":0.5},"value",6,15],[{"frame":0.5333333333333333},"value",6,16],[{"frame":0.5666666666666667},"value",6,17],[{"frame":0.6},"value",6,18],[{"frame":0.6333333333333333},"value",6,19]],11,11,11,11,11,11,11,11,11,11,11,11,11,11,11,11,11,11,11,11]]]]]],0,0,[0,0,0,0,0,0,0,0,0,0,0,0,0,0,0,0,0,0,0,0],[0,0,0,0,0,0,0,0,0,0,0,0,0,0,0,0,0,0,0,0],[0,1,2,3,4,5,6,7,8,9,10,11,12,13,14,15,16,17,18,19]]