[1,["eauBfizFFCW743gt+EUi0X","c56k/3lh5B2bP8im8TYT4R","5bLdIIP81BOZA+wMhf5Eum","80dJPQVV5GOqpxzy+kvZI8","fcIZHkk5tKh6rT840G+H2s","34bWa0ESNJcK8leTUDqjYP","38CzLssPBAl4EwJhCnjSOR","52DxXrmolCX6d18qryqTQX","05FDjbw69Eh4RHUncX1Bnq","60z/360uhFpplFIQJTySni","6fP3r7E7tCIYFA9Hgy64RX"],["_textureSetter","0","1","2","3","4","5","6","7","8","9"],["cc.SpriteFrame",["cc.SpriteAtlas",["_name","_spriteFrames"],2,11]],[[1,0,1,2]],[[[{"name":"7","rect":[1,264,84,91],"offset":[1,2],"originalSize":[102,103],"rotated":1,"capInsets":[0,0,0,0]}],[0],0,[0],[0],[0]],[[{"name":"4","rect":[98,90,90,87],"offset":[-1,-3],"originalSize":[102,103],"rotated":1,"capInsets":[0,0,0,0]}],[0],0,[0],[0],[0]],[[{"name":"5","rect":[98,1,88,87],"offset":[-2,-2],"originalSize":[102,103],"capInsets":[0,0,0,0]}],[0],0,[0],[0],[0]],[[{"name":"6","rect":[1,178,84,93],"offset":[1,0],"originalSize":[102,103],"rotated":1,"capInsets":[0,0,0,0]}],[0],0,[0],[0],[0]],[[{"name":"8","rect":[96,182,90,81],"offset":[-1,-3],"originalSize":[102,103],"capInsets":[0,0,0,0]}],[0],0,[0],[0],[0]],[[{"name":"9","rect":[1,1,90,95],"offset":[-1,-1],"originalSize":[102,103],"rotated":1,"capInsets":[0,0,0,0]}],[0],0,[0],[0],[0]],[[{"name":"2","rect":[1,93,94,83],"offset":[3,0],"originalSize":[102,103],"capInsets":[0,0,0,0]}],[0],0,[0],[0],[0]],[[{"name":"0","rect":[1,350,64,83],"offset":[-1,-2],"originalSize":[102,103],"rotated":1,"capInsets":[0,0,0,0]}],[0],0,[0],[0],[0]],[[[0,"Alats10.plist",[{},"0",6,0,"1",6,1,"2",6,2,"3",6,3,"4",6,4,"5",6,5,"6",6,6,"7",6,7,"8",6,8,"9",6,9]]],0,0,[0,0,0,0,0,0,0,0,0,0],[1,2,3,4,5,6,7,8,9,10],[1,2,3,4,5,6,7,8,9,10]],[[{"name":"3","rect":[94,337,86,77],"offset":[2,-5],"originalSize":[102,103],"capInsets":[0,0,0,0]}],[0],0,[0],[0],[0]]]]