[1,["faF+Trth9G05M+QT5MaiSO"],["_textureSetter"],["cc.SpriteFrame"],0,[[[{"name":"multi_vfx_a_screen_11","rect":[443,635,218,218],"offset":[0,0],"originalSize":[240,240],"capInsets":[0,0,0,0]}],[0],0,[0],[0],[0]],[[{"name":"multi_vfx_a_screen_28","rect":[575,451,182,134],"offset":[2,-6],"originalSize":[240,240],"rotated":1,"capInsets":[0,0,0,0]}],[0],0,[0],[0],[0]],[[{"name":"multi_vfx_a_screen_01","rect":[229,181,3,3],"offset":[-118.5,118.5],"originalSize":[240,240],"capInsets":[0,0,0,0]}],[0],0,[0],[0],[0]],[[{"name":"multi_vfx_a_screen_04","rect":[873,723,136,136],"offset":[0,0],"originalSize":[240,240],"capInsets":[0,0,0,0]}],[0],0,[0],[0],[0]],[[{"name":"multi_vfx_a_screen_12","rect":[229,229,224,222],"offset":[-1,0],"originalSize":[240,240],"rotated":1,"capInsets":[0,0,0,0]}],[0],0,[0],[0],[0]],[[{"name":"multi_vfx_a_screen_06","rect":[873,583,138,136],"offset":[-1,0],"originalSize":[240,240],"rotated":1,"capInsets":[0,0,0,0]}],[0],0,[0],[0],[0]],[[{"name":"multi_vfx_a_screen_00","rect":[229,181,3,3],"offset":[-118.5,118.5],"originalSize":[240,240],"capInsets":[0,0,0,0]}],[0],0,[0],[0],[0]],[[{"name":"multi_vfx_a_screen_29","rect":[667,847,168,132],"offset":[10,-6],"originalSize":[240,240],"rotated":1,"capInsets":[0,0,0,0]}],[0],0,[0],[0],[0]],[[{"name":"multi_vfx_a_screen_08","rect":[229,455,182,180],"offset":[-1,0],"originalSize":[240,240],"capInsets":[0,0,0,0]}],[0],0,[0],[0],[0]],[[{"name":"multi_vfx_a_screen_23","rect":[183,865,162,138],"offset":[8,-1],"originalSize":[240,240],"capInsets":[0,0,0,0]}],[0],0,[0],[0],[0]],[[{"name":"multi_vfx_a_screen_18","rect":[1,637,226,222],"offset":[0,0],"originalSize":[240,240],"rotated":1,"capInsets":[0,0,0,0]}],[0],0,[0],[0],[0]],[[{"name":"multi_vfx_a_screen_22","rect":[347,865,156,138],"offset":[7,-2],"originalSize":[240,240],"capInsets":[0,0,0,0]}],[0],0,[0],[0],[0]],[[{"name":"multi_vfx_a_screen_21","rect":[413,455,178,160],"offset":[0,-1],"originalSize":[240,240],"rotated":1,"capInsets":[0,0,0,0]}],[0],0,[0],[0],[0]],[[{"name":"multi_vfx_a_screen_07","rect":[505,855,160,160],"offset":[0,0],"originalSize":[240,240],"capInsets":[0,0,0,0]}],[0],0,[0],[0],[0]],[[{"name":"multi_vfx_a_screen_19","rect":[225,637,226,216],"offset":[-1,-1],"originalSize":[240,240],"rotated":1,"capInsets":[0,0,0,0]}],[0],0,[0],[0],[0]],[[{"name":"multi_vfx_a_screen_09","rect":[659,229,198,196],"offset":[-1,0],"originalSize":[240,240],"capInsets":[0,0,0,0]}],[0],0,[0],[0],[0]],[[{"name":"multi_vfx_a_screen_17","rect":[1,409,226,226],"offset":[0,0],"originalSize":[240,240],"capInsets":[0,0,0,0]}],[0],0,[0],[0],[0]],[[{"name":"multi_vfx_a_screen_27","rect":[1,865,180,138],"offset":[3,-4],"originalSize":[240,240],"capInsets":[0,0,0,0]}],[0],0,[0],[0],[0]],[[{"name":"multi_vfx_a_screen_13","rect":[243,1,226,226],"offset":[0,0],"originalSize":[240,240],"capInsets":[0,0,0,0]}],[0],0,[0],[0],[0]],[[{"name":"multi_vfx_a_screen_24","rect":[1,1,240,178],"offset":[0,-8],"originalSize":[240,240],"capInsets":[0,0,0,0]}],[0],0,[0],[0],[0]],[[{"name":"multi_vfx_a_screen_05","rect":[801,861,136,136],"offset":[0,0],"originalSize":[240,240],"capInsets":[0,0,0,0]}],[0],0,[0],[0],[0]],[[{"name":"multi_vfx_a_screen_03","rect":[711,427,124,112],"offset":[-2,0],"originalSize":[240,240],"capInsets":[0,0,0,0]}],[0],0,[0],[0],[0]],[[{"name":"multi_vfx_a_screen_02","rect":[229,181,3,3],"offset":[-118.5,118.5],"originalSize":[240,240],"capInsets":[0,0,0,0]}],[0],0,[0],[0],[0]],[[{"name":"multi_vfx_a_screen_26","rect":[873,229,176,136],"offset":[5,-1],"originalSize":[240,240],"rotated":1,"capInsets":[0,0,0,0]}],[0],0,[0],[0],[0]],[[{"name":"multi_vfx_a_screen_10","rect":[663,635,210,208],"offset":[-1,0],"originalSize":[240,240],"rotated":1,"capInsets":[0,0,0,0]}],[0],0,[0],[0],[0]],[[{"name":"multi_vfx_a_screen_14","rect":[1,181,226,226],"offset":[0,0],"originalSize":[240,240],"capInsets":[0,0,0,0]}],[0],0,[0],[0],[0]],[[{"name":"multi_vfx_a_screen_25","rect":[873,407,174,136],"offset":[5,-1],"originalSize":[240,240],"rotated":1,"capInsets":[0,0,0,0]}],[0],0,[0],[0],[0]],[[{"name":"multi_vfx_a_screen_15","rect":[471,1,226,226],"offset":[0,0],"originalSize":[240,240],"capInsets":[0,0,0,0]}],[0],0,[0],[0],[0]],[[{"name":"multi_vfx_a_screen_16","rect":[699,1,226,226],"offset":[0,0],"originalSize":[240,240],"capInsets":[0,0,0,0]}],[0],0,[0],[0],[0]]]]