[1,["f02xneDYlBcJ9QXo8kn5cR","34HLU6oClBRaKKDMa0CquG","0aCyCGwSNDCKAOUKcxy457","4bnMfTvh9PLolxpd//sj6r","45Vj5GlANFmLdwDF641xSb","20W/8piMhDYIjS/IGQHv2v","7f8deiAJlBd5n/S2jWOOEp","eaku3rOtRFyIMqG2I7PGNI","74pfkM4FRGp7ZaBWqEDm6i","3akMd7DwZIbJLCU1prRH2s","cfImDpi6dA7oZz4kLJ6smA","0fngz1tv1ICYWMZHZddtbB","dcAmTsobpL84y1os/z1Wmt","feffv9AsRKr5f7PHkHogch","693wFFw1VGmoJYQdqQ/jhV","f3F3TlheBBmIz56Gz9+J2c","69O6wlXGBLSJMTntOrwIyt","a6laOBY/BGc4h9+4MShfsj","f1l+N6zIdG1qWXB8dr/gbY","9d0Q+zCqNJyI9m4obzkv1C","d38Fg4e/dB5Z+EzWxAbevn","1dPfLUzJhOZZ60lduRP9Hu","b3hol2HfVOhp2VYYT+Qh5C"],["value"],[["cc.AnimationClip",["_name","_duration","sample","curveData"],0,11]],[[0,0,1,2,3,4]],[[0,"scatter_vfx_b",0.92,25,[{"props":{"opacity":[{"frame":0,"value":255}]}},"comps",11,[{},"cc.Sprite",11,[{},"spriteFrame",12,[[[{"frame":0},"value",6,0],[{"frame":0.04},"value",6,1],[{"frame":0.08},"value",6,2],[{"frame":0.12},"value",6,3],[{"frame":0.16},"value",6,4],[{"frame":0.2},"value",6,5],[{"frame":0.24},"value",6,6],[{"frame":0.28},"value",6,7],[{"frame":0.32},"value",6,8],[{"frame":0.36},"value",6,9],[{"frame":0.4},"value",6,10],[{"frame":0.44},"value",6,11],[{"frame":0.48},"value",6,12],[{"frame":0.52},"value",6,13],[{"frame":0.56},"value",6,14],[{"frame":0.6},"value",6,15],[{"frame":0.64},"value",6,16],[{"frame":0.68},"value",6,17],[{"frame":0.72},"value",6,18],[{"frame":0.76},"value",6,19],[{"frame":0.8},"value",6,20],[{"frame":0.84},"value",6,21],[{"frame":0.88},"value",6,22]],11,11,11,11,11,11,11,11,11,11,11,11,11,11,11,11,11,11,11,11,11,11,11]]]]]],0,0,[0,0,0,0,0,0,0,0,0,0,0,0,0,0,0,0,0,0,0,0,0,0,0],[0,0,0,0,0,0,0,0,0,0,0,0,0,0,0,0,0,0,0,0,0,0,0],[0,1,2,3,4,5,6,7,8,9,10,11,12,13,14,15,16,17,18,19,20,21,22]]