[1,["71fQxDpyxJi4zt8XREPW0i","ednDu8aoNDQI73i1xCUV+s","b0Txj4yulO/4PM9nZq+12U","c12YYniW1GH52RmKXdX0+Z","8cHprJjIxHnJyI0/TGKApb","6db8YQZWFJvpQvryzJoxN4","4a+tlkZkpEzbD/VlQW9J2w","c9mlrS7rdEcrMFK1NRoH6j","819Y+I5ABIsJVsPJ244lQf","14syQwlKZDsKBDebUHd4Or","acNhpvEARCKoOEiCTolODz","25OjtvqcFA84I68ayCX8/y","abmZEX2s5KypSV8thH8v5W","a01Hp/d3ZK5LJ9XpMCN6MT","5cGvJ3UM1Ph4pGVDm08tRU","27vbb3PBJAEJYfRVV0kFZz","7eve9ma75AYLBCRtolDbvB","79+76p4HhAwqyLZKvtgphM","dfVe0e6cNKdreH8zHchkmp","d9lmkDgZJBuqeamRwYL7UM","4ckQBCvLFEW7KXoGfrjIlQ","029Sv7EgVIqYr83WxDAPVl","07y/OEIzdH7ZrVz4teLnCq","1b/RcYu69LV5xLJqHNK9J+","65EBsl5WtP1ZMli7qUfXWr","1dDEb+4hxJVINHMlVbHVMd","17xI2NkDhEOaUQ3jYa93mz","d1XNe1mopITqH+NZGYJZgo","22CZq1SDRCb6JAR7hjjUXv","b34dflhsVCqrJcPWY3apZp","73bXAXhIBHtqcTivVQ30Q9","d5BfbLFp1ElKUF5GYy/mOv","33wmy6S+NIDo7lPoOWvY52","d3HPF2k6BNF7M4ue+Sy84S","52zcfn8qtLp4+ufo4IaKxn","f9rg8LYdxLaKKCTC+ENCAE","b9dJqxeilHR7qH4uFMHUJZ","32SS3fADlBG4Xpfk0Decud","ac98TUCqpNmaWaOHO1up3X","659U7OyPhEroKBkm7xSbh3","a8UMNV8KpGQoofW7l7Reih","c6mMpsVghFyZDZRkGlRO7i","9cyppLfmtE84gmeBqT8elX","7dnD34N9hD6aWz7J6PXn2+","b9uIjOmrlDwq08TbZg5aAG","20uZ7kHRZAWJ2XWiSGODS/","dbA7cREhNEeIJyQclP6e+r","53Wf916xJC+5gT879JqvPX","d5ZVPxTnNHJJ1ISK+fMl2s","42shdq3b1AWrE9CBabL/6t","c4kip0sZ5P0IC56EZAPSIu","5b8MdoL8pNmoIyXN0ihH99","eei5prVuBKnKRR2E5dZ2j3","08rqzgwn1OFIIgg40y66rf","a85D5yhnBKPYPf+5YzNr6L","79fR3p30FHOYcErfDPEyWK","dcKqqyU0JG/buelBdwtjx2","69RHXSZs1OioGwizx0x/NX"],["value"],[["cc.AnimationClip",["_name","_duration","speed","wrapMode","curveData"],-1,11]],[[0,0,1,2,3,4,5]],[[0,"luachay",0.9666666666666667,0.4,2,[{},"comps",11,[{},"cc.Sprite",11,[{},"spriteFrame",12,[[[{"frame":0},"value",6,0],[{"frame":0.016666666666666666},"value",6,1],[{"frame":0.03333333333333333},"value",6,2],[{"frame":0.05},"value",6,3],[{"frame":0.06666666666666667},"value",6,4],[{"frame":0.08333333333333333},"value",6,5],[{"frame":0.1},"value",6,6],[{"frame":0.11666666666666667},"value",6,7],[{"frame":0.13333333333333333},"value",6,8],[{"frame":0.15},"value",6,9],[{"frame":0.16666666666666666},"value",6,10],[{"frame":0.18333333333333332},"value",6,11],[{"frame":0.2},"value",6,12],[{"frame":0.21666666666666667},"value",6,13],[{"frame":0.23333333333333334},"value",6,14],[{"frame":0.25},"value",6,15],[{"frame":0.26666666666666666},"value",6,16],[{"frame":0.2833333333333333},"value",6,17],[{"frame":0.3},"value",6,18],[{"frame":0.31666666666666665},"value",6,19],[{"frame":0.3333333333333333},"value",6,20],[{"frame":0.35},"value",6,21],[{"frame":0.36666666666666664},"value",6,22],[{"frame":0.38333333333333336},"value",6,23],[{"frame":0.4},"value",6,24],[{"frame":0.4166666666666667},"value",6,25],[{"frame":0.43333333333333335},"value",6,26],[{"frame":0.45},"value",6,27],[{"frame":0.4666666666666667},"value",6,28],[{"frame":0.48333333333333334},"value",6,29],[{"frame":0.5},"value",6,30],[{"frame":0.5166666666666667},"value",6,31],[{"frame":0.5333333333333333},"value",6,32],[{"frame":0.55},"value",6,33],[{"frame":0.5666666666666667},"value",6,34],[{"frame":0.5833333333333334},"value",6,35],[{"frame":0.6},"value",6,36],[{"frame":0.6166666666666667},"value",6,37],[{"frame":0.6333333333333333},"value",6,38],[{"frame":0.65},"value",6,39],[{"frame":0.6666666666666666},"value",6,40],[{"frame":0.6833333333333333},"value",6,41],[{"frame":0.7},"value",6,42],[{"frame":0.7166666666666667},"value",6,43],[{"frame":0.7333333333333333},"value",6,44],[{"frame":0.75},"value",6,45],[{"frame":0.7666666666666667},"value",6,46],[{"frame":0.7833333333333333},"value",6,47],[{"frame":0.8},"value",6,48],[{"frame":0.8166666666666667},"value",6,49],[{"frame":0.8333333333333334},"value",6,50],[{"frame":0.85},"value",6,51],[{"frame":0.8666666666666667},"value",6,52],[{"frame":0.8833333333333333},"value",6,53],[{"frame":0.9},"value",6,54],[{"frame":0.9166666666666666},"value",6,55],[{"frame":0.9333333333333333},"value",6,56],[{"frame":0.95},"value",6,57]],11,11,11,11,11,11,11,11,11,11,11,11,11,11,11,11,11,11,11,11,11,11,11,11,11,11,11,11,11,11,11,11,11,11,11,11,11,11,11,11,11,11,11,11,11,11,11,11,11,11,11,11,11,11,11,11,11,11]]]]]],0,0,[0,0,0,0,0,0,0,0,0,0,0,0,0,0,0,0,0,0,0,0,0,0,0,0,0,0,0,0,0,0,0,0,0,0,0,0,0,0,0,0,0,0,0,0,0,0,0,0,0,0,0,0,0,0,0,0,0,0],[0,0,0,0,0,0,0,0,0,0,0,0,0,0,0,0,0,0,0,0,0,0,0,0,0,0,0,0,0,0,0,0,0,0,0,0,0,0,0,0,0,0,0,0,0,0,0,0,0,0,0,0,0,0,0,0,0,0],[0,1,2,3,4,5,6,7,8,9,10,11,12,13,14,15,16,17,18,19,20,21,22,23,24,25,26,27,28,29,30,31,32,33,34,35,36,37,38,39,40,41,42,43,44,45,46,47,48,49,50,51,52,53,54,55,56,57]]