[1,["7fhma3kk9OTrnIE2OZmpg4"],0,[["sp.SkeletonData",["_name","_atlasText","textureNames","_skeletonJson","textures"],-1,3]],[[0,0,1,2,3,4,5]],[[0,"h_erlang","\r\nh_erlang.png\r\nsize: 666,666\r\nformat: RGBA8888\r\nfilter: Linear,Linear\r\nrepeat: none\r\nComp 1/Comp 1_00000\r\n  rotate: false\r\n  xy: 449, 533\r\n  size: 100, 50\r\n  orig: 100, 50\r\n  offset: 0, 0\r\n  index: -1\r\nComp 1/Comp 1_00001\r\n  rotate: true\r\n  xy: 408, 245\r\n  size: 100, 50\r\n  orig: 100, 50\r\n  offset: 0, 0\r\n  index: -1\r\nComp 1/Comp 1_00002\r\n  rotate: false\r\n  xy: 459, 481\r\n  size: 100, 50\r\n  orig: 100, 50\r\n  offset: 0, 0\r\n  index: -1\r\nComp 1/Comp 1_00003\r\n  rotate: false\r\n  xy: 551, 533\r\n  size: 100, 50\r\n  orig: 100, 50\r\n  offset: 0, 0\r\n  index: -1\r\nComp 1/Comp 1_00004\r\n  rotate: false\r\n  xy: 462, 17\r\n  size: 99, 50\r\n  orig: 100, 50\r\n  offset: 0, 0\r\n  index: -1\r\nComp 1/Comp 1_00005\r\n  rotate: true\r\n  xy: 562, 278\r\n  size: 99, 50\r\n  orig: 100, 50\r\n  offset: 0, 0\r\n  index: -1\r\nComp 1/Comp 1_00006\r\n  rotate: true\r\n  xy: 562, 177\r\n  size: 99, 50\r\n  orig: 100, 50\r\n  offset: 0, 0\r\n  index: -1\r\nComp 1/Comp 1_00007\r\n  rotate: false\r\n  xy: 459, 429\r\n  size: 100, 50\r\n  orig: 100, 50\r\n  offset: 0, 0\r\n  index: -1\r\nComp 1/Comp 1_00008\r\n  rotate: false\r\n  xy: 459, 377\r\n  size: 100, 50\r\n  orig: 100, 50\r\n  offset: 0, 0\r\n  index: -1\r\nComp 1/Comp 1_00009\r\n  rotate: false\r\n  xy: 408, 193\r\n  size: 100, 50\r\n  orig: 100, 50\r\n  offset: 0, 0\r\n  index: -1\r\nComp 1/Comp 1_00010\r\n  rotate: false\r\n  xy: 460, 325\r\n  size: 100, 50\r\n  orig: 100, 50\r\n  offset: 0, 0\r\n  index: -1\r\nComp 1/Comp 1_00011\r\n  rotate: true\r\n  xy: 561, 431\r\n  size: 100, 50\r\n  orig: 100, 50\r\n  offset: 0, 0\r\n  index: -1\r\nComp 1/Comp 1_00012\r\n  rotate: false\r\n  xy: 561, 379\r\n  size: 100, 50\r\n  orig: 100, 50\r\n  offset: 0, 0\r\n  index: -1\r\nComp 1/Comp 1_00013\r\n  rotate: true\r\n  xy: 613, 431\r\n  size: 100, 50\r\n  orig: 100, 50\r\n  offset: 0, 0\r\n  index: -1\r\nComp 1/Comp 1_00014\r\n  rotate: false\r\n  xy: 460, 273\r\n  size: 100, 50\r\n  orig: 100, 50\r\n  offset: 0, 0\r\n  index: -1\r\nComp 1/Comp 1_00015\r\n  rotate: false\r\n  xy: 562, 125\r\n  size: 99, 50\r\n  orig: 100, 50\r\n  offset: 0, 0\r\n  index: -1\r\nComp 1/Comp 1_00016\r\n  rotate: false\r\n  xy: 562, 73\r\n  size: 99, 50\r\n  orig: 100, 50\r\n  offset: 0, 0\r\n  index: -1\r\nComp 1/Comp 1_00017\r\n  rotate: false\r\n  xy: 563, 21\r\n  size: 99, 50\r\n  orig: 100, 50\r\n  offset: 0, 0\r\n  index: -1\r\nComp 1/Comp 1_00018\r\n  rotate: false\r\n  xy: 408, 141\r\n  size: 100, 50\r\n  orig: 100, 50\r\n  offset: 0, 0\r\n  index: -1\r\nComp 1/Comp 1_00019\r\n  rotate: false\r\n  xy: 408, 89\r\n  size: 100, 50\r\n  orig: 100, 50\r\n  offset: 0, 0\r\n  index: -1\r\nComp 1/Comp 1_00020\r\n  rotate: false\r\n  xy: 206, 87\r\n  size: 100, 50\r\n  orig: 100, 50\r\n  offset: 0, 0\r\n  index: -1\r\nComp 1/Comp 1_00021\r\n  rotate: true\r\n  xy: 308, 37\r\n  size: 100, 50\r\n  orig: 100, 50\r\n  offset: 0, 0\r\n  index: -1\r\nComp 1/Comp 1_00022\r\n  rotate: false\r\n  xy: 2, 84\r\n  size: 100, 50\r\n  orig: 100, 50\r\n  offset: 0, 0\r\n  index: -1\r\nComp 1/Comp 1_00023\r\n  rotate: true\r\n  xy: 104, 34\r\n  size: 100, 50\r\n  orig: 100, 50\r\n  offset: 0, 0\r\n  index: -1\r\nComp 1/Comp 1_00024\r\n  rotate: false\r\n  xy: 2, 32\r\n  size: 100, 50\r\n  orig: 100, 50\r\n  offset: 0, 0\r\n  index: -1\r\nComp 1/Comp 1_00025\r\n  rotate: false\r\n  xy: 156, 35\r\n  size: 100, 50\r\n  orig: 100, 50\r\n  offset: 0, 0\r\n  index: -1\r\nComp 1/Comp 1_00026\r\n  rotate: true\r\n  xy: 614, 278\r\n  size: 99, 50\r\n  orig: 100, 50\r\n  offset: 0, 0\r\n  index: -1\r\nComp 1/Comp 1_00027\r\n  rotate: true\r\n  xy: 510, 171\r\n  size: 100, 50\r\n  orig: 100, 50\r\n  offset: 0, 0\r\n  index: -1\r\nComp 1/Comp 1_00028\r\n  rotate: true\r\n  xy: 510, 69\r\n  size: 100, 50\r\n  orig: 100, 50\r\n  offset: 0, 0\r\n  index: -1\r\nComp 1/Comp 1_00029\r\n  rotate: false\r\n  xy: 360, 37\r\n  size: 100, 50\r\n  orig: 100, 50\r\n  offset: 0, 0\r\n  index: -1\r\nbg\r\n  rotate: false\r\n  xy: 206, 139\r\n  size: 200, 187\r\n  orig: 202, 189\r\n  offset: 1, 1\r\n  index: -1\r\nbody\r\n  rotate: false\r\n  xy: 2, 328\r\n  size: 266, 336\r\n  orig: 268, 338\r\n  offset: 1, 1\r\n  index: -1\r\nef\r\n  rotate: false\r\n  xy: 270, 506\r\n  size: 177, 158\r\n  orig: 177, 159\r\n  offset: 0, 1\r\n  index: -1\r\nkhung\r\n  rotate: false\r\n  xy: 2, 136\r\n  size: 202, 190\r\n  orig: 204, 192\r\n  offset: 1, 1\r\n  index: -1\r\nmai\r\n  rotate: true\r\n  xy: 449, 585\r\n  size: 79, 132\r\n  orig: 79, 132\r\n  offset: 0, 0\r\n  index: -1\r\ntoc\r\n  rotate: true\r\n  xy: 270, 347\r\n  size: 157, 187\r\n  orig: 163, 187\r\n  offset: 0, 0\r\n  index: -1\r\n",["h_erlang.png"],{"skeleton":{"hash":"s2fykWN9OPh6rZDOnWmySkw/bwU","spine":"3.8.99","x":-101.74,"y":-95.86,"width":202.71,"height":190.52,"images":"./images/","audio":"D:/game bai/tonggame/slot_TNK/anim/h_erlang"},"bones":[{"name":"root"},{"name":"body","parent":"root","length":50.04,"rotation":91.32,"x":4.65,"y":-92.19},{"name":"mai","parent":"body","rotation":-91.32,"x":135.72,"y":-32.58},{"name":"mai3","parent":"mai","length":15.09,"rotation":-27.41,"x":7.94},{"name":"mai2","parent":"mai3","length":14.43,"rotation":-38.23,"x":15.09},{"name":"mai5","parent":"mai2","length":19.37,"rotation":-21.43,"x":14.45,"y":-0.55},{"name":"mai4","parent":"mai5","length":18.11,"rotation":-4.51,"x":19.62,"y":-0.01},{"name":"mai7","parent":"mai4","length":18.78,"rotation":13.77,"x":17.86,"y":0.24},{"name":"mai6","parent":"mai7","length":17.42,"rotation":15.82,"x":18.48,"y":-0.19},{"name":"mai9","parent":"mai6","length":15.23,"rotation":9.03,"x":17.86,"y":-0.23},{"name":"mai8","parent":"mai9","length":14.58,"rotation":4.5,"x":15.08,"y":-0.2},{"name":"toc","parent":"body","x":166.29,"y":3.08},{"name":"toc3","parent":"toc","length":23.13,"rotation":53.81,"x":7.62,"y":6.15},{"name":"toc2","parent":"toc3","length":23.75,"rotation":41.83,"x":23.6,"y":0.33},{"name":"toc5","parent":"toc2","length":22.98,"rotation":24.75,"x":24.39,"y":0.5},{"name":"toc4","parent":"toc5","length":29.88,"rotation":28.28,"x":21.58,"y":-1.17},{"name":"toc7","parent":"toc4","length":27.77,"rotation":2.92,"x":30.67,"y":-0.21},{"name":"toc6","parent":"toc7","length":27.76,"rotation":-12.86,"x":28.55,"y":-0.25},{"name":"toc9","parent":"toc6","length":22.09,"rotation":-11.38,"x":28.05,"y":-1.25},{"name":"Comp 1/Comp 1_00000","parent":"body","rotation":-91.6,"x":117.2,"y":-28.6,"scaleX":0.631,"scaleY":0.5159},{"name":"ef","parent":"body","x":113.24,"y":-46.55},{"name":"ef2","parent":"body","x":113.24,"y":-46.55}],"slots":[{"name":"clipping","bone":"root","attachment":"clipping"},{"name":"bg","bone":"root","attachment":"bg"},{"name":"toc","bone":"toc9","attachment":"toc"},{"name":"body","bone":"body","attachment":"body"},{"name":"mai","bone":"mai8","attachment":"mai"},{"name":"khung","bone":"root","attachment":"khung"},{"name":"Comp 1/Comp 1_00000","bone":"Comp 1/Comp 1_00000","attachment":"Comp 1/Comp 1_00029","blend":"additive"},{"name":"ef","bone":"ef","attachment":"ef","blend":"additive"},{"name":"ef2","bone":"ef2","attachment":"ef","blend":"additive"}],"skins":[{"name":"default","attachments":{"Comp 1/Comp 1_00000":{"Comp 1/Comp 1_00000":{"x":19.38,"y":-1.56,"rotation":-91.32,"width":100,"height":50},"Comp 1/Comp 1_00001":{"x":19.38,"y":-1.56,"rotation":-91.32,"width":100,"height":50},"Comp 1/Comp 1_00002":{"x":19.38,"y":-1.56,"rotation":-91.32,"width":100,"height":50},"Comp 1/Comp 1_00003":{"x":19.38,"y":-1.56,"rotation":-91.32,"width":100,"height":50},"Comp 1/Comp 1_00004":{"x":19.38,"y":-1.56,"rotation":-91.32,"width":100,"height":50},"Comp 1/Comp 1_00005":{"x":19.38,"y":-1.56,"rotation":-91.32,"width":100,"height":50},"Comp 1/Comp 1_00006":{"x":19.38,"y":-1.56,"rotation":-91.32,"width":100,"height":50},"Comp 1/Comp 1_00007":{"x":19.38,"y":-1.56,"rotation":-91.32,"width":100,"height":50},"Comp 1/Comp 1_00008":{"x":19.38,"y":-1.56,"rotation":-91.32,"width":100,"height":50},"Comp 1/Comp 1_00009":{"x":19.38,"y":-1.56,"rotation":-91.32,"width":100,"height":50},"Comp 1/Comp 1_00010":{"x":19.38,"y":-1.56,"rotation":-91.32,"width":100,"height":50},"Comp 1/Comp 1_00011":{"x":19.38,"y":-1.56,"rotation":-91.32,"width":100,"height":50},"Comp 1/Comp 1_00012":{"x":19.38,"y":-1.56,"rotation":-91.32,"width":100,"height":50},"Comp 1/Comp 1_00013":{"x":19.38,"y":-1.56,"rotation":-91.32,"width":100,"height":50},"Comp 1/Comp 1_00014":{"x":19.38,"y":-1.56,"rotation":-91.32,"width":100,"height":50},"Comp 1/Comp 1_00015":{"x":19.38,"y":-1.56,"rotation":-91.32,"width":100,"height":50},"Comp 1/Comp 1_00016":{"x":19.38,"y":-1.56,"rotation":-91.32,"width":100,"height":50},"Comp 1/Comp 1_00017":{"x":19.38,"y":-1.56,"rotation":-91.32,"width":100,"height":50},"Comp 1/Comp 1_00018":{"x":19.38,"y":-1.56,"rotation":-91.32,"width":100,"height":50},"Comp 1/Comp 1_00019":{"x":19.38,"y":-1.56,"rotation":-91.32,"width":100,"height":50},"Comp 1/Comp 1_00020":{"x":19.38,"y":-1.56,"rotation":-91.32,"width":100,"height":50},"Comp 1/Comp 1_00021":{"x":19.38,"y":-1.56,"rotation":-91.32,"width":100,"height":50},"Comp 1/Comp 1_00022":{"x":19.38,"y":-1.56,"rotation":-91.32,"width":100,"height":50},"Comp 1/Comp 1_00023":{"x":19.38,"y":-1.56,"rotation":-91.32,"width":100,"height":50},"Comp 1/Comp 1_00024":{"x":19.38,"y":-1.56,"rotation":-91.32,"width":100,"height":50},"Comp 1/Comp 1_00025":{"x":19.38,"y":-1.56,"rotation":-91.32,"width":100,"height":50},"Comp 1/Comp 1_00026":{"x":19.38,"y":-1.56,"rotation":-91.32,"width":100,"height":50},"Comp 1/Comp 1_00027":{"x":19.38,"y":-1.56,"rotation":-91.32,"width":100,"height":50},"Comp 1/Comp 1_00028":{"x":19.38,"y":-1.56,"rotation":-91.32,"width":100,"height":50},"Comp 1/Comp 1_00029":{"x":19.38,"y":-1.56,"rotation":-91.32,"width":100,"height":50}},"bg":{"bg":{"x":-0.3,"y":-0.91,"width":202,"height":189}},"body":{"body":{"x":84.93,"y":6,"rotation":-91.32,"width":268,"height":338}},"clipping":{"clipping":{"type":"clipping","end":"clipping","vertexCount":49,"color":"ce3a3aff","vertices":[-74.28,94.55,74.12,94.66,74.42,91.51,75.62,88.81,77.72,86.56,80.57,84.76,83.87,83.71,86.87,83.11,87.02,76.66,91.22,76.06,94.97,74.86,98.72,71.86,100.37,69.31,100.97,65.86,100.58,-68.86,99.68,-72.16,97.28,-74.86,94.58,-76.96,91.43,-77.86,87.53,-78.01,87.38,-84.76,83.63,-85.66,79.88,-87.31,76.43,-90.31,75.23,-93.16,73.88,-95.26,-74.29,-95.86,-74.89,-92.56,-76.99,-89.86,-79.39,-87.46,-82.99,-85.36,-85.99,-84.76,-88.39,-84.76,-88.39,-77.86,-91.39,-77.41,-94.39,-76.36,-97.54,-74.41,-99.79,-72.16,-101.74,-68.41,-101.6,67.17,-98.9,71.52,-95.6,74.07,-92.3,75.57,-88.7,76.17,-88.85,82.32,-85.85,83.22,-81.5,83.97,-78.2,86.37,-75.95,89.37]}},"ef":{"ef":{"x":-56.6,"y":-59.45,"rotation":-103.61,"width":177,"height":159}},"ef2":{"ef":{"x":-56.6,"y":-59.45,"rotation":-103.61,"width":177,"height":159}},"khung":{"khung":{"x":-0.3,"y":-0.41,"width":204,"height":192}},"mai":{"mai":{"type":"mesh","hull":34,"width":79,"height":132,"uvs":[0.44007,0.03173,0.52927,0.11675,0.56561,0.22946,0.5557,0.32437,0.54249,0.43114,0.57552,0.54187,0.65151,0.64864,0.76715,0.74552,0.88608,0.79495,1,0.84834,1,0.9215,1,1,0.87287,0.94918,0.72419,0.96302,0.66473,0.86811,0.60195,0.80089,0.52927,0.75541,0.52927,0.82857,0.47311,0.90173,0.30792,0.92743,0.36739,0.86811,0.40373,0.81473,0.34756,0.71982,0.26166,0.68818,0.2088,0.57746,0.24184,0.44893,0.28149,0.32832,0.26827,0.22155,0.17246,0.13059,0,0.10884,0,0.05348,0,0,0.10308,0,0.27158,0,0.8993,0.84636],"triangles":[12,10,11,13,14,12,12,34,10,12,14,34,34,9,10,14,8,34,14,7,8,9,34,8,19,20,18,20,21,18,18,21,17,14,15,7,21,16,17,21,22,16,15,16,7,16,6,7,16,22,6,6,22,5,23,24,5,22,23,5,5,25,4,25,5,24,25,26,4,4,26,3,3,26,2,2,26,27,27,1,2,1,28,0,28,1,27,0,28,33,28,32,33,28,30,32,28,29,30,30,31,32],"vertices":[2,3,18.03,11.77,0.5253,4,-4.97,11.07,0.4747,2,3,29.45,5.05,0.00939,4,8.16,12.86,0.99061,2,4,22.89,9.34,0.70066,5,4.25,12.29,0.29934,4,4,33.98,3.46,0.08168,5,16.72,10.87,0.67671,6,-3.74,10.62,0.23746,7,-18.51,15.22,0.00415,3,5,30.74,9.1,0.00827,6,10.37,9.96,0.58225,7,-4.95,11.22,0.40948,2,7,9.88,10.69,0.98503,8,-5.31,12.81,0.01497,3,7,24.93,13.57,0.19547,8,9.96,11.49,0.80441,9,-5.96,12.81,0.00013,4,7,39.36,19.8,0.00011,8,25.54,13.54,0.34134,9,9.75,12.4,0.43235,10,-4.33,12.97,0.2262,3,8,35.71,18.77,0.03728,9,20.62,15.96,0.12297,10,6.79,15.68,0.83976,3,8,46.16,23.4,0.00047,9,31.66,18.9,0.00474,10,18.03,17.74,0.99479,1,10,25.26,11.33,1,1,10,33.01,4.46,1,1,10,21.33,1.39,1,1,10,14.91,-8.61,1,2,9,17.79,-3.81,0.11488,10,2.42,-3.81,0.88512,1,9,7.72,-2.42,1,2,8,17.86,-3.66,0.25601,9,-0.54,-3.39,0.74399,2,8,26.38,-8.2,0.02979,9,7.17,-9.21,0.97021,1,9,12.2,-18.57,1,1,9,7.05,-31.03,1,2,8,24.98,-21.94,0.0041,9,3.63,-22.56,0.9959,2,8,20.11,-16.1,0.13083,9,-0.26,-16.02,0.86917,3,6,48.89,-4.39,0.02605,8,6.97,-14.13,0.81301,9,-12.93,-12.01,0.16095,4,6,44.9,-11.28,0.10248,7,23.52,-17.63,0.03427,8,0.09,-18.15,0.8361,9,-20.36,-14.91,0.02715,3,6,30.4,-15.86,0.485,7,8.35,-18.62,0.16463,8,-14.77,-14.97,0.35037,3,5,31.87,-14.74,0.00313,6,13.37,-13.72,0.9803,8,-28.52,-4.7,0.01657,2,5,16.13,-10.79,0.70472,6,-2.63,-11.02,0.29528,3,3,17.51,-16.72,0.07408,4,12.25,-11.63,0.1018,5,2,-11.11,0.82412,4,2,8.22,-10.9,0.14234,3,5.27,-9.54,0.70762,4,-1.81,-13.57,0.08756,5,-10.38,-18.06,0.06248,2,2,-5.41,-8.03,0.97119,3,-8.15,-13.27,0.02881,1,2,-5.41,-0.72,1,1,2,-5.41,6.34,1,2,2,2.74,6.34,0.62446,3,-7.53,3.24,0.37554,1,3,4.28,9.36,1,3,8,42.19,16.5,0.00734,9,26.66,12.71,0.03009,10,12.56,11.96,0.96257],"edges":[60,62,62,64,60,64,64,66,66,0,0,2,2,4,4,6,6,8,8,10,10,12,12,14,14,16,16,18,18,68,18,20,20,22,68,20,22,24,24,26,26,28,28,30,30,32,32,34,34,36,36,38,38,40,40,42,42,44,44,46,46,48,48,50,50,52,52,54,54,56,58,60,56,58]}},"toc":{"toc":{"type":"mesh","hull":21,"width":163,"height":187,"uvs":[0.88468,0.08952,0.94093,0.1794,0.95968,0.2652,0.81203,0.36734,0.69954,0.36121,0.6058,0.38572,0.57065,0.46948,0.55659,0.57979,0.54487,0.68601,0.4605,0.79428,0.36441,0.90255,0.10428,1,0,1,0,0.47152,0.07147,0.36938,0.16287,0.27337,0.26364,0.13446,0.39722,0.04866,0.498,0,0.68782,0,0.805,0,0.2238,0.95362],"triangles":[12,13,21,7,9,13,8,9,7,9,21,13,10,21,9,11,12,21,11,21,10,6,14,15,7,14,6,7,13,14,16,17,5,15,16,5,6,15,5,0,4,19,0,19,20,4,5,18,4,18,19,17,18,5,4,0,1,3,4,1,2,3,1],"vertices":[3,11,40.75,-5.09,0.02635,12,10.5,-33.38,0.72071,13,-32.24,-16.38,0.25294,3,11,23.74,-13.87,0.23969,12,-6.64,-24.83,0.73133,13,-39.31,1.42,0.02898,2,11,7.63,-16.55,0.59392,12,-18.32,-13.42,0.40608,4,11,-10.91,7.95,0.71145,12,-9.49,16.02,0.11337,13,-14.2,33.76,0.11911,14,-21.12,46.36,0.05607,6,11,-9.35,26.25,0.18548,12,6.2,25.56,0.10072,13,3.86,30.4,0.38663,14,-6.12,35.75,0.32544,15,-6.91,45.64,0.00137,16,-35.19,47.7,0.00037,7,11,-13.58,41.63,0.034,12,16.12,38.06,0.00295,13,19.59,33.1,0.18277,14,9.29,31.62,0.68077,15,4.7,34.7,0.06611,16,-24.15,36.19,0.03333,17,-59.49,23.79,0.00008,6,11,-29.1,47.72,0.00425,13,27.17,47.96,0.02496,14,22.39,41.93,0.4977,15,21.13,37.57,0.20895,16,-7.6,38.22,0.24244,17,-43.8,29.46,0.02169,6,11,-49.67,50.49,0.00007,13,31.94,68.16,0.00053,14,35.18,58.28,0.21067,15,40.14,45.91,0.12335,16,11.81,45.57,0.48125,17,-26.52,40.95,0.18414,4,14,47.24,74.18,0.09565,15,58.29,54.19,0.04556,16,30.36,52.92,0.42201,17,-10.07,52.24,0.43679,5,14,69.58,84.17,0.03019,15,82.7,52.41,0.00731,16,54.65,49.9,0.21681,17,14.28,54.7,0.74352,18,-24.54,52.14,0.00218,5,14,93.55,93.17,0.00441,15,108.07,48.98,0,16,79.81,45.18,0.06291,17,39.86,55.7,0.85812,18,0.34,58.16,0.07455,2,17,81.06,34.9,0.4636,18,44.83,45.9,0.5364,2,17,91.98,21.87,0.3978,18,58.1,35.29,0.6022,3,16,35.11,-44.41,0.37328,17,16.23,-41.59,0.18721,18,-3.63,-41.88,0.43951,4,15,45.63,-42.24,0.0299,16,12.8,-42.74,0.64223,17,-5.9,-44.93,0.14356,18,-24.66,-49.52,0.18431,5,13,88.71,3.51,0.00804,15,22.63,-38.33,0.35093,16,-9.97,-37.66,0.56063,17,-29.23,-45.04,0.03894,18,-47.51,-54.23,0.04145,5,13,69.26,-20.29,0.14617,15,-8.08,-37.1,0.73109,16,-40.58,-34.86,0.12141,17,-59.69,-49.13,0.00043,18,-76.56,-64.26,0.0009,3,13,45.7,-33.58,0.48178,15,-32.86,-26.27,0.50686,16,-64.78,-22.79,0.01135,3,13,28.3,-40.62,0.71036,15,-48.96,-16.6,0.28954,16,-80.36,-12.31,0.0001,3,12,46.39,-28.76,0.12343,13,-2.42,-36.88,0.82865,15,-64.44,10.19,0.04792,3,12,30.72,-39.68,0.39082,13,-21.38,-34.57,0.60488,15,-74,26.73,0.0043,4,14,118.07,89.25,0.00004,16,98.75,29.12,0.00813,17,61.9,44.26,0.67527,18,24.2,51.3,0.31657],"edges":[4,2,2,0,0,40,38,40,36,38,36,34,34,32,32,30,30,28,24,26,28,26,22,24,22,42,42,20,20,18,18,16,16,14,14,12,12,10,10,8,8,6,6,4,20,22]}}}}],"animations":{"animation":{"slots":{"Comp 1/Comp 1_00000":{"color":[{"color":"ffffff00"},{"time":0.3333,"color":"ffffffff","curve":"stepped"},{"time":1,"color":"ffffffff"},{"time":1.3333,"color":"ffffff00"}],"attachment":[{"name":"Comp 1/Comp 1_00000"},{"time":0.0333,"name":"Comp 1/Comp 1_00001"},{"time":0.0667,"name":"Comp 1/Comp 1_00002"},{"time":0.1,"name":"Comp 1/Comp 1_00003"},{"time":0.1333,"name":"Comp 1/Comp 1_00004"},{"time":0.1667,"name":"Comp 1/Comp 1_00005"},{"time":0.2,"name":"Comp 1/Comp 1_00006"},{"time":0.2333,"name":"Comp 1/Comp 1_00007"},{"time":0.2667,"name":"Comp 1/Comp 1_00008"},{"time":0.3,"name":"Comp 1/Comp 1_00009"},{"time":0.3333,"name":"Comp 1/Comp 1_00010"},{"time":0.3667,"name":"Comp 1/Comp 1_00011"},{"time":0.4,"name":"Comp 1/Comp 1_00012"},{"time":0.4333,"name":"Comp 1/Comp 1_00013"},{"time":0.4667,"name":"Comp 1/Comp 1_00014"},{"time":0.5,"name":"Comp 1/Comp 1_00015"},{"time":0.5333,"name":"Comp 1/Comp 1_00016"},{"time":0.5667,"name":"Comp 1/Comp 1_00017"},{"time":0.6,"name":"Comp 1/Comp 1_00018"},{"time":0.6333,"name":"Comp 1/Comp 1_00019"},{"time":0.6667,"name":"Comp 1/Comp 1_00020"},{"time":0.7,"name":"Comp 1/Comp 1_00021"},{"time":0.7333,"name":"Comp 1/Comp 1_00022"},{"time":0.7667,"name":"Comp 1/Comp 1_00023"},{"time":0.8,"name":"Comp 1/Comp 1_00024"},{"time":0.8333,"name":"Comp 1/Comp 1_00025"},{"time":0.8667,"name":"Comp 1/Comp 1_00026"},{"time":0.9,"name":"Comp 1/Comp 1_00027"},{"time":0.9333,"name":"Comp 1/Comp 1_00028"},{"time":0.9667,"name":"Comp 1/Comp 1_00029"},{"time":1,"name":"Comp 1/Comp 1_00001"},{"time":1.0333,"name":"Comp 1/Comp 1_00002"},{"time":1.0667,"name":"Comp 1/Comp 1_00003"},{"time":1.1,"name":"Comp 1/Comp 1_00004"},{"time":1.1333,"name":"Comp 1/Comp 1_00005"},{"time":1.1667,"name":"Comp 1/Comp 1_00006"},{"time":1.2,"name":"Comp 1/Comp 1_00007"},{"time":1.2333,"name":"Comp 1/Comp 1_00008"},{"time":1.2667,"name":"Comp 1/Comp 1_00009"},{"time":1.3,"name":"Comp 1/Comp 1_00010"},{"time":1.3333,"name":"Comp 1/Comp 1_00011"}]},"ef":{"color":[{"color":"ffffff00"},{"time":0.1667,"color":"ffffff00"},{"time":0.5,"color":"ffffffff"},{"time":1,"color":"ffffff00"}]},"ef2":{"color":[{"color":"ffffff00","curve":"stepped"},{"time":0.3333,"color":"ffffff00"},{"time":0.5,"color":"ffffff00"},{"time":0.8333,"color":"ffffffff"},{"time":1.3333,"color":"ffffff00"}]}},"bones":{"body":{"rotate":[{"angle":1.02,"curve":0.382,"c2":0.57,"c3":0.735},{"time":0.2333,"curve":0.25,"c3":0.75},{"time":0.8667,"angle":3.59,"curve":0.243,"c3":0.649,"c4":0.6},{"time":1.3333,"angle":1.02}],"scale":[{"curve":0.25,"c3":0.75},{"time":0.6667,"x":1.045,"y":1.045,"curve":0.25,"c3":0.75},{"time":1.3333}]},"mai2":{"rotate":[{"angle":-0.25,"curve":0.366,"c2":0.63,"c3":0.703},{"time":0.1,"curve":0.25,"c3":0.75},{"time":0.7667,"angle":-3.66,"curve":0.244,"c3":0.7,"c4":0.79},{"time":1.3333,"angle":-0.25}]},"mai5":{"rotate":[{"angle":-0.27,"curve":0.38,"c2":0.59,"c3":0.727},{"time":0.1667,"curve":0.25,"c3":0.75},{"time":0.8667,"angle":-1.33,"curve":0.242,"c3":0.663,"c4":0.65},{"time":1.3333,"angle":-0.27}]},"mai4":{"rotate":[{"angle":-0.98,"curve":0.381,"c2":0.55,"c3":0.742},{"time":0.2667,"curve":0.25,"c3":0.75},{"time":0.9333,"angle":-2.68,"curve":0.245,"c3":0.637,"c4":0.56},{"time":1.3333,"angle":-0.98}]},"mai7":{"rotate":[{"angle":-2.14,"curve":0.372,"c2":0.48,"c3":0.752},{"time":0.3667,"curve":0.25,"c3":0.75},{"time":1.0333,"angle":-3.94,"curve":0.252,"c3":0.622,"c4":0.48},{"time":1.3333,"angle":-2.14}]},"mai6":{"rotate":[{"angle":-6.2,"curve":0.351,"c2":0.4,"c3":0.757},{"time":0.4333,"curve":0.25,"c3":0.75},{"time":1.1333,"angle":-8.65,"curve":0.265,"c3":0.618,"c4":0.43},{"time":1.3333,"angle":-6.2}]},"mai9":{"rotate":[{"angle":-11.38,"curve":0.32,"c2":0.29,"c3":0.757},{"time":0.5333,"curve":0.25,"c3":0.75},{"time":1.2,"angle":-13.09,"curve":0.284,"c3":0.625,"c4":0.38},{"time":1.3333,"angle":-11.38}]},"mai8":{"rotate":[{"angle":-20.12,"curve":0.277,"c2":0.12,"c3":0.754},{"time":0.6333,"curve":0.25,"c3":0.75},{"time":1.3,"angle":-20.59,"curve":0.313,"c3":0.648,"c4":0.35},{"time":1.3333,"angle":-20.12}]},"toc3":{"rotate":[{"curve":0.25,"c3":0.75},{"time":0.3333,"angle":1.82,"curve":0.25,"c3":0.75},{"time":0.6667,"curve":0.25,"c3":0.75},{"time":1,"angle":1.82,"curve":0.25,"c3":0.75},{"time":1.3333}]},"toc2":{"rotate":[{"angle":0.14,"curve":0.366,"c2":0.63,"c3":0.703},{"time":0.0333,"curve":0.25,"c3":0.75},{"time":0.3667,"angle":2,"curve":0.244,"c3":0.7,"c4":0.79},{"time":0.6667,"angle":0.14,"curve":0.366,"c2":0.63,"c3":0.703},{"time":0.7,"curve":0.25,"c3":0.75},{"time":1.0333,"angle":2,"curve":0.244,"c3":0.7,"c4":0.79},{"time":1.3333,"angle":0.14}]},"toc5":{"rotate":[{"angle":0.88,"curve":0.38,"c2":0.59,"c3":0.727},{"time":0.1,"curve":0.25,"c3":0.75},{"time":0.4333,"angle":4.36,"curve":0.242,"c3":0.663,"c4":0.65},{"time":0.6667,"angle":0.88,"curve":0.38,"c2":0.59,"c3":0.727},{"time":0.7667,"curve":0.25,"c3":0.75},{"time":1.1,"angle":4.36,"curve":0.242,"c3":0.663,"c4":0.65},{"time":1.3333,"angle":0.88}]},"toc4":{"rotate":[{"angle":1.3,"curve":0.381,"c2":0.55,"c3":0.742},{"time":0.1333,"curve":0.25,"c3":0.75},{"time":0.4667,"angle":3.54,"curve":0.245,"c3":0.637,"c4":0.56},{"time":0.6667,"angle":1.3,"curve":0.381,"c2":0.55,"c3":0.742},{"time":0.8,"curve":0.25,"c3":0.75},{"time":1.1333,"angle":3.54,"curve":0.245,"c3":0.637,"c4":0.56},{"time":1.3333,"angle":1.3}]},"toc7":{"rotate":[{"angle":1.23,"curve":0.372,"c2":0.48,"c3":0.752},{"time":0.1667,"curve":0.25,"c3":0.75},{"time":0.5,"angle":2.26,"curve":0.252,"c3":0.622,"c4":0.48},{"time":0.6667,"angle":1.23,"curve":0.372,"c2":0.48,"c3":0.752},{"time":0.8333,"curve":0.25,"c3":0.75},{"time":1.1667,"angle":2.26,"curve":0.252,"c3":0.622,"c4":0.48},{"time":1.3333,"angle":1.23}]},"toc6":{"rotate":[{"angle":6.47,"curve":0.351,"c2":0.4,"c3":0.757},{"time":0.2333,"curve":0.25,"c3":0.75},{"time":0.5667,"angle":9.04,"curve":0.265,"c3":0.618,"c4":0.43},{"time":0.6667,"angle":6.47,"curve":0.351,"c2":0.4,"c3":0.757},{"time":0.9,"curve":0.25,"c3":0.75},{"time":1.2333,"angle":9.04,"curve":0.265,"c3":0.618,"c4":0.43},{"time":1.3333,"angle":6.47}]},"toc9":{"rotate":[{"angle":11.36,"curve":0.32,"c2":0.29,"c3":0.757},{"time":0.2667,"curve":0.25,"c3":0.75},{"time":0.6,"angle":13.06,"curve":0.284,"c3":0.625,"c4":0.38},{"time":0.6667,"angle":11.36,"curve":0.32,"c2":0.29,"c3":0.757},{"time":0.9333,"curve":0.25,"c3":0.75},{"time":1.2667,"angle":13.06,"curve":0.284,"c3":0.625,"c4":0.38},{"time":1.3333,"angle":11.36}]},"ef":{"scale":[{"x":0.09},{"time":1}]},"ef2":{"scale":[{"x":0.09,"curve":"stepped"},{"time":0.3333,"x":0.09},{"time":1.3333}]}}}}},[0]]],0,0,[0],[-1],[0]]