[1,["a8ECDWrJRNKYiytYJObdfl"],["_textureSetter"],["cc.SpriteFrame"],0,[[[{"name":"fs_vfx_c_10","rect":[616,592,208,288],"offset":[-3,-104],"originalSize":[242,538],"capInsets":[0,0,0,0]}],[0],0,[0],[0],[0]],[[{"name":"fs_vfx_c_17","rect":[0,440,204,436],"offset":[3,15],"originalSize":[242,538],"capInsets":[0,0,0,0]}],[0],0,[0],[0],[0]],[[{"name":"fs_vfx_c_07","rect":[818,0,200,196],"offset":[1,-149],"originalSize":[242,538],"rotated":1,"capInsets":[0,0,0,0]}],[0],0,[0],[0],[0]],[[{"name":"fs_vfx_c_25","rect":[616,346,202,246],"offset":[1,123],"originalSize":[242,538],"capInsets":[0,0,0,0]}],[0],0,[0],[0],[0]],[[{"name":"fs_vfx_c_13","rect":[206,1106,210,324],"offset":[0,-78],"originalSize":[242,538],"capInsets":[0,0,0,0]}],[0],0,[0],[0],[0]],[[{"name":"fs_vfx_c_30","rect":[628,1580,92,106],"offset":[53,184],"originalSize":[242,538],"rotated":1,"capInsets":[0,0,0,0]}],[0],0,[0],[0],[0]],[[{"name":"fs_vfx_c_23","rect":[412,360,204,326],"offset":[-1,83],"originalSize":[242,538],"capInsets":[0,0,0,0]}],[0],0,[0],[0],[0]],[[{"name":"fs_vfx_c_04","rect":[824,582,190,164],"offset":[1,-166],"originalSize":[242,538],"capInsets":[0,0,0,0]}],[0],0,[0],[0],[0]],[[{"name":"fs_vfx_c_27","rect":[628,1374,202,206],"offset":[3,140],"originalSize":[242,538],"capInsets":[0,0,0,0]}],[0],0,[0],[0],[0]],[[{"name":"fs_vfx_c_08","rect":[206,1430,204,214],"offset":[-1,-141],"originalSize":[242,538],"rotated":1,"capInsets":[0,0,0,0]}],[0],0,[0],[0],[0]],[[{"name":"fs_vfx_c_16","rect":[206,0,204,400],"offset":[2,-10],"originalSize":[242,538],"capInsets":[0,0,0,0]}],[0],0,[0],[0],[0]],[[{"name":"fs_vfx_c_29","rect":[834,1082,202,148],"offset":[-2,166],"originalSize":[242,538],"rotated":1,"capInsets":[0,0,0,0]}],[0],0,[0],[0],[0]],[[{"name":"fs_vfx_c_12","rect":[624,1082,210,292],"offset":[-1,-76],"originalSize":[242,538],"capInsets":[0,0,0,0]}],[0],0,[0],[0],[0]],[[{"name":"fs_vfx_c_22","rect":[204,440,208,334],"offset":[2,81],"originalSize":[242,538],"capInsets":[0,0,0,0]}],[0],0,[0],[0],[0]],[[{"name":"fs_vfx_c_24","rect":[408,774,206,314],"offset":[-1,90],"originalSize":[242,538],"capInsets":[0,0,0,0]}],[0],0,[0],[0],[0]],[[{"name":"fs_vfx_c_11","rect":[416,1088,208,298],"offset":[2,-93],"originalSize":[242,538],"capInsets":[0,0,0,0]}],[0],0,[0],[0],[0]],[[{"name":"fs_vfx_c_06","rect":[818,384,198,192],"offset":[2,-152],"originalSize":[242,538],"rotated":1,"capInsets":[0,0,0,0]}],[0],0,[0],[0],[0]],[[{"name":"fs_vfx_c_19","rect":[410,0,202,360],"offset":[2,70],"originalSize":[242,538],"capInsets":[0,0,0,0]}],[0],0,[0],[0],[0]],[[{"name":"fs_vfx_c_09","rect":[420,1386,208,264],"offset":[-1,-112],"originalSize":[242,538],"capInsets":[0,0,0,0]}],[0],0,[0],[0],[0]],[[{"name":"fs_vfx_c_26","rect":[614,880,202,232],"offset":[3,128],"originalSize":[242,538],"rotated":1,"capInsets":[0,0,0,0]}],[0],0,[0],[0],[0]],[[{"name":"fs_vfx_c_03","rect":[830,1384,192,114],"offset":[-1,-193],"originalSize":[242,538],"rotated":1,"capInsets":[0,0,0,0]}],[0],0,[0],[0],[0]],[[{"name":"fs_vfx_c_00","rect":[0,1580,168,92],"offset":[-4,-202],"originalSize":[242,538],"capInsets":[0,0,0,0]}],[0],0,[0],[0],[0]],[[{"name":"fs_vfx_c_05","rect":[818,200,196,184],"offset":[1,-155],"originalSize":[242,538],"capInsets":[0,0,0,0]}],[0],0,[0],[0],[0]],[[{"name":"fs_vfx_c_28","rect":[846,848,200,156],"offset":[1,169],"originalSize":[242,538],"rotated":1,"capInsets":[0,0,0,0]}],[0],0,[0],[0],[0]],[[{"name":"fs_vfx_c_01","rect":[834,1284,178,100],"offset":[0,-200],"originalSize":[242,538],"capInsets":[0,0,0,0]}],[0],0,[0],[0],[0]],[[{"name":"fs_vfx_c_15","rect":[0,876,204,368],"offset":[2,-30],"originalSize":[242,538],"capInsets":[0,0,0,0]}],[0],0,[0],[0],[0]],[[{"name":"fs_vfx_c_18","rect":[0,0,206,440],"offset":[1,25],"originalSize":[242,538],"capInsets":[0,0,0,0]}],[0],0,[0],[0],[0]],[[{"name":"fs_vfx_c_20","rect":[204,774,204,332],"offset":[3,80],"originalSize":[242,538],"capInsets":[0,0,0,0]}],[0],0,[0],[0],[0]],[[{"name":"fs_vfx_c_21","rect":[0,1244,206,336],"offset":[1,79],"originalSize":[242,538],"capInsets":[0,0,0,0]}],[0],0,[0],[0],[0]],[[{"name":"fs_vfx_c_14","rect":[612,0,206,346],"offset":[2,-41],"originalSize":[242,538],"capInsets":[0,0,0,0]}],[0],0,[0],[0],[0]],[[{"name":"fs_vfx_c_02","rect":[824,746,182,102],"offset":[2,-198],"originalSize":[242,538],"capInsets":[0,0,0,0]}],[0],0,[0],[0],[0]]]]