{"paths":{"0":["Sound/fastspinStart",6],"1":["Spines/BigWin/bigwin",2],"2":["Sound/bgm_mg",6],"3":["Sound/list_item_click",6],"4":["Sound/bgm_totalwin_end",6],"5":["Atlas/Bitmap/Bmf_green",2],"6":["Spines/Wild/s_wild_feature_1x3_atlas_wilds",8],"7":["Spines/Wild/wilds",2],"8":["Sprite/g_transition",2],"9":["Sprite/bw_shine",2],"10":["Sprite/fs_s_pattern",2],"11":["Sound/prizeInfobarTotalwinAndChip",6],"12":["Sprite/ruleJPcaishen",2],"13":["Spines/Symbol/h_purse_atlas_symbols",8],"14":["Atlas/Bitmap/Bmf_Red",2],"15":["Atlas/FreeSpin/freespin2",2],"16":["Sprite/03",2],"17":["Sound/bgm_bigwin_end",6],"18":["Atlas/ButtonSpin/mh_spin",2],"19":["Atlas/Infobar/text_info",2],"20":["Atlas/PaticleEffect/infoboard_vfx_d_loop",2],"21":["Atlas/PaticleEffect/infoboard_vfx_b_2",2],"22":["Atlas/Symbol/symbol",2],"23":["Spines/Symbol/l_j_atlas_symbols",8],"24":["Sound/scatterWinHighlight",6],"25":["Sound/prizeSmallwin",6],"26":["Atlas/UIMain/UIMain",2],"27":["Sound/spinStopQuick",6],"28":["Sound/wildShrink",6],"29":["Sprite/fs_s_glow_a",2],"30":["Spines/BigWin/megawin_atlas_bigwin",8],"31":["Spines/BigWin/bigwin_atlas_bigwin",8],"32":["Atlas/f_bg",2],"33":["Atlas/FreeSpin/freespin",2],"34":["Spines/Symbol/l_a_atlas_symbols",8],"35":["Sprite/KhungNormal",2],"36":["Sound/bgm_bonus_main",6],"37":["Sound/heartbeatNoise",6],"38":["Sound/bgm_bonus_intro",6],"39":["Spines/Symbol/l_k_atlas_symbols",8],"40":["Sprite/tw_shine",2],"41":["Atlas/FreeSpin/g_ui_glow",2],"42":["Sound/prizeInfobarTotalwin",6],"43":["Atlas/PaticleEffect/firework_b2",2],"44":["Sound/bgm_totalwin_main",6],"45":["Atlas/ButtonSpin/mh_auto",2],"46":["Sound/spinActiveLoop",6],"47":["Spines/Wild/wilds2",2],"48":["Particle/g_particle",2],"49":["Atlas/Symbol/ps_line_a",2],"50":["Spines/Symbol/h_koi_atlas_symbols",8],"51":["Atlas/Symbol/ps_line_d",2],"52":["Sound/spinBtn",6],"53":["Atlas/BigwinEffect/bw_effect",2],"54":["Spines/Symbol/s_scatter_b_atlas_symbols",8],"55":["Sprite/5c5bf6c998.53c2a",2],"56":["Atlas/PaticleEffect/tw_num_particle",2],"57":["Sound/symScatter",6],"58":["Atlas/Bitmap/Bmf_yellow_small",2],"59":["Atlas/UIMain/ui_footer",2],"60":["Atlas/PaticleEffect/infoboard_vfx_b_1",2],"61":["Sound/spinStop",6],"62":["Spines/Wild/s_wild_long_atlas_wilds",8],"63":["Particle/tw_coin_2",2],"64":["Atlas/PaticleEffect/firework_b1",2],"65":["Sound/symShrink",6],"66":["Sound/bgm_bigwin_main",6],"67":["Particle/CoinParticle",2],"68":["Spines/Wild/s_wild_feature_1x2_atlas_wilds",8],"69":["Atlas/PaticleEffect/firework_a2",2],"70":["Sound/menu_icon_press",6],"71":["Atlas/Bitmap/Bmf_yellow",2],"72":["Particle/tw_coin",2],"73":["Sound/symWild",6],"74":["Sound/fsTransHide",6],"75":["Spines/Symbol/s_scatter_a_atlas_symbols",8],"76":["Spines/Symbol/h_toad_atlas_symbols",8],"77":["Sprite/02",2],"78":["Atlas/PaticleEffect/ps_coin",2],"79":["Spines/Symbol/symbols",2],"80":["Atlas/UIMain/bns_mtp_glow",2],"81":["Spines/Symbol/h_cracker_atlas_symbols",8],"82":["Sound/heartbeatSlowdrop",6],"83":["Atlas/Symbol/ps_line_c",2],"84":["Sound/symCollapse",6],"85":["Sprite/04",2],"86":["Sound/openSpinFree",6],"87":["Spines/Symbol/h_lion_atlas_symbols",8],"88":["Atlas/ButtonSpin/spin_vfx_a",2],"89":["Atlas/UIMain/bns_footer",2],"90":["Sound/heartbeat",6],"91":["Atlas/PaticleEffect/firework_a1",2],"92":["Atlas/PaticleEffect/fs_particle",2],"93":["Sprite/01",2],"94":["Atlas/BigwinEffect/bw_coin",2],"95":["Atlas/FreeSpin/g_ui_shine",2],"96":["Sound/spinFSTick",6],"97":["Spines/Wild/s_wild_feature_1x4_atlas_wilds",8],"98":["Spines/Symbol/h_cymbal_atlas_symbols",8],"99":["Spines/Wild/s_wild_atlas_wilds",8],"100":["Spines/Symbol/l_q_atlas_symbols",8],"101":["Sound/symRouletteEnd",6],"102":["Atlas/PaticleEffect/f_particle",2],"103":["Atlas/Symbol/ps_symbol",2],"104":["Atlas/Symbol/ps_line_b",2],"105":["Sound/fastSpin",6],"106":["Atlas/Infobar/Info_bar_effect",2],"107":["Spines/Symbol/l_10_atlas_symbols",8],"108":["Sprite/g_ui_shine",2],"109":["Sound/fsTrans",6],"110":["Atlas/ButtonSpin/button_spin",2],"111":["Atlas/PaticleEffect/ps_particle",2],"112":["Sprite/05",2],"113":["Sound/spinFsStop",6],"114":["Spines/BigWin/smegawin_atlas_bigwin",8],"115":["Animation/ButtonSpin/ButtonSpin_Normal",0],"117":["Animation/BigWin/MegaWinLoop",0],"118":["Atlas/ButtonSpin/button_spin",1],"119":["Spines/BigWin/bigwin",3,1],"120":["Particle/CoinParticle",3,1],"121":["Animation/InfoBar/NormalStateFS",0],"122":["Atlas/Symbol/symbol",1],"123":["Spines/BigWin/bigwin_atlas_bigwin",7],"124":["Sprite/05",3,1],"125":["Spines/Symbol/s_scatter_a_atlas_symbols",7],"126":["Prefabs/TakeItem4",5],"127":["Animation/FreeSpin/bns_mtp_glow_win",0],"128":["Prefabs/LichSu",5],"129":["Sprite/03",3,1],"130":["Prefabs/EndFreeSpin",5],"131":["Spines/Wild/s_wild_feature_1x4_atlas_wilds",7],"132":["Atlas/UIMain/bns_footer",3,1],"133":["Prefabs/EffRemoveItem4",5],"134":["Animation/BigWin/tw_num_particle",0],"135":["Animation/BigWin/MegaWinStart",0],"136":["Prefabs/EffRemoveItem2",5],"137":["Prefabs/EffRemoveItem3",5],"138":["Atlas/Symbol/ps_line_b",1],"139":["Atlas/FreeSpin/g_ui_glow",1],"140":["Spines/Symbol/h_cymbal_atlas_symbols",7],"141":["Animation/NearFS/NearFSItem",0],"142":["Sprite/g_ui_shine",3,1],"143":["Prefabs/NodeAddShuff3",5],"144":["Atlas/PaticleEffect/ps_coin",1],"145":["Spines/Symbol/l_j_atlas_symbols",7],"146":["Spines/Symbol/h_purse_atlas_symbols",7],"147":["Spines/Symbol/h_cracker_atlas_symbols",7],"148":["Spines/Symbol/h_lion_atlas_symbols",7],"149":["Prefabs/BigWin",5],"150":["Animation/InfoBar/BigWinTotal",0],"151":["Spines/Wild/s_wild_long_atlas_wilds",7],"152":["Particle/tw_coin",3,1],"153":["Atlas/Symbol/ps_symbol",1],"154":["Atlas/Symbol/ps_line_c",1],"156":["Animation/NodeAddScatter/NodeAddScatterBlink",0],"157":["Sprite/fs_s_glow_a",3,1],"158":["Atlas/BigwinEffect/bw_effect",1],"159":["Atlas/ButtonSpin/spin_vfx_a",1],"160":["Prefabs/NodeAddShuff4",5],"161":["Atlas/UIMain/ui_footer",3,1],"162":["Prefabs/NodeAddScatter",5],"163":["Particle/Coin",4],"164":["Sprite/bw_shine",3,1],"165":["Animation/ButtonSpin/mh_auto",0],"166":["Prefabs/SpinFreeSpin",5],"167":["Atlas/FreeSpin/freespin2",1],"168":["Atlas/Symbol/ps_line_a",1],"169":["Animation/BigWin/BigWinLoop",0],"170":["Spines/BigWin/smegawin_atlas_bigwin",7],"171":["Atlas/Symbol/ps_line_d",1],"172":["Animation/BigWin/SuperWinStart",0],"173":["Animation/Symbol/EffectTakeSymbol4",0],"175":["Animation/BigWin/BigWinStart",0],"176":["Particle/BigWinCoin",4],"177":["Atlas/ButtonSpin/mh_auto",1],"178":["Spines/Symbol/symbols",3,1],"179":["Atlas/Bitmap/Bmf_yellow",1],"180":["Animation/Firework/firework_b",0],"181":["Animation/Symbol/EffectRemoveSymbol",0],"182":["Atlas/PaticleEffect/firework_a2",1],"183":["Atlas/PaticleEffect/firework_a1",1],"184":["Sprite/ruleJPcaishen",3,1],"185":["Prefabs/NearFS",5],"186":["Atlas/f_bg",1],"187":["Prefabs/EffRemoveItem1",5],"188":["Atlas/PaticleEffect/firework_b2",1],"189":["Prefabs/StartFreeSpin",5],"190":["Atlas/UIMain/bns_mtp_glow",3,1],"191":["Particle/g_particle",3,1],"192":["Spines/Symbol/l_q_atlas_symbols",7],"193":["Spines/Wild/wilds",3,1],"194":["Prefabs/CachChoi",5],"195":["Animation/Symbol/EffectTakeSymbolSilver",0],"196":["Atlas/PaticleEffect/f_particle",1],"197":["Animation/InfoBar/NormalWin",0],"198":["Animation/InfoBar/NormalState",0],"199":["Atlas/UIMain/UIMain",1],"200":["Atlas/PaticleEffect/infoboard_vfx_b_2",1],"201":["Animation/InfoBar/ib_scatter_glow",0],"202":["Spines/Wild/s_wild_feature_1x3_atlas_wilds",7],"203":["Sprite/fs_s_pattern",3,1],"204":["Atlas/Bitmap/Bmf_yellow_small",1],"205":["Prefabs/NodeAddShuff2",5],"206":["Spines/Symbol/l_a_atlas_symbols",7],"207":["Particle/tw_coin_2",3,1],"208":["Animation/FreeSpin/SpinFreeSpinStart",0],"209":["Animation/FreeSpin/desc_gamble",0],"210":["Atlas/FreeSpin/freespin",1],"212":["Atlas/PaticleEffect/infoboard_vfx_d_loop",1],"213":["Prefabs/NearFSItem",5],"214":["Animation/FreeSpin/ButtonStartDisable",0],"215":["Spines/BigWin/megawin_atlas_bigwin",7],"216":["Atlas/BigwinEffect/bw_coin",1],"217":["Sprite/04",3,1],"218":["Spines/Symbol/l_k_atlas_symbols",7],"219":["Atlas/Infobar/Info_bar_effect",1],"220":["Spines/Wild/s_wild_feature_1x2_atlas_wilds",7],"222":["Atlas/PaticleEffect/fs_particle",1],"223":["Sprite/tw_shine",3,1],"224":["Prefabs/TakeItem3",5],"225":["Animation/Symbol/EffectTakeSymbol1",0],"226":["Animation/Symbol/EffectTakeSymbolGold",0],"227":["Animation/FreeSpin/StartFreeSpinHide",0],"228":["Atlas/Bitmap/Bmf_green",1],"229":["Atlas/ButtonSpin/mh_spin",1],"230":["Particle/BigWinCoin2",4],"231":["Sprite/02",3,1],"232":["Spines/Wild/wilds2",3,1],"233":["Prefabs/ItemSymbol",5],"234":["Sprite/KhungNormal",3,1],"235":["Atlas/PaticleEffect/ps_particle",1],"236":["Prefabs/RuleJPSlot",5],"237":["Animation/Firework/firework_a",0],"238":["Prefabs/TakeItem1",5],"239":["Animation/FreeSpin/ButtonStart",0],"240":["Animation/ButtonSpin/ButtonSpin_Click",0],"241":["Atlas/Bitmap/Bmf_Red",1],"242":["Spines/Symbol/h_koi_atlas_symbols",7],"243":["Spines/Symbol/l_10_atlas_symbols",7],"244":["Atlas/Infobar/text_info",1],"245":["Spines/Symbol/s_scatter_b_atlas_symbols",7],"246":["Sprite/5c5bf6c998.53c2a",3,1],"247":["Prefabs/TakeItem2",5],"248":["Sprite/g_transition",3,1],"249":["Animation/Symbol/EffectTakeSymbol2",0],"250":["Animation/BigWin/SuperWinLoop",0],"251":["Animation/InfoBar/BigWinNormal",0],"252":["Animation/FreeSpin/bns_mtp_glow_normal",0],"255":["Atlas/PaticleEffect/infoboard_vfx_b_1",1],"256":["Animation/Symbol/EffectTakeSymbol3",0],"257":["Atlas/FreeSpin/g_ui_shine",3,1],"258":["Atlas/PaticleEffect/tw_num_particle",1],"259":["Sprite/01",3,1],"260":["Animation/FreeSpin/StartFreeSpinShow",0],"261":["Animation/FreeSpin/EndFreeSpin",0],"263":["Spines/Wild/s_wild_atlas_wilds",7],"264":["Atlas/PaticleEffect/firework_b1",1],"265":["Spines/Symbol/h_toad_atlas_symbols",7]},"types":["cc.AnimationClip","cc.SpriteAtlas","cc.Texture2D","cc.SpriteFrame","cc.Material","cc.Prefab","cc.AudioClip","sp.SkeletonData","cc.Asset"],"uuids":["038U4luB5O6oV/WBHq48h3","07VFVSXnZDTq0AFcBHeHbs","08bga0kXNA26MdTNOSX2Z/","0aJGpFBzhDqJnJV9bRIhlJ","13HlXv+QdDnaNnqlcXErmR","13gPRE/vJJOr0vgoMH+rMi","1346p47XNHIb4DZrQFOBGz","15kXZNRBRKaZK36n1zwFRB","1bIwiBGFhBPrlBeVr+KXvN","1bRmgC2IVFIZ+Vk/G51uk2","1c3Xdg0SZE6bvPalpr2WbV","1dtlg9xWlKJo7MabIEdLQT","1fZSdvXHBMeKgfsinXeg+a","21s+hvoTBF1p5ad/E8N2I2","29k52/xBxFLLodRL3UgjDD","2bdAjCR5NL5peaszmvh6dP","2ci84KGJhL5o3Q7dZ81eRl","32Yh+jWM9CkYbWTcotPtHu","33HfwWuDBKn7JdBT4QQWsv","35Eqm4p0FH65rM6dBYXKhH","35ceupk8RPioLSbD8bXHHN","38w6cf5XREiq0bgscCNn3v","39V7ui+UhKsIC9HR/3zXW1","3a2LO9A1tMmbLwZVvR6QR/","411NuIy2NLI5j8q3p5yQQe","42BuBQQDtHF7P6JbvF1JQY","42GWdd2flNJYHKPgONnT/y","42qqJvsfxJ87ieEM5T5d8n","47NToRWW5IebCECdRyY48F","4b4JHK7eBGepMqM/N743cq","4eKZ2SdoVOvL4n/VSc4jhB","4fXj1XTjBHVIamFbvNNDPs","50NgkJDf9LcIg+oV1hhFgc","50Y1smxZBH9YXZ62e6uXxy","54h3KvdOtMlKCvHk5SjIde","56LFtCAOJAg5oDqbv//WHX","59y5tQbo9FdblWAyE974xe","60AdcCH6dChLKfGrhhrdWt","61waMvErdLUZP5q/EO9fc3","613y94NBNAtJzgMx1WqRxC","63lwYlkcdGkrH9u9E5yBnV","67StiT92VNLZwitxkxhyVk","6bK4yHPpdMaK6l4m+2r+B1","6beB+EURFJjZ0JkGap/AiZ","6fpEIrk/ZOCqpsyVLBNNT5","71C8ROxxRDcLs0m8Zf4pmC","76F0XouV1Cm7JXlbv14jcc","77yal7iRBAAoGh2+lgRCCn","79UVMaTXRNlIf0mq89V41W","7anAqD5z5Iy6nHq6/GZrJl","7d3JrA8P5Kha0FvDIFOUjV","7e0H5lSZ1OZ7Nv0nv/Q3Uf","82MT3ao4dBLISrp27ukv6T","84bphIQG1C247GbowPxSx6","85MhkuMAhM5oU6Adas7cBN","88o6g4vFJCTLre4letF6wx","8bKt/5hqNFwbPHZwGLEdAt","9078HDEgNAloMqV7hji38a","92H6G/WIxEgoxIaAhchYzw","931hzsfYhOqKvEWw9y2JwS","97VrT7UpNPQYGRcVwzGKZG","98YBoeyR9DF6ji9K7ifaww","9adJ6CFyNAbahH6AvY2FY5","a50l5l+exAoZ+VCFFtrPoh","aaZGCdX31PXYUglbW+AtcS","af3R6wyxJLS75WuwP9hKyl","b1PEloiuNOcptYO6clLrRg","b1VutR3SFNsrEvcQna2xud","be+Ne4KwRMJqUVghqR+3Vk","bfLI4J665OoafMeAV6uLQx","c0tIisciFEj6FmXRnMMaVN","caAcNQ6n1FabcUG6tu4Zy4","ccCb1OAktEjLqNICeJy/UQ","ccpl4cd3xIyalzD0ndytEN","ccrd1sn7FGLac68CUJ0jYj","cfmdUJozRJHLflJwbHWc4L","d0FQveTJ9OcZ5ByOUQcA/p","d0VNLQGtpD6YMTZQrtT3yE","d03Cw/5fpP2Z3g2NcUvccF","d2P+KOSB5BX4kYeS26ihfx","d2VDcjUdFNFYKh3ZWlRpW7","d2WtSwbQNJx4rMghQkpyxn","d3TLPMIBZIMovfw4znXQh2","d5soexkrBK6IjQFjwum0s/","d6lIS/NFBCWoJ+ZPAMKMU9","d8+70Hm+9FzIX+ckjovshX","db8Uxb2DtFfb8eSeNnQb64","dcoqgbB0pNPqphb0RqOzzz","dctm2kkmZGs75SGNIKtKzm","de2uhgsolJhqNlK5qfWSJk","dfXrTJ1pNBKaU+q4ygfO3t","dfsiqadYdFqZ5pw5Lbtbja","e21qjmmEVObah8Xmh00Vhs","e4HHJnm7hP1q0W91VcdKpf","e44B2sJghE95lFOwevrRlO","e5oYgXbBZCEoWrVroMV3yo","ecWf5ObrRHFqLKy6UZ6vIf","edtyQpRn9G5K5yujs4+aqG","efw8R+4M9AM78EzgOK1GC+","f0gBis/Z9IgKtIg7yvd0rW","f2NLM1PzJN47Pv7HYqsxoX","f2SJzo/FxOBYjYm7nkH7s/","f2i8hxq49FD5+ccQf7uG1i","f3Uad3IYZPc7R28XNkUh0H","f3aUL6M9tDSoJmHnMLATes","f4Zmd441pBZI+NTUNhL1fg","f5OhWnLQxAgIWhJdaJ53ve","f6SnnOGutAz7rijFJNvzQl","f7fcmqrGZK3q1KbQqodrsH","f9UO8VCTpFjIIA5crWVjf2","f9bCA0ppJGTKPsm2adAVSo","facfIYfbNAIaqBF/P4LOWf","fbH7fids1DQLtA2SqCQbXv","fdVFMHX8BNMqvuToTdarUH","fe/aMHYhNN2YmprLXVtiIr","01zdT8Tm9HMpXYFD1yGB+P","01/0uqpGJBJ67c70/BDyFT","02oRywLpNHxqXzpXkeD4mv","02z0E2wWlKqKSLkJeotR5K","04KqeBqFFF5L+7EBivfYTR","09XLQbsfhNo5Xa99rE/Dqj","0b0tcnRlBGoojrnwaedANh","0fZdcJQupISJMKinfB2fUJ","10hpJCZxFLWZ/Z3V3QPGq1","1174SzezhEbrR5oOmnAJjG","13j3628hpPmph7sIaKK77e","154NjmRrZBC4hS2Cwi7WpT","1b/AXZUtZAsYrvXlUt8aFa","1cg8EpliJPvKnW44+kJJ/1","1dAJEFu9FHabfeB39rijKh","1d9QKlh0VEJJlMRpTl7Ll+","1eNRH+0DdDzKZAhnEqyRsZ","20YVoGnvZHuKo8CmjNC4eq","20kvKngU5KX7TgXdwMzd1N","22b2bxaF5K3Jpido71LO9T","23I8WtnjFMm6C1pPvf9nJ5","23iSj41a5CMIbHONpTLcqq","26yuSwD8NDVY7evZ8QI0Y6","28pXEQOUhMA55hwiNQ34oV","2cmtRUxCNDH7R7RxVyEWnb","2dgcPJYqRGA7qrhgplI6Vn","31ECXsHopBboX7XGt5pqfp","32pV2/cV1CYZ4E97c36joP","35mLkkusNCwZvcsDUqNDL2","36Yjvr9P5L25UQCm+56zrL","380lSLBV9I6orV1TpWTXdG","3cA65N1E9IpIcMk6jyHxzV","3dADf6fbdLao6jnJ42/P/s","3fel9t4DdGu6W96TBqu4A5","3ffgbbbjdFDbsBy8vD/+gi","3fnchReEdIfYU23ObVHSXr","40bXkVQ25JCYh0Dh+Id5Be","44u7d8XZFLO6Dq4ykV81K3","46ZdRbFXdPH6Kfmy3KlQGt","46auq0ZWBFdKuzS2xiTsaz","48FzB5HpxPi7Rjom+cygoD","49IVSUUgtJlYVq45HvyqHT","4e23lGP1RO4Kv6gTF11wRz","52WYx3FU5AnJEbRa2T/qJz","525bqx6yRB5q03ay/VWNGi","57EZBV5dBLLLL4N6tsgKEy","58ygtsA8hJj6/8cucPPTzl","5alLoYfZRB8589z7od+Fwq","5bDKf4SJ1M2KKVXTzwNXf/","5bcMZ3f9dAnIvXiDl4I85O","5cH2G5QMJO+6gFDp8Y5Dey","5cIb2TgVtFRY7foCTrSS7j","5d4xrS/p1Nza7tBAO+/+sp","5d6kCJla9P8baDmR7DfQaH","5favwOtrZNxaxqR7sa3PBF","5fcic3vJ1JzbpoUafNxbzl","60rZbELX9ImqPuIU3HW48N","63+SBKNPlA+KEZ3z0avQes","64l6vWKPFL2YaQocPbYpbT","64nzRAAdFNd5KrOVR3MAU5","66dALY5XFKEqF8/n1qROPn","68AxU7t/pJRbnMgfI+Vxri","68L1zoWyRNrLCNyHOBAeYh","6a33y10ahHd5ZUNKuNI1uJ","6cB1ew/LROLpMP5ZJM+U9v","6eNW89hWNGqbThZPk/X55T","6fgZ3z+Z1BXJFFOJEskesr","7994x5Nj9BZ49ouw8VsfvA","7bPmCYeGFF5r05YkoUKCVP","7cKTetXfFMQIyl0b8HCQOv","7c4mUU8TpAuJhSgu1NonU5","86gUM0YSNI4LRWLk9mbOPG","86mwW3jdRMRoLMCWKNrZ2W","87K0evTbJIbIF9mzxQi++6","88AtJoqwlAAr7mlu8IsseQ","88GAfoFitE6I65zcKkCBgZ","8bNx0u8FtF2ZEJquyvCm5G","8cTtNr68tICr+CiZFVWp92","8dFOc8bDxLCaS1pBvY+O4j","8d4xPvHudEla7Jp3C6byl1","8ez+HewT1HO4Nx249xQ/B3","90DIxOklZCx41qohhT5m+L","90TbYXEGpOPLsKowkjnViz","9021azZupOw6UGJaZppKzY","93DAaWG8RHn4eICtjUlmS6","93ZcXSr5hLuo23Uc/uY43p","93xYmFfANEOadDYibf2naj","96QqP2diBK05N5gdeqWF6e","96W3wKpONLiLdX6LwVlUIr","98WsswIjFNC5YcKaVv31Gy","98trE7thFHSqdFktv/c2O+","99pL2GF1NN2Y95MVwWHiFM","9aK6lk/oZPQbUt/eBx9r32","9eSr7tbSRIFJ49BxNAe98Q","9ecQvm6wtMOr+4OYjF4BUe","9erIjq7AZNZ65GLn+DLs79","9f+WT2zvdHYIRlX6U7Nbsu","a0XcBhWW9DyYw4Uxi0bl0v","a2B2dMg5pEybXJ73KVFptb","a3LuNtA0RPsphM6iQeEKmd","a3VfMHXbhPAIR5vx8/pwVU","a5aOxxFVlI8IhesE6Rstrq","a9V5NqNGpEVYfmptTFIJU7","aa1h2YvelNcZAMFMv2dqEI","acxSwVJfZIXZmIrJK4MlmV","adBTNiZOxBSaqv9ii4Kzjh","adnxxB7EhP2YJOjy35pSK8","b5A/f77CFJG7u0mtcCKC2b","bb8q2yce9LlJ0jtpJQF5kg","bfO8pKInpEN7tJZkEC3n55","c4OzFtyu9MA5fwMKhPNgJt","c4uxjCqFlMcaP+vwerc65p","c8W+hDOQBI2bncdNEyHmuJ","caBun0A0dByb1NQrMeO5eJ","ccy9ccMfZE3qyTtHkyvMbn","cdHfJOrkNLw5LA33sVnZyP","d0KpxQFxFJkIIlIUC37OtO","d0ePbgWj9EnY1rNlQPpVc2","d1SM0ykOBCm6xKGKMyA4bZ","d4JWlYVhhPAoA6De/AIzdk","d6RJrfJCJP56PTcnZiR6et","d6wXoNPqhITJF6CULdIzPy","dcHNhO7KNDHKTesMjGhloZ","dckM+C1zpApKVRnFdV9Oaj","dfDTuJVWJN7L+M2Gb2nvD0","df3dNeBWdE86zssaHRbZVh","e0AJ8Nj4hMmYEM1OHBa9ky","e0+uhGF1pL5rh9EMXssdCE","e3PGa3lqFOHYOWiuT5eu/u","e3qBnGdqRH8pUYv34+LS1/","e3zBLwfP1E2IMmKJiITAWw","e7CxnIDvRLS7GIM7Je6aKK","e7fqCssypGb7XwurMswbcZ","e9c8FyAvdIzIIcXw0sF/Zj","eca7lYQPVOWbMq8kd4tNu2","ee8vgcAxdHS5ArAGHwAg5q","ef5LZH2u5FJ6/Jug8lLsoe","ef63BkkA5FdJSX4J37+jCN","ef9sYCoKNIUL68uvl3rQiN","f2+6cAyDFJsbT3BwIjNOWK","f2/P5j44hA4pwU0HN/weov","f7vDxtGPNC9ZYz5haXCygF","f9wwHYQA9Gwr5SXgcKuuz+","fanDwoNfpKQYqlhoaDhLWT","fbQy+PWlJOfbmNV4bS+oum","fbcCB8S0lM6ZBwjamVvseH","fbcCbJBM5PVZHtClTKDC2/","fcrDhO50pGWbisv1CJcFB1","fdGwu/ex5O56RYqF7UJ7DV","fdmGtiWt9PsYZxKQ9YQm+B","ffCIyBsTNHLIlYxSJ4dycx","00WqBFGilLrZmFxC65kw6e","00YCCRezdFsYwVviId7nhP","00nFZl5K5FRp99TqMFEdT0","01gbQpF8dAG5KteExVRrZF","01tv042vFA7ZkRLgIiP+vy","02pLseG8JH073ZZf62XYEG","04OmJDH0JG25DoFz+IAbxU","04RBzhVsZIR7NBr9AwESyw","047+OfhV9NJZtzWnC6lonX","06IHUVe+9E9r3nhA36TxEr","06znO/5YVDrJa4kei+swyT","07pjxWlE5N4KV2S0QE/O7W","08BJ3ZVK1CLZ5XlGOXM0u/","080nV/mLZGA4wRiSGGP0K5","0aK85Ip/9B9pVb6zJes4t6","0alIIOQzRFP5eCW5UO+xfq","0amGbj/QVG46QNl6r31ebJ","0ap8+26nlNaoTe+Ehz+l0n","0bCGrg/SBMSp7tk1K5d2Jm","0dIhgfPzBLYqcAj9BdEyUW","0eD2lELOFGo6hIK+98bIzf","0eJQTNiONFhZ1C/v2I1pzv","0eK3BQ2tdHeZ+JtuLJ2C/s","0eV3IBmg9FV7CE/psKHgjY","0ebiLXwsZBsL9sKOsJAtLo","0fgTLxA+1IOpinhX5ieP5k","0fwZ2bfURGw7sAY06cGMvx","1082lm4I1CWKnbrrN52Xaz","11hMHALhxM75kdD6lY86UA","1193/r8UVIH53VE3GG6zS6","12ZSv612VHIJ+yrsTdcq+Y","127Sc3sOdL7JRHsU/LA2b9","13RAPjOV9JOYEuXla3ofoq","14MvKZl71GMqEGkMD5du1l","14vH2up+REVbDkvfRdjabS","141abqvIJJUZz7P7gA9x9s","143vJC8u5KGa75Wl7lSyLr","1430wNxJNK0Y73PccVY+Fh","15OfLXgcdMKJ8+AJ+hEtdY","15dvz91ddCKpgwPWRY5K2Z","15sY0XLgpJ+6/GVxMJ4owD","16GmYfK7dAo7/6OjFSIqpm","16Gqi6flZIIajfgcy3G9kJ","16NdHVv1lABa574sHjz5ub","16aREXjfNHD5Gzcj9k/YsU","17Dxq4UXlN9JbOJ7ok5LZm","17U+qQnrhMM6PvQRA/AkI5","19QKRwRaNNIojuBq9+CzOx","19rm4bHZRAZbrC/0wkPDX+","1asNe8K39JKo8Jf9v8xOsz","1az6I1Si5GYovtrM2q29A1","1a4eStZrtLYYK92Demcs7g","1bE7qmJtZH3YxnQwzZnxZ5","1cZediJLlBwJjCYqIZaVyy","1cevAFOBVCNJ9v3deyQUvF","1coo0ZoZVMMJiwdqQTNPFR","1eHU2h7jdCKIc/2Qvm3/qz","1eXeDxFD1MFoYEWTsi018E","1eyDMYuYhFwppPvULPoj6a","1ez5Xd44RMOJjMX+ZGfN9W","1e0oSreYlCIIpmVPlZtPHR","1e2iKAA9xPQ5hHfbKnIOmm","1fxioiES9OxoaSkoNsVZ01","20CS5NTulKdKm/kLiRCNJz","20De/VpDpKibI4HTvKxbUR","20G1SoCFJG7o0H5ptw2V5v","20b3JzPQFGV7zbB01JCWOx","20160+NNBAOb7xSxp6WrJM","21eWWltV5CuaMjJelcMQ2D","21gV0e+g1Jv7xSJzZphqQN","23jxL4HgBCELxEniq49Ozq","237stt+bhBa5vCsi5o1/5j","24Iq17Br5GfaEjRbq2BZu6","24NFE8LR1IJqBGTFU15bBl","26BoX/VI9HXZGArocCgLlX","28T2F7s5VJgoYPthdVWGrc","29FYIk+N1GYaeWH/q1NxQO","29IuCT6t5KbrWXkrT3UsfK","29S+5LgpVNwa5o9NVjljDW","29mYqEky5KA4zsWzjaRWLL","2aH8udpKlDRYxlTLOvPEqm","2aN3qGzidAkYPMdRKU3siK","2ano2aIntOPK6MFqImSjDr","2bB00xJopDzY5y1mQFm++a","2b7HPZxq1DKri0cHWwzR59","2cHU99ow1MwJPZ4+ABoAiE","2cPtIXa+pA6LrwODZDA+Vn","2dC15FTMpEpa8CABU9uYoe","2eDIgO739AGr/nOYzgItDY","2eExTnzcRDb6aWumscrBLK","2evBrwWfNB+KNR/13d9+mP","2e4KKXekxK2pkK3Ql4t86A","2fUMtoXL5JrbVqTALpvAXy","30ODiwccVLA7/eCJvDUws9","30h0QFP75Dl7VTELcYNBki","31Rg4Qyv9Kx6e9MDWAmEqX","31TYE40SNFgrpxFiiwp7/p","31ccnO8WJHPYVgbA1yEOBQ","31kJ8DseRNrpnRh2j2UgIs","31nogYWp9Eeqyv/aoIxBpj","32VsrPEg1KxLzQk8Aof4Qx","32f+amp1lEXrD9PiqG9Rb1","32o5hyXwRJB4PJu+Jz1oxQ","33W0zXXJNIEJ9TP9+GdOAu","33sOXalqRP+LeKQE7BKW4y","34HXDggqdNB754VfiWE3Gj","34JUZZDj1FTrNKQaYejeqz","34ORjwFvxOHL9lPe/SQ+Dr","348lf651hBZLq5SAWSAZDz","35rfTxN3JAcJunbXhxXBAJ","37wrdcXbxMtpz+UC74X2pY","3740VQYiFPMKa2J6+o04Pd","38c+H7EsxIPrkKJFRCbj7V","38dcg1Sv1J1qTez3VlzsA7","3aHaB6QBVBhqpMAKIviDLw","3ae7efMv1CLq2ilvUY/tQi","3a20rQrxNGebrujf6qmpZI","3br9x+G81Ej4j12rsJdAHs","3cG/aZjopHx4sFZkHKNqwn","3cHQ9g9UZHmJupu6H4JC1w","3cZ5VESWxNBqVnWqilARBP","3cd3avuUNJl4P301WxcJ5V","3crvX/vopBYIj8U90y87oB","3dFOiq20NFJotDZRAzTvAR","3deYdMxitAXrmCrnEPtWiT","3d8erXpxVCdrMJSdQ6uwO7","3efwQ7i/lHlJb0LrFj8NQq","3e/ilA0ctPhakM318rfY/e","3fL3w4TP5Db6uWmKbQ5JdH","3ftRD4iENOOaeyup1amN8N","402l8fBVtIBoZtTHAgKzfy","41ADbapuFOvaCl7hZRIXGQ","42Ixuhm95HwbWHVVKD2FML","42wzajQx1Dx7fedH8Ep/Wx","42zScRMNxP1LQFk11im75X","4272mTLHZGv6xZG1Alqlea","43WLxwb7pJmpdeyzX0ENwx","43pJMYYeJCeKFfQOWFajsD","434TBAfp5DgYtBEMCg8xMq","44UR5NILZI+LKyCL/Nh6+O","44mGSHSpJBS6g+2cdqh7QG","44q/MmwelIIIYcwWHexYMA","44q/Z6hgFFjYlf60NPWx4k","44/rq/WQ1F564YAk1GQEte","45WaihYyVHcKwdOgcM4ruj","45gQ6N1BtNfLqTsitXKND9","452DsSmrZEL7LVhquJg+5k","47SxQF6gxEe5BWdqYX0Pyk","47/lN1ix5KrLN62D/24gVs","48fP+ASSRCc6sLT6DNhsBt","49PY4b3v9FybJUCBYdiJvl","49Vx69chxCz7kuqHnXbWAD","495M1TaghKF6O2oTwb/oRt","4aLMvu6EBCyoJGpd9Oo4DD","4aR4LMr3lMMYOm5E1q4AgF","4aSunagEVIgJs4SsTn6eMX","4cYizXuJZMcoxZuaSDSoFy","4dh5qF93RKBL2ugFinSxpq","4eSw9KWTdI6YaJwnzen4T9","4eW7vitVdHCpITH6CRW7TJ","4eanf6W45PNahbTiZD+o1c","4e86tigNBAoofmaXaakLC9","4fYeEuKZFKz5R2qvqq06G2","4f9FFN3uNCdIaR/rzUrJwA","50RbcEqERLtpkY3pgU+MIe","50cOAAtX1JKq7KdQbROy+D","51MbohqGlDkYs1A+BgPhPq","51ghJwqMhHfJeOyqUQnLKM","52LPTZV4RDW4pJ5R/VBY0P","52Ow/odqBCd6j4C6Yj/MlC","52jf9NZGpCoZ0Fd3nBKRm7","52keVFHypG7rbFMM+roMP3","52xyP63LpO9oaGnsXdY/CM","528zbdnJ5NIIHdFpTxkt3x","53A8K9QDNKZqJXu+sOcte5","53fGow7rxDwawAE3aWUl48","54753cI19OwZzR9LWH5nvg","55A9JGEXBF+5N8TSnhFy5d","55o5IDfBpCR43QkJz1O+B7","56dM27OqRLvJ4+drtQhv9A","56qvf/nyxEVoAxdPZKUBWI","56+ASNLzpP/ZV4dZ6DX9C5","57Y5AfDVtDsaSM8PhkQ5Nh","57sabS3XdFiqXwTvgX9vro","575eqly7tC7Z4uTvmSszIM","57/gFBbtZAyZtebY+DjPIA","58BTg2PB1KPKpcFDmUMpnS","58u+lJRthGvY8H82eZy/jw","59KPSTTs9Do5uVYrwsJfdl","59Lsm6DHRDBarw+yCVPQm5","59fnEQt65NdZ7+EuUv9mOT","59gYNoI9pMN4Lycm+9FjCu","59snZMZddKXoPO6FWpncEX","59zkWJ5XJO67TdT3ikp1Dj","5aiCo8BIRBHYMJqXb9Zo3h","5bZ4KpKilAxJi4UpdQO+p3","5b7fXS3lJKppf5+6+CHH6A","5cCGrv1rdLC4QEErAVg530","5cO7kybDxGj4ipyMYdRYZB","5cocqeEUxDar3dBUopbWk3","5dRrx3MtBFQKAcFkcQFqca","5dhHluUMZMUpp+UePuJRAv","5ds32qKBFHhrbPwNnjbSAx","5eGozNT21Gy4Ub8lwxoNlT","5ejr31Wj1LkoqWGU+2IDxp","5euHyiv0xE6JdqcXTEBTo+","5fEB/eAwVM35ewCpQBTm83","5fku9FkVRGdKItb8r/gLg0","5fo/xEykxBA4Y+OE+oqZkv","5f5dyqtRNNxaFmVzYns6FZ","60JYWv3BZLzr8WQSwT/0bk","60tiE0VlJITo85wRNlPdUM","601sTsUTZBH5/5eKj5hRyY","6024vXU+JFYp89kjo5iE5c","61Acv7NdFH1JZMZmkGLSUt","62KWLBNsVJuJxsqLiCp6aa","62aO7OySlKjJdr3NyrcG7K","62oJM+s9xPk5tzCgDQmwtW","628zGnNvFLz42G9evKYyF+","63Iz6xLKhBmZYYIOWainhG","63Ooo0RkdFXoKBNOsFZaFR","63s1KFCaNFF7xFn0hQavNj","64DsUB7OBCxomtd4a0VgcG","64KHB3iHlEI48V8XufzhQa","65Jb8SFvpPgZffQljQeqrs","65coXQTz5AGZc3K/1LJoUw","68Qye0BCtHzbhAGC5rcx4P","68TVTCgotEM40UKVhnotBi","69qxGfFsRMpIxRFUqAGdRV","690SKoWr1Dy460Bl/6momO","6aGj9oDURKa70SDCLU6vAt","6bELiQyWZNd7yok+jKW0ys","6bgNQ+QyhGn7qypoROBNRb","6c38wPO+VECaHtod8N8GkF","6c5R78meJF+ZELk1y+pwX9","6dzU4quOdBWKLT1bTAedHx","6eSohLj1NIDIQuhJFHxK2M","6eobdoN7hLIYoTeyX35GAt","6feoWS2+lLJagX1gsvBTQ6","6focGgOBhNdZMt01HelTPw","6f5FNhIthM/4+lrMmoLAzL","70FYOmWvRKl7GzCCG/RVJs","705Ingr+VOmpbN0RbPo6eq","708bblMQlFVYvPCSzkE1DZ","71PFnH4INPyIGymM3f69UP","71TfquIVFC0qgHx5w13K6U","71Xaauor9BprKib/WmJetS","71lynZCENDTJ6ilZEDhEes","71p1RLvSpIErdrYoJZ5rYo","718YzujDlAkrXtbhfQRSnW","72h4wmJp5OdaRvOPad2Cq9","72jr1N+yhFrZ6sVDiXkAN8","73I/LUOShLU4b4e81VHHJi","73K+W3EP1JDocuRlH3srRJ","73qLfXx3VJKbTswDVXd2MW","73zxTEhmREaLIeVt/inxRc","74IXwgWKxG7IjROmEXakdw","74dZIoppdMQYsxweor7NwH","74m8ELibtDLr22DouRWGE+","74xinPh0pMBa6iBtAVh/D8","746chZmFZG3p9OysR9EzfV","75Ktw3BUdFv5dPdB+uRViF","75LmeqEr5K+oNIHCBaF1JG","76aQ/aTchL0pmuyyIVGjM5","76gQ0MR51IA7Uvv2dVGbvt","76rNQ2wsZK/qI8xCwQXy7Q","769eaB2adDsZqWDmQNJ/CY","77Ue7owXtAVIV9l6MdrXC6","77fml70hRORLzVvp8qMo1I","79TZXal/BBzq/g6q2s5Y7q","79zK1oG6pJRbwUwtIsNY7w","7a+K4usl5OaLEBPgC25UQm","7a/QZLET9IDreTiBfRn2PD","7bDL3WH5VAiot2ld7fyVAr","7bSL9J9nJGmprylsjMVFwm","7br2TXgedCN4arOMY0mH6f","7buTV9dvdCl6neUb47bBlC","7b1rakGgtIAYs5Xsegvvrm","7cq64e+EJO/bDkHNnOlj86","7cwiWsoC5N16n+biUuQCpr","7c/tShCv1AabvCctcoeqMA","7c/46+4ZRLB4ggX864MPaZ","7dN+KmzgNITIfPEXofaXux","7dqbgyJfhFwIhnn81lKRdj","7d0M5bjzFD4YkrUkXzf41j","7d1D5bk6tNlJdn7Snf7cMC","7d2WvKa4FD/4zCp+Lii4Js","7d3fqdoBhBvqqXmrn7M6tn","7eAvkN92lIp65y7xWxsJRq","7eHihN6ytEZ61CGPrPjjb7","7edvO6JUJHx5UeH3fXzVIn","7ehs666xhN9a8+dAaYNns/","7fM7ff/zZJJJeGS5VrZp2X","7fggN27ihL45fxi3eKNyEP","7fsKfsFslFwa9PWcMcz9+I","80ayanhC1Afr7mVACUgbTp","802L+e+WNHjIz0YNXvJTZ8","81slClu7dNH4hqSqT+URjU","81tb+RTRJHS4KCqo/BZI9/","82S6ZTDVhDhact0RgaCNer","82migssElAGb04Ws6NimQX","84LDmNQWROPo0Xt5f7F03S","84njbLd19LY6NiDQz1I3iq","85QrhyGWxNorS7Q9JsEtsS","85YH39ewlOkLHs63HxdJeD","86XnWImXFMKbiALb3quZUg","860S3m4LFFkq7wSxbfmQtl","876qPwSvRM5bdhh5yr6fto","88wQpHT2pJYYhx1yBdGdRo","8877+giK5BELNdCBOEzNpW","89LOWToahKVKxC5J5tUA3V","8aUZ3l6Q9AJosFwZo+HtEz","8aaFVu8mJEvawa53JctMFA","8awLPnTQ5EZ7yS3oiGGlKe","8bi6hc7pdBAo1yf3RUu8qD","8cGUw9p3xHI4bVmMGVxbxK","8cvJLmEkJF76w488hPeKkA","8dc6wBpN1NWIlOMi0NsTAv","8dli8+V8ZIvYxOqO7+aoUG","8dokac4PNLH6PpsJyB2jO1","8dv/rp31NE5Lh6zITQcS9H","8d3W91FH1LzpZB4z9AaRjO","8eCU5SvmdF4a/Dpog9tzul","8fLND2VttFgISuI/cVzkoJ","8fi5vToQVAzLNZ7vmXIa0L","90BtlW4SJH0ri5+1GLibiZ","91HSwPEelGZ44LvXcY2rrB","91QIgh0VZHz6qk616W8wnp","9137GVLt9EHaVuthL0gukY","92AhJfYudK/J43o5VtDohd","92LMNkZkVH5bRTB7f6WnHn","92rBpX6MZOV5Znu6p7XJzy","92xJEjEjpDDJ06y216M1pu","93Dn2FlnZDB4Lv8zmNxwEI","94V1bLlM9OZoUi5PPB/fxI","94iEZjWRdN2rxk/F6hCks/","95cKrl4rNHro9xn7JPwDgA","95/lXKdnNBGbu7jbiaR5Gx","96OfXqnP5E9qcY0XeFUXGY","96RXER359H2p2wnogRvHlF","96UEpm3ypHIp+qm4ibnsD3","96vUedLgREWqMAf966GZOc","964z9voglH3L+AGUi6Umey","97BVkLJwxKk4/KkH8Fjyhr","97fIEmakhLx4RH7HAIl4EP","97nh1jFQlPJpQt0R71VaVk","97rHBk13dGxKljBfqxeLev","976fTecdpFya7hcebjxSQG","98M01Br0BNsoiNiD9Ratl5","987Frgpr1GG6CtP0wcwym2","99u+gYLZNOlpVONufIamCJ","993FkGucJHEKwOI3GcdXas","9aacKanHJH/J/9tjCjt/1A","9a1JEcT7tG7Igu9ubqw8Q6","9bXPLz7/NMz6JL0e0PcQq+","9cRTjYkNhHqK9f4/875bQ8","9cu0ZCMWxHSo1x8zLMXJoB","9dV3WiaFdLrYGSC2MI9DP6","9d/WjvXHhIXrI5ho5I4tv+","9eHimfQsJERKEZm44JIl3R","9eMHfZ1nZFaoxMHteLiK/l","9eWJOfrqtB34llMRdLxV/1","9e3RKEsLxDvJhOhm2IO22p","9e5bQz4vJDM7cvXeuyqZ2W","9fGGOyJJ1D0otsShx3SdTs","9fMLVgaI5HJYdVXhEY5U3k","9fWWngYdJOFpapuShDw5wq","9ffVnwOkNPzoGst3NmeNX8","9fgrvBnmlOeqgsFcq/QE32","a0Hpkb4i5PCohw1gO1vWyW","a0PJ3DjVxC4KCp52gkK2LW","a0bAcUqsJJ0ZUyKsJupd5Q","a2MjXRFdtLlYQ5ouAFv/+R","a2OLC4NKhJa4tbASduf484","a2ehRlkOJCeKgpoE6+o4jE","a2/Zn0kaZFTI1RW7Z87rqt","a2/ac+ICRCk71tvWoB3Fqt","a3SEckyJ5G9IK/qKUs2o6o","a3ii62vnJJfKxd41iX8b75","a3r7RD1idIuI6zAHhJyjXo","a30DgiBMFD4bGLCXqpfLHj","a4Kinn36lARpg7YYa1+UXc","a4auNkMPZNl7wiA7ggVImR","a47G/YFMxGB6UupDjiQLyX","a5ZigaSf5JGrtffq04DRku","a5vpkD4/5KJbepX6ou7GTH","a5yZhTbeJM1ZiEtsB2fXj7","a6XJqwnadKM4BexNym73Db","a6zr1DmbNF9ovjOutPPMMg","a7wx9nZa5Mz4cgKRq7CT9J","a8diwcWehMmJ76Ns4WWiVy","a9JrO98QhA4KkVbvAXh95x","a9V1gXVyZMx6yEEeysGRDv","aaqQZrcRZLz78hqWoPu9vb","aasybuVo1F0bpmzt5IUjmH","abay2kIidIOqosM4RZ5hA7","ab4COboalIUYvR8ZOXJ2N9","adGENbjMtPkZGx46sl7bJ6","adZx4JBOFMS5xd7J5yCwvz","adftwK2shHy4DCqxBfo2fa","adoYeUlxRNDI9eyl3RZWAF","ad0olTgjlBmp6VTb7mip+U","ad+kRaDNFEJakW7KNfZbta","aePQRglmxOAIpJHY/jJjHH","affNvH1gJAKZpaCg88U3i4","afmAT361VLBZMD4dAyA7va","afq5+ffR9GUrdbZUlxZ7xi","b0JugGT2RNuJ8VdVEOCId3","b0VrMYvtxHIJDbY9ztIn/V","b0YAjfcYhFkYIvWkV6/yBJ","b0thnDFAxJCLWyk+ScBzqS","b1F+sW0g9IFLtwyWUGI+xZ","b1jl0tfwNA3rfJFwrLpbmn","b1vpOW919GZ7ElfVbRclek","b2ECW60shKW4wyb+H2OAZL","b2aHrECZ5APKGS/0d2hvT1","b3AZc1mZFFNoJkdgVv9U9L","b4G+GbcERE+LGN+jWJERoh","b45UWMiM9Gnr5c/WLNAIrq","b5T27oDFVN5pIsBG4uGkq/","b55hvqPBJFd4izT/jFNSSi","b6FIYCaeBLjqpc7fZ66BnJ","b6Uf2XYlRIt4PMWLRGIIjT","b7Cs9aqMZCrLXWNPzOZH4n","b74zvob1BIi6ZqB7KfnBqn","b8vVN9QupL6L/bi21WQEuU","b82sPSQPVM6ZRM6NloBoH1","b85HuXGN5Nhbv/S5Dsjf2R","b9QeKuOLJJRIylRJD4etaL","b9e5UYDXtPnImQzEihhc27","baFSHYvflCRqkBj6Hl36Z/","baLXWCTEhJJq/PWXe2heSg","barwkMdxhPfbUcyAEximXH","bbGEhj8zhB5oKWE5MgBVOK","bbLDJrL4RGcqiXSe/C85v+","bbNMoIPQlN24+TrAfU32J9","bbS8Uzr31AQq0w8PuG4Bi9","bcammjPyFDSruqd3qhZoK3","bdB0Dq63pFqJHHB0Lig7fm","bdNg52rBBMSo7Xbtzv5hoJ","bdNrQtWvFPw7Jjkdd6Vv5U","bdavIg/XxBB42hbNfj0Yx0","bdwXROv+tPXJamuDlLr6Sn","bd/6CNi+FH5ZmOGjNAbyds","beG+JqO5NCd7mgkky4uP7d","c0Npu1N21J1KD08eda2Urj","c0y+WeKJFAvJJPQuWjQx1+","c1fTGZsENFG5g441XXMaoo","c1wjHv6TxJIZUTuYXZetSX","c17AHS0i1J+IZThXxN3lFU","c19V4F0tJHAoQVJwX2woSV","c2EE3acmtHcb8lDUyiyRfk","c2FrBeU/RAmInpqLY9K+Lf","c2plvG3Z5LaYK2OePoKAd9","c3BxMOsq1NM6/Fui+4yDFg","c3HdbG6CFNSpkAPwAkUxVw","c308/MnIBCMbjXc1cevFVW","c4RKif5Q5KPI0gBalGS9hU","c4oS9hHWZHjLcwY9bg8WoO","c44LNqBxJFDaiEStsrlEbB","c5LlAwKO1BBYYu/Uw1KEQ0","c5bRzwFCpE9qJAfsXwcIcE","c5bljdAnNIEpHAVtO+vzWM","c6FU7iD2ZKGIVWbA28QKXM","c7teuL1k5MgJMr0l9Ps2BQ","c7u0E0lF9JbpTdh7t4eKsM","c8X/o0ln1C9qviVS4btRvJ","c9VupEoCxGbIrIXOJwwOth","c9YZQEEoJL1IsuTSJye3uY","caqHT9JrBLNr/8s7Y0RKUV","cb8hAYHg1DpbXa0AJMU0Z0","cc9g+1bS9KJJS9wojkjKjY","cdeIdh0YNIeYDz459M7a4u","ceB1Z+wYpOSazrSXVuH7CP","cePnjUR/dNXa5zxxlFmuWf","cet/1D9fRHU43hbtnsxg8e","cfXRNwQ0VNlJ1gqJo3hlgm","cfcOIupP9B9IrZoI/B2ESW","cf61NBGEtPZbjdwvyJMQP1","d0BcFtUJdIv6RpGIFh52Jh","d1NoGsEMFHPLGChfu7xwIv","d1soFh8HpBIoPYzNYWhJNg","d23TnQONZON5jLGT2GPMvU","d3j9XuObFFioeiobkItu9+","d3pR+ym4FPzrBK/IDE1ZcS","d325RPDP5Co4yiexzk/q9d","d4whpE4oFJHp9/tTpaKr3Y","d5k2H6v85NqIvnwu/i/UTZ","d5rspckLtN1p+m4lqA95d3","d6HiduPcFIwqx2rVdQA4iu","d66DwRCwBAwqvLOOd5xYcu","d7jcbW2mNBXZ0Pcfols6rY","d7o0wzS6lPxLf2+2Yjgp5T","d8A+jwxWZC0Jixw4BDaZ/f","d8BKjfxwRCp4mNztohaQq+","d8RHnSDqZOxKTfgHq3NOWZ","d8fcN4kaNJQol+yfJvG2SC","d8xktrzpdCWbszQ7iuloU2","d8ynNhjZhGD4xSX8mJkoAm","d9afMjRR9AYLMQ8m999Qgc","d9l2rXaupHqpM3gXzGLEWu","d990Y1FCxPs7B5/hMwTTmJ","dayWih4UNBSZ29E5SpOXmn","dbC6j+x8hGYrd2TuKwTyKW","dbTsKiXFZFnJ6mqSkM/Kmf","dc/v2NM0RBr7R+HI8FxA3V","deUeooAEpEhbAcLIMedpDl","dej4/aC7NP5JOGxZjUCd24","de8dSiEgtLe45t/Uqkt6m8","dfDUAP1UpASb9/YBqS9p28","dfSVdcMBZMvoc4waA8EEqy","dffCnPbZlH8YHqeKkMYmka","e0S2+QEl5Nr6BCb/Hr6BeE","e0oxI4kiVJw6goNzrD2B8J","e2c8UecLZM54xn6trb3W2g","e2lVDa5A1OubVDmOOg5HLN","e3VwdPSPtKrbucKJALqLYY","e4DIHPaAJAp5wyLdjFkbz5","e5q+BiiYdLfpfOwj4+920W","e7oh3eb3NJQa5oNwpzPCMr","e7uc81bxJCw5xKJsdcviHg","e7vHcRDiVJY5+NrTyBvXgz","e8K7GiuAdEH6ppD0W37FB+","e8L2pwrhNA4LCguFy9Xhhl","e8ynaAN/lLZb2FlkAWI/AN","e9XB0Z7E1JzKpPMiMCJR6L","e97GVMl6JHh5Ml5qEDdSGa","ebPACenNVO+5aByBPRICF0","ebrgLJe+ZHd4ED3iFYjze/","eb7u8WK/FJho/7Zi4EQ3dc","ecCTW49kJJYZX+93y4H/Sv","ecC8vFugtEuI1iF38u5KrK","ecaVxLzSNIM60vq4P2s0Bs","eccBMky8hJeahBzVsg+YPp","eclFqQ6VZJf4SOrAmTpPhm","ecpdLyjvZBwrvm+cedCcQy","eeXpRqSM1CX773rITQrJml","eeutYc5nFGmrtMPkYBDC1R","efWH+rQT9Je7m3JnZAeX8m","efdiQMFmREZpuAj6Q+Bark","efptUeS6lL3rUfPFTqVjyy","f0BIwQ8D5Ml7nTNQbh1YlS","f0LeV0QkdPdaajroJV4Kuy","f0OSbdrRdCBZZ52wHQ0Jlm","f213a4IL9Goqts8540M16U","f29soDPThOCZts6xuht/me","f3EX8+IhJFaLNds6I+zUhW","f3SjikNOxONZI6ACDywI3p","f32rNBX2tBa4O9zrUA4ZlP","f4echL2c1Kj6QhJGd19KWP","f4qRI8+7RL7Y5arcgS2xcH","f5EmJ46LJMKYfuNj+VvvV0","f5QxCwobRDI70dx5zJHeAi","f506Nmqb5A9IezQX70F0CM","f53kUWixJCFaw1MRRwJpwM","f6PIUTmpFCBKv1jxV5d54h","f6yIdE3shBuphII3EjrAU8","f612F+Z+1PIq0Z60dTk1p/","f7Apk+T/5Hb5n0kkrkjQRy","f8Jkc+7hFHRpeF6NE784ue","f8zGJhfsFD5ofqETlNq/hv","f8+o3jNbxKqpOsGDkLANcM","f9PFv1RrFCS7DLoszL1QFe","f93ua1P0xDzLHwz2VKd4pj","faPmOK3AJPiazV9D1u/2Iz","faqhje7DJJ0bZ9Td1OiJfh","fa7MJlsiRPv5Y2E8xPDQ+f","fbIVETWYBD6pu00lDSfuzY","fbO/WqM7JJ5YQZ2/cEO3Qm","fcEBZjCmJDkoemgUP+/IkJ","fcUoMlzu5HLLjxgLpNU2Ua","fcpShMsh5JbZqxU08tYp5X","fcrYkaWPFCVa+8F3LFLg9j","fddF7j7YBOrqMCrlymDp3e","fdfK3YhU5BO6OchmFPa8Ea","fdlP6ago1IfqmwvUcyZb5y","fe2fyj2VhODLp5MsuUZhXm","ffDFywREZLVL22FL4EXAUN","fflQNsI95LSIDfVXn7QJLd"],"scenes":{"db://assets/Bundle/ThanTai/Caishen.fire":211},"redirect":[342,0,381,1,464,2,475,2,538,1,566,1,638,0,681,0,733,0,792,0,796,0,801,1,807,0,819,2],"deps":["resources","internal","main"],"packs":{"01c0c95e0":[270,280,300,325,367,451,469,541,549,570,595,627,672,732,736,778],"01f378ebe":[302,321,431,474,477,511,561,587,598,662,772,777],"023a5928f":[308,334,403,452,463,527,528,540,603,770,794,810],"032896449":[267,276,281,406,412,421,610,623,626,657,695,760,774,829],"034c1095c":[124,129,194,217,231,259],"03d1e0403":[515,630,709,712,825],"03e23f56a":[166,209,257],"042327483":[287,328,354,387,402,437,455,465,501,505,526,532,605,609,690,706,714,737,786],"043c9a8e0":[271,274,303,338,460,536,547,565,585,591,634,659,675,697,783,826],"0480dbdd5":[275,285,378,382,388,397,432,450,684,710,727,754,833,838],"0489b245a":[156,157,162,203],"050c2b209":[189,227,260],"05e6ded3e":[301,159,457,495,554,568,608,739,828],"05e9baaff":[283,286,304,409,411,418,434,553,628,635,636,649,666,840],"063ab9a49":[380,513,210],"06ab8f4be":[309,357,685,738,741,769,811],"06cc91dd7":[407,433,438,522,785,817],"06d4e175e":[290,410],"070e076ff":[273,289,292,343,360,376,384,444,484,676,682,707,742,743,753,763,816],"071aa6416":[184,236],"075547000":[341,369,489,497,614],"07b551722":[472,779],"07b6105fe":[693,768],"084ebb58b":[266,115,0,2,3,4,127,11,132,335,348,17,150,24,25,27,28,427,161,36,37,480,38,42,44,46,52,567,190,197,57,201,61,631,211,663,65,673,66,680,686,694,70,73,74,744,82,84,86,90,246,96,803,251,252,808,101,105,109,832,113],"086a1f0c5":[366,374,408,479,506,509,551,563,572,664,731,827,830],"088124c20":[167,470],"089dfb100":[312,356,385,404,415,517,533,557,204,622,643,650,668],"08c03e12c":[293,306,364,401,514,520,629,640,715,818],"08e4c155b":[646,809],"08eb7a545":[340,499],"090cc7e37":[225,238],"099834a19":[297,324,396,416,448,482,500,504,529,583,660,717,722,791,806],"09a75f752":[116,1,5,7,8,9,10,12,14,15,16,18,19,20,21,22,26,155,29,32,33,35,40,174,41,43,45,47,48,49,51,53,55,56,58,59,60,63,64,221,67,69,71,72,77,78,79,80,83,85,88,89,91,92,93,94,95,253,102,254,103,104,106,108,110,111,112,262],"09d12e07d":[214,239],"09d7ca324":[313,377,519,597,602,633,637,703,762,782,843],"0a0af398c":[331,337,417,430,525,558,564,621,740,761,764,771,804],"0a4a2f654":[219,687],"0a55916fc":[298,375,392,398,466,486,487,524,531,607,624,645,683,751,789,805,841],"0a617e91f":[294,336,639,822],"0b9fbf966":[117,272,282,320,135,349,352,379,149,419,423,164,468,169,172,175,535,191,619,648,670,688,223,729,747,787,250,812],"0bad4406a":[339,179,560,571,574,580,581,617,642,653,689,758,788,844],"0bc02348f":[449,665],"0c3cac4a8":[351,153,485,594,711],"0c878e681":[118,318,590],"0c9664925":[128,234],"0c97e2c55":[488,545,556,579,692,765],"0cebd18f6":[268,333,368,393,439,440,441,491,600,615,641,658,678,701,757,835],"0d2f3bbc5":[310,314,323,344,361,454,459,473,478,496,539,548,552,651,671,674,745,821,834],"0de6f2b0b":[492,696],"0deb80c71":[269,316,326,330,347,394,456,458,592,616,726,241],"0e0c2d269":[278,284,327,363,413,426,471,518,577,618,620,724,775,836],"0e40b8b30":[288,329,400,476,507,550,612,647,652,228,750,798,837],"0e849bd4a":[510,759],"0e998f28d":[373,383,386,420,422,429,559,562,596,654,781,842],"0ede2def2":[130,261],"0ef5167d0":[158,442],"0f2e3f457":[362,365,446,453,599,611,661,677,691,728,730,776,800,831],"0f521669d":[279,371,436,542,555,576,593,601,667,723,746,767,820,824,839],"0f5c631cf":[358,414,435,445,483,508,578,606,720,752,784,790,793,815],"0fbe549be":[277,122,295,296,305,311,315,317,322,332,355,359,370,372,389,391,399,424,425,462,481,493,494,498,502,503,512,516,521,534,573,584,586,613,655,679,698,700,718,721,725,749,755,766,795,802,814],"0fcd71ec9":[291,307,428,447,461,523,544,546,569,582,625,716,748,773],"0ffab9548":[345,346,350,405,467,530,537,589,656,699,704,708,734,735,756,823]},"name":"61","importBase":"import","nativeBase":"native","debug":false,"isZip":false,"encrypted":false,"versions":{"import":["01c0c95e0","e0cd6","01f378ebe","f7a25","023a5928f","bbee8","032896449","8f24d","034c1095c","546b6","03d1e0403","af82e","03e23f56a","b4bec","042327483","e3ac5",119,"15726","043c9a8e0","a17b2","0480dbdd5","8b7b8","0489b245a","b3a3a","050c2b209","7c3f0","05e6ded3e","dc51e","05e9baaff","0c836","063ab9a49","9bcd8","06ab8f4be","b8276","06cc91dd7","e5e2c","06d4e175e","e7fa7","070e076ff","b3581","071aa6416","d9a92","075547000","ccc5e","07b551722","0cea2","07b6105fe","94833","084ebb58b","cafed","086a1f0c5","5d9e4","088124c20","bb38a","089dfb100","3ee9d","08c03e12c","11e6d","08e4c155b","194cf","08eb7a545","0a596","090cc7e37","a9336",120,"45ed2","099834a19","68f09","09a75f752","a4e93","09d12e07d","0df97","09d7ca324","a6c1c","0a0af398c","531e1","0a4a2f654","6523b","0a55916fc","783b9","0a617e91f","74e8a","0b9fbf966","8ae59","0bad4406a","5ed63","0bc02348f","f4a65",121,"4d79f","0c3cac4a8","dd83c","0c878e681","abd65","0c9664925","ae477","0c97e2c55","608fc","0cebd18f6","5bbee","0d2f3bbc5","ce487","0de6f2b0b","cb5fa","0deb80c71","1c60a","0e0c2d269","ee1b4","0e40b8b30","07877","0e849bd4a","17446","0e998f28d","65e2e","0ede2def2","277bf","0ef5167d0","eda53","0f2e3f457","ae243","0f521669d","c9028","0f5c631cf","52c82","0fbe549be","419b0","0fcd71ec9","e4a1e","0ffab9548","a225e",123,"91dfc",125,"c2d8b",6,"d8652",299,"6e695",126,"4593f",319,"26afe",131,"e2068",133,"618ea",13,"7ce3f",134,"369a1",136,"ca5e7",137,"f2725",138,"6a8c4",139,"0a87e",353,"03367",140,"44e09",141,"2c160",142,"4e2d8",143,"fd167",144,"23a2b",145,"2b229",23,"89818",146,"5b2ff",147,"7528c",390,"eeda2",148,"eb948",395,"ffcf5",151,"95dde",152,"abaa5",154,"b8715",30,"54092",31,"e2b51",34,"8e470",443,"4174e",160,"0ca63",163,"b333b",165,"1715f",168,"ef307",170,"faace",171,"12b32",39,"278d8",173,"b33d2",490,"d0f79",176,"06d14",177,"c7402",178,"8d819",180,"9554b",181,"fe80c",182,"b3a3e",183,"a739a",543,"ff4eb",185,"7c06a",50,"2a0f1",54,"21fdb",186,"faec5",187,"2a795",188,"dd233",575,"be6a3",192,"f8b55",193,"0d3de",588,"67d98",195,"7e210",196,"4cbc2",198,"49c24",199,"230d5",200,"98fea",604,"bd213",202,"04466",205,"c3c41",206,"a7e29",207,"357fc",62,"867de",208,"6b1dc",632,"bd602",212,"e01f1",213,"ef6f9",215,"c573f",644,"e9dd0",216,"09741",218,"f4284",220,"07275",669,"cb7c4",222,"4b00a",702,"5345d",705,"97033",68,"a3c9f",224,"59e29",713,"cbb96",719,"a70c8",226,"4912a",229,"d851e",230,"a90ae",75,"1737e",76,"700c9",232,"d0e57",233,"f19c2",81,"f93b1",235,"86330",237,"cca77",87,"3baed",240,"b98f1",242,"fa445",780,"22e6c",243,"bf974",244,"768c7",245,"56dc8",247,"cb19f",248,"de41f",797,"9577e",249,"1d279",799,"fffeb",97,"dba25",98,"fbaf2",99,"89d29",100,"73f73",255,"5930a",813,"acd24",107,"96565",256,"366fe",258,"28322",263,"69759",264,"fc8c6",114,"5ad84",265,"8d8d2"],"native":[116,"84af6",0,"5bb0b",1,"53124",2,"943aa",3,"0864c",4,"7ac43",5,"eb0e1",6,"42dac",7,"8818b",8,"a9ab4",9,"68f19",10,"9da34",11,"efd22",12,"51be5",13,"550f7",14,"c1bf0",15,"ca423",16,"0dbe7",17,"bf6d3",18,"fbf0e",19,"20305",20,"22222",21,"8cd97",22,"70050",23,"550f7",24,"50246",25,"61da2",26,"b233b",27,"0863f",28,"dbf92",155,"4265d",29,"b0748",30,"07620",31,"07620",32,"8491a",33,"64ccd",34,"550f7",35,"71790",36,"306ff",37,"0a34f",38,"7783b",39,"550f7",40,"898c3",174,"0b330",41,"95a36",42,"5e618",43,"2d538",44,"ef458",45,"f9739",46,"8fad1",47,"e42f6",48,"f3989",49,"6d9ac",50,"550f7",51,"a4a1e",52,"a3af6",53,"3f7ff",54,"550f7",55,"16232",56,"d5a75",57,"2aca9",58,"f0f10",59,"99594",60,"dee71",61,"ad8d4",62,"276c9",63,"63c06",64,"e0d2c",221,"4f9f7",65,"fb575",66,"2ae4b",67,"37e77",68,"42dac",69,"bacd4",70,"c3f38",71,"abb3c",72,"d76ba",73,"d8ead",74,"4122e",75,"550f7",76,"550f7",77,"28076",78,"4241a",79,"10bca",80,"43554",81,"550f7",82,"ba29d",83,"2e7ee",84,"5856d",85,"0129d",86,"f97fa",87,"550f7",88,"10b15",89,"c1358",90,"6550e",91,"7bc84",92,"a1014",93,"6f0b6",94,"e3fa2",95,"3ae09",96,"9072a",97,"42dac",98,"550f7",253,"4edee",99,"42dac",100,"8f39e",101,"85c4d",102,"ea10d",254,"284a9",103,"58378",104,"eebf4",105,"05a5a",106,"ea5f8",107,"550f7",108,"3ae09",109,"6ab96",110,"96f49",111,"cc941",112,"e7b69",262,"828f2",113,"5cd67",114,"07620"]}}