{"paths":{"0":["Sound/fastspinStart",6],"1":["Spines/BigWin/bigwin",2],"2":["Sound/bgm_mg",6],"3":["Sound/list_item_click",6],"4":["Sound/bgm_totalwin_end",6],"5":["Atlas/Bitmap/Bmf_green",2],"6":["Spines/Wild/s_wild_feature_1x3_atlas_wilds",8],"7":["Spines/Wild/wilds",2],"8":["Sprite/g_transition",2],"9":["Sprite/bw_shine",2],"10":["Sprite/fs_s_pattern",2],"11":["Sound/prizeInfobarTotalwinAndChip",6],"12":["Spines/Symbol/h_purse_atlas_symbols",8],"13":["Atlas/Bitmap/Bmf_Red",2],"14":["Atlas/FreeSpin/freespin2",2],"15":["Sprite/03",2],"16":["Sound/bgm_bigwin_end",6],"17":["Atlas/ButtonSpin/mh_spin",2],"18":["Atlas/Infobar/text_info",2],"19":["Atlas/PaticleEffect/infoboard_vfx_d_loop",2],"20":["Atlas/PaticleEffect/infoboard_vfx_b_2",2],"21":["Atlas/Symbol/symbol",2],"22":["Spines/Symbol/l_j_atlas_symbols",8],"23":["Sound/scatterWinHighlight",6],"24":["Sound/prizeSmallwin",6],"25":["Atlas/UIMain/UIMain",2],"26":["Sound/spinStopQuick",6],"27":["Sound/wildShrink",6],"28":["Sprite/fs_s_glow_a",2],"29":["Spines/BigWin/megawin_atlas_bigwin",8],"30":["Spines/BigWin/bigwin_atlas_bigwin",8],"31":["Atlas/f_bg",2],"32":["Atlas/FreeSpin/freespin",2],"33":["Spines/Symbol/l_a_atlas_symbols",8],"34":["Sprite/KhungNormal",2],"35":["Sound/bgm_bonus_main",6],"36":["Sound/heartbeatNoise",6],"37":["Sound/bgm_bonus_intro",6],"38":["Spines/Symbol/l_k_atlas_symbols",8],"39":["Sprite/tw_shine",2],"40":["Atlas/FreeSpin/g_ui_glow",2],"41":["Sound/prizeInfobarTotalwin",6],"42":["Atlas/PaticleEffect/firework_b2",2],"43":["Sound/bgm_totalwin_main",6],"44":["Atlas/ButtonSpin/mh_auto",2],"45":["Sound/spinActiveLoop",6],"46":["Spines/Wild/wilds2",2],"47":["Particle/g_particle",2],"48":["Atlas/Symbol/ps_line_a",2],"49":["Spines/Symbol/h_koi_atlas_symbols",8],"50":["Atlas/Symbol/ps_line_d",2],"51":["Sound/spinBtn",6],"52":["Atlas/BigwinEffect/bw_effect",2],"53":["Spines/Symbol/s_scatter_b_atlas_symbols",8],"54":["Sprite/5c5bf6c998.53c2a",2],"55":["Atlas/PaticleEffect/tw_num_particle",2],"56":["Sound/symScatter",6],"57":["Atlas/Bitmap/Bmf_yellow_small",2],"58":["Atlas/UIMain/ui_footer",2],"59":["Atlas/PaticleEffect/infoboard_vfx_b_1",2],"60":["Sound/spinStop",6],"61":["Spines/Wild/s_wild_long_atlas_wilds",8],"62":["Particle/tw_coin_2",2],"63":["Atlas/PaticleEffect/firework_b1",2],"64":["Sound/symShrink",6],"65":["Sound/bgm_bigwin_main",6],"66":["Particle/CoinParticle",2],"67":["Spines/Wild/s_wild_feature_1x2_atlas_wilds",8],"68":["Atlas/PaticleEffect/firework_a2",2],"69":["Sound/menu_icon_press",6],"70":["Atlas/Bitmap/Bmf_yellow",2],"71":["Particle/tw_coin",2],"72":["Sound/symWild",6],"73":["Sound/fsTransHide",6],"74":["Spines/Symbol/s_scatter_a_atlas_symbols",8],"75":["Spines/Symbol/h_toad_atlas_symbols",8],"76":["Sprite/02",2],"77":["Atlas/PaticleEffect/ps_coin",2],"78":["Spines/Symbol/symbols",2],"79":["Atlas/UIMain/bns_mtp_glow",2],"80":["Spines/Symbol/h_cracker_atlas_symbols",8],"81":["Sound/heartbeatSlowdrop",6],"82":["Atlas/Symbol/ps_line_c",2],"83":["Sound/symCollapse",6],"84":["Sprite/04",2],"85":["Sound/openSpinFree",6],"86":["Spines/Symbol/h_lion_atlas_symbols",8],"87":["Atlas/ButtonSpin/spin_vfx_a",2],"88":["Atlas/UIMain/bns_footer",2],"89":["Sound/heartbeat",6],"90":["Atlas/PaticleEffect/firework_a1",2],"91":["Atlas/PaticleEffect/fs_particle",2],"92":["Sprite/01",2],"93":["Atlas/BigwinEffect/bw_coin",2],"94":["Atlas/FreeSpin/g_ui_shine",2],"95":["Sound/spinFSTick",6],"96":["Spines/Wild/s_wild_feature_1x4_atlas_wilds",8],"97":["Spines/Symbol/h_cymbal_atlas_symbols",8],"98":["Spines/Wild/s_wild_atlas_wilds",8],"99":["Spines/Symbol/l_q_atlas_symbols",8],"100":["Sound/symRouletteEnd",6],"101":["Atlas/PaticleEffect/f_particle",2],"102":["Atlas/Symbol/ps_symbol",2],"103":["Atlas/Symbol/ps_line_b",2],"104":["Sound/fastSpin",6],"105":["Atlas/Infobar/Info_bar_effect",2],"106":["Spines/Symbol/l_10_atlas_symbols",8],"107":["Sprite/g_ui_shine",2],"108":["Sound/fsTrans",6],"109":["Atlas/ButtonSpin/button_spin",2],"110":["Atlas/PaticleEffect/ps_particle",2],"111":["Sprite/05",2],"112":["Sound/spinFsStop",6],"113":["Spines/BigWin/smegawin_atlas_bigwin",8],"114":["Animation/ButtonSpin/ButtonSpin_Normal",0],"115":["Animation/BigWin/MegaWinLoop",0],"116":["Atlas/ButtonSpin/button_spin",1],"117":["Spines/BigWin/bigwin",3,1],"118":["Particle/CoinParticle",3,1],"119":["Animation/InfoBar/NormalStateFS",0],"120":["Atlas/Symbol/symbol",1],"121":["Spines/BigWin/bigwin_atlas_bigwin",7],"122":["Sprite/05",3,1],"123":["Spines/Symbol/s_scatter_a_atlas_symbols",7],"124":["Prefabs/TakeItem4",5],"125":["Animation/FreeSpin/bns_mtp_glow_win",0],"126":["Prefabs/LichSu",5],"127":["Sprite/03",3,1],"128":["Prefabs/EndFreeSpin",5],"129":["Spines/Wild/s_wild_feature_1x4_atlas_wilds",7],"130":["Atlas/UIMain/bns_footer",3,1],"131":["Prefabs/EffRemoveItem4",5],"132":["Animation/BigWin/tw_num_particle",0],"133":["Animation/BigWin/MegaWinStart",0],"134":["Prefabs/EffRemoveItem2",5],"135":["Prefabs/EffRemoveItem3",5],"136":["Atlas/Symbol/ps_line_b",1],"137":["Atlas/FreeSpin/g_ui_glow",1],"138":["Spines/Symbol/h_cymbal_atlas_symbols",7],"139":["Animation/NearFS/NearFSItem",0],"140":["Sprite/g_ui_shine",3,1],"141":["Prefabs/NodeAddShuff3",5],"142":["Atlas/PaticleEffect/ps_coin",1],"143":["Spines/Symbol/l_j_atlas_symbols",7],"144":["Spines/Symbol/h_purse_atlas_symbols",7],"145":["Spines/Symbol/h_cracker_atlas_symbols",7],"146":["Spines/Symbol/h_lion_atlas_symbols",7],"147":["Prefabs/BigWin",5],"148":["Animation/InfoBar/BigWinTotal",0],"149":["Spines/Wild/s_wild_long_atlas_wilds",7],"150":["Particle/tw_coin",3,1],"151":["Atlas/Symbol/ps_symbol",1],"152":["Atlas/Symbol/ps_line_c",1],"154":["Animation/NodeAddScatter/NodeAddScatterBlink",0],"155":["Sprite/fs_s_glow_a",3,1],"156":["Atlas/BigwinEffect/bw_effect",1],"157":["Atlas/ButtonSpin/spin_vfx_a",1],"158":["Prefabs/NodeAddShuff4",5],"159":["Atlas/UIMain/ui_footer",3,1],"160":["Prefabs/NodeAddScatter",5],"161":["Particle/Coin",4],"162":["Sprite/bw_shine",3,1],"163":["Animation/ButtonSpin/mh_auto",0],"164":["Prefabs/SpinFreeSpin",5],"165":["Atlas/FreeSpin/freespin2",1],"166":["Atlas/Symbol/ps_line_a",1],"167":["Animation/BigWin/BigWinLoop",0],"168":["Spines/BigWin/smegawin_atlas_bigwin",7],"169":["Atlas/Symbol/ps_line_d",1],"170":["Animation/BigWin/SuperWinStart",0],"171":["Animation/Symbol/EffectTakeSymbol4",0],"172":["Animation/BigWin/BigWinStart",0],"173":["Particle/BigWinCoin",4],"174":["Atlas/ButtonSpin/mh_auto",1],"175":["Spines/Symbol/symbols",3,1],"176":["Atlas/Bitmap/Bmf_yellow",1],"177":["Animation/Firework/firework_b",0],"178":["Animation/Symbol/EffectRemoveSymbol",0],"179":["Atlas/PaticleEffect/firework_a2",1],"180":["Atlas/PaticleEffect/firework_a1",1],"181":["Prefabs/NearFS",5],"182":["Atlas/f_bg",1],"183":["Prefabs/EffRemoveItem1",5],"184":["Atlas/PaticleEffect/firework_b2",1],"185":["Prefabs/StartFreeSpin",5],"186":["Atlas/UIMain/bns_mtp_glow",3,1],"187":["Particle/g_particle",3,1],"188":["Spines/Symbol/l_q_atlas_symbols",7],"189":["Spines/Wild/wilds",3,1],"190":["Prefabs/CachChoi",5],"191":["Animation/Symbol/EffectTakeSymbolSilver",0],"192":["Atlas/PaticleEffect/f_particle",1],"193":["Animation/InfoBar/NormalWin",0],"194":["Animation/InfoBar/NormalState",0],"195":["Atlas/UIMain/UIMain",1],"196":["Atlas/PaticleEffect/infoboard_vfx_b_2",1],"197":["Animation/InfoBar/ib_scatter_glow",0],"198":["Spines/Wild/s_wild_feature_1x3_atlas_wilds",7],"199":["Sprite/fs_s_pattern",3,1],"200":["Atlas/Bitmap/Bmf_yellow_small",1],"201":["Prefabs/NodeAddShuff2",5],"202":["Spines/Symbol/l_a_atlas_symbols",7],"203":["Particle/tw_coin_2",3,1],"204":["Animation/FreeSpin/SpinFreeSpinStart",0],"205":["Animation/FreeSpin/desc_gamble",0],"206":["Atlas/FreeSpin/freespin",1],"208":["Atlas/PaticleEffect/infoboard_vfx_d_loop",1],"209":["Prefabs/NearFSItem",5],"210":["Animation/FreeSpin/ButtonStartDisable",0],"211":["Spines/BigWin/megawin_atlas_bigwin",7],"212":["Atlas/BigwinEffect/bw_coin",1],"213":["Sprite/04",3,1],"214":["Spines/Symbol/l_k_atlas_symbols",7],"215":["Atlas/Infobar/Info_bar_effect",1],"216":["Spines/Wild/s_wild_feature_1x2_atlas_wilds",7],"217":["Atlas/PaticleEffect/fs_particle",1],"218":["Sprite/tw_shine",3,1],"219":["Prefabs/TakeItem3",5],"220":["Animation/Symbol/EffectTakeSymbol1",0],"221":["Animation/Symbol/EffectTakeSymbolGold",0],"222":["Animation/FreeSpin/StartFreeSpinHide",0],"223":["Atlas/Bitmap/Bmf_green",1],"224":["Atlas/ButtonSpin/mh_spin",1],"225":["Particle/BigWinCoin2",4],"226":["Sprite/02",3,1],"227":["Spines/Wild/wilds2",3,1],"228":["Prefabs/ItemSymbol",5],"229":["Sprite/KhungNormal",3,1],"230":["Atlas/PaticleEffect/ps_particle",1],"231":["Animation/Firework/firework_a",0],"232":["Prefabs/TakeItem1",5],"233":["Animation/FreeSpin/ButtonStart",0],"234":["Animation/ButtonSpin/ButtonSpin_Click",0],"235":["Atlas/Bitmap/Bmf_Red",1],"236":["Spines/Symbol/h_koi_atlas_symbols",7],"237":["Spines/Symbol/l_10_atlas_symbols",7],"238":["Atlas/Infobar/text_info",1],"239":["Spines/Symbol/s_scatter_b_atlas_symbols",7],"240":["Sprite/5c5bf6c998.53c2a",3,1],"241":["Prefabs/TakeItem2",5],"242":["Sprite/g_transition",3,1],"243":["Animation/Symbol/EffectTakeSymbol2",0],"244":["Animation/BigWin/SuperWinLoop",0],"245":["Animation/InfoBar/BigWinNormal",0],"246":["Animation/FreeSpin/bns_mtp_glow_normal",0],"248":["Atlas/PaticleEffect/infoboard_vfx_b_1",1],"249":["Animation/Symbol/EffectTakeSymbol3",0],"250":["Atlas/FreeSpin/g_ui_shine",3,1],"251":["Atlas/PaticleEffect/tw_num_particle",1],"252":["Sprite/01",3,1],"253":["Animation/FreeSpin/StartFreeSpinShow",0],"254":["Animation/FreeSpin/EndFreeSpin",0],"255":["Spines/Wild/s_wild_atlas_wilds",7],"256":["Atlas/PaticleEffect/firework_b1",1],"257":["Spines/Symbol/h_toad_atlas_symbols",7]},"types":["cc.AnimationClip","cc.SpriteAtlas","cc.Texture2D","cc.SpriteFrame","cc.Material","cc.Prefab","cc.AudioClip","sp.SkeletonData","cc.Asset"],"uuids":["038U4luB5O6oV/WBHq48h3","07VFVSXnZDTq0AFcBHeHbs","08bga0kXNA26MdTNOSX2Z/","0aJGpFBzhDqJnJV9bRIhlJ","13HlXv+QdDnaNnqlcXErmR","13gPRE/vJJOr0vgoMH+rMi","1346p47XNHIb4DZrQFOBGz","15kXZNRBRKaZK36n1zwFRB","1bIwiBGFhBPrlBeVr+KXvN","1bRmgC2IVFIZ+Vk/G51uk2","1c3Xdg0SZE6bvPalpr2WbV","1dtlg9xWlKJo7MabIEdLQT","21s+hvoTBF1p5ad/E8N2I2","29k52/xBxFLLodRL3UgjDD","2bdAjCR5NL5peaszmvh6dP","2ci84KGJhL5o3Q7dZ81eRl","32Yh+jWM9CkYbWTcotPtHu","33HfwWuDBKn7JdBT4QQWsv","35Eqm4p0FH65rM6dBYXKhH","35ceupk8RPioLSbD8bXHHN","38w6cf5XREiq0bgscCNn3v","39V7ui+UhKsIC9HR/3zXW1","3a2LO9A1tMmbLwZVvR6QR/","411NuIy2NLI5j8q3p5yQQe","42BuBQQDtHF7P6JbvF1JQY","42GWdd2flNJYHKPgONnT/y","42qqJvsfxJ87ieEM5T5d8n","47NToRWW5IebCECdRyY48F","4b4JHK7eBGepMqM/N743cq","4eKZ2SdoVOvL4n/VSc4jhB","4fXj1XTjBHVIamFbvNNDPs","50NgkJDf9LcIg+oV1hhFgc","50Y1smxZBH9YXZ62e6uXxy","54h3KvdOtMlKCvHk5SjIde","56LFtCAOJAg5oDqbv//WHX","59y5tQbo9FdblWAyE974xe","60AdcCH6dChLKfGrhhrdWt","61waMvErdLUZP5q/EO9fc3","613y94NBNAtJzgMx1WqRxC","63lwYlkcdGkrH9u9E5yBnV","67StiT92VNLZwitxkxhyVk","6bK4yHPpdMaK6l4m+2r+B1","6beB+EURFJjZ0JkGap/AiZ","6fpEIrk/ZOCqpsyVLBNNT5","71C8ROxxRDcLs0m8Zf4pmC","76F0XouV1Cm7JXlbv14jcc","77yal7iRBAAoGh2+lgRCCn","79UVMaTXRNlIf0mq89V41W","7anAqD5z5Iy6nHq6/GZrJl","7d3JrA8P5Kha0FvDIFOUjV","7e0H5lSZ1OZ7Nv0nv/Q3Uf","82MT3ao4dBLISrp27ukv6T","84bphIQG1C247GbowPxSx6","85MhkuMAhM5oU6Adas7cBN","88o6g4vFJCTLre4letF6wx","8bKt/5hqNFwbPHZwGLEdAt","9078HDEgNAloMqV7hji38a","92H6G/WIxEgoxIaAhchYzw","931hzsfYhOqKvEWw9y2JwS","97VrT7UpNPQYGRcVwzGKZG","98YBoeyR9DF6ji9K7ifaww","9adJ6CFyNAbahH6AvY2FY5","a50l5l+exAoZ+VCFFtrPoh","aaZGCdX31PXYUglbW+AtcS","af3R6wyxJLS75WuwP9hKyl","b1PEloiuNOcptYO6clLrRg","b1VutR3SFNsrEvcQna2xud","be+Ne4KwRMJqUVghqR+3Vk","bfLI4J665OoafMeAV6uLQx","c0tIisciFEj6FmXRnMMaVN","caAcNQ6n1FabcUG6tu4Zy4","ccCb1OAktEjLqNICeJy/UQ","ccpl4cd3xIyalzD0ndytEN","ccrd1sn7FGLac68CUJ0jYj","cfmdUJozRJHLflJwbHWc4L","d0FQveTJ9OcZ5ByOUQcA/p","d0VNLQGtpD6YMTZQrtT3yE","d03Cw/5fpP2Z3g2NcUvccF","d2P+KOSB5BX4kYeS26ihfx","d2VDcjUdFNFYKh3ZWlRpW7","d2WtSwbQNJx4rMghQkpyxn","d3TLPMIBZIMovfw4znXQh2","d5soexkrBK6IjQFjwum0s/","d6lIS/NFBCWoJ+ZPAMKMU9","d8+70Hm+9FzIX+ckjovshX","db8Uxb2DtFfb8eSeNnQb64","dcoqgbB0pNPqphb0RqOzzz","dctm2kkmZGs75SGNIKtKzm","de2uhgsolJhqNlK5qfWSJk","dfXrTJ1pNBKaU+q4ygfO3t","dfsiqadYdFqZ5pw5Lbtbja","e21qjmmEVObah8Xmh00Vhs","e4HHJnm7hP1q0W91VcdKpf","e44B2sJghE95lFOwevrRlO","e5oYgXbBZCEoWrVroMV3yo","ecWf5ObrRHFqLKy6UZ6vIf","edtyQpRn9G5K5yujs4+aqG","efw8R+4M9AM78EzgOK1GC+","f0gBis/Z9IgKtIg7yvd0rW","f2NLM1PzJN47Pv7HYqsxoX","f2SJzo/FxOBYjYm7nkH7s/","f2i8hxq49FD5+ccQf7uG1i","f3Uad3IYZPc7R28XNkUh0H","f3aUL6M9tDSoJmHnMLATes","f4Zmd441pBZI+NTUNhL1fg","f5OhWnLQxAgIWhJdaJ53ve","f6SnnOGutAz7rijFJNvzQl","f7fcmqrGZK3q1KbQqodrsH","f9UO8VCTpFjIIA5crWVjf2","f9bCA0ppJGTKPsm2adAVSo","facfIYfbNAIaqBF/P4LOWf","fbH7fids1DQLtA2SqCQbXv","fdVFMHX8BNMqvuToTdarUH","fe/aMHYhNN2YmprLXVtiIr","01zdT8Tm9HMpXYFD1yGB+P","02oRywLpNHxqXzpXkeD4mv","02z0E2wWlKqKSLkJeotR5K","04KqeBqFFF5L+7EBivfYTR","09XLQbsfhNo5Xa99rE/Dqj","0b0tcnRlBGoojrnwaedANh","0fZdcJQupISJMKinfB2fUJ","10hpJCZxFLWZ/Z3V3QPGq1","1174SzezhEbrR5oOmnAJjG","13j3628hpPmph7sIaKK77e","154NjmRrZBC4hS2Cwi7WpT","1b/AXZUtZAsYrvXlUt8aFa","1cg8EpliJPvKnW44+kJJ/1","1dAJEFu9FHabfeB39rijKh","1d9QKlh0VEJJlMRpTl7Ll+","1eNRH+0DdDzKZAhnEqyRsZ","20YVoGnvZHuKo8CmjNC4eq","20kvKngU5KX7TgXdwMzd1N","22b2bxaF5K3Jpido71LO9T","23I8WtnjFMm6C1pPvf9nJ5","23iSj41a5CMIbHONpTLcqq","26yuSwD8NDVY7evZ8QI0Y6","28pXEQOUhMA55hwiNQ34oV","2cmtRUxCNDH7R7RxVyEWnb","2dgcPJYqRGA7qrhgplI6Vn","31ECXsHopBboX7XGt5pqfp","32pV2/cV1CYZ4E97c36joP","35mLkkusNCwZvcsDUqNDL2","36Yjvr9P5L25UQCm+56zrL","380lSLBV9I6orV1TpWTXdG","3cA65N1E9IpIcMk6jyHxzV","3dADf6fbdLao6jnJ42/P/s","3fel9t4DdGu6W96TBqu4A5","3ffgbbbjdFDbsBy8vD/+gi","3fnchReEdIfYU23ObVHSXr","40bXkVQ25JCYh0Dh+Id5Be","44u7d8XZFLO6Dq4ykV81K3","46ZdRbFXdPH6Kfmy3KlQGt","46auq0ZWBFdKuzS2xiTsaz","48FzB5HpxPi7Rjom+cygoD","49IVSUUgtJlYVq45HvyqHT","4e23lGP1RO4Kv6gTF11wRz","52WYx3FU5AnJEbRa2T/qJz","525bqx6yRB5q03ay/VWNGi","57EZBV5dBLLLL4N6tsgKEy","58ygtsA8hJj6/8cucPPTzl","5alLoYfZRB8589z7od+Fwq","5bDKf4SJ1M2KKVXTzwNXf/","5bcMZ3f9dAnIvXiDl4I85O","5cH2G5QMJO+6gFDp8Y5Dey","5cIb2TgVtFRY7foCTrSS7j","5d4xrS/p1Nza7tBAO+/+sp","5d6kCJla9P8baDmR7DfQaH","5favwOtrZNxaxqR7sa3PBF","5fcic3vJ1JzbpoUafNxbzl","60rZbELX9ImqPuIU3HW48N","63+SBKNPlA+KEZ3z0avQes","64l6vWKPFL2YaQocPbYpbT","66dALY5XFKEqF8/n1qROPn","68AxU7t/pJRbnMgfI+Vxri","68L1zoWyRNrLCNyHOBAeYh","6a33y10ahHd5ZUNKuNI1uJ","6cB1ew/LROLpMP5ZJM+U9v","6eNW89hWNGqbThZPk/X55T","6fgZ3z+Z1BXJFFOJEskesr","7994x5Nj9BZ49ouw8VsfvA","7bPmCYeGFF5r05YkoUKCVP","7c4mUU8TpAuJhSgu1NonU5","86gUM0YSNI4LRWLk9mbOPG","86mwW3jdRMRoLMCWKNrZ2W","87K0evTbJIbIF9mzxQi++6","88AtJoqwlAAr7mlu8IsseQ","88GAfoFitE6I65zcKkCBgZ","8bNx0u8FtF2ZEJquyvCm5G","8cTtNr68tICr+CiZFVWp92","8dFOc8bDxLCaS1pBvY+O4j","8d4xPvHudEla7Jp3C6byl1","8ez+HewT1HO4Nx249xQ/B3","90DIxOklZCx41qohhT5m+L","90TbYXEGpOPLsKowkjnViz","9021azZupOw6UGJaZppKzY","93DAaWG8RHn4eICtjUlmS6","93ZcXSr5hLuo23Uc/uY43p","93xYmFfANEOadDYibf2naj","96QqP2diBK05N5gdeqWF6e","96W3wKpONLiLdX6LwVlUIr","98WsswIjFNC5YcKaVv31Gy","98trE7thFHSqdFktv/c2O+","99pL2GF1NN2Y95MVwWHiFM","9aK6lk/oZPQbUt/eBx9r32","9eSr7tbSRIFJ49BxNAe98Q","9ecQvm6wtMOr+4OYjF4BUe","9erIjq7AZNZ65GLn+DLs79","9f+WT2zvdHYIRlX6U7Nbsu","a0XcBhWW9DyYw4Uxi0bl0v","a2B2dMg5pEybXJ73KVFptb","a3LuNtA0RPsphM6iQeEKmd","a3VfMHXbhPAIR5vx8/pwVU","a5aOxxFVlI8IhesE6Rstrq","a9V5NqNGpEVYfmptTFIJU7","aa1h2YvelNcZAMFMv2dqEI","acxSwVJfZIXZmIrJK4MlmV","adBTNiZOxBSaqv9ii4Kzjh","b5A/f77CFJG7u0mtcCKC2b","bb8q2yce9LlJ0jtpJQF5kg","bfO8pKInpEN7tJZkEC3n55","c4OzFtyu9MA5fwMKhPNgJt","c4uxjCqFlMcaP+vwerc65p","c8W+hDOQBI2bncdNEyHmuJ","caBun0A0dByb1NQrMeO5eJ","ccy9ccMfZE3qyTtHkyvMbn","cdHfJOrkNLw5LA33sVnZyP","d0KpxQFxFJkIIlIUC37OtO","d0ePbgWj9EnY1rNlQPpVc2","d1SM0ykOBCm6xKGKMyA4bZ","d4JWlYVhhPAoA6De/AIzdk","d6RJrfJCJP56PTcnZiR6et","dcHNhO7KNDHKTesMjGhloZ","dckM+C1zpApKVRnFdV9Oaj","dfDTuJVWJN7L+M2Gb2nvD0","df3dNeBWdE86zssaHRbZVh","e0AJ8Nj4hMmYEM1OHBa9ky","e0+uhGF1pL5rh9EMXssdCE","e3PGa3lqFOHYOWiuT5eu/u","e3qBnGdqRH8pUYv34+LS1/","e3zBLwfP1E2IMmKJiITAWw","e7CxnIDvRLS7GIM7Je6aKK","e7fqCssypGb7XwurMswbcZ","e9c8FyAvdIzIIcXw0sF/Zj","eca7lYQPVOWbMq8kd4tNu2","ee8vgcAxdHS5ArAGHwAg5q","ef5LZH2u5FJ6/Jug8lLsoe","ef63BkkA5FdJSX4J37+jCN","f2+6cAyDFJsbT3BwIjNOWK","f2/P5j44hA4pwU0HN/weov","f7vDxtGPNC9ZYz5haXCygF","f9wwHYQA9Gwr5SXgcKuuz+","fanDwoNfpKQYqlhoaDhLWT","fbQy+PWlJOfbmNV4bS+oum","fbcCB8S0lM6ZBwjamVvseH","fbcCbJBM5PVZHtClTKDC2/","fdGwu/ex5O56RYqF7UJ7DV","fdmGtiWt9PsYZxKQ9YQm+B","ffCIyBsTNHLIlYxSJ4dycx","00WqBFGilLrZmFxC65kw6e","00YCCRezdFsYwVviId7nhP","00nFZl5K5FRp99TqMFEdT0","01gbQpF8dAG5KteExVRrZF","01tv042vFA7ZkRLgIiP+vy","02pLseG8JH073ZZf62XYEG","04RBzhVsZIR7NBr9AwESyw","047+OfhV9NJZtzWnC6lonX","06IHUVe+9E9r3nhA36TxEr","06znO/5YVDrJa4kei+swyT","07pjxWlE5N4KV2S0QE/O7W","08BJ3ZVK1CLZ5XlGOXM0u/","080nV/mLZGA4wRiSGGP0K5","0aK85Ip/9B9pVb6zJes4t6","0alIIOQzRFP5eCW5UO+xfq","0ap8+26nlNaoTe+Ehz+l0n","0bCGrg/SBMSp7tk1K5d2Jm","0dIhgfPzBLYqcAj9BdEyUW","0eD2lELOFGo6hIK+98bIzf","0eJQTNiONFhZ1C/v2I1pzv","0eK3BQ2tdHeZ+JtuLJ2C/s","0eV3IBmg9FV7CE/psKHgjY","0ebiLXwsZBsL9sKOsJAtLo","0fgTLxA+1IOpinhX5ieP5k","0fwZ2bfURGw7sAY06cGMvx","1082lm4I1CWKnbrrN52Xaz","11hMHALhxM75kdD6lY86UA","1193/r8UVIH53VE3GG6zS6","12ZSv612VHIJ+yrsTdcq+Y","127Sc3sOdL7JRHsU/LA2b9","13RAPjOV9JOYEuXla3ofoq","14MvKZl71GMqEGkMD5du1l","14vH2up+REVbDkvfRdjabS","141abqvIJJUZz7P7gA9x9s","143vJC8u5KGa75Wl7lSyLr","1430wNxJNK0Y73PccVY+Fh","15OfLXgcdMKJ8+AJ+hEtdY","15dvz91ddCKpgwPWRY5K2Z","15sY0XLgpJ+6/GVxMJ4owD","16GmYfK7dAo7/6OjFSIqpm","16Gqi6flZIIajfgcy3G9kJ","16NdHVv1lABa574sHjz5ub","16aREXjfNHD5Gzcj9k/YsU","17Dxq4UXlN9JbOJ7ok5LZm","17U+qQnrhMM6PvQRA/AkI5","19QKRwRaNNIojuBq9+CzOx","19rm4bHZRAZbrC/0wkPDX+","1asNe8K39JKo8Jf9v8xOsz","1az6I1Si5GYovtrM2q29A1","1a4eStZrtLYYK92Demcs7g","1bE7qmJtZH3YxnQwzZnxZ5","1cZediJLlBwJjCYqIZaVyy","1coo0ZoZVMMJiwdqQTNPFR","1eHU2h7jdCKIc/2Qvm3/qz","1eXeDxFD1MFoYEWTsi018E","1eyDMYuYhFwppPvULPoj6a","1ez5Xd44RMOJjMX+ZGfN9W","1e0oSreYlCIIpmVPlZtPHR","1e2iKAA9xPQ5hHfbKnIOmm","1fxioiES9OxoaSkoNsVZ01","20CS5NTulKdKm/kLiRCNJz","20De/VpDpKibI4HTvKxbUR","20G1SoCFJG7o0H5ptw2V5v","20b3JzPQFGV7zbB01JCWOx","20160+NNBAOb7xSxp6WrJM","21eWWltV5CuaMjJelcMQ2D","21gV0e+g1Jv7xSJzZphqQN","23jxL4HgBCELxEniq49Ozq","237stt+bhBa5vCsi5o1/5j","24Iq17Br5GfaEjRbq2BZu6","24NFE8LR1IJqBGTFU15bBl","26BoX/VI9HXZGArocCgLlX","28T2F7s5VJgoYPthdVWGrc","29FYIk+N1GYaeWH/q1NxQO","29IuCT6t5KbrWXkrT3UsfK","29S+5LgpVNwa5o9NVjljDW","29mYqEky5KA4zsWzjaRWLL","2aH8udpKlDRYxlTLOvPEqm","2aN3qGzidAkYPMdRKU3siK","2ano2aIntOPK6MFqImSjDr","2b7HPZxq1DKri0cHWwzR59","2cHU99ow1MwJPZ4+ABoAiE","2dC15FTMpEpa8CABU9uYoe","2eDIgO739AGr/nOYzgItDY","2eExTnzcRDb6aWumscrBLK","2evBrwWfNB+KNR/13d9+mP","2e4KKXekxK2pkK3Ql4t86A","2fUMtoXL5JrbVqTALpvAXy","30ODiwccVLA7/eCJvDUws9","30h0QFP75Dl7VTELcYNBki","31Rg4Qyv9Kx6e9MDWAmEqX","31TYE40SNFgrpxFiiwp7/p","31ccnO8WJHPYVgbA1yEOBQ","31kJ8DseRNrpnRh2j2UgIs","31nogYWp9Eeqyv/aoIxBpj","32VsrPEg1KxLzQk8Aof4Qx","32f+amp1lEXrD9PiqG9Rb1","32o5hyXwRJB4PJu+Jz1oxQ","33W0zXXJNIEJ9TP9+GdOAu","33sOXalqRP+LeKQE7BKW4y","34HXDggqdNB754VfiWE3Gj","34JUZZDj1FTrNKQaYejeqz","34ORjwFvxOHL9lPe/SQ+Dr","348lf651hBZLq5SAWSAZDz","35rfTxN3JAcJunbXhxXBAJ","37wrdcXbxMtpz+UC74X2pY","3740VQYiFPMKa2J6+o04Pd","38c+H7EsxIPrkKJFRCbj7V","3aHaB6QBVBhqpMAKIviDLw","3ae7efMv1CLq2ilvUY/tQi","3a20rQrxNGebrujf6qmpZI","3br9x+G81Ej4j12rsJdAHs","3cG/aZjopHx4sFZkHKNqwn","3cHQ9g9UZHmJupu6H4JC1w","3cZ5VESWxNBqVnWqilARBP","3cd3avuUNJl4P301WxcJ5V","3crvX/vopBYIj8U90y87oB","3dFOiq20NFJotDZRAzTvAR","3deYdMxitAXrmCrnEPtWiT","3d8erXpxVCdrMJSdQ6uwO7","3efwQ7i/lHlJb0LrFj8NQq","3e/ilA0ctPhakM318rfY/e","3fL3w4TP5Db6uWmKbQ5JdH","3ftRD4iENOOaeyup1amN8N","402l8fBVtIBoZtTHAgKzfy","41ADbapuFOvaCl7hZRIXGQ","42Ixuhm95HwbWHVVKD2FML","42wzajQx1Dx7fedH8Ep/Wx","42zScRMNxP1LQFk11im75X","4272mTLHZGv6xZG1Alqlea","43WLxwb7pJmpdeyzX0ENwx","43pJMYYeJCeKFfQOWFajsD","434TBAfp5DgYtBEMCg8xMq","44UR5NILZI+LKyCL/Nh6+O","44mGSHSpJBS6g+2cdqh7QG","44q/MmwelIIIYcwWHexYMA","44q/Z6hgFFjYlf60NPWx4k","44/rq/WQ1F564YAk1GQEte","45WaihYyVHcKwdOgcM4ruj","45gQ6N1BtNfLqTsitXKND9","452DsSmrZEL7LVhquJg+5k","47SxQF6gxEe5BWdqYX0Pyk","47/lN1ix5KrLN62D/24gVs","48fP+ASSRCc6sLT6DNhsBt","49PY4b3v9FybJUCBYdiJvl","49Vx69chxCz7kuqHnXbWAD","495M1TaghKF6O2oTwb/oRt","4aR4LMr3lMMYOm5E1q4AgF","4aSunagEVIgJs4SsTn6eMX","4cYizXuJZMcoxZuaSDSoFy","4eSw9KWTdI6YaJwnzen4T9","4eW7vitVdHCpITH6CRW7TJ","4eanf6W45PNahbTiZD+o1c","4e86tigNBAoofmaXaakLC9","4fYeEuKZFKz5R2qvqq06G2","4f9FFN3uNCdIaR/rzUrJwA","50RbcEqERLtpkY3pgU+MIe","50cOAAtX1JKq7KdQbROy+D","51MbohqGlDkYs1A+BgPhPq","51ghJwqMhHfJeOyqUQnLKM","52LPTZV4RDW4pJ5R/VBY0P","52Ow/odqBCd6j4C6Yj/MlC","52jf9NZGpCoZ0Fd3nBKRm7","52keVFHypG7rbFMM+roMP3","52xyP63LpO9oaGnsXdY/CM","528zbdnJ5NIIHdFpTxkt3x","53A8K9QDNKZqJXu+sOcte5","53fGow7rxDwawAE3aWUl48","54753cI19OwZzR9LWH5nvg","55A9JGEXBF+5N8TSnhFy5d","55o5IDfBpCR43QkJz1O+B7","56dM27OqRLvJ4+drtQhv9A","56qvf/nyxEVoAxdPZKUBWI","56+ASNLzpP/ZV4dZ6DX9C5","57Y5AfDVtDsaSM8PhkQ5Nh","57sabS3XdFiqXwTvgX9vro","575eqly7tC7Z4uTvmSszIM","57/gFBbtZAyZtebY+DjPIA","58BTg2PB1KPKpcFDmUMpnS","58u+lJRthGvY8H82eZy/jw","59KPSTTs9Do5uVYrwsJfdl","59Lsm6DHRDBarw+yCVPQm5","59fnEQt65NdZ7+EuUv9mOT","59gYNoI9pMN4Lycm+9FjCu","59snZMZddKXoPO6FWpncEX","59zkWJ5XJO67TdT3ikp1Dj","5aiCo8BIRBHYMJqXb9Zo3h","5bZ4KpKilAxJi4UpdQO+p3","5b7fXS3lJKppf5+6+CHH6A","5cCGrv1rdLC4QEErAVg530","5cO7kybDxGj4ipyMYdRYZB","5cocqeEUxDar3dBUopbWk3","5dRrx3MtBFQKAcFkcQFqca","5dhHluUMZMUpp+UePuJRAv","5eGozNT21Gy4Ub8lwxoNlT","5ejr31Wj1LkoqWGU+2IDxp","5euHyiv0xE6JdqcXTEBTo+","5fEB/eAwVM35ewCpQBTm83","5fku9FkVRGdKItb8r/gLg0","5fo/xEykxBA4Y+OE+oqZkv","5f5dyqtRNNxaFmVzYns6FZ","60JYWv3BZLzr8WQSwT/0bk","60tiE0VlJITo85wRNlPdUM","601sTsUTZBH5/5eKj5hRyY","6024vXU+JFYp89kjo5iE5c","61Acv7NdFH1JZMZmkGLSUt","62KWLBNsVJuJxsqLiCp6aa","62aO7OySlKjJdr3NyrcG7K","62oJM+s9xPk5tzCgDQmwtW","628zGnNvFLz42G9evKYyF+","63Iz6xLKhBmZYYIOWainhG","63Ooo0RkdFXoKBNOsFZaFR","63s1KFCaNFF7xFn0hQavNj","64DsUB7OBCxomtd4a0VgcG","64KHB3iHlEI48V8XufzhQa","65Jb8SFvpPgZffQljQeqrs","65coXQTz5AGZc3K/1LJoUw","68Qye0BCtHzbhAGC5rcx4P","68TVTCgotEM40UKVhnotBi","69qxGfFsRMpIxRFUqAGdRV","690SKoWr1Dy460Bl/6momO","6aGj9oDURKa70SDCLU6vAt","6bELiQyWZNd7yok+jKW0ys","6bgNQ+QyhGn7qypoROBNRb","6c38wPO+VECaHtod8N8GkF","6c5R78meJF+ZELk1y+pwX9","6dzU4quOdBWKLT1bTAedHx","6eSohLj1NIDIQuhJFHxK2M","6eobdoN7hLIYoTeyX35GAt","6feoWS2+lLJagX1gsvBTQ6","6focGgOBhNdZMt01HelTPw","6f5FNhIthM/4+lrMmoLAzL","70FYOmWvRKl7GzCCG/RVJs","705Ingr+VOmpbN0RbPo6eq","708bblMQlFVYvPCSzkE1DZ","71PFnH4INPyIGymM3f69UP","71TfquIVFC0qgHx5w13K6U","71Xaauor9BprKib/WmJetS","71lynZCENDTJ6ilZEDhEes","71p1RLvSpIErdrYoJZ5rYo","718YzujDlAkrXtbhfQRSnW","72h4wmJp5OdaRvOPad2Cq9","72jr1N+yhFrZ6sVDiXkAN8","73I/LUOShLU4b4e81VHHJi","73K+W3EP1JDocuRlH3srRJ","73qLfXx3VJKbTswDVXd2MW","73zxTEhmREaLIeVt/inxRc","74IXwgWKxG7IjROmEXakdw","74dZIoppdMQYsxweor7NwH","74m8ELibtDLr22DouRWGE+","74xinPh0pMBa6iBtAVh/D8","746chZmFZG3p9OysR9EzfV","75Ktw3BUdFv5dPdB+uRViF","75LmeqEr5K+oNIHCBaF1JG","76aQ/aTchL0pmuyyIVGjM5","76gQ0MR51IA7Uvv2dVGbvt","76rNQ2wsZK/qI8xCwQXy7Q","769eaB2adDsZqWDmQNJ/CY","77Ue7owXtAVIV9l6MdrXC6","77fml70hRORLzVvp8qMo1I","79zK1oG6pJRbwUwtIsNY7w","7a+K4usl5OaLEBPgC25UQm","7a/QZLET9IDreTiBfRn2PD","7bDL3WH5VAiot2ld7fyVAr","7bSL9J9nJGmprylsjMVFwm","7br2TXgedCN4arOMY0mH6f","7buTV9dvdCl6neUb47bBlC","7b1rakGgtIAYs5Xsegvvrm","7cq64e+EJO/bDkHNnOlj86","7cwiWsoC5N16n+biUuQCpr","7c/tShCv1AabvCctcoeqMA","7c/46+4ZRLB4ggX864MPaZ","7dN+KmzgNITIfPEXofaXux","7dqbgyJfhFwIhnn81lKRdj","7d0M5bjzFD4YkrUkXzf41j","7d1D5bk6tNlJdn7Snf7cMC","7d2WvKa4FD/4zCp+Lii4Js","7d3fqdoBhBvqqXmrn7M6tn","7eAvkN92lIp65y7xWxsJRq","7eHihN6ytEZ61CGPrPjjb7","7edvO6JUJHx5UeH3fXzVIn","7ehs666xhN9a8+dAaYNns/","7fM7ff/zZJJJeGS5VrZp2X","7fggN27ihL45fxi3eKNyEP","7fsKfsFslFwa9PWcMcz9+I","80ayanhC1Afr7mVACUgbTp","802L+e+WNHjIz0YNXvJTZ8","81slClu7dNH4hqSqT+URjU","81tb+RTRJHS4KCqo/BZI9/","82S6ZTDVhDhact0RgaCNer","82migssElAGb04Ws6NimQX","84LDmNQWROPo0Xt5f7F03S","84njbLd19LY6NiDQz1I3iq","85QrhyGWxNorS7Q9JsEtsS","85YH39ewlOkLHs63HxdJeD","86XnWImXFMKbiALb3quZUg","860S3m4LFFkq7wSxbfmQtl","876qPwSvRM5bdhh5yr6fto","88wQpHT2pJYYhx1yBdGdRo","8877+giK5BELNdCBOEzNpW","89LOWToahKVKxC5J5tUA3V","8aUZ3l6Q9AJosFwZo+HtEz","8aaFVu8mJEvawa53JctMFA","8awLPnTQ5EZ7yS3oiGGlKe","8bi6hc7pdBAo1yf3RUu8qD","8cGUw9p3xHI4bVmMGVxbxK","8cvJLmEkJF76w488hPeKkA","8dc6wBpN1NWIlOMi0NsTAv","8dli8+V8ZIvYxOqO7+aoUG","8dokac4PNLH6PpsJyB2jO1","8dv/rp31NE5Lh6zITQcS9H","8d3W91FH1LzpZB4z9AaRjO","8eCU5SvmdF4a/Dpog9tzul","8fLND2VttFgISuI/cVzkoJ","8fi5vToQVAzLNZ7vmXIa0L","90BtlW4SJH0ri5+1GLibiZ","91HSwPEelGZ44LvXcY2rrB","91QIgh0VZHz6qk616W8wnp","9137GVLt9EHaVuthL0gukY","92AhJfYudK/J43o5VtDohd","92LMNkZkVH5bRTB7f6WnHn","92rBpX6MZOV5Znu6p7XJzy","92xJEjEjpDDJ06y216M1pu","93Dn2FlnZDB4Lv8zmNxwEI","94V1bLlM9OZoUi5PPB/fxI","94iEZjWRdN2rxk/F6hCks/","95cKrl4rNHro9xn7JPwDgA","95/lXKdnNBGbu7jbiaR5Gx","96OfXqnP5E9qcY0XeFUXGY","96RXER359H2p2wnogRvHlF","96UEpm3ypHIp+qm4ibnsD3","96vUedLgREWqMAf966GZOc","964z9voglH3L+AGUi6Umey","97BVkLJwxKk4/KkH8Fjyhr","97fIEmakhLx4RH7HAIl4EP","97nh1jFQlPJpQt0R71VaVk","97rHBk13dGxKljBfqxeLev","976fTecdpFya7hcebjxSQG","98M01Br0BNsoiNiD9Ratl5","987Frgpr1GG6CtP0wcwym2","99u+gYLZNOlpVONufIamCJ","993FkGucJHEKwOI3GcdXas","9aacKanHJH/J/9tjCjt/1A","9bXPLz7/NMz6JL0e0PcQq+","9cRTjYkNhHqK9f4/875bQ8","9cu0ZCMWxHSo1x8zLMXJoB","9dV3WiaFdLrYGSC2MI9DP6","9d/WjvXHhIXrI5ho5I4tv+","9eHimfQsJERKEZm44JIl3R","9eMHfZ1nZFaoxMHteLiK/l","9eWJOfrqtB34llMRdLxV/1","9e3RKEsLxDvJhOhm2IO22p","9e5bQz4vJDM7cvXeuyqZ2W","9fGGOyJJ1D0otsShx3SdTs","9fMLVgaI5HJYdVXhEY5U3k","9fWWngYdJOFpapuShDw5wq","9ffVnwOkNPzoGst3NmeNX8","9fgrvBnmlOeqgsFcq/QE32","a0Hpkb4i5PCohw1gO1vWyW","a0PJ3DjVxC4KCp52gkK2LW","a0bAcUqsJJ0ZUyKsJupd5Q","a2MjXRFdtLlYQ5ouAFv/+R","a2OLC4NKhJa4tbASduf484","a2ehRlkOJCeKgpoE6+o4jE","a2/Zn0kaZFTI1RW7Z87rqt","a2/ac+ICRCk71tvWoB3Fqt","a3SEckyJ5G9IK/qKUs2o6o","a3ii62vnJJfKxd41iX8b75","a3r7RD1idIuI6zAHhJyjXo","a30DgiBMFD4bGLCXqpfLHj","a4Kinn36lARpg7YYa1+UXc","a47G/YFMxGB6UupDjiQLyX","a5ZigaSf5JGrtffq04DRku","a5vpkD4/5KJbepX6ou7GTH","a5yZhTbeJM1ZiEtsB2fXj7","a6XJqwnadKM4BexNym73Db","a6zr1DmbNF9ovjOutPPMMg","a7wx9nZa5Mz4cgKRq7CT9J","a8diwcWehMmJ76Ns4WWiVy","a9JrO98QhA4KkVbvAXh95x","a9V1gXVyZMx6yEEeysGRDv","aaqQZrcRZLz78hqWoPu9vb","aasybuVo1F0bpmzt5IUjmH","abay2kIidIOqosM4RZ5hA7","ab4COboalIUYvR8ZOXJ2N9","adGENbjMtPkZGx46sl7bJ6","adZx4JBOFMS5xd7J5yCwvz","adftwK2shHy4DCqxBfo2fa","adoYeUlxRNDI9eyl3RZWAF","ad0olTgjlBmp6VTb7mip+U","ad+kRaDNFEJakW7KNfZbta","aePQRglmxOAIpJHY/jJjHH","afmAT361VLBZMD4dAyA7va","afq5+ffR9GUrdbZUlxZ7xi","b0JugGT2RNuJ8VdVEOCId3","b0VrMYvtxHIJDbY9ztIn/V","b0YAjfcYhFkYIvWkV6/yBJ","b0thnDFAxJCLWyk+ScBzqS","b1F+sW0g9IFLtwyWUGI+xZ","b1jl0tfwNA3rfJFwrLpbmn","b1vpOW919GZ7ElfVbRclek","b2ECW60shKW4wyb+H2OAZL","b2aHrECZ5APKGS/0d2hvT1","b3AZc1mZFFNoJkdgVv9U9L","b4G+GbcERE+LGN+jWJERoh","b45UWMiM9Gnr5c/WLNAIrq","b5T27oDFVN5pIsBG4uGkq/","b55hvqPBJFd4izT/jFNSSi","b6FIYCaeBLjqpc7fZ66BnJ","b7Cs9aqMZCrLXWNPzOZH4n","b74zvob1BIi6ZqB7KfnBqn","b8vVN9QupL6L/bi21WQEuU","b82sPSQPVM6ZRM6NloBoH1","b85HuXGN5Nhbv/S5Dsjf2R","b9QeKuOLJJRIylRJD4etaL","b9e5UYDXtPnImQzEihhc27","baFSHYvflCRqkBj6Hl36Z/","baLXWCTEhJJq/PWXe2heSg","barwkMdxhPfbUcyAEximXH","bbGEhj8zhB5oKWE5MgBVOK","bbLDJrL4RGcqiXSe/C85v+","bbNMoIPQlN24+TrAfU32J9","bbS8Uzr31AQq0w8PuG4Bi9","bcammjPyFDSruqd3qhZoK3","bdB0Dq63pFqJHHB0Lig7fm","bdNg52rBBMSo7Xbtzv5hoJ","bdNrQtWvFPw7Jjkdd6Vv5U","bdavIg/XxBB42hbNfj0Yx0","bdwXROv+tPXJamuDlLr6Sn","bd/6CNi+FH5ZmOGjNAbyds","beG+JqO5NCd7mgkky4uP7d","c0Npu1N21J1KD08eda2Urj","c0y+WeKJFAvJJPQuWjQx1+","c1fTGZsENFG5g441XXMaoo","c1wjHv6TxJIZUTuYXZetSX","c17AHS0i1J+IZThXxN3lFU","c19V4F0tJHAoQVJwX2woSV","c2EE3acmtHcb8lDUyiyRfk","c2FrBeU/RAmInpqLY9K+Lf","c2plvG3Z5LaYK2OePoKAd9","c3BxMOsq1NM6/Fui+4yDFg","c3HdbG6CFNSpkAPwAkUxVw","c308/MnIBCMbjXc1cevFVW","c4RKif5Q5KPI0gBalGS9hU","c4oS9hHWZHjLcwY9bg8WoO","c44LNqBxJFDaiEStsrlEbB","c5LlAwKO1BBYYu/Uw1KEQ0","c5bRzwFCpE9qJAfsXwcIcE","c5bljdAnNIEpHAVtO+vzWM","c7teuL1k5MgJMr0l9Ps2BQ","c7u0E0lF9JbpTdh7t4eKsM","c8X/o0ln1C9qviVS4btRvJ","c9VupEoCxGbIrIXOJwwOth","c9YZQEEoJL1IsuTSJye3uY","caqHT9JrBLNr/8s7Y0RKUV","cb8hAYHg1DpbXa0AJMU0Z0","cc9g+1bS9KJJS9wojkjKjY","cdeIdh0YNIeYDz459M7a4u","ceB1Z+wYpOSazrSXVuH7CP","cePnjUR/dNXa5zxxlFmuWf","cet/1D9fRHU43hbtnsxg8e","cfXRNwQ0VNlJ1gqJo3hlgm","cfcOIupP9B9IrZoI/B2ESW","cf61NBGEtPZbjdwvyJMQP1","d0BcFtUJdIv6RpGIFh52Jh","d1NoGsEMFHPLGChfu7xwIv","d23TnQONZON5jLGT2GPMvU","d3j9XuObFFioeiobkItu9+","d3pR+ym4FPzrBK/IDE1ZcS","d325RPDP5Co4yiexzk/q9d","d4whpE4oFJHp9/tTpaKr3Y","d5k2H6v85NqIvnwu/i/UTZ","d5rspckLtN1p+m4lqA95d3","d6HiduPcFIwqx2rVdQA4iu","d66DwRCwBAwqvLOOd5xYcu","d7jcbW2mNBXZ0Pcfols6rY","d7o0wzS6lPxLf2+2Yjgp5T","d8A+jwxWZC0Jixw4BDaZ/f","d8BKjfxwRCp4mNztohaQq+","d8RHnSDqZOxKTfgHq3NOWZ","d8fcN4kaNJQol+yfJvG2SC","d8xktrzpdCWbszQ7iuloU2","d8ynNhjZhGD4xSX8mJkoAm","d9afMjRR9AYLMQ8m999Qgc","d9l2rXaupHqpM3gXzGLEWu","d990Y1FCxPs7B5/hMwTTmJ","dayWih4UNBSZ29E5SpOXmn","dbC6j+x8hGYrd2TuKwTyKW","dbTsKiXFZFnJ6mqSkM/Kmf","dc/v2NM0RBr7R+HI8FxA3V","deUeooAEpEhbAcLIMedpDl","dej4/aC7NP5JOGxZjUCd24","de8dSiEgtLe45t/Uqkt6m8","dfDUAP1UpASb9/YBqS9p28","dfSVdcMBZMvoc4waA8EEqy","dffCnPbZlH8YHqeKkMYmka","e0S2+QEl5Nr6BCb/Hr6BeE","e0oxI4kiVJw6goNzrD2B8J","e2c8UecLZM54xn6trb3W2g","e2lVDa5A1OubVDmOOg5HLN","e3VwdPSPtKrbucKJALqLYY","e4DIHPaAJAp5wyLdjFkbz5","e5q+BiiYdLfpfOwj4+920W","e7oh3eb3NJQa5oNwpzPCMr","e7uc81bxJCw5xKJsdcviHg","e8K7GiuAdEH6ppD0W37FB+","e8L2pwrhNA4LCguFy9Xhhl","e8ynaAN/lLZb2FlkAWI/AN","e9XB0Z7E1JzKpPMiMCJR6L","e97GVMl6JHh5Ml5qEDdSGa","ebPACenNVO+5aByBPRICF0","ebrgLJe+ZHd4ED3iFYjze/","eb7u8WK/FJho/7Zi4EQ3dc","ecCTW49kJJYZX+93y4H/Sv","ecC8vFugtEuI1iF38u5KrK","ecaVxLzSNIM60vq4P2s0Bs","eccBMky8hJeahBzVsg+YPp","eclFqQ6VZJf4SOrAmTpPhm","ecpdLyjvZBwrvm+cedCcQy","eeXpRqSM1CX773rITQrJml","eeutYc5nFGmrtMPkYBDC1R","efWH+rQT9Je7m3JnZAeX8m","efdiQMFmREZpuAj6Q+Bark","efptUeS6lL3rUfPFTqVjyy","f0BIwQ8D5Ml7nTNQbh1YlS","f0LeV0QkdPdaajroJV4Kuy","f0OSbdrRdCBZZ52wHQ0Jlm","f213a4IL9Goqts8540M16U","f29soDPThOCZts6xuht/me","f3SjikNOxONZI6ACDywI3p","f32rNBX2tBa4O9zrUA4ZlP","f4echL2c1Kj6QhJGd19KWP","f4qRI8+7RL7Y5arcgS2xcH","f5EmJ46LJMKYfuNj+VvvV0","f5QxCwobRDI70dx5zJHeAi","f506Nmqb5A9IezQX70F0CM","f53kUWixJCFaw1MRRwJpwM","f6PIUTmpFCBKv1jxV5d54h","f6yIdE3shBuphII3EjrAU8","f612F+Z+1PIq0Z60dTk1p/","f7Apk+T/5Hb5n0kkrkjQRy","f8Jkc+7hFHRpeF6NE784ue","f8zGJhfsFD5ofqETlNq/hv","f8+o3jNbxKqpOsGDkLANcM","f9PFv1RrFCS7DLoszL1QFe","f93ua1P0xDzLHwz2VKd4pj","faPmOK3AJPiazV9D1u/2Iz","faqhje7DJJ0bZ9Td1OiJfh","fa7MJlsiRPv5Y2E8xPDQ+f","fbIVETWYBD6pu00lDSfuzY","fbO/WqM7JJ5YQZ2/cEO3Qm","fcEBZjCmJDkoemgUP+/IkJ","fcUoMlzu5HLLjxgLpNU2Ua","fcpShMsh5JbZqxU08tYp5X","fcrYkaWPFCVa+8F3LFLg9j","fddF7j7YBOrqMCrlymDp3e","fdfK3YhU5BO6OchmFPa8Ea","fdlP6ago1IfqmwvUcyZb5y","fe2fyj2VhODLp5MsuUZhXm","ffDFywREZLVL22FL4EXAUN","fflQNsI95LSIDfVXn7QJLd"],"scenes":{"db://assets/Bundle/ThanTai/Caishen.fire":207},"redirect":[331,0,367,1,448,2,458,2,520,1,548,1,619,0,660,2,710,0,767,0,771,0,776,1,782,0,793,2],"deps":["resources","internal","main"],"packs":{"01c0c95e0":[262,271,290,314,354,435,452,523,531,552,577,608,651,709,713,754],"01f378ebe":[292,310,415,457,460,494,543,569,580,642,748,753],"023a5928f":[298,323,389,436,447,510,511,522,585,746,769,785],"032896449":[259,267,272,392,398,406,592,604,607,637,673,736,750,803],"034c1095c":[122,127,190,213,226,252],"03d1e0403":[498,611,687,690,799],"03e23f56a":[164,205,250],"042327483":[277,317,341,373,388,421,439,449,484,488,509,515,587,591,668,684,692,714,762],"043c9a8e0":[263,265,293,327,444,518,529,547,567,573,615,639,654,675,759,800],"0480dbdd5":[266,275,365,368,374,383,416,434,663,688,705,730,807,812],"0489b245a":[154,155,160,199],"050c2b209":[185,222,253],"05e6ded3e":[291,157,441,478,536,550,590,716,802],"05e9baaff":[273,276,294,395,397,404,418,535,609,616,617,629,646,814],"063ab9a49":[366,496,206],"06ab8f4be":[299,344,664,715,718,745,786],"06cc91dd7":[393,417,422,505,761,791],"06d4e175e":[280,396],"070e076ff":[264,279,282,332,347,363,370,428,467,655,661,685,719,720,729,739,790],"075547000":[330,356,472,480,596],"07b551722":[455,755],"07b6105fe":[671,744],"084ebb58b":[258,114,0,2,3,4,125,11,130,324,337,16,148,23,24,26,27,411,159,35,36,463,37,41,43,45,51,549,186,193,56,197,60,612,207,643,64,652,65,659,665,672,69,72,73,721,81,83,85,89,240,95,778,245,246,783,100,104,108,806,112],"086a1f0c5":[353,361,394,462,489,492,533,545,554,644,708,801,804],"088124c20":[165,453],"089dfb100":[302,343,371,390,401,500,516,539,200,603,624,630,648],"08c03e12c":[283,296,351,387,497,503,610,621,693,792],"08e4c155b":[627,784],"08eb7a545":[329,482],"090cc7e37":[220,232],"099834a19":[287,313,382,402,432,465,483,487,512,565,640,695,700,766,781],"0999ebaf0":[1,5,7,8,9,10,13,14,15,17,18,19,20,21,25,153,28,31,32,34,39,40,42,44,46,47,48,50,52,54,55,57,58,59,62,63,66,68,70,71,76,77,78,79,82,84,87,88,90,91,92,93,94,101,247,102,103,105,107,109,110,111],"09d12e07d":[210,233],"09d1b4da6":[115,133,147,162,167,170,172,187,218,244],"09d7ca324":[303,364,502,579,584,614,618,681,738,758,817],"0a0af398c":[320,326,403,414,508,540,546,602,717,737,740,747,779],"0a4a2f654":[215,666],"0a55916fc":[288,362,378,384,450,469,470,507,514,589,605,626,662,727,764,780,815],"0a617e91f":[284,325,620,796],"0bad4406a":[328,176,542,553,556,562,563,599,623,633,667,734,763,818],"0bc02348f":[433,645],"0c3cac4a8":[339,151,468,576,689],"0c878e681":[116,308,572],"0c9664925":[126,229],"0c97e2c55":[471,527,538,561,670,741],"0cebd18f6":[260,322,355,379,423,424,425,474,582,597,622,638,657,679,733,809],"0d2f3bbc5":[300,304,312,333,348,438,443,456,461,479,521,530,534,631,650,653,722,795,808],"0de6f2b0b":[475,674],"0deb80c71":[261,306,315,319,336,380,440,442,574,598,704,235],"0e0c2d269":[269,274,316,350,399,410,454,501,559,600,601,702,751,810],"0e40b8b30":[278,318,386,459,490,532,594,628,632,223,726,773,811],"0e849bd4a":[493,735],"0e998f28d":[360,369,372,405,407,413,541,544,578,634,757,816],"0ede2def2":[128,254],"0ef5167d0":[156,426],"0f2e3f457":[349,352,430,437,581,593,641,656,669,706,707,752,775,805],"0f521669d":[270,358,420,524,537,558,575,583,647,701,723,743,794,798,813],"0f5c631cf":[345,400,419,429,466,491,560,588,698,728,760,765,768,789],"0fbe549be":[268,120,285,286,295,301,305,307,311,321,342,346,357,359,375,377,385,408,409,446,464,476,477,481,485,486,495,499,504,517,555,566,568,595,635,658,676,678,696,699,703,725,731,742,770,777,788],"0fcd71ec9":[281,297,412,431,445,506,526,528,551,564,606,694,724,749],"0ffab9548":[334,335,338,391,451,513,519,571,636,677,682,686,711,712,732,797]},"name":"61","importBase":"import","nativeBase":"native","debug":false,"isZip":false,"encrypted":false,"versions":{"import":["01c0c95e0","e0cd6","01f378ebe","f7a25","023a5928f","bbee8","032896449","8f24d","034c1095c","546b6","03d1e0403","af82e","03e23f56a","b4bec","042327483","e3ac5",117,"15726","043c9a8e0","a17b2","0480dbdd5","8b7b8","0489b245a","b3a3a","050c2b209","7c3f0","05e6ded3e","dc51e","05e9baaff","0c836","063ab9a49","9bcd8","06ab8f4be","b8276","06cc91dd7","e5e2c","06d4e175e","e7fa7","070e076ff","b3581","075547000","ccc5e","07b551722","0cea2","07b6105fe","94833","084ebb58b","cafed","086a1f0c5","5d9e4","088124c20","bb38a","089dfb100","3ee9d","08c03e12c","11e6d","08e4c155b","194cf","08eb7a545","0a596","090cc7e37","a9336",118,"45ed2","099834a19","68f09","0999ebaf0","9b6e9","09d12e07d","0df97","09d1b4da6","cf41b","09d7ca324","a6c1c","0a0af398c","531e1","0a4a2f654","6523b","0a55916fc","783b9","0a617e91f","74e8a","0bad4406a","5ed63","0bc02348f","f4a65",119,"4d79f","0c3cac4a8","dd83c","0c878e681","abd65","0c9664925","ae477","0c97e2c55","608fc","0cebd18f6","5bbee","0d2f3bbc5","ce487","0de6f2b0b","cb5fa","0deb80c71","1c60a","0e0c2d269","ee1b4","0e40b8b30","07877","0e849bd4a","17446","0e998f28d","65e2e","0ede2def2","277bf","0ef5167d0","eda53","0f2e3f457","ae243","0f521669d","c9028","0f5c631cf","52c82","0fbe549be","419b0","0fcd71ec9","e4a1e","0ffab9548","a225e",121,"91dfc",123,"c2d8b",6,"d8652",289,"6e695",124,"4593f",309,"26afe",129,"e2068",131,"618ea",12,"7ce3f",132,"369a1",134,"ca5e7",135,"f2725",136,"6a8c4",137,"0a87e",340,"03367",138,"44e09",139,"2c160",140,"4e2d8",141,"fd167",142,"23a2b",143,"2b229",22,"89818",144,"5b2ff",145,"7528c",376,"eeda2",146,"eb948",381,"ffcf5",149,"95dde",150,"abaa5",152,"b8715",29,"54092",30,"e2b51",33,"8e470",427,"4174e",158,"0ca63",161,"b333b",163,"1715f",166,"ef307",168,"faace",169,"12b32",38,"278d8",171,"b33d2",473,"d0f79",173,"06d14",174,"c7402",175,"8d819",177,"9554b",178,"fe80c",179,"b3a3e",180,"a739a",525,"ff4eb",181,"7c06a",49,"2a0f1",53,"21fdb",182,"faec5",183,"2a795",184,"dd233",557,"be6a3",188,"f8b55",189,"0d3de",570,"67d98",191,"7e210",192,"4cbc2",194,"49c24",195,"230d5",196,"98fea",586,"bd213",198,"04466",201,"c3c41",202,"a7e29",203,"357fc",61,"867de",204,"6b1dc",613,"bd602",208,"e01f1",209,"ef6f9",211,"c573f",625,"e9dd0",212,"09741",214,"f4284",216,"07275",649,"cb7c4",217,"4b00a",680,"5345d",683,"97033",67,"a3c9f",219,"59e29",691,"cbb96",697,"a70c8",221,"4912a",224,"d851e",225,"a90ae",74,"1737e",75,"700c9",227,"d0e57",228,"f19c2",80,"f93b1",230,"86330",231,"cca77",86,"3baed",234,"b98f1",236,"fa445",756,"22e6c",237,"bf974",238,"768c7",239,"56dc8",241,"cb19f",242,"de41f",772,"9577e",243,"1d279",774,"fffeb",96,"dba25",97,"fbaf2",98,"89d29",99,"73f73",248,"5930a",787,"acd24",106,"96565",249,"366fe",251,"28322",255,"69759",256,"fc8c6",113,"5ad84",257,"8d8d2"],"native":[0,"5bb0b",1,"53124",2,"943aa",3,"0864c",4,"7ac43",5,"eb0e1",6,"42dac",7,"8818b",8,"a9ab4",9,"68f19",10,"9da34",11,"efd22",12,"550f7",13,"c1bf0",14,"ca423",15,"0dbe7",16,"bf6d3",17,"fbf0e",18,"20305",19,"22222",20,"8cd97",21,"70050",22,"550f7",23,"50246",24,"61da2",25,"b233b",26,"0863f",27,"dbf92",153,"4265d",28,"b0748",29,"07620",30,"07620",31,"8491a",32,"64ccd",33,"550f7",34,"71790",35,"306ff",36,"0a34f",37,"7783b",38,"550f7",39,"898c3",40,"95a36",41,"5e618",42,"2d538",43,"ef458",44,"f9739",45,"8fad1",46,"e42f6",47,"f3989",48,"6d9ac",49,"550f7",50,"a4a1e",51,"a3af6",52,"3f7ff",53,"550f7",54,"16232",55,"d5a75",56,"2aca9",57,"f0f10",58,"99594",59,"dee71",60,"ad8d4",61,"276c9",62,"63c06",63,"e0d2c",64,"fb575",65,"2ae4b",66,"37e77",67,"42dac",68,"bacd4",69,"c3f38",70,"abb3c",71,"d76ba",72,"d8ead",73,"4122e",74,"550f7",75,"550f7",76,"28076",77,"4241a",78,"10bca",79,"43554",80,"550f7",81,"ba29d",82,"2e7ee",83,"5856d",84,"0129d",85,"f97fa",86,"550f7",87,"10b15",88,"c1358",89,"6550e",90,"7bc84",91,"a1014",92,"6f0b6",93,"e3fa2",94,"3ae09",95,"9072a",96,"42dac",97,"550f7",98,"42dac",99,"8f39e",100,"85c4d",101,"ea10d",247,"284a9",102,"58378",103,"eebf4",104,"05a5a",105,"ea5f8",106,"550f7",107,"3ae09",108,"6ab96",109,"96f49",110,"cc941",111,"e7b69",112,"5cd67",113,"07620"]}}