[1,["8dlonDdppL/7LYVhT8Nyzq","31GAABX0NKJaAky18iJHVy","4elntTVARHFrzh2V1qp+wI","12HKRUaBdIZLFqy6XOLmVp","12II+e5EJKibobKV18Nivw","ccWXFkkbZLXbmtJDeKwTMw","3fpHlgfgFO15KE5f/8+WVL","61XDK/z+lMeoBa4L5De34w","2aE58lLTNIlqXpI/oMt46Z","adEAfi+ZJOf6Jli4Xnn5u1","adsg2E/dtFvIGTy4FQKRGv","59ewNnm7NMMoP84wtzPZbC","05mqR3iNdIHrwd8knAus2U","b6F/5iWsdLCrLFlVlUIFoF","e7BtFJoTxFrJr1EuEb5AMe","29+wSrrepMF7zt/ZiKgiVf","59K7jCy/1H5YkNkWfJSfQA","51C7AjMl5HPoRdvxGP7eAx","43Kc5dFY1MOZiZCpiKts2t","97TIGem8VNxb0NlVB/DlB7","5afdjEefdIH7IrHAtY91UD","cfczscPlxJM59vNhD2sjiH","f27n03a/BBrJWx5IXHCD6a","6bGhFF+oxHT7pbHADlQOt8","84eJL5iNtGPbZk5B9OR8DN","fb8/0r9+1PYIC+frpn7HWV","33B1TnEBxFCJXahY20gNKv"],["value"],[["cc.AnimationClip",["_name","_duration","sample","curveData"],0,11]],[[0,0,1,2,3,4]],[[0,"ButtonSpin_Click",1.4,20,[{},"paths",11,[{"sb_vfx_a_screen":{"props":{"angle":[{"frame":0,"value":90,"curve":"quadOut"},{"frame":1,"value":-110}],"opacity":[{"frame":0,"value":255},{"frame":0.6,"value":255,"curve":"sineIn"},{"frame":1.1,"value":0}],"active":[{"frame":0,"value":true}]}},"sb_arrow_blur/sb_vfx_c_screen":{"comps":{},"props":{"active":[{"frame":0,"value":true}],"opacity":[{"frame":0,"value":0},{"frame":0.6,"value":255},{"frame":1.1,"value":0}]}},"sb_hover_screen":{"props":{"opacity":[{"frame":0,"value":0},{"frame":0.6,"value":255},{"frame":1.1,"value":0}]}}},"sb_vfx_b_screen_00",11,[{},"comps",11,[{},"cc.Sprite",11,[{},"spriteFrame",12,[[[{"frame":0.05},"value",6,0],[{"frame":0.1},"value",6,1],[{"frame":0.15},"value",6,2],[{"frame":0.2},"value",6,3],[{"frame":0.25},"value",6,4],[{"frame":0.3},"value",6,5],[{"frame":0.35},"value",6,6],[{"frame":0.4},"value",6,7],[{"frame":0.45},"value",6,8],[{"frame":0.5},"value",6,9],[{"frame":0.55},"value",6,10],[{"frame":0.6},"value",6,11],[{"frame":0.65},"value",6,12],[{"frame":0.7},"value",6,13],[{"frame":0.75},"value",6,14],[{"frame":0.8},"value",6,15],[{"frame":0.85},"value",6,16],[{"frame":0.9},"value",6,17],[{"frame":0.95},"value",6,18],[{"frame":1},"value",6,19],[{"frame":1.05},"value",6,20],[{"frame":1.1},"value",6,21],[{"frame":1.15},"value",6,22],[{"frame":1.2},"value",6,23],[{"frame":1.25},"value",6,24],[{"frame":1.3},"value",6,25],[{"frame":1.35},"value",6,26]],11,11,11,11,11,11,11,11,11,11,11,11,11,11,11,11,11,11,11,11,11,11,11,11,11,11,11]]]]]]]],0,0,[0,0,0,0,0,0,0,0,0,0,0,0,0,0,0,0,0,0,0,0,0,0,0,0,0,0,0],[0,0,0,0,0,0,0,0,0,0,0,0,0,0,0,0,0,0,0,0,0,0,0,0,0,0,0],[0,1,2,3,4,5,6,7,8,9,10,11,12,13,14,15,16,17,18,19,20,21,22,23,24,25,26]]