[1,["ecpdLyjvZBwrvm+cedCcQy","38ckCQ8MdD76U6OqGL9NNt","a2MjXRFdtLlYQ5ouAFv/+R","ec1PM9HahJmIOtXUq0kMf1","f5vToUbgBE8butwby418hz","32NnEwI6RACpMv87t7Kra7","8djyNLdYFHgqWuIrSvledp","fdzouQOtxAEZtpWqeDmYNF","4cpBrm/C1MQpH4F7woarZM","5f5dyqtRNNxaFmVzYns6FZ","2dC15FTMpEpa8CABU9uYoe","5cO7kybDxGj4ipyMYdRYZB","08ZsMbAWRI5ICiu2uKZfdk","25bnn2GHhOZKLjyl5c6TRb","b1nbfGcMBPxoyoNLHAeymJ","d5t59ye+5KFp/WsMy+6FiZ","573roOjQxHp7oTss12woTa"],["node","_spriteFrame","_textureSetter","_parent","root","data","_scrollView"],[["cc.Node",["_name","_components","_prefab","_contentSize","_parent","_children","_trs","_anchorPoint","_color"],2,9,4,5,1,2,7,5,5],"cc.SpriteFrame",["cc.Sprite",["_sizeMode","_type","node","_materials","_spriteFrame"],1,1,3,6],["cc.Node",["_name","_parent","_components","_prefab","_contentSize","_children","_anchorPoint","_trs"],2,1,2,4,5,2,5,7],["cc.PrefabInfo",["fileId","root","asset"],2,1,1],["cc.Prefab",["_name"],2],["cc.Node",["_name","_children","_components","_prefab","_contentSize","_anchorPoint","_trs"],2,2,12,4,5,5,7],["75943vJ8ZFNxKZ0sEr1NaPz",["node"],3,1],["cc.Layout",["_resize","_N$layoutType","_N$paddingTop","_N$paddingBottom","_N$spacingY","node","_layoutSize"],-2,1,5],["cc.Widget",["alignMode","_alignFlags","_left","_originalHeight","node"],-1,1],["cc.Mask",["_N$alphaThreshold","node","_materials"],2,1,3],["cc.Button",["node","clickEvents"],3,1,9],["cc.ClickEvent",["_componentId","handler","target"],1,1],["cc.Scrollbar",["_N$direction","node","_N$handle"],2,1,1],["cc.ScrollView",["horizontal","brake","bounceDuration","_N$horizontalScrollBar","node","_N$content","_N$verticalScrollBar"],-1,1,1,1]],[[4,0,1,2,2],[2,2,3,4,1],[0,0,4,1,2,3,6,2],[5,0,2],[0,0,5,1,2,2],[0,0,5,1,2,3,7,6,2],[0,0,4,5,1,2,3,2],[0,0,4,5,1,2,3,6,2],[0,0,4,1,2,8,3,2],[0,0,4,1,2,3,2],[6,0,1,2,3,4,5,6,2],[3,0,1,5,2,3,4,2],[3,0,1,2,3,4,6,7,2],[7,0,1],[4,1,2,1],[8,0,1,2,3,4,5,6,6],[9,0,1,2,3,4,5],[2,1,0,2,3,4,3],[2,0,2,3,4,2],[2,1,0,2,3,3],[10,0,1,2,2],[11,0,1,1],[12,0,1,2,3],[13,0,1,2,2],[14,0,1,2,3,4,5,6,5]],[[[{"name":"3","rect":[0,0,623,820],"offset":[0,0],"originalSize":[623,820],"capInsets":[0,0,0,0]}],[1],0,[0],[2],[1]],[[[3,"CachChoi"],[4,"CachChoi",[-3,-4,-5],[[13,-2]],[14,-1,0]],[5,"content",[-7,-8,-9,-10,-11,-12],[[15,1,2,20,15,40,-6,[5,220,6447]]],[0,"c8bhPNgz9GCY7yQAGdYJAG",1,0],[5,220,6447],[0,0.5,1],[0,640,0,0,0,0,1,1,1,1]],[10,"scrollBar",[-16],[[-13,[16,0,37,350.07654921020657,237,-14],[17,1,0,-15,[16],17]],1,4,4],[0,"18srJF37dB3bogLAgwjGIj",1,0],[5,12,1280],[0,1,0.5],[360,0,0,0,0,0,1,1,1,1]],[11,"scrollview",1,[3,-18],[-17],[0,"07eorF6kRM1IAsTbfBUqb6",1,0],[5,720,1280]],[6,"view",4,[2],[[20,0,-19,[3]]],[0,"c1bdswaY1CQpF8MnuJtIWQ",1,0],[5,720,1280]],[7,"menupopup-close",1,[-21],[[21,-20,[[22,"75943vJ8ZFNxKZ0sEr1NaPz","onClickClose",1]]]],[0,"1cjmqdkaxHfoLJh9P+0hmT",1,0],[5,80,80],[305.09,592.586,0,0,0,0,1,1,1,1]],[8,"sprite_splash",1,[[18,0,-22,[0],1]],[0,"97E/ujVvJDerfvcUJqAIe5",1,0],[4,4282198828],[5,720,1280]],[12,"bar",3,[-23],[0,"73BQmHV9dHRrKyvWV+cqRf",1,0],[5,10,30],[0,1,0],[-1,0,0,0,0,0,1,1,1,1]],[19,1,0,8,[2]],[23,1,3,9],[24,false,0.75,0.23,null,4,2,10],[2,"1",2,[[1,-24,[4],5]],[0,"eepQL4aWdCgrBcSrhnIQgG",1,0],[5,628,1864],[0,-952,0,0,0,0,1,1,1,1]],[2,"2",2,[[1,-25,[6],7]],[0,"00tx3sTiNDNb2z3KUqPB6g",1,0],[5,627,1252],[0,-2550,0,0,0,0,1,1,1,1]],[2,"3",2,[[1,-26,[8],9]],[0,"e3HRtERiVP5KiIz1vWCKYd",1,0],[5,623,820],[0,-3626,0,0,0,0,1,1,1,1]],[2,"4",2,[[1,-27,[10],11]],[0,"b5sBI7lBNHM7Y5SFhoajPO",1,0],[5,668,965],[0,-4558.5,0,0,0,0,1,1,1,1]],[2,"5",2,[[1,-28,[12],13]],[0,"c9aJ2geJxOIJ7FZ+SOSIJt",1,0],[5,623,652],[0,-5407,0,0,0,0,1,1,1,1]],[2,"6",2,[[1,-29,[14],15]],[0,"3coAFxT5ZCTojgstk1W7Kq",1,0],[5,625,659],[0,-6102.5,0,0,0,0,1,1,1,1]],[9,"Button-ic_close",6,[[1,-30,[18],19]],[0,"bbbATczk9NhqLkYIYyyP/A",1,0],[5,108,108]]],0,[0,4,1,0,0,1,0,-1,7,0,-2,4,0,-3,6,0,0,2,0,-1,12,0,-2,13,0,-3,14,0,-4,15,0,-5,16,0,-6,17,0,-1,10,0,0,3,0,0,3,0,-1,8,0,-1,11,0,-2,5,0,0,5,0,0,6,0,-1,18,0,0,7,0,-1,9,0,0,12,0,0,13,0,0,14,0,0,15,0,0,16,0,0,17,0,0,18,0,5,1,2,3,5,3,3,4,10,6,11,30],[0,0,0,0,0,0,0,0,0,0,0,0,0,0,0,0,0,0,0,0,9],[-1,1,-1,-1,-1,1,-1,1,-1,1,-1,1,-1,1,-1,1,-1,1,-1,1,1],[0,2,0,0,0,3,0,4,0,5,0,6,0,7,0,8,0,9,0,10,11]],[[{"name":"6","rect":[0,0,625,659],"offset":[0,0],"originalSize":[625,659],"capInsets":[0,0,0,0]}],[1],0,[0],[2],[12]],[[{"name":"4","rect":[0,0,668,965],"offset":[0,0],"originalSize":[668,965],"capInsets":[0,0,0,0]}],[1],0,[0],[2],[13]],[[{"name":"1","rect":[0,0,628,1864],"offset":[0,0],"originalSize":[628,1864],"capInsets":[0,0,0,0]}],[1],0,[0],[2],[14]],[[{"name":"2","rect":[0,0,627,1252],"offset":[0,0],"originalSize":[627,1252],"capInsets":[0,0,0,0]}],[1],0,[0],[2],[15]],[[{"name":"5","rect":[0,0,623,652],"offset":[0,0],"originalSize":[623,652],"capInsets":[0,0,0,0]}],[1],0,[0],[2],[16]]]]