[1,["4d3xI6HYpHvI1/LnFKLqRO","182Of/g0tLqaDt219CUsMx","49jPUCG0ZHl4PoIHuYC6B/","abq9zA4JpBGpoTw3G8EcK4","e5Fos58s1Guaugc3zkkwF5","4ew3wh+h1MkarcRunVyF5W","d66JW/1XlJZoQQfed1yBML","99AJ64b5tNbIzp5IcFj6TJ","caPxOgi5BAI5YqmoD8pWOA","10q9y9M8RB+7iSBsfIdyZO","c157Nri1tFCrcZRm/p4fwV","163ShgT7NBXJbnoPhfSBFv","f2UX2/O1tCtrUNjrriNrts","4bI2p4G4JAv66aJYmCrIcf","89DLXmPTlAi4MbywpbHxpi","bckMwAvmtF87rW/YTvy1/B","9a06CV7eRJdLMywKGQDNhV","65OA+UxSlOdoIezzpboJBh","13i2W4MxBGXKEsao1rsH9e","3fBGSXYrtFo650XySXC3TD","a0Wo/VH3FGxLlVJot9Sch0","f4OWISZPZFlLvJIJ8m4RGh","3an8Gea5JLUopEL9WZ5frP","6d1HqbT5BOmrLNvbESSIOY","afu3sPxelJE5yVXYAOIogd","caRgqWpyRJzbvBBbc9t2uY","bfCQxQkDtN9a+0xWMJrwdO","9enP1DKg1DEozPsSMJb8y8","23EmvipaxFOarsmOOL9GiK","4b0OKIpdlFKbZ38OUcQynB","f5kUS/+aNIG6WnAxt1htKG","aeDiqiCSJM+arkeFutS0Ym","76kk5YyYlEXKwQsadM71d7","aa5YAPjxBOF6By2F4WIKzu","77bavWOcJJmqMeCl/Jksof","345/zHU7VFo6mftfLFLnhv","2e9bv+1WhM7IMILqzFXEDv","c81YC54LJIl7ujqzldeGII","fab+gQ5rtMX4Hd9Gw9tega","01XrRWaYFBK7mZY1bRH34d"],["value"],[["cc.AnimationClip",["_name","_duration","sample","curveData"],0,11]],[[0,0,1,2,3,4]],[[0,"TakeSymbol3_End",1.04,25,[{},"paths",11,[{"wh_vfx_a_screen":{"props":{"opacity":[{"frame":0,"value":255},{"frame":0.28,"value":0}]}},"wh_vfx_b_screen_00":{"props":{"opacity":[{"frame":0,"value":255},{"frame":0.24,"value":0}]}},"wh_vfx_b_screen_01":{"props":{"opacity":[{"frame":0,"value":255},{"frame":0.24,"value":0}]}},"wh_vfx_d_screen_03":{"props":{"opacity":[{"frame":0,"value":255},{"frame":0.36,"value":0}]}}},"wh_vfx_f_add_01_01",11,[{},"comps",11,[{},"cc.Sprite",11,[{},"spriteFrame",12,[[[{"frame":0},"value",6,0],[{"frame":0.04},"value",6,1],[{"frame":0.08},"value",6,2],[{"frame":0.12},"value",6,3],[{"frame":0.16},"value",6,4],[{"frame":0.2},"value",6,5],[{"frame":0.24},"value",6,6],[{"frame":0.28},"value",6,7],[{"frame":0.32},"value",6,8],[{"frame":0.36},"value",6,9],[{"frame":0.4},"value",6,10]],11,11,11,11,11,11,11,11,11,11,11]]]],"wh_vfx_e_add_03",11,[{"props":{"opacity":[{"frame":0,"value":255},{"frame":0.08,"value":255},{"frame":0.28,"value":0}]}},"comps",11,[{},"cc.Sprite",11,[{},"spriteFrame",12,[[[{"frame":0},"value",6,11],[{"frame":0.04},"value",6,12],[{"frame":0.08},"value",6,13],[{"frame":0.12},"value",6,14],[{"frame":0.16},"value",6,15],[{"frame":0.2},"value",6,16]],11,11,11,11,11,11]]]],"gfs_vfx_a_screen_00",11,[{},"comps",11,[{},"cc.Sprite",11,[{},"spriteFrame",12,[[{"frame":0,"value":null},[{"frame":0.12},"value",6,17],[{"frame":0.16},"value",6,18],[{"frame":0.2},"value",6,19],[{"frame":0.24},"value",6,20],[{"frame":0.28},"value",6,21],[{"frame":0.32},"value",6,22],[{"frame":0.36},"value",6,23],[{"frame":0.4},"value",6,24],[{"frame":0.44},"value",6,25],[{"frame":0.48},"value",6,26],[{"frame":0.52},"value",6,27],[{"frame":0.56},"value",6,28],[{"frame":0.6},"value",6,29],[{"frame":0.64},"value",6,30],[{"frame":0.68},"value",6,31],[{"frame":0.72},"value",6,32],[{"frame":0.76},"value",6,33],[{"frame":0.8},"value",6,34],[{"frame":0.84},"value",6,35],[{"frame":0.88},"value",6,36],[{"frame":0.92},"value",6,37],[{"frame":0.96},"value",6,38],[{"frame":1},"value",6,39]],0,11,11,11,11,11,11,11,11,11,11,11,11,11,11,11,11,11,11,11,11,11,11,11]]]],"gfs_vfx_a_screen_01",11,[{},"comps",11,[{},"cc.Sprite",11,[{},"spriteFrame",12,[[{"frame":0,"value":null},[{"frame":0.12},"value",6,40],[{"frame":0.16},"value",6,41],[{"frame":0.2},"value",6,42],[{"frame":0.24},"value",6,43],[{"frame":0.28},"value",6,44],[{"frame":0.32},"value",6,45],[{"frame":0.36},"value",6,46],[{"frame":0.4},"value",6,47],[{"frame":0.44},"value",6,48],[{"frame":0.48},"value",6,49],[{"frame":0.52},"value",6,50],[{"frame":0.56},"value",6,51],[{"frame":0.6},"value",6,52],[{"frame":0.64},"value",6,53],[{"frame":0.68},"value",6,54],[{"frame":0.72},"value",6,55],[{"frame":0.76},"value",6,56],[{"frame":0.8},"value",6,57],[{"frame":0.84},"value",6,58],[{"frame":0.88},"value",6,59],[{"frame":0.92},"value",6,60],[{"frame":0.96},"value",6,61],[{"frame":1},"value",6,62]],0,11,11,11,11,11,11,11,11,11,11,11,11,11,11,11,11,11,11,11,11,11,11,11]]]],"gfs_vfx_a_screen_02",11,[{},"comps",11,[{},"cc.Sprite",11,[{},"spriteFrame",12,[[{"frame":0,"value":null},[{"frame":0.12},"value",6,63],[{"frame":0.16},"value",6,64],[{"frame":0.2},"value",6,65],[{"frame":0.24},"value",6,66],[{"frame":0.28},"value",6,67],[{"frame":0.32},"value",6,68],[{"frame":0.36},"value",6,69],[{"frame":0.4},"value",6,70],[{"frame":0.44},"value",6,71],[{"frame":0.48},"value",6,72],[{"frame":0.52},"value",6,73],[{"frame":0.56},"value",6,74],[{"frame":0.6},"value",6,75],[{"frame":0.64},"value",6,76],[{"frame":0.68},"value",6,77],[{"frame":0.72},"value",6,78],[{"frame":0.76},"value",6,79],[{"frame":0.8},"value",6,80],[{"frame":0.84},"value",6,81],[{"frame":0.88},"value",6,82],[{"frame":0.92},"value",6,83],[{"frame":0.96},"value",6,84],[{"frame":1},"value",6,85]],0,11,11,11,11,11,11,11,11,11,11,11,11,11,11,11,11,11,11,11,11,11,11,11]]]]]]]],0,0,[0,0,0,0,0,0,0,0,0,0,0,0,0,0,0,0,0,0,0,0,0,0,0,0,0,0,0,0,0,0,0,0,0,0,0,0,0,0,0,0,0,0,0,0,0,0,0,0,0,0,0,0,0,0,0,0,0,0,0,0,0,0,0,0,0,0,0,0,0,0,0,0,0,0,0,0,0,0,0,0,0,0,0,0,0,0],[0,0,0,0,0,0,0,0,0,0,0,0,0,0,0,0,0,0,0,0,0,0,0,0,0,0,0,0,0,0,0,0,0,0,0,0,0,0,0,0,0,0,0,0,0,0,0,0,0,0,0,0,0,0,0,0,0,0,0,0,0,0,0,0,0,0,0,0,0,0,0,0,0,0,0,0,0,0,0,0,0,0,0,0,0,0],[23,24,25,26,27,28,29,30,31,32,33,34,35,36,37,38,39,0,1,2,3,4,5,6,7,8,9,10,11,12,13,14,15,16,17,18,19,20,21,22,0,1,2,3,4,5,6,7,8,9,10,11,12,13,14,15,16,17,18,19,20,21,22,0,1,2,3,4,5,6,7,8,9,10,11,12,13,14,15,16,17,18,19,20,21,22]]