[1,["9cUhxcsftNlKFex42Zg3Kt"],["_textureSetter"],["cc.SpriteFrame"],0,[[[{"name":"wild_vfx_g_screen_24","rect":[399,1,124,98],"offset":[1,-8],"originalSize":[168,126],"rotated":1,"capInsets":[0,0,0,0]}],[0],0,[0],[0],[0]],[[{"name":"wild_vfx_g_screen_07","rect":[135,89,128,70],"offset":[-1,-21],"originalSize":[168,126],"capInsets":[0,0,0,0]}],[0],0,[0],[0],[0]],[[{"name":"wild_vfx_g_screen_18","rect":[377,611,122,94],"offset":[0,-11],"originalSize":[168,126],"capInsets":[0,0,0,0]}],[0],0,[0],[0],[0]],[[{"name":"wild_vfx_g_screen_20","rect":[1,491,124,98],"offset":[1,-8],"originalSize":[168,126],"capInsets":[0,0,0,0]}],[0],0,[0],[0],[0]],[[{"name":"wild_vfx_g_screen_14","rect":[263,221,124,96],"offset":[-3,-11],"originalSize":[168,126],"capInsets":[0,0,0,0]}],[0],0,[0],[0],[0]],[[{"name":"wild_vfx_g_screen_23","rect":[1,591,124,98],"offset":[1,-8],"originalSize":[168,126],"capInsets":[0,0,0,0]}],[0],0,[0],[0],[0]],[[{"name":"wild_vfx_g_screen_06","rect":[265,151,126,68],"offset":[0,-23],"originalSize":[168,126],"capInsets":[0,0,0,0]}],[0],0,[0],[0],[0]],[[{"name":"wild_vfx_g_screen_17","rect":[257,319,124,94],"offset":[-1,-11],"originalSize":[168,126],"capInsets":[0,0,0,0]}],[0],0,[0],[0],[0]],[[{"name":"wild_vfx_g_screen_27","rect":[127,401,124,98],"offset":[2,-9],"originalSize":[168,126],"capInsets":[0,0,0,0]}],[0],0,[0],[0],[0]],[[{"name":"wild_vfx_g_screen_16","rect":[253,679,122,94],"offset":[-2,-12],"originalSize":[168,126],"capInsets":[0,0,0,0]}],[0],0,[0],[0],[0]],[[{"name":"wild_vfx_g_screen_10","rect":[267,1,130,80],"offset":[-1,-17],"originalSize":[168,126],"capInsets":[0,0,0,0]}],[0],0,[0],[0],[0]],[[{"name":"wild_vfx_g_screen_00","rect":[1,771,3,3],"offset":[-82.5,61.5],"originalSize":[168,126],"capInsets":[0,0,0,0]}],[0],0,[0],[0],[0]],[[{"name":"wild_vfx_g_screen_08","rect":[133,161,128,70],"offset":[-1,-21],"originalSize":[168,126],"capInsets":[0,0,0,0]}],[0],0,[0],[0],[0]],[[{"name":"wild_vfx_g_screen_15","rect":[253,513,122,94],"offset":[-2,-12],"originalSize":[168,126],"capInsets":[0,0,0,0]}],[0],0,[0],[0],[0]],[[{"name":"wild_vfx_g_screen_01","rect":[383,327,74,56],"offset":[4,-30],"originalSize":[168,126],"capInsets":[0,0,0,0]}],[0],0,[0],[0],[0]],[[{"name":"wild_vfx_g_screen_12","rect":[1,1,132,92],"offset":[-1,-13],"originalSize":[168,126],"capInsets":[0,0,0,0]}],[0],0,[0],[0],[0]],[[{"name":"wild_vfx_g_screen_32","rect":[131,689,120,92],"offset":[0,-10],"originalSize":[168,126],"capInsets":[0,0,0,0]}],[0],0,[0],[0],[0]],[[{"name":"wild_vfx_g_screen_19","rect":[1,391,124,98],"offset":[1,-8],"originalSize":[168,126],"capInsets":[0,0,0,0]}],[0],0,[0],[0],[0]],[[{"name":"wild_vfx_g_screen_29","rect":[253,415,124,96],"offset":[2,-9],"originalSize":[168,126],"capInsets":[0,0,0,0]}],[0],0,[0],[0],[0]],[[{"name":"wild_vfx_g_screen_13","rect":[1,95,130,94],"offset":[-1,-12],"originalSize":[168,126],"capInsets":[0,0,0,0]}],[0],0,[0],[0],[0]],[[{"name":"wild_vfx_g_screen_22","rect":[1,291,126,98],"offset":[1,-8],"originalSize":[168,126],"capInsets":[0,0,0,0]}],[0],0,[0],[0],[0]],[[{"name":"wild_vfx_g_screen_34","rect":[395,127,104,76],"offset":[0,-9],"originalSize":[168,126],"capInsets":[0,0,0,0]}],[0],0,[0],[0],[0]],[[{"name":"wild_vfx_g_screen_04","rect":[129,333,126,66],"offset":[-1,-24],"originalSize":[168,126],"capInsets":[0,0,0,0]}],[0],0,[0],[0],[0]],[[{"name":"wild_vfx_g_screen_11","rect":[135,1,130,86],"offset":[-1,-16],"originalSize":[168,126],"capInsets":[0,0,0,0]}],[0],0,[0],[0],[0]],[[{"name":"wild_vfx_g_screen_09","rect":[1,691,128,78],"offset":[-1,-18],"originalSize":[168,126],"capInsets":[0,0,0,0]}],[0],0,[0],[0],[0]],[[{"name":"wild_vfx_g_screen_25","rect":[377,513,122,96],"offset":[1,-9],"originalSize":[168,126],"capInsets":[0,0,0,0]}],[0],0,[0],[0],[0]],[[{"name":"wild_vfx_g_screen_33","rect":[127,601,116,86],"offset":[1,-11],"originalSize":[168,126],"capInsets":[0,0,0,0]}],[0],0,[0],[0],[0]],[[{"name":"wild_vfx_g_screen_05","rect":[267,83,126,66],"offset":[-1,-24],"originalSize":[168,126],"capInsets":[0,0,0,0]}],[0],0,[0],[0],[0]],[[{"name":"wild_vfx_g_screen_03","rect":[245,609,120,68],"offset":[-2,-27],"originalSize":[168,126],"capInsets":[0,0,0,0]}],[0],0,[0],[0],[0]],[[{"name":"wild_vfx_g_screen_02","rect":[377,707,116,68],"offset":[-2,-28],"originalSize":[168,126],"capInsets":[0,0,0,0]}],[0],0,[0],[0],[0]],[[{"name":"wild_vfx_g_screen_26","rect":[129,233,124,98],"offset":[2,-9],"originalSize":[168,126],"capInsets":[0,0,0,0]}],[0],0,[0],[0],[0]],[[{"name":"wild_vfx_g_screen_21","rect":[1,191,126,98],"offset":[1,-8],"originalSize":[168,126],"capInsets":[0,0,0,0]}],[0],0,[0],[0],[0]],[[{"name":"wild_vfx_g_screen_28","rect":[127,501,124,98],"offset":[2,-9],"originalSize":[168,126],"capInsets":[0,0,0,0]}],[0],0,[0],[0],[0]],[[{"name":"wild_vfx_g_screen_30","rect":[379,415,120,96],"offset":[1,-9],"originalSize":[168,126],"capInsets":[0,0,0,0]}],[0],0,[0],[0],[0]],[[{"name":"wild_vfx_g_screen_31","rect":[393,205,120,94],"offset":[1,-10],"originalSize":[168,126],"rotated":1,"capInsets":[0,0,0,0]}],[0],0,[0],[0],[0]]]]