[1,["1dXop9RVtJRYf5fKgSzapU"],["_textureSetter"],["cc.SpriteFrame"],0,[[[{"name":"multi_vfx_g_screen_01","rect":[367,109,102,120],"offset":[0,0],"originalSize":[120,120],"rotated":1,"capInsets":[0,0,0,0]}],[0],0,[0],[0],[0]],[[{"name":"multi_vfx_g_screen_02","rect":[1,185,102,120],"offset":[0,0],"originalSize":[120,120],"rotated":1,"capInsets":[0,0,0,0]}],[0],0,[0],[0],[0]],[[{"name":"multi_vfx_g_screen_13","rect":[206,1,84,106],"offset":[-1,-7],"originalSize":[120,120],"rotated":1,"capInsets":[0,0,0,0]}],[0],0,[0],[0],[0]],[[{"name":"multi_vfx_g_screen_07","rect":[1,83,100,120],"offset":[1,0],"originalSize":[120,120],"rotated":1,"capInsets":[0,0,0,0]}],[0],0,[0],[0],[0]],[[{"name":"multi_vfx_g_screen_14","rect":[314,1,86,106],"offset":[0,-7],"originalSize":[120,120],"rotated":1,"capInsets":[0,0,0,0]}],[0],0,[0],[0],[0]],[[{"name":"multi_vfx_g_screen_00","rect":[1,1,3,3],"offset":[-58.5,58.5],"originalSize":[120,120],"capInsets":[0,0,0,0]}],[0],0,[0],[0],[0]],[[{"name":"multi_vfx_g_screen_15","rect":[422,1,86,106],"offset":[-1,-7],"originalSize":[120,120],"capInsets":[0,0,0,0]}],[0],0,[0],[0],[0]],[[{"name":"multi_vfx_g_screen_04","rect":[245,191,102,120],"offset":[0,0],"originalSize":[120,120],"rotated":1,"capInsets":[0,0,0,0]}],[0],0,[0],[0],[0]],[[{"name":"multi_vfx_g_screen_06","rect":[1,289,102,120],"offset":[0,0],"originalSize":[120,120],"rotated":1,"capInsets":[0,0,0,0]}],[0],0,[0],[0],[0]],[[{"name":"multi_vfx_g_screen_09","rect":[123,87,100,120],"offset":[1,0],"originalSize":[120,120],"rotated":1,"capInsets":[0,0,0,0]}],[0],0,[0],[0],[0]],[[{"name":"multi_vfx_g_screen_16","rect":[104,1,80,100],"offset":[0,-10],"originalSize":[120,120],"rotated":1,"capInsets":[0,0,0,0]}],[0],0,[0],[0],[0]],[[{"name":"multi_vfx_g_screen_08","rect":[123,293,102,120],"offset":[0,0],"originalSize":[120,120],"rotated":1,"capInsets":[0,0,0,0]}],[0],0,[0],[0],[0]],[[{"name":"multi_vfx_g_screen_05","rect":[367,213,102,120],"offset":[0,0],"originalSize":[120,120],"rotated":1,"capInsets":[0,0,0,0]}],[0],0,[0],[0],[0]],[[{"name":"multi_vfx_g_screen_17","rect":[6,1,74,96],"offset":[1,-9],"originalSize":[120,120],"rotated":1,"capInsets":[0,0,0,0]}],[0],0,[0],[0],[0]],[[{"name":"multi_vfx_g_screen_10","rect":[245,295,102,120],"offset":[0,0],"originalSize":[120,120],"rotated":1,"capInsets":[0,0,0,0]}],[0],0,[0],[0],[0]],[[{"name":"multi_vfx_g_screen_03","rect":[123,189,102,120],"offset":[0,0],"originalSize":[120,120],"rotated":1,"capInsets":[0,0,0,0]}],[0],0,[0],[0],[0]],[[{"name":"multi_vfx_g_screen_11","rect":[367,317,102,120],"offset":[0,0],"originalSize":[120,120],"rotated":1,"capInsets":[0,0,0,0]}],[0],0,[0],[0],[0]],[[{"name":"multi_vfx_g_screen_12","rect":[245,89,100,120],"offset":[1,0],"originalSize":[120,120],"rotated":1,"capInsets":[0,0,0,0]}],[0],0,[0],[0],[0]]]]