[1,["017Bsn+TJL+IZEceXRaqe/"],["_textureSetter"],["cc.SpriteFrame"],0,[[[{"name":"wh_particle_add_02_09","rect":[845,429,142,210],"offset":[2,15],"originalSize":[150,250],"capInsets":[0,0,0,0]}],[0],0,[0],[0],[0]],[[{"name":"wh_particle_add_02_18","rect":[147,1,142,216],"offset":[4,13],"originalSize":[150,250],"capInsets":[0,0,0,0]}],[0],0,[0],[0],[0]],[[{"name":"wh_particle_add_02_11","rect":[725,215,140,212],"offset":[5,15],"originalSize":[150,250],"capInsets":[0,0,0,0]}],[0],0,[0],[0],[0]],[[{"name":"wh_particle_add_02_01","rect":[871,1,140,190],"offset":[-3,11],"originalSize":[150,250],"capInsets":[0,0,0,0]}],[0],0,[0],[0],[0]],[[{"name":"wh_particle_add_02_22","rect":[287,635,3,3],"offset":[-73.5,123.5],"originalSize":[150,250],"capInsets":[0,0,0,0]}],[0],0,[0],[0],[0]],[[{"name":"wh_particle_add_02_19","rect":[147,219,142,216],"offset":[4,14],"originalSize":[150,250],"capInsets":[0,0,0,0]}],[0],0,[0],[0],[0]],[[{"name":"wh_particle_add_02_02","rect":[141,437,144,198],"offset":[-2,10],"originalSize":[150,250],"capInsets":[0,0,0,0]}],[0],0,[0],[0],[0]],[[{"name":"wh_particle_add_02_13","rect":[581,217,142,212],"offset":[4,15],"originalSize":[150,250],"capInsets":[0,0,0,0]}],[0],0,[0],[0],[0]],[[{"name":"wh_particle_add_02_05","rect":[563,433,136,206],"offset":[5,15],"originalSize":[150,250],"capInsets":[0,0,0,0]}],[0],0,[0],[0],[0]],[[{"name":"wh_particle_add_02_17","rect":[1,219,144,216],"offset":[3,13],"originalSize":[150,250],"capInsets":[0,0,0,0]}],[0],0,[0],[0],[0]],[[{"name":"wh_particle_add_02_14","rect":[583,1,142,212],"offset":[4,15],"originalSize":[150,250],"capInsets":[0,0,0,0]}],[0],0,[0],[0],[0]],[[{"name":"wh_particle_add_02_07","rect":[867,213,140,208],"offset":[3,14],"originalSize":[150,250],"capInsets":[0,0,0,0]}],[0],0,[0],[0],[0]],[[{"name":"wh_particle_add_02_16","rect":[1,1,144,216],"offset":[3,14],"originalSize":[150,250],"capInsets":[0,0,0,0]}],[0],0,[0],[0],[0]],[[{"name":"wh_particle_add_02_20","rect":[291,217,144,214],"offset":[3,14],"originalSize":[150,250],"capInsets":[0,0,0,0]}],[0],0,[0],[0],[0]],[[{"name":"wh_particle_add_02_03","rect":[287,437,132,196],"offset":[4,12],"originalSize":[150,250],"capInsets":[0,0,0,0]}],[0],0,[0],[0],[0]],[[{"name":"wh_particle_add_02_15","rect":[291,1,144,214],"offset":[3,14],"originalSize":[150,250],"capInsets":[0,0,0,0]}],[0],0,[0],[0],[0]],[[{"name":"wh_particle_add_02_10","rect":[727,1,142,210],"offset":[3,15],"originalSize":[150,250],"capInsets":[0,0,0,0]}],[0],0,[0],[0],[0]],[[{"name":"wh_particle_add_02_08","rect":[701,431,142,208],"offset":[2,15],"originalSize":[150,250],"capInsets":[0,0,0,0]}],[0],0,[0],[0],[0]],[[{"name":"wh_particle_add_02_06","rect":[421,433,140,206],"offset":[2,13],"originalSize":[150,250],"capInsets":[0,0,0,0]}],[0],0,[0],[0],[0]],[[{"name":"wh_particle_add_02_04","rect":[1,437,138,202],"offset":[3,14],"originalSize":[150,250],"capInsets":[0,0,0,0]}],[0],0,[0],[0],[0]],[[{"name":"wh_particle_add_02_12","rect":[437,217,142,214],"offset":[4,15],"originalSize":[150,250],"capInsets":[0,0,0,0]}],[0],0,[0],[0],[0]],[[{"name":"wh_particle_add_02_21","rect":[437,1,144,214],"offset":[3,14],"originalSize":[150,250],"capInsets":[0,0,0,0]}],[0],0,[0],[0],[0]]]]