[1,["e3IpR9U0VOMrhTDWKhnBvO"],["_textureSetter"],["cc.SpriteFrame"],0,[[[{"name":"base_gold_rotate_a_02","rect":[1,1,194,228],"offset":[-1,15],"originalSize":[872,872],"capInsets":[0,0,0,0]}],[0],0,[0],[0],[0]],[[{"name":"base_gold_rotate_a_01","rect":[391,1,190,226],"offset":[0,15],"originalSize":[872,872],"capInsets":[0,0,0,0]}],[0],0,[0],[0],[0]],[[{"name":"base_gold_rotate_a_04","rect":[195,231,186,224],"offset":[-2,17],"originalSize":[872,872],"capInsets":[0,0,0,0]}],[0],0,[0],[0],[0]],[[{"name":"base_gold_rotate_a_03","rect":[197,1,192,226],"offset":[-2,16],"originalSize":[872,872],"capInsets":[0,0,0,0]}],[0],0,[0],[0],[0]],[[{"name":"base_gold_rotate_a_05","rect":[383,229,160,220],"offset":[-3,18],"originalSize":[872,872],"capInsets":[0,0,0,0]}],[0],0,[0],[0],[0]],[[{"name":"base_gold_rotate_a_07","rect":[227,457,138,222],"offset":[0,19],"originalSize":[872,872],"rotated":1,"capInsets":[0,0,0,0]}],[0],0,[0],[0],[0]],[[{"name":"base_gold_rotate_a_00","rect":[1,231,192,226],"offset":[0,15],"originalSize":[872,872],"capInsets":[0,0,0,0]}],[0],0,[0],[0],[0]],[[{"name":"base_gold_rotate_a_06","rect":[1,459,98,224],"offset":[-3,20],"originalSize":[872,872],"rotated":1,"capInsets":[0,0,0,0]}],[0],0,[0],[0],[0]]]]