[1,["ecpdLyjvZBwrvm+cedCcQy","60ql52JmJOKJwuIjOkjiv9","b6Uf2XYlRIt4PMWLRGIIjT","d0clPH7PVDg4PZes6ofkrx","d5Uail1SVPTaKApn5PZW5r","47DdP/mWpI/KxS4W2vuIH2","65lPCSr4VFBZ+h6UBHp0r8","75OVV+fZ9JjrNMxnoNm4et","8576YJekxHc63obs7HKMQs","f7TXn1Mq1KhbiXy6t5IFep","37v4YPL3NE8JGTdNnqzC4f","dceKTxwCFBA7ACDX2IyBad","b2CR0nMBJOg4tmrzx7DGfO","9eQwamrIlFe7Noa2fb0lEF","e7vHcRDiVJY5+NrTyBvXgz","a2MjXRFdtLlYQ5ouAFv/+R","2cECcpEYJAYY3sFUN6tkPf","48Pl68nu9D2pGwseeo/jy+","592jAHgw1CEZ54G0u6A1Ds","68zv+MqS1BLY0O5L3rAemc","896y0IIuVJjqfG9T8sjqQV","0eO226yY1JfoUbE8bVhnuN","01a/PX2X1MVIqLU+435Zmj","1eY1tiNQ1OG4DZyLGWcl6L","2a3pqRK39E+ZH1tGy3r2zV","80ZJObzQVMVqFjf9FFG7RJ","7a/QZLET9IDreTiBfRn2PD","abgdsTKLFEc6n0xglJ+hVC","affNvH1gJAKZpaCg88U3i4","21bNRV3pdLzqJ1qi7lqzxR","c78t5UBJZLT5oPas/y/8Br","019lYInkNLqJODbNyeEMBA","79TZXal/BBzq/g6q2s5Y7q","d1soFh8HpBIoPYzNYWhJNg","01/0uqpGJBJ67c70/BDyFT"],["node","_spriteFrame","_defaultClip","_N$file","_parent","atlas","root","nodeLoopCoinSuperWin","nodeLoopCoinMega","animTake2","animTake1","jackpot","superWin","megaWin","bigWin","btnFast","lb_Jackpot","lb_Money","data","_N$skeletonData","font","spriteFrame","_textureSetter"],[["cc.Node",["_name","_opacity","_active","_prefab","_parent","_children","_contentSize","_components","_trs","_anchorPoint"],0,4,1,2,5,12,7,5],["cc.Node",["_name","_opacity","_components","_prefab","_contentSize","_parent","_trs","_children","_color","_eulerAngles","_anchorPoint"],1,9,4,5,1,7,2,5,5,5],["cc.Sprite",["_dstBlendFactor","_sizeMode","_isTrimmedMode","node","_materials","_spriteFrame"],0,1,3,6],["cc.Node",["_name","_active","_parent","_components","_prefab","_trs","_children","_contentSize"],1,1,2,4,7,2,5],["cc.AnimationClip",["_name","_duration","speed","wrapMode","curveData"],-1,11],["cc.PrefabInfo",["fileId","root","asset"],2,1,1],["cc.Animation",["playOnLoad","node","_clips","_defaultClip"],2,1,3,6],["ef6cdgak0JA7Klp9LwbTgyF",["tempReplaceAtlas","isPrefix","_string","_maxWidth","_maxWidthSpecialChar","_scale","listFS","type","node"],-5,1],"cc.SpriteFrame",["cc.AnimationClip",["_name","_duration","speed","wrapMode","curveData"],-2],["cc.Prefab",["_name"],2],["cc.Node",["_name","_active","_parent","_children","_components","_prefab","_trs"],1,1,12,2,4,7],["46e54WPV/FAhpmc2paFsDFI",["node","lb_Money","lb_Jackpot","btnFast","bigWin","megaWin","superWin","jackpot","animTake1","animTake2","nodeLoopCoinMega","nodeLoopCoinSuperWin","listColor"],3,1,1,1,1,1,1,1,1,1,1,1,1,12],["cc.Mask",["node","_materials"],3,1,3],["cc.Widget",["_alignFlags","_originalWidth","_originalHeight","node"],0,1],["sp.Skeleton",["defaultSkin","_preCacheMode","timeScale","_animationName","node","_materials"],-1,1,3],["cc.Label",["_string","_isSystemFontUsed","node","_materials","_N$file"],1,1,3,6],["cc.Button",["node","clickEvents"],3,1,9],["cc.ClickEvent",["_componentId","handler","target"],1,1],["cc.BitmapFont",["_name","fontSize","_fntConfig"],0]],[[5,0,1,2,2],[1,0,5,2,3,4,6,2],[2,1,2,3,4,5,3],[6,0,1,2,3,2],[0,0,4,5,3,6,9,8,2],[1,0,5,2,3,4,10,2],[16,0,1,2,3,4,3],[1,0,7,2,3,4,6,2],[13,0,1,1],[6,1,2,1],[2,0,1,2,3,4,5,4],[1,0,5,2,3,4,6,9,2],[2,3,4,5,1],[4,0,1,4,3],[2,0,3,4,5,2],[9,0,1,2,3,4,6],[3,0,1,2,6,3,4,7,5,3],[3,0,1,2,6,3,4,5,3],[1,0,1,5,2,3,4,6,3],[1,0,1,5,2,3,4,3],[2,2,3,4,5,2],[14,0,1,2,3,4],[4,0,1,2,3,4,5],[10,0,2],[0,0,5,7,3,6,2],[0,0,4,3,2],[0,0,1,4,5,3,6,3],[0,0,1,4,5,3,3],[0,0,1,4,5,7,3,6,8,3],[0,0,4,5,3,6,2],[0,0,2,4,7,3,6,8,3],[3,0,1,2,3,4,7,5,3],[11,0,1,2,3,4,5,6,3],[1,0,1,5,2,3,8,4,3],[1,0,5,2,3,4,2],[12,0,1,2,3,4,5,6,7,8,9,10,11,12,1],[5,1,2,1],[2,1,3,4,5,2],[2,0,1,3,4,5,3],[2,0,2,3,4,5,3],[15,0,1,2,3,4,5,5],[7,0,1,2,3,4,5,6,8,8],[7,7,0,1,2,3,4,5,6,8,9],[17,0,1,1],[18,0,1,2,3],[19,0,1,2,4]],[[[[13,"MegaWin1",0.5,[{},"paths",11,[{},"mw_vfx_b_add",11,[{},"props",11,[{"opacity":[{"frame":0.5,"value":255}]},"scale",12,[[[{"frame":0},"value",8,[1,0,0,1]],[{"frame":0.16666666666666666},"value",8,[1,1.9,1.9,1]],[{"frame":0.3333333333333333},"value",8,[1,1.75,1.75,1]],[{"frame":0.5},"value",8,[1,1.8,1.8,1]]],11,11,11,11]]],"bw_vfx_d",11,[{},"props",11,[{},"scale",12,[[[{"frame":0},"value",8,[1,0,0,1]],[{"frame":0.16666666666666666},"value",8,[1,1.5,1.5,1]],[{"frame":0.3333333333333333},"value",8,[1,1.25,1.25,1]],[{"frame":0.5},"value",8,[1,1.3,1.3,1]]],11,11,11,11]]],"mw_text",11,[{},"props",11,[{},"scale",12,[[[{"frame":0},"value",8,[1,0,0,1]],[{"frame":0.11666666666666667},"value",8,[1,1.15,1.15,1]],[{"frame":0.3},"value",8,[1,1,1,1]]],11,11,11]]]]]]],0,0,[],[],[]],[[[23,"Bigwin"],[24,"Bigwin",[-15,-16,-17,-18,-19,-20,-21,-22,-23,-24,-25,-26,-27,-28,-29,-30,-31],[[[35,-13,-12,-11,-10,-9,-8,-7,-6,-5,-4,-3,-2,[[[4,4294933541],[4,4284088130],[4,4278221567]],8,8,8]],-14],4,1],[36,-1,0],[5,720,1280]],[16,"lbJackPot",false,1,[-33,-34,-35,-36,-37,-38,-39,-40,-41,-42],[-32],[0,"52dPmnfMhF5YEniXuUK8AJ",1,0],[5,530,0],[0,-49.395,0,0,0,0,1,1,1,1]],[32,"MegaWin",false,1,[[-44,-45,[25,"ParentCoint",-46,[0,"d0Epvh/ZFPQ4OdbRo2S2EU",1,0]],-47],1,1,4,1],[-43],[0,"aajGo0BDxNU6btYVrH3/tW",1,0],[0,-222.173,0,0,0,0,1,1.1,1.1,1]],[7,"bwCoinSuper",[-50,-51],[[8,-48,[10]],[3,true,-49,[12],11]],[0,"53IVzTcP9E06aTLx/KlZIr",1,0],[5,494.769,427.608957],[-425.514,486.677,0,0,0,0,1,1,1,1]],[7,"bwCoinSuper2",[-54,-55],[[8,-52,[17]],[3,true,-53,[19],18]],[0,"5afO9H2S1HopLsOpwj8TL8",1,0],[5,494.769,427.608957],[424.776,486.677,0,0,0,0,1,-1,1,1]],[7,"bwCoinMega",[-58,-59],[[8,-56,[24]],[3,true,-57,[26],25]],[0,"0cD8y28jdEqqKcsbD/HB4u",1,0],[5,494.769,427.608957],[-272.535,335.677,0,0,0,0,1,1,1,1]],[7,"bwCoinMega2",[-62,-63],[[8,-60,[31]],[3,true,-61,[33],32]],[0,"80tEHRU95HlJOEO8XGrbRV",1,0],[5,494.769,427.608957],[273.673,353.842,0,0,0,0,1,-1,1,1]],[7,"bwCoin1",[-66,-67],[[8,-64,[38]],[3,true,-65,[40],39]],[0,"b6JimYjDdLE6FB3y9JdfkU",1,0],[5,494.769,427.608957],[-216,170.152979,0,0,0,0,1,1,1,1]],[7,"bwCoin2",[-70,-71],[[8,-68,[45]],[3,true,-69,[47],46]],[0,"0dDvtwuRRCc6FDjrTjAIof",1,0],[5,494.769,427.608957],[216.24,172.438426,0,0,0,0,1,-1,1,1]],[17,"Bigwin",false,1,[-73,-74,-75],[-72],[0,"d5GT6OGptPbIOoqbS1NlM9",1,0],[0,-199.458,0,0,0,0,1,1.1,1.1,1]],[17,"SuperWin",false,1,[-77,-78,-79],[-76],[0,"a3GRb0d5ZN+JcyZV0gNwYw",1,0],[0,-153.611,0,0,0,0,1,1,1,1]],[26,"NodeLoopCoinSuper",0,1,[4,5],[0,"73rFOfez5CM7wg7zSmB4U9",1,0],[5,100,100]],[27,"NodeLoopCoinMega",0,1,[6,7],[0,"7b5kmiZ2JOkq3md8OOZugt",1,0]],[28,"bw_vfx_f_01",0,1,[-82],[[[10,1,2,false,-80,[112],113],-81],4,1],[0,"d2bnqZ1oRL4pi2hGLSIz+W",1,0],[5,346,749],[0,129.309,0,0,0,0,1,1,1,1]],[33,"mask",130,1,[[37,0,-83,[0],1],[21,45,720,1280,-84]],[0,"65a8RlvBpGB7yZykEC4cgY",1,0],[4,4278190080],[5,720,1280]],[1,"bw_vfx_c_add",1,[[14,1,-85,[2],3],[3,true,-86,[5],4]],[0,"c5YK0nhaVDErHeyQxmoZna",1,0],[5,654,650],[0,73.18,0,0,0,0,1,2,2,1]],[29,"nodeLoopCoin",1,[8,9],[0,"a8IjgYOllGgKIiu9nPkvtD",1,0],[5,100,100]],[34,"bw_cc_a_normal",1,[[38,1,0,-87,[48],49],[21,45,720,1280,-88]],[0,"0b+ihO8IFFboBiNQudg1sK",1,0],[5,720,1280]],[18,"particle_a_loop_add",0,1,[[10,1,2,false,-89,[50],51],[3,true,-90,[53],52]],[0,"595sSuuS1M+YqPBfYpuxTj",1,0],[5,432,936],[0,73.28,0,0,0,0,1,1,1,1]],[19,"particle_b_loop_add",0,1,[[10,1,2,false,-91,[54],55],[3,true,-92,[57],56]],[0,"7frX2/N59Lm5J4MyulQVau",1,0],[5,432,936]],[1,"bw_vfx_b_add",10,[[10,1,2,false,-93,[58],59],[3,true,-94,[61],60]],[0,"1d1kXgJPtJcY+4E9Cr2d9W",1,0],[5,390,390],[-5.508,277.624,0,0,0,0,1,2,2,1]],[18,"mw_vfx_b_add",150,3,[[14,1,-95,[67],68],[3,true,-96,[70],69]],[0,"6cP09ql/NEdouKkEe4x1Dg",1,0],[5,390,390],[12.768,315.214,0,0,0,0,1,1.8,1.8,1]],[1,"smw_vfx_b_add",11,[[14,1,-97,[76],77],[3,true,-98,[79],78]],[0,"58U1FnPqpGhLeyR3AONATN",1,0],[5,420,420],[-5.508,332.878,0,0,0,0,1,1.8,1.8,1]],[16,"LbMoney",false,1,[-100],[-99],[0,"72zxKbsNtMUIB1XcNLtLF6",1,0],[5,75,0],[0,-98.042,0,0,0,0,1,1,1,1]],[30,"win_vfx_b_00",false,1,[[[10,1,2,false,-101,[115],116],-102],4,1],[0,"e7VXYyDeFHk6I2NhL4A7Xa",1,0],[5,200,250],[0,68.621,0,0,0,0,1,4,4,1]],[11,"bw_coin_02_normal",4,[[2,2,false,-103,[6],7]],[0,"e3prFdJPJHM6Gy5ORYTYUC",1,0],[5,540,540],[-58.284,-180.149,0,0,0,0.9958705459295953,-0.09078466693164476,1.7,1.7,1],[1,0,0,190.4175000001427]],[11,"bw_coin_01_normal",4,[[2,2,false,-104,[8],9]],[0,"75TJft1B1Mb7UYnAD2HgWT",1,0],[5,540,540],[-78.053,-168.784,0,0,0,0.9958705459295953,-0.09078466693164476,1.7,1.7,1],[1,0,0,190.4175000001427]],[11,"bw_coin_02_normal",5,[[2,2,false,-105,[13],14]],[0,"fb5DX7UxFEtpMOoCknFvbB",1,0],[5,540,540],[-58.284,-180.149,0,0,0,0.9958705459295953,-0.09078466693164476,1.7,1.7,1],[1,0,0,190.4175000001427]],[11,"bw_coin_01_normal",5,[[2,2,false,-106,[15],16]],[0,"24b6CvPWhPrL0yD0kHEqu2",1,0],[5,540,540],[-78.053,-168.784,0,0,0,0.9958705459295953,-0.09078466693164476,1.7,1.7,1],[1,0,0,190.4175000001427]],[1,"bw_coin_02_normal",6,[[2,2,false,-107,[20],21]],[0,"7bHRNsRoFJzJ2GHcwgDZsB",1,0],[5,540,540],[-58.284,-180.149,0,0,0,0,1,1.7,1.7,1]],[1,"bw_coin_01_normal",6,[[2,2,false,-108,[22],23]],[0,"d6qnXBd49C/qWLLS89m+d3",1,0],[5,540,540],[-78.053,-168.784,0,0,0,0,1,1.7,1.7,1]],[1,"bw_coin_02_normal",7,[[2,2,false,-109,[27],28]],[0,"084U/mUdZCFIxzBxyL9oJP",1,0],[5,540,540],[-58.284,-180.149,0,0,0,0,1,1.7,1.7,1]],[1,"bw_coin_01_normal",7,[[2,2,false,-110,[29],30]],[0,"982d+TMm9JuJD/MUwn9X/i",1,0],[5,540,540],[-78.053,-168.784,0,0,0,0,1,1.7,1.7,1]],[1,"bw_coin_02_normal",8,[[2,2,false,-111,[34],35]],[0,"35SmbCHchLqKnqtQQap96M",1,0],[5,540,540],[-92.028,-180.149,0,0,0,0,1,1.7,1.7,1]],[1,"bw_coin_01_normal",8,[[2,2,false,-112,[36],37]],[0,"28LJm8DnNNXaGsgiUMcIhb",1,0],[5,540,540],[-45.14,-168.784,0,0,0,0,1,1.7,1.7,1]],[1,"bw_coin_02_normal",9,[[2,2,false,-113,[41],42]],[0,"72T8FlVbtKw6TvnRY8IdBR",1,0],[5,540,540],[-92.028,-180.149,0,0,0,0,1,1.7,1.7,1]],[1,"bw_coin_01_normal",9,[[2,2,false,-114,[43],44]],[0,"d60Ht1oFtCMIHE52bwla/O",1,0],[5,540,540],[-45.14,-168.784,0,0,0,0,1,1.7,1.7,1]],[1,"bw_vfx_d",10,[[2,2,false,-115,[62],63]],[0,"feN8CoGP5D47y9Jw48DPYf",1,0],[5,540,342],[0,432.336,0,0,0,0,1,1.3,1.3,1]],[1,"bw",10,[[2,2,false,-116,[64],65]],[0,"6clNU+XqJLuZXZPCRLufPy",1,0],[5,665,212],[0,322.848,0,0,0,0,1,1,1,1]],[9,10,[66]],[1,"bw_vfx_d",3,[[12,-117,[71],72]],[0,"d1CA+D3XBIL7b9Exz1VEP3",1,0],[5,540,342],[0,432.336,0,0,0,0,1,1.3,1.3,1]],[1,"mw_text",3,[[12,-118,[73],74]],[0,"a7W+/S7qpAc72O9mFc21EQ",1,0],[5,513,357],[0,373.309,0,0,0,0,1,1,1,1]],[9,3,[75]],[1,"bw_vfx_d",11,[[20,false,-119,[80],81]],[0,"f9uBMSmhhEB6Gvwf1I1hQ3",1,0],[5,540,342],[0,432.336,0,0,0,0,1,1.3,1.3,1]],[1,"mw",11,[[20,false,-120,[82],83]],[0,"b90jquhadO+aDaDuJpDy3j",1,0],[5,551,338],[0,344.62,0,0,0,0,1,1,1,1]],[9,11,[84]],[31,"jackpot",false,1,[-121],[0,"b9nQvQzVdJI7t4J2I1BTKd",1,0],[5,2025.05,962.22],[-16.308,96.034,0,0,0,0,1,1.3,1.3,1]],[40,"default",0,1.5,"Idle",47,[85]],[1,"bw_vfx_e_normal",1,[[12,-122,[86],87]],[0,"2a3G5d0pVALpg5qp+EWWTU",1,0],[5,432,268],[0,-53.014,0,0,0,0,1,3,1.5,1]],[4,"1",24,[-123],[0,"3bmWHqhVFIQ5MwwXFeZ9Qq",1,0],[5,75,0],[0,0.5,0],[0,-10,0,0,0,0,1,0.9,0.9,0.9]],[5,"New Node",50,[[12,-124,[88],89]],[0,"6fhX1U+7RMzoypqoChQmqp",1,0],[5,80,146],[0,0.5,0]],[41,"",true,"1",75,25,0.9,[null,null,null,null,null,null,null,null,null,null,null,null],24],[4,"1",2,[-125],[0,"002JbthpRPPLOPE3IU5OfT",1,0],[5,60,0],[0,0.5,0],[-235,-10,0,0,0,0,1,2,2,2]],[5,"New Node",53,[[6,"1",false,-126,[90],91]],[0,"52W6i3ogpIGoeMQTpftr3I",1,0],[5,20,40],[0,0.5,0]],[4,"0",2,[-127],[0,"9dEy4jJthBlomJhe5tfqYm",1,0],[5,60,0],[0,0.5,0],[-175,-10,0,0,0,0,1,2,2,2]],[5,"New Node",55,[[6,"0",false,-128,[92],93]],[0,"00WF84Oo1FVrC1KQ6ODHYg",1,0],[5,37.5,40],[0,0.5,0]],[4,".",2,[-129],[0,"cekqMkuRdMg6gWCPkQF8lT",1,0],[5,25,0],[0,0.5,0],[-132.5,-10,0,0,0,0,1,2,2,2]],[5,"New Node",57,[[6,".",false,-130,[94],95]],[0,"62+/WDpbZMLKvgXQaozuKI",1,0],[5,15,40],[0,0.5,0]],[4,"0",2,[-131],[0,"3cMGwKCxlAgZw0v/ZsxX9q",1,0],[5,60,0],[0,0.5,0],[-90,-10,0,0,0,0,1,2,2,2]],[5,"New Node",59,[[6,"0",false,-132,[96],97]],[0,"22Qm4a709NVpkC6cClR+pt",1,0],[5,37.5,40],[0,0.5,0]],[4,"0",2,[-133],[0,"1c4NI5vnhKSKU/cxzcluc1",1,0],[5,60,0],[0,0.5,0],[-30,-10,0,0,0,0,1,2,2,2]],[5,"New Node",61,[[6,"0",false,-134,[98],99]],[0,"bdI+gaQYxLzZfH0yVCHhvq",1,0],[5,37.5,40],[0,0.5,0]],[4,"0",2,[-135],[0,"cbVw2m+i1ITaqpqxXV9Jbm",1,0],[5,60,0],[0,0.5,0],[30,-10,0,0,0,0,1,2,2,2]],[5,"New Node",63,[[6,"0",false,-136,[100],101]],[0,"aaEjaR8NRDibKFZ5XDz1dH",1,0],[5,37.5,40],[0,0.5,0]],[4,".",2,[-137],[0,"90KYZgXPtN0okTE5/VI1LJ",1,0],[5,25,0],[0,0.5,0],[72.5,-10,0,0,0,0,1,2,2,2]],[5,"New Node",65,[[6,".",false,-138,[102],103]],[0,"a09etEjXFLc6DqpBLSDAXC",1,0],[5,15,40],[0,0.5,0]],[4,"0",2,[-139],[0,"27CyDwlpRJnqGJiau1fIGf",1,0],[5,60,0],[0,0.5,0],[115,-10,0,0,0,0,1,2,2,2]],[5,"New Node",67,[[6,"0",false,-140,[104],105]],[0,"54Mf0qigtF/6NfL1WNUJzn",1,0],[5,37.5,40],[0,0.5,0]],[4,"0",2,[-141],[0,"f8DHezTAhOV4K5fSS1YhS5",1,0],[5,60,0],[0,0.5,0],[175,-10,0,0,0,0,1,2,2,2]],[5,"New Node",69,[[6,"0",false,-142,[106],107]],[0,"bcE6Fry5FC7ZKXONRhYWXa",1,0],[5,37.5,40],[0,0.5,0]],[4,"0",2,[-143],[0,"f7ZAd8OGlCQKg4/8Sr0usX",1,0],[5,60,0],[0,0.5,0],[235,-10,0,0,0,0,1,2,2,2]],[5,"New Node",71,[[6,"0",false,-144,[108],109]],[0,"6c0r08DTFH6L5h+yOBrb0O",1,0],[5,37.5,40],[0,0.5,0]],[42,2,"",true,"10.000.000",60,25,2,[null,null,null,null,null,null,null,null,null,null,null,null],2],[19,"bw_solid_a_add",0,14,[[39,1,false,-145,[110],111]],[0,"d6/1XBztRMSIocWgzqpq5T",1,0],[5,410,410]],[9,14,[114]],[9,25,[117]],[43,1,[[44,"46e54WPV/FAhpmc2paFsDFI","onClickBtnShowFast",1]]]],0,[0,6,1,0,7,12,0,8,13,0,9,76,0,10,75,0,11,48,0,12,46,0,13,43,0,14,40,0,15,77,0,16,73,0,17,52,0,0,1,0,-2,77,0,-1,15,0,-2,16,0,-3,12,0,-4,13,0,-5,17,0,-6,18,0,-7,19,0,-8,20,0,-9,10,0,-10,3,0,-11,11,0,-12,47,0,-13,49,0,-14,24,0,-15,2,0,-16,14,0,-17,25,0,-1,73,0,-1,53,0,-2,55,0,-3,57,0,-4,59,0,-5,61,0,-6,63,0,-7,65,0,-8,67,0,-9,69,0,-10,71,0,-1,43,0,-1,22,0,-2,41,0,4,3,0,-4,42,0,0,4,0,0,4,0,-1,26,0,-2,27,0,0,5,0,0,5,0,-1,28,0,-2,29,0,0,6,0,0,6,0,-1,30,0,-2,31,0,0,7,0,0,7,0,-1,32,0,-2,33,0,0,8,0,0,8,0,-1,34,0,-2,35,0,0,9,0,0,9,0,-1,36,0,-2,37,0,-1,40,0,-1,21,0,-2,38,0,-3,39,0,-1,46,0,-1,23,0,-2,44,0,-3,45,0,0,14,0,-2,75,0,-1,74,0,0,15,0,0,15,0,0,16,0,0,16,0,0,18,0,0,18,0,0,19,0,0,19,0,0,20,0,0,20,0,0,21,0,0,21,0,0,22,0,0,22,0,0,23,0,0,23,0,-1,52,0,-1,50,0,0,25,0,-2,76,0,0,26,0,0,27,0,0,28,0,0,29,0,0,30,0,0,31,0,0,32,0,0,33,0,0,34,0,0,35,0,0,36,0,0,37,0,0,38,0,0,39,0,0,41,0,0,42,0,0,44,0,0,45,0,-1,48,0,0,49,0,-1,51,0,0,51,0,-1,54,0,0,54,0,-1,56,0,0,56,0,-1,58,0,0,58,0,-1,60,0,0,60,0,-1,62,0,0,62,0,-1,64,0,0,64,0,-1,66,0,0,66,0,-1,68,0,0,68,0,-1,70,0,0,70,0,-1,72,0,0,72,0,0,74,0,18,1,4,4,12,5,4,12,6,4,13,7,4,13,8,4,17,9,4,17,145],[0,0,0,0,0,0,0,0,0,0,0,0,0,0,0,0,0,0,0,0,0,0,0,0,0,0,0,0,0,0,0,0,0,0,0,0,0,0,0,0,0,0,0,0,0,0,0,0,0,0,0,0,0,0,0,0,0,0,0,0,0,0,0,0,0,0,0,0,0,0,0,0,0,0,0,0,0,0,0,0,0,0,0,0,0,0,0,0,0,0,0,0,0,0,0,0,0,0,0,0,0,0,0,0,0,0,0,0,0,0,0,0,0,0,0,0,0,0,40,43,46,48,52,73,73,75,76],[-1,1,-1,1,2,-1,-1,1,-1,1,-1,2,-1,-1,1,-1,1,-1,2,-1,-1,1,-1,1,-1,2,-1,-1,1,-1,1,-1,2,-1,-1,1,-1,1,-1,2,-1,-1,1,-1,1,-1,2,-1,-1,1,-1,1,2,-1,-1,1,2,-1,-1,1,2,-1,-1,1,-1,1,-1,-1,1,2,-1,-1,1,-1,1,-1,-1,1,2,-1,-1,1,-1,1,-1,-1,-1,1,-1,1,-1,3,-1,3,-1,3,-1,3,-1,3,-1,3,-1,3,-1,3,-1,3,-1,3,-1,1,-1,1,-1,-1,1,-1,2,2,2,19,5,5,20,2,2],[0,15,0,16,8,8,0,3,0,4,0,1,1,0,3,0,4,0,1,1,0,3,0,4,0,1,1,0,3,0,4,0,1,1,0,3,0,4,0,1,1,0,3,0,4,0,1,1,0,17,0,18,6,6,0,19,6,6,0,20,5,5,0,7,0,21,9,0,22,5,5,0,7,0,23,10,0,24,5,5,0,7,0,25,11,26,0,27,0,28,0,2,0,2,0,2,0,2,0,2,0,2,0,2,0,2,0,2,0,2,0,29,0,30,12,0,31,13,9,10,11,32,14,14,2,12,13]],[[[15,"LoopBg",0.8333333333333334,0.2,2,{"props":{"angle":[{"frame":0,"value":0},{"frame":0.8333333333333334,"value":-360}]}}]],0,0,[],[],[]],[[[15,"BgCoinLoop",1.3333333333333333,0.5,2,{"paths":{"bw_coin_02_normal":{"props":{"angle":[{"frame":0,"value":360},{"frame":1.3333333333333333,"value":0}]}},"bw_coin_01_normal":{"props":{"angle":[{"frame":0,"value":360},{"frame":1.3333333333333333,"value":0}]}}}}]],0,0,[],[],[]],[[[22,"LoopLight",1.6666666666666667,0.2,2,[{},"props",11,[{},"eulerAngles",12,[[[{"frame":0},"value",8,[1,0,0,0]],[{"frame":1.6666666666666667},"value",8,[1,0,0,-360]]],11,11]]]]],0,0,[],[],[]],[[[45,"font_gold_new-export",32,{"commonHeight":35,"fontSize":32,"atlasName":"font_gold_new-export.png","fontDefDictionary":{"9":{"xOffset":0,"yOffset":0,"xAdvance":48,"rect":{"x":0,"y":0,"width":0,"height":0}},"32":{"xOffset":0,"yOffset":0,"xAdvance":6,"rect":{"x":0,"y":0,"width":0,"height":0}},"44":{"xOffset":0,"yOffset":22,"xAdvance":10,"rect":{"x":91,"y":32,"width":14,"height":17}},"46":{"xOffset":0,"yOffset":22,"xAdvance":8,"rect":{"x":91,"y":50,"width":12,"height":13}},"48":{"xOffset":0,"yOffset":4,"xAdvance":26,"rect":{"x":0,"y":64,"width":30,"height":31}},"49":{"xOffset":0,"yOffset":4,"xAdvance":12,"rect":{"x":85,"y":96,"width":16,"height":31}},"50":{"xOffset":0,"yOffset":4,"xAdvance":26,"rect":{"x":0,"y":96,"width":30,"height":31}},"51":{"xOffset":0,"yOffset":4,"xAdvance":25,"rect":{"x":31,"y":96,"width":29,"height":31}},"52":{"xOffset":0,"yOffset":4,"xAdvance":23,"rect":{"x":63,"y":32,"width":27,"height":31}},"53":{"xOffset":0,"yOffset":4,"xAdvance":25,"rect":{"x":61,"y":64,"width":29,"height":31}},"54":{"xOffset":0,"yOffset":4,"xAdvance":25,"rect":{"x":31,"y":64,"width":29,"height":31}},"55":{"xOffset":0,"yOffset":4,"xAdvance":22,"rect":{"x":67,"y":0,"width":26,"height":31}},"56":{"xOffset":0,"yOffset":4,"xAdvance":25,"rect":{"x":37,"y":0,"width":29,"height":31}},"57":{"xOffset":0,"yOffset":4,"xAdvance":25,"rect":{"x":33,"y":32,"width":29,"height":31}},"75":{"xOffset":0,"yOffset":4,"xAdvance":28,"rect":{"x":0,"y":32,"width":32,"height":31}},"76":{"xOffset":0,"yOffset":4,"xAdvance":19,"rect":{"x":61,"y":96,"width":23,"height":31}},"77":{"xOffset":0,"yOffset":4,"xAdvance":32,"rect":{"x":0,"y":0,"width":36,"height":31}}},"kerningDict":{}}]],0,0,[0],[21],[33]],[[{"name":"font_gold_new-export","rect":[0,0,105,127],"offset":[-0.5,0.5],"originalSize":[106,128],"capInsets":[0,0,0,0]}],[8],0,[0],[22],[34]],[[[13,"SuperWin1",0.5,[{"props":{"scale":[]}},"paths",11,[{},"smw_vfx_b_add",11,[{},"props",11,[{},"scale",12,[[[{"frame":0},"value",8,[1,0,0,1]],[{"frame":0.16666666666666666},"value",8,[1,1.9,1.9,1]],[{"frame":0.3333333333333333},"value",8,[1,1.75,1.75,1]],[{"frame":0.5},"value",8,[1,1.8,1.8,1]]],11,11,11,11]]],"bw_vfx_d",11,[{},"props",11,[{},"scale",12,[[[{"frame":0},"value",8,[1,0,0,1]],[{"frame":0.16666666666666666},"value",8,[1,1.5,1.5,1]],[{"frame":0.3333333333333333},"value",8,[1,1.25,1.25,1]],[{"frame":0.5},"value",8,[1,1.3,1.3,1]]],11,11,11,11]]],"mw",11,[{},"props",11,[{},"scale",12,[[[{"frame":0},"value",8,[1,0,0,1]],[{"frame":0.11666666666666667},"value",8,[1,1.15,1.15,1]],[{"frame":0.3},"value",8,[1,1,1,1]]],11,11,11]]]]]]],0,0,[],[],[]],[[[13,"BigWin1",0.5,[{},"paths",11,[{},"bw_vfx_d",11,[{},"props",11,[{},"scale",12,[[[{"frame":0},"value",8,[1,0,0,1]],[{"frame":0.16666666666666666},"value",8,[1,1.5,1.5,1]],[{"frame":0.3333333333333333},"value",8,[1,1.25,1.25,1]],[{"frame":0.5},"value",8,[1,1.3,1.3,1]]],11,11,11,11]]],"bw",11,[{},"props",11,[{},"scale",12,[[[{"frame":0},"value",8,[1,0,0,1]],[{"frame":0.11666666666666667},"value",8,[1,1.15,1.15,1]],[{"frame":0.3},"value",8,[1,1,1,1]]],11,11,11]]],"bw_vfx_b_add",11,[{},"props",11,[{},"scale",12,[[[{"frame":0},"value",8,[1,0,0,1]],[{"frame":0.16666666666666666},"value",8,[1,2.1,2.1,1]],[{"frame":0.3333333333333333},"value",8,[1,1.95,1.95,1]],[{"frame":0.5},"value",8,[1,2,2,1]]],11,11,11,11]]]]]]],0,0,[],[],[]]]]