{"paths":{"0":["Audio/spinStop",4],"1":["Atlats/StartButton/14",2],"2":["Atlats/Item/Alats27",2],"3":["Img/85",2],"4":["Img/46",2],"5":["Atlats/CachChoi/07",2],"6":["Img/39",2],"7":["Img/103",2],"8":["Spine/SymbolSpecial/s_wild_c_atlas_specials",7],"9":["Audio/wallet_counting_above",4],"10":["Img/91",2],"11":["Img/86",2],"12":["Spine/SymbolSpecial/s_wild_b_atlas_specials",7],"13":["Img/35",2],"14":["Atlats/Item/Alats23",2],"15":["Audio/prizeInfobarTotalwinMedEnd",4],"16":["Atlats/StartButton/36",2],"17":["Img/90",2],"18":["Atlats/CachChoi/05",2],"19":["Img/59",2],"20":["Spine/Symbol/h_helmet_atlas_symbols",7],"21":["Audio/featureBuyCancel",4],"22":["Img/25",2],"23":["Atlats/Infobar/Alats31",2],"24":["Audio/bgmTotalwinMain",4],"25":["Audio/spinActiveLoop",4],"26":["Atlats/Alats50",2],"27":["Audio/symWild",4],"28":["Img/24",2],"29":["Audio/uiCollect",4],"30":["Spine/Symbol/l_q_atlas_symbols",7],"31":["Audio/prizeInfobarTotalwinMedMain",4],"32":["Audio/prizeInfobarUpgrade",4],"33":["Img/93",2],"34":["Atlats/NearFS/Alats57",2],"35":["Spine/Symbol/l_k_atlas_symbols",7],"36":["Atlats/Alats61",2],"37":["Img/41",2],"38":["Audio/fastspinStart",4],"39":["Img/21",2],"40":["Atlats/NearFS/Alats56",2],"41":["Img/22",2],"42":["Img/47",2],"43":["Audio/bgmTotalwinEnd",4],"44":["Atlats/FreeSpin/Alats47",2],"45":["Atlats/Item/Alats16",2],"46":["Atlats/Item/Alats22",2],"47":["Atlats/Item/Alats44",2],"48":["Atlats/Infobar/Alats52",2],"49":["Audio/list_item_click",4],"50":["Img/18ae2916-3403-44a0-ad33-d36599073dfc",2],"51":["Img/60",2],"52":["Img/81",2],"53":["Img/79",2],"54":["Atlats/Bkg/Alats48",2],"55":["Audio/fsWonTitle",4],"56":["Img/2",2],"57":["Audio/prizeSmallwin",4],"58":["Audio/bgmBigwinEndCoins",4],"59":["Img/80",2],"60":["Img/b02068d1-27d7-4cea-b744-3cc83bf9d959",2],"61":["Atlats/Alats9",2],"62":["Img/56",2],"63":["Img/10",2],"64":["Spine/SymbolSpecial/s_scatter_atlas_specials",7],"65":["Audio/bgmBigwinEnd",4],"66":["Img/12",2],"67":["Atlats/CachChoi/02",2],"68":["Atlats/Alats55",2],"69":["Img/72",2],"70":["Img/66",2],"71":["Atlats/Item/Alats17",2],"72":["Img/95",2],"73":["Atlats/Item/Alats21",2],"74":["Atlats/Alats51",2],"75":["Img/33",2],"76":["Atlats/FreeSpin/Alats43",2],"77":["Img/5",2],"78":["Img/34",2],"79":["Atlats/Infobar/Alats53",2],"80":["Img/83",2],"81":["Atlats/StartButton/53",2],"82":["Atlats/Bkg/Alats49",2],"83":["Img/65",2],"84":["Atlats/CachChoi/03",2],"85":["Atlats/Alats46",2],"86":["Atlats/Bkg/Alats34",2],"87":["Img/16",2],"88":["Audio/bgm_mg",4],"89":["Img/101",2],"90":["Img/43",2],"91":["Img/4",2],"92":["Atlats/Bkg/Alats33",2],"93":["Atlats/StartButton/Alats38",2],"94":["Atlats/StartButton/54",2],"95":["Atlats/FreeSpin/Alats45",2],"96":["Spine/Symbol/h_coins_atlas_symbols",7],"97":["Audio/fsSpin",4],"98":["Img/99",2],"99":["Img/17",2],"100":["Spine/Symbol/l_10_atlas_symbols",7],"101":["Img/62",2],"102":["Audio/bgm_fs",4],"103":["Audio/fsTrans",4],"104":["Atlats/Item/Alats25",2],"105":["Atlats/Alats58",2],"106":["Spine/Symbol/h_chest_atlas_symbols",7],"107":["Atlats/FreeSpin/Alats36",2],"108":["Img/6",2],"109":["Audio/featureBuyStart",4],"110":["Atlats/Font/Alats26",2],"111":["Atlats/CachChoi/01",2],"112":["Audio/symShrink",4],"113":["Audio/symCollapse",4],"114":["Audio/prizeSmallwinMultiplied",4],"115":["Atlats/BigWin/Alats12",2],"116":["Img/82",2],"117":["Audio/fsIntro",4],"118":["Atlats/StartButton/27",2],"119":["Atlats/Alats62",2],"120":["Audio/uiStart",4],"121":["Audio/featureBuyHover",4],"122":["Img/44",2],"123":["Atlats/StartButton/Alats40",2],"124":["Img/7",2],"125":["Img/13",2],"126":["Img/23",2],"127":["Img/28",2],"128":["Img/30",2],"129":["Atlats/Font/Alats32",2],"130":["Spine/SymbolSpecial/specials",2],"131":["Img/9",2],"132":["Img/64",2],"133":["Img/18",2],"134":["Img/1",2],"135":["Spine/SymbolSpecial/s_wild_d_atlas_specials",7],"136":["Img/37",2],"137":["Atlats/Font/Alats60",2],"138":["Atlats/CachChoi/06",2],"139":["Audio/heartbeatSlowdrop",4],"140":["Img/100",2],"141":["Img/lauch",2],"142":["Img/20",2],"143":["Atlats/BigWin/Alats30",2],"144":["Img/98",2],"145":["Img/57",2],"146":["Atlats/StartButton/Alats39",2],"147":["Img/78",2],"148":["Img/104",2],"149":["Img/32",2],"150":["Audio/spinBtn",4],"151":["Img/89",2],"152":["Img/92",2],"153":["Img/48",2],"154":["Img/52",2],"155":["Img/19",2],"156":["Atlats/Alats54",2],"157":["Audio/uiInfo",4],"158":["Img/88",2],"159":["Atlats/Item/Alats15",2],"160":["Img/ruleJPAsgard",2],"161":["Audio/featureBuyBtn",4],"162":["Atlats/Font/Alats63",2],"163":["Img/70",2],"164":["Audio/spinStopQuick",4],"165":["Img/74",2],"166":["Atlats/Item/Alats20",2],"167":["Spine/Symbol/l_a_atlas_symbols",7],"168":["Audio/heartbeatNoise",4],"169":["Img/45",2],"170":["Img/69",2],"171":["Atlats/CachChoi/04",2],"172":["Audio/symScatter",4],"173":["Img/58",2],"174":["Audio/rouletteEnd",4],"175":["Img/duong",2],"176":["Audio/fastspinEnd",4],"177":["Img/67",2],"178":["Audio/multiCombine",4],"179":["Audio/rouletteStart",4],"180":["Img/61",2],"181":["Atlats/CachChoi/08",2],"182":["Atlats/Item/Alats18",2],"183":["Spine/Symbol/h_horn_atlas_symbols",7],"184":["Atlats/Infobar/Alats29",2],"185":["Audio/menu_icon_press",4],"186":["Audio/rouletteLoop",4],"187":["Audio/slider_effect",4],"188":["Atlats/BigWin/Alats4",2],"189":["Img/26",2],"190":["Atlats/StartButton/Alats37",2],"191":["Atlats/Item/Alats8",2],"192":["Img/102",2],"193":["Img/3",2],"194":["Img/11",2],"195":["Atlats/FreeSpin/Alats41",2],"196":["Atlats/Alats2",2],"197":["Spine/Symbol/h_mug_atlas_symbols",7],"198":["Img/75",2],"199":["Img/71",2],"200":["Audio/scatterWinHighligh",4],"201":["Atlats/Item/Alats10",2],"202":["Img/76",2],"203":["Img/8",2],"204":["Img/77",2],"205":["Atlats/BigWin/Alats5",2],"206":["Atlats/Item/Alats14",2],"207":["Atlats/FreeSpin/Alats59",2],"208":["Img/55",2],"209":["Spine/Symbol/l_j_atlas_symbols",7],"210":["Img/87",2],"211":["Atlats/BigWin/Alats11",2],"212":["Audio/prizeInfobarTotalwin",4],"213":["Spine/Symbol/h_shield_atlas_symbols",7],"214":["Img/15",2],"215":["Audio/bgmBigwinMain",4],"216":["Img/94",2],"217":["Atlats/Item/Alats19",2],"218":["Img/31",2],"219":["Img/50",2],"220":["Atlats/Item/Alats24",2],"221":["Atlats/Bkg/Alats6",2],"222":["Img/63",2],"223":["Img/68",2],"224":["Img/40",2],"225":["Audio/heartbeat",4],"226":["Spine/SymbolSpecial/s_wild_a_atlas_specials",7],"227":["Img/29",2],"228":["Img/54",2],"229":["Spine/Symbol/symbols",2],"230":["Atlats/FreeSpin/Alats42",2],"231":["Img/84",2],"232":["Atlats/Font/Alats7",2],"233":["Img/51",2],"234":["Atlats/Bkg/Alats13",2],"235":["Audio/fsWonRemainingIncrease",4],"236":["Img/96",2],"237":["Img/97",2],"238":["Animation/ShuffItem/Shuff2Loop",0],"239":["Atlats/Item/Alats27",1],"240":["Animation/FreeSpin/ShowFs2Loop",0],"242":["Img/45",3,1],"243":["Img/3",3,1],"244":["Img/59",3,1],"245":["Img/ruleJPAsgard",3,1],"246":["Animation/FreeSpin/ShowFS1Loop",0],"247":["Atlats/StartButton/Alats40",1],"248":["Atlats/FreeSpin/Alats59",1],"249":["Img/84",3,1],"250":["Img/95",3,1],"251":["Img/7",3,1],"252":["Animation/FreeSpin/EndFs3Loop",0],"253":["Atlats/FreeSpin/Alats47",1],"254":["Img/104",3,1],"255":["Atlats/Font/Alats7",1],"256":["Atlats/FreeSpin/Alats41",1],"257":["Spine/SymbolSpecial/specials",3,1],"258":["Img/99",3,1],"259":["Atlats/Item/Alats17",1],"260":["Animation/ItemAddScater/Loop1",0],"261":["Animation/ButtonStart/Start",0],"262":["Img/37",3,1],"263":["Img/64",3,1],"264":["Atlats/Alats58",1],"265":["Img/51",3,1],"266":["Frefabs/NodeAddShuff",5],"267":["Spine/SymbolSpecial/s_wild_b_atlas_specials",6],"268":["Img/20",3,1],"269":["Atlats/Bkg/Alats13",1],"270":["Atlats/Alats54",1],"271":["Img/34",3,1],"272":["Animation/FreeSpin/EndFs2",0],"273":["Img/16",3,1],"274":["Spine/Symbol/symbols",3,1],"276":["Img/11",3,1],"277":["Img/54",3,1],"278":["Atlats/BigWin/Alats11",1],"279":["Animation/Bkg/Coind",0],"280":["Spine/SymbolSpecial/s_wild_a_atlas_specials",6],"281":["Img/47",3,1],"282":["Frefabs/TakeSymbol3",5],"283":["Img/18",3,1],"284":["Img/41",3,1],"285":["Img/65",3,1],"286":["Animation/BigWin/SuperWinLoop2",0],"287":["Atlats/Bkg/Alats33",1],"288":["Atlats/StartButton/36",3,1],"289":["Img/43",3,1],"290":["Atlats/CachChoi/04",3,1],"291":["Frefabs/EndFreeSpin",5],"292":["Atlats/NearFS/Alats57",1],"293":["Img/6",3,1],"294":["Img/80",3,1],"295":["Spine/Symbol/h_mug_atlas_symbols",6],"296":["Atlats/Item/Alats23",1],"297":["Img/96",3,1],"298":["Img/87",3,1],"299":["Img/b02068d1-27d7-4cea-b744-3cc83bf9d959",3,1],"300":["Animation/FreeSpin/EndFs4",0],"301":["Atlats/Alats2",1],"302":["Atlats/StartButton/14",3,1],"304":["Img/97",3,1],"305":["Atlats/StartButton/53",3,1],"306":["Img/103",3,1],"307":["Atlats/StartButton/Alats39",1],"308":["Frefabs/Coin",5],"309":["Img/5",3,1],"310":["Spine/SymbolSpecial/s_wild_d_atlas_specials",6],"311":["Img/79",3,1],"312":["Atlats/Font/Alats26",1],"313":["Atlats/Infobar/Alats53",1],"314":["Img/19",3,1],"315":["Img/69",3,1],"316":["Img/26",3,1],"317":["Atlats/Item/Alats20",1],"318":["Animation/BigWin/BigWin2",0],"319":["Img/1",3,1],"320":["Atlats/FreeSpin/Alats36",1],"321":["Spine/Symbol/l_10_atlas_symbols",6],"322":["Img/55",3,1],"323":["Animation/TakeSymbol/Take_2_1",0],"324":["Img/4",3,1],"325":["Img/81",3,1],"326":["Img/75",3,1],"327":["Animation/Infobar/Take1",0],"328":["Atlats/Alats55",1],"329":["Img/67",3,1],"330":["Img/63",3,1],"331":["Img/8",3,1],"332":["Atlats/Alats9",1],"333":["Atlats/CachChoi/06",3,1],"334":["Animation/BigWin/MegaWinLoop2",0],"336":["Img/32",3,1],"337":["Animation/BigWin/BigWin1",0],"338":["Atlats/CachChoi/01",3,1],"339":["Animation/ShuffItem/Shuff1",0],"340":["Spine/Symbol/h_coins_atlas_symbols",6],"341":["Img/39",3,1],"342":["Atlats/Item/Alats19",1],"343":["Atlats/StartButton/Alats37",1],"344":["Img/56",3,1],"345":["Img/46",3,1],"346":["Spine/SymbolSpecial/s_wild_c_atlas_specials",6],"347":["Atlats/Item/Alats24",1],"348":["Img/86",3,1],"349":["Spine/Symbol/h_chest_atlas_symbols",6],"350":["Img/25",3,1],"351":["Img/77",3,1],"352":["Img/48",3,1],"353":["Atlats/Infobar/Alats29",1],"354":["Atlats/Alats62",1],"355":["Frefabs/RuleJPSlot",5],"356":["Img/60",3,1],"357":["Atlats/Item/Alats8",1],"358":["Img/92",3,1],"359":["Img/70",3,1],"360":["Img/72",3,1],"361":["Atlats/FreeSpin/Alats43",1],"362":["Img/93",3,1],"363":["Img/52",3,1],"364":["Img/102",3,1],"365":["Img/58",3,1],"366":["Animation/TakeSymbol/Take_1_1",0],"367":["Atlats/StartButton/Alats38",1],"368":["Animation/Bkg/Fire",0],"369":["Img/2",3,1],"370":["Atlats/BigWin/Alats4",1],"371":["Atlats/Item/Alats15",1],"372":["Spine/Symbol/h_helmet_atlas_symbols",6],"373":["Img/98",3,1],"374":["Frefabs/LichSu",5],"375":["Animation/Mutil/EfMulTake",0],"376":["Animation/Infobar/TakeBig",0],"377":["Img/24",3,1],"378":["Img/22",3,1],"379":["Frefabs/NearFs",5],"380":["Img/duong",3,1],"381":["Atlats/BigWin/Alats12",1],"382":["Frefabs/Bigwin",5],"384":["Atlats/Font/Alats63",1],"385":["Img/18ae2916-3403-44a0-ad33-d36599073dfc",3,1],"386":["Img/68",3,1],"387":["Img/94",3,1],"388":["Spine/Symbol/l_q_atlas_symbols",6],"389":["Img/100",3,1],"390":["Animation/BigWin/BigwinMain",0],"391":["Img/61",3,1],"392":["Animation/FreeSpin/ShowFS3",0],"393":["Atlats/Alats46",1],"394":["Img/91",3,1],"395":["Atlats/Font/Alats60",1],"396":["Atlats/Bkg/Alats48",1],"397":["Img/101",3,1],"398":["Animation/TakeSymbol/Take_4_1",0],"399":["Animation/BigWin/BigWin3",0],"400":["Spine/Symbol/h_shield_atlas_symbols",6],"401":["Img/66",3,1],"402":["Img/44",3,1],"403":["Atlats/Item/Alats22",1],"404":["Animation/Mutil/Mutil1",0],"405":["Img/12",3,1],"406":["Img/57",3,1],"407":["Atlats/StartButton/27",3,1],"408":["Animation/NearFS/Nearfs",0],"409":["Spine/Symbol/l_j_atlas_symbols",6],"410":["Frefabs/CachChoi",5],"411":["Img/90",3,1],"412":["Atlats/Infobar/Alats52",1],"413":["Spine/Symbol/l_a_atlas_symbols",6],"414":["Img/21",3,1],"415":["Spine/Symbol/h_horn_atlas_symbols",6],"416":["Img/lauch",3,1],"417":["Animation/BigWin/MegaWin3",0],"418":["Animation/ShuffItem/Shuff3",0],"419":["Atlats/Infobar/Alats31",1],"420":["Animation/BigWin/BigWinLoop1",0],"421":["Atlats/Bkg/Alats49",1],"422":["Atlats/CachChoi/07",3,1],"423":["Atlats/CachChoi/02",3,1],"424":["Img/76",3,1],"425":["Img/9",3,1],"426":["Img/10",3,1],"427":["Atlats/Item/Alats44",1],"428":["Frefabs/BkgTakeSymbol",5],"429":["Frefabs/TakeSymbol1",5],"430":["Animation/NearFS/NearFS2",0],"431":["Img/40",3,1],"432":["Img/71",3,1],"433":["Frefabs/NearFreeSpin",5],"434":["Img/62",3,1],"435":["Frefabs/TakeSymbol2",5],"436":["Img/82",3,1],"437":["Atlats/FreeSpin/Alats42",1],"438":["Atlats/Bkg/Alats6",1],"439":["Atlats/Alats51",1],"440":["Spine/Symbol/l_k_atlas_symbols",6],"441":["Frefabs/ShowFreeSpin",5],"442":["Img/35",3,1],"443":["Atlats/CachChoi/05",3,1],"444":["Atlats/Item/Alats10",1],"445":["Spine/SymbolSpecial/s_scatter_atlas_specials",6],"446":["Atlats/Item/Alats16",1],"447":["Img/89",3,1],"448":["Atlats/Alats50",1],"449":["Atlats/StartButton/54",3,1],"450":["Frefabs/NodeAddScater",5],"451":["Atlats/Alats61",1],"452":["Img/23",3,1],"453":["Atlats/Item/Alats18",1],"454":["Img/30",3,1],"455":["Img/78",3,1],"456":["Img/31",3,1],"457":["Img/17",3,1],"458":["Animation/NearFS/NearFsNoSap",0],"459":["Img/15",3,1],"460":["Img/50",3,1],"461":["Atlats/Item/Alats25",1],"462":["Frefabs/EffectRemoveItem",5],"463":["Img/33",3,1],"464":["Animation/TakeSymbol/Remove",0],"465":["Atlats/Item/Alats21",1],"466":["Img/29",3,1],"467":["Frefabs/ItemSymbol",5],"468":["Img/28",3,1],"469":["Img/88",3,1],"470":["Animation/BigWin/SuperWin1",0],"471":["Atlats/Item/Alats14",1],"472":["Atlats/Bkg/Alats34",1],"473":["Img/13",3,1],"474":["Animation/BigWin/MegaWinLopp1",0],"475":["Atlats/CachChoi/03",3,1],"476":["Animation/TakeSymbol/Take_3_1",0],"477":["Atlats/Font/Alats32",1],"478":["Img/85",3,1],"480":["Atlats/BigWin/Alats5",1],"481":["Frefabs/TakeSymbol4",5],"482":["Img/74",3,1],"483":["Atlats/BigWin/Alats30",1],"484":["Animation/ShuffItem/Shuff4",0],"485":["Atlats/CachChoi/08",3,1],"486":["Img/83",3,1],"487":["Atlats/NearFS/Alats56",1],"489":["Animation/FreeSpin/EndFs1Loop",0],"490":["Atlats/FreeSpin/Alats45",1]},"types":["cc.AnimationClip","cc.SpriteAtlas","cc.Texture2D","cc.SpriteFrame","cc.AudioClip","cc.Prefab","sp.SkeletonData","cc.Asset"],"uuids":["034GgDccBBbYMsH5tEShmH","06N4ivjTBCSaR1M+zufKm8","06UT+eRAxE17zCdo2GHlg/","0aAlxri/JHmK7c2DrV6x4O","0bBjlubMJP4YbH7bQhkOiT","0cdEEEO75OVJ2G0x7P70qU","0d3RWk4B1JjKXaJceSeJSl","0edJn3mEpJB75JMTSW0e93","0f2m3XpaJA9I/ItMYbi6Sb","13eiajxOhO+p/UBKxH/7wK","14LIrBnBJL66ujAYdmd7e8","14WxwHfLlN9YFCW9lzit9N","15TAmnZDRCfrDfNY41oYDF","15u0wn+vdCfLwE/wrqvmzb","16V7g3O8JG+JGeEmrmG9Nj","16vKx5ms1PwLDnxyB6qMdP","18EhNMyXJKo7HaAV6zzE/d","18YwMDvUhMQJfOjOlq+TEy","1afl66EERC06SaoNCAc28D","1a1fpz0UpF4YB4b1OaZOT2","1eqdo10xhNWYqprJYCdAFn","21B4eul9pEzLme5yxMAIEL","21DX1iD3hNypLPTy0XZNML","22qHPDSfJHQrqUI7iq2cr2","25BW2OJZFLnbabsystLD5v","26Eo/4cSFGSLLRgN0EjkPf","27DUcBXYlOjJCUK3t9HbXn","27ac4OGXlBZIIjzNGFJ8lk","28wJeYjTVFLpFX7rWdY+/6","294EZwsd5Nvbc0WXTAz6HR","2aTMgYcb9MPI7TGvWK3ey9","2b74OlS4FMGL4Yv01ACKDt","2ehoS70K1J1p5oJgIYE4jU","2fTpzeY0JFP6gBLuxDIJjw","2fbSTqUHBNvJkt0lcK2FQk","31RrbqsIBPB6KiXrWX+j0B","32mTth6udKLKbNPpuB1yvK","34EaIsjtdM4b5tWktsk6ZH","36ard0KNxL6aVgq8N8Dz3/","364jLh0IBBOLhhXS9D1hyi","3795Gh7g1J053u/wTuCD5a","38T7FFzkpEnLmstc20Wg4M","38n0EOKQZJELV96ny2f8EJ","3blh7TFWtA6otR+EMQ18ia","400xv/DlFHALqf4M77iyXd","42lwbUgyRI4J1wxFmFnhVy","43ggdqf8ZOdrXDseDBK5DI","4353bJNK9Ks4eS2Hl0p/QK","44aZ03g3xB2ogvtE0grBbf","453o2q5VpJyb3IE7tmzKP7","47ZJCKoYRCH4P5TYiKLmJO","49hoiK6rNK+rY09Vi9hlim","4algEvk5VL44YCwady2XY7","4br+SoxlxLO782Sl7N1XI2","4cFqFIGHFIqK3wDEts56Qd","4djbsg0xZF7IMBjv4e4GNL","4eBqpyGitLGakd9ZjLI8SQ","4eDVg4VHxO3bbWHiO3Gsff","4emzVEPz5NuIJTuddDdFtH","4erPhwCktEt6g8ids+LMvm","4fggm58/1BgaLUILiBCkvf","50tz5edLNP64D43E0jlDTd","54Z/OdIuBDc435qmQ6RO5O","54eBg/4QtJtaH6qRNDIacj","55cg4MGF5H34+JZKyIyUQ+","56n4GfMzBBL6aiPfRJ4/oG","587/LvnYdO/7X31e8kJ5DO","59FotddpZHtqejFUX+h667","59rm9/6XRJJaeJO7rM5aKG","59yWNBo3NJFLfco9hQ23J3","5d7FJRN4hL7YrP+9W12jYy","5ebZDseM9FzYCoJ2En4b/v","5eqvnwjadP4IIAaQCtZote","5fUL/R06xB1ZaXI+Ma6tWa","603hn11yJAx6wXX9LV42DM","633e5quBZImahIGIImLILe","64ojnGji5HH6b+enOBT5yJ","64/WyQQVhJlatX3P9V795p","65WBoHHtVG1JpzjsW2u+Sg","651bCrGo1AMo7nwGymdXrb","655B/5GS1J6a94+BmNaFAD","66LpLF6wNFuouy8pVY68HJ","66pDSXyMBC9Y50ScM7eYKD","68DuiR3JVD9L7kQ+uU8jo8","68F4vwU3NP1I/N5qHmY2Bj","68VLenbMdOwqnyraVq5jMd","68ybWhCLJGEozf0Jjlw+xk","69BT+wYitABoPVIKJZWF0t","6a3HMC+/hDOIo67wOPDvl8","6b39HZmmFOA4x5e77fMaLY","6cdD503JlPHawoU360yrpP","6cz5l4xmdGEKldW4nxfgYh","6dgeHeUSpOj7hZmgEkX8M1","6diUeGpENNNKv1L52V7Lns","70Vv0zYdpPtKkIllka9b8r","71oDJTdWFGirJ7vJxtIdAn","73lnlzly5JZKgRzfFP8S/t","74NwMdqzdIzZgXsXZwTiqn","74Sm+AQE5MypnpQEQUw297","75LwKiZvFHNJPWcDZDdT2P","75NCH3FNNIErsU8cq8+lME","77b7Ha725O9Y3dQpeXlo9t","79IVhixo1Dg5TX2lR5m2Vh","79b/O3aS1Pyaf0/hlsHiw+","79mzU5fDNIbr1/dtvqaF33","7bb6IFlbJEYKM4cCN4QoyD","7de2+LDfxF7IH3Yg7OM4rC","7d8W/leUVG6rFILCwcWHfM","7eN3JWjudODb0cEWzwxplF","7fCNR0aX1Fhr+OK9r/hc2m","7fHAcRgnhAr53zFbVBlfEb","7ft16a675KrYqSx0WpY2MP","80N5Y73SNJHKbP89N9EX3z","80nUbnchpP64WcCw/Q01Py","82D5lb0xVP35WY6gO7nSu3","82ZxFL+qNJGpP2/ImbISi4","83FwRYV7pPu4WNrSzFObCr","84D1z5ZKdL6IC3v9ZOytf7","85Mxyzh+dFPqLEqSRj/ZWm","85jpWHK4lCupsMhZaUX5Ce","856jTdQxxBvqt1LOCZoE+s","86C/KtuLlErrxNj26BvST2","87ZwWoPFlLv6SkAuHHyPrY","88IVfgMi1NC4udZidkWhv3","88cIrHuipLIZr81CySTE45","88iZOGPetDjJxPYLehnqsd","881KS2YWBBgZkdAOjCFYeH","8aH1cc9qJPYqEW8PBJlVU/","8axEicuPxJHI2tN0jTleNx","8dufi8EiVD86iREfSmF5fb","8fSHN6F0ZAqKObbtwEfuL6","8f3M+piu9GFqjh7rR71oTK","9083FQY6REJZf+sry/GfxR","91vaw+WdtEY45IYhIIFeyP","92dQuRn1VMkpvkHEoWPN6C","93SQaE9I1HgJ9YHawnd8V3","95LkfSl1lBGbG9DxTmmP1a","95djg/4B9EobwizCZyI79y","96YnT46g1OUpCsf3L/vUO2","987tcxrURIa5ZU0v6D3nmp","98/UIcbPhF3YbCqr9KcUKM","99jk+nLOlJSben8XLzfzdp","997A+6VG5Otb5P3Mf0x9Mj","9cS2exlT9P2pfCOPA+dd8m","9canswLm1O3rHiL6Ybjmhw","9d2WYQsNBOP4jN7mTYmo+Y","9d71kc3XRO7Ku7xoa3ngbm","9edZ2gHUdPj5FJZycHH0cv","a0J2fy05lEna+lwea+9+dR","a0ibmFqupEQZT+VkfvfOsB","a1fh2BCZJFdYCN8cfnewSV","a3Nsr1QapAwJWnrkJXskP6","a4dOaH871M/6K8SRf6Q93p","a421uP0ghK344gnqY5j1Gu","a5aDMc3+dL6LA14eFY+7na","a8G8PvYx1GsrUgPv30+Ksb","a8aZRru3BB6bPIXi9YWJ+i","aaLwSrHptM350B7Yi+pRth","abCxFVBPhI26OmOipY0rmE","aejLHJvU1HR6ESVgty2DlB","afPe3euH1O4ITtHvPbGFqL","b0xVbdoV1K/6Hkbyy8QqPX","b2K7gDeORAqZOtWxCvltSz","b26jfHiURA3pVFUrdRxMFl","b33hHt+kNKLoxRsfn8FXFH","b4fQa0nQ1JooMlFqCZmO8z","b4tziiuapN8ZHIY+wkXYD1","b42E9v/wJIZoNKMBEJP+ja","b42KVP5ddLVoTkG/iViHOS","b5smSR5sJJwYgH2Gk0xEtK","b5s4ecfNhOwb4Wnm/DMHum","b8SDw2Z4JIQbsnzOlsZSNP","b8VODRY6hGkaXTGDSFXdQD","b8aQs44lVEEop9H4lSPdrX","bagHvTnABAN7jqm37vKzph","ba4QUOi6dJl6WkjnlOeRfC","bcJcoTBDhJgZBFRsh88crc","bd0yrY4R5I05VaO8vP65W0","bd7Z0sw5xDd7mBaoAMweCv","beIN/LiWNFfKfRMOTu6nA9","bfFcQXrHhOVJm5uz1XNbhn","bfheShb0tOz7wiX3Sa/77y","c1igiaIwVDNbbapH4vcOl4","c26AdZNu5NuKN8VAxgYnK9","c3EzwHOmxEO5rLC9BG6lon","c4/SQHc/pOjqhCNQY1ClAQ","c58UCIlIlI9pXVZOxIzhRw","c6KOv70tpCiZApy4B66LO1","c7LAr8l45Ev7GNRPdxFL8H","c7lA0ftNtKE7fzD/eziSVt","c8v5RqXtBO1aB5U00/rNnh","c8z7261tJBrbZOF709MOkK","c80GFRxu5KAoDJIbOLg+hw","cbQcjZeHVHqr7G+NJqfIal","cdNuFtTaBJQoqkHdcIffEV","ce8qHjfxJBgZ/fS9tsOx9P","d1ChbCvyFH3oPGXZoP1sUc","d6DHwWalJPTYsy9GcWwwrW","d61Nm3kqJNn7bCdIMwWlWs","d7UnQSBUNGFac9SAL72h5B","d9TZUm+D5LUIVGO8wZBUrT","dbwLF7zyVKj42L8Fxlto2f","ddXX5B+HNBjZwKTFQ6ak1w","deUddagglEYqlChhe0zL7x","e1Fo5xN+dNG7zxv7VBW3qa","e1bGRZwzVOd65mYH7NFwjn","e2mF8e0OZM3YjO4wlSpeMA","e3L+b5TtVE9Ko1f0mlYq1m","e4odMTKmtP3KMy0hmjAc2q","e5r9u1VJZJiKVW7RgrVRQN","e6Jd+7mxtF9449AquLoo9e","e8GMi0NeFDrrRu4uwa+YMe","e8pnNLLpBLaY6MPwHMIaWA","e9DGPWHl9PB7mK06bJ4bw5","eafYBrDyxL7JjJlbeieXSN","efF1IlVsJFDYc/OPpCCpmj","f0Jd063N5JCIQD21NnemsS","f0s/Zi3r5Jkpvc54mnljyC","f09CQhbClDFqnZAah5qLll","f1MMTwZvdJGKEWhUs22iZ7","f1O7AlrsBFVpWCsKY/RNjR","f1xESi7s9FtZ+vVpzimCyx","f194+X5uxKn4q2IyCrmdJG","f2XQKBlJJFuo14nMfBwVuV","f2vJ+J/ytGv6BJ4na1AKaX","f2/Vf+Z1tPI7D32VKH5j1M","f3As5pH7BO6oDPw7pKsw+H","f4MYl1AWtD1776bDEI5+lR","f4S+Tx9kFGqKEhn/9RZBPJ","f5EEtXXz5NDr1x4Um5vMfh","f5uMUhMrNJ07TI7XElJVii","f6N5U6nNVFyaYd/eEOU2r5","f65NyWvVxB8Z5tmP4y9ZrI","f7bHbYNzxAZY7XH3G99R+7","f7ht1z32JIkKfKMHwLLWvF","f7mcIA6fdLsLW/fpOp70VK","fa9iKiKlJKzrhdDqpjCDwk","fbSogluVZIE6Ug/BT4oNPs","00t2ET6w5Nhrsiu4V4FktB","00wkYdPE1OHI2cYKfC37zo","01H+S99DpKaZrAzXAKWHw3","01/0uqpGJBJ67c70/BDyFT","03cxx7vBFJGYcGHCnEcp4W","04Xsh5w25EMJQnxFjW2VA1","04drZVWXxEsrbfQNDmkF5H","04qDFmX29DoIBLgWmJKFQl","05FsQBhhFNw6+R7XO7UarJ","07gEPNVK9M3JUkKCnMYTBi","0ciuXIum9B6IMpfELDysfY","0cqaMraoBHW6L0I+ub2bys","0d0/TCIzFEVK52dYeNsCcR","0ejODiUkNLlZj8f11Z4KvM","0fHfysxd1Cw4RSQl0EW0iO","10ZTm/tmxK3ZInXQBLGIYS","11hGz+8WJEgoQBHckIWJ+F","11xygNiQZCXI68/h44Hlhd","14IkE5bs5PdK4hinjIWZuN","15wcqlQBRNuoaHNFWQB9I7","167a/zQixKOoLUYkZlijdf","17GOpqT3VBbZJSrtI1OFxD","18H8IkuAhBsbkwC7nUum3Y","18e+I6foFOj4tVdQ1PkUx0","184DRj3ANNKblVPfm7uZnB","1aJPOX+TlOSLE8gT/YyfK/","1ae/cBGcZOtqhm2NVOhkK1","1byRtaJg5KT639qDI7mgKC","1b4ELAIxJPWKzulY9bQsUm","1cTkMw0dBGd64GnvXKLNnn","1ch++dC/lG3Y/7b1RwdOkO","1eeF/CKPlP/rYhd2uqtvUB","1ejrv4YEhB5pW0L22CiBNB","1e6cm08hlOu58ZD7Weolyy","1fNLeHQRtAu59m+FWhmTNv","20Al6OfrJDhbrxSpu/ZT1N","20kMFF9cBChJ/jgBQB5q7f","21PpxYgu1Agrz5oNND1t9I","23DffmhupKiIop+gL8hnm5","26KLDsqypJIrNL5q+M4LkL","28Mafp0wVKtoO/1PBSK9AD","2bimDMZBNIAZihSBNShje+","31stU1+MNLSa99jm3j5hef","319jXeAsVNHKMRzUElTHLd","331pFNIeNPiqFr2Nl29ylh","34LWreCRZH1KtUENCmtQto","35x+X1sUpHi4qmiYKMWpVt","36sIpcMt9COo2fFigLwItG","36vmGW+SNNZr52Uqha8sG2","37O+IfyNlDfoZJpFxqqoWe","37fbWN0CBOU5MiOhgZqc0U","37k/w0cutPK5WlEhQnGLzI","38PSMsSChL8Zio/LQLwlSF","39vTpcAQJD/6EkLDeJPb2p","3bBi64paRMOaAudCVoI589","3eKBs/7cJOqJvpNJa86jOj","40Pgfnb5tMV6ba9gs9N7Vw","40wvaEj09GV5Fu8EhGpbXG","41M1tfBf5A+LF3NhhZyuRf","419MLAPbREX4aM+mGalVv2","44g8VhSVhFPqQcr9X5BRJp","447Uv6twJAhJHi1jSS7gCe","45wOhILN5Aubup70k0PUSA","465kIXokNNL6sBEN6TO0lH","47M/vACwdEP4kC2kjiAoB3","48FzB5HpxPi7Rjom+cygoD","48Mj1XwaBFTbsme05TGxJg","48WXX8+u1Kl4H2byA0JVgV","49mkfGVwRHHKSNU3UOETT9","49y9fumcpHhZ+1v97lne5Q","4cNss1iclHF4Twdd/lvSW9","4ckiGrP9lOCas7ZtaeMpWU","4ctQmkcehNY6kE1nBIy2fM","4dCEHhgItBwJpfYk0NZvbA","4dMabjm2xAZpg+rm4wGHsg","4emT3/07ZGgq9BJ/sW1OnF","4fnBpdi0BOfYBeMyrIfFh6","51FkTJwstJCLu0TjhFWbPz","51V+Zfb1xKr4RIKHy+wMbH","528o4qdctEkblZ7cw8jj7c","53QBBgOl9KZKpH5Jdh7of7","54n1f2e2tPYIavVfLhK47w","54tYuEjcxDYJoHtVC29HKX","54zIgEUYVGQqSh0xSDuEBh","55bMBWPJNAkJO/jZLX90V6","55buUGmSdHMIRGQnf1Tj54","55dAK4Pa1BVrFrBIBKgv+z","58KURpk+hDj5Fqn9O92Xsx","58RZojFYlN7K+83EeH9ITf","59RPIo+uBMnofXZb0iJK07","5bZd6o6pFAxL44fSj+v7ME","62uy06pd5EeZVx/5t+bUal","62v8MWB/1PK48niHrlQfkY","63nwJ+5s9C17suRtHINTQ+","63uYeGi7xMwZPUrs5HYdnt","63zmegfFdDq4/I8tvRL5wI","631AA7z49JNafZx0q93a2A","64nzRAAdFNd5KrOVR3MAU5","65Of6D+n5LZZCKcZLq9VjS","66KboMgR9JIKg3aI4TkAzA","68ChtK+9JE/r/6QMgHQXML","69KMdsI59KTbKimMxxkjcW","69QCul0i1MJ6enlvnSupfD","690l55Zl5Ckr1aIDV2SiI4","6agBELnK9CoZ5xi9y55SbI","6cjGGCpK5GXLpJHalkyJHr","6c9gPR7oNGEIJeZGVHS8/b","6dotj2HblE17BF5c8mJWzM","6egOxEJ0VDPoDrzVNYgQxm","6elaN/PC1ESJYdWRTiIuxg","6fKPt57j9PLb3DtSRnkV8p","6fZH4bcV9CRKpMJ9q1fa9y","6fdMdCz51HOY9u1gZNFHVc","6flyScyIRJ1b+0huG+iD63","6f+HdrwhpIBa/97jJrYyLf","70EhwykjhKl7ziSjwpuse+","71TCmP8+5CWblkr2hB5CGQ","71T7MNXgxEH4UJApJ7vJQ4","71ztHw/+JCI7KmKFiNg5Jc","74aGivVGhEnLhoOuoYSD59","76TUxNpLhKaL8SwetN5TIg","77Z9/jEldELb6BToZgWF0l","788xqbgIZCqZoNJLvibY+M","7893d3qcFOG48xb3Adwe3I","79beBoPi5C5YlbeS76TD43","799RPr3P1P748+yudJxSam","7bH5RmL1dKm47mjeLLPd7Q","7bIIyh9exAnI02CB7WiEao","7bonvtUt1MC4BhJ0AJAr/x","7eXHPqSRBJ/LfVJdfzjwWb","80Oh0jTjZBXq12oQseikq6","82MTt67ZZMWYpQih2h54IX","82p9V+L8VMaJkJmRHLLF77","82ycngbGhEwqYeAXIiW09K","821Iw7+21P86Sucgi9V51P","83hi+bMRFHKaGt+FGr8Jt8","83otjtgM5O/YqT+ioTLv4F","84kivy+2tP24+XxND64way","84q6hfV15IC6TblRDNXlTF","89y9W3yIpM8YiNGpKCmoMt","8bEKi1/AFCmrH1flq1i0zu","8bOQHj7QVIvoW2M65S53ep","8cIDTjOGRE+bGFJri8txg1","8chvKCHXlHHbC3USljQ1/b","8fvl8GV1xOu6bODYfzWSzZ","90tdy0kepGEJafkXgjJnUz","91uy/VyBZHKp4gsFHpTvWn","92jAoJhtpO3ZUe2rgWXeqa","92l6JmKBhISbt8cP97l+Jf","9508+VU+RBeLduJ38QmBbn","97f2P56+JKkJZFFchRUD50","98OoEYTphLSJAI5QKEDDbi","99Ck/+QkdCx5zrxNbq9Amo","99LIb0Z+NJ0LRaJxjNBjqV","99bO2NbKJFVrzSBerpf/z0","99voJYZGJJ3I2smY+cGJnS","9dy4pxeLBNQJDIQIG0a9lo","9eYkCZhT5DZ5R1P9sbS/W3","9fLiX10CNNMZoEb2W+uDEC","a0oqZpDQBHoowaizKRz+qy","a087hO2ihHlZE4CjcoYEAW","a2qjImPWtH4J7q7OaDHSW8","a3S3o6LSJDp7RxDNJRguAv","a3YoO89lhAarPV2R70zcjb","a7oPBIuQdHB5GcV8lsBYAG","a9YAFoJwBBAZTtneineti+","abgzDKYnZBxZwEzdX+YHtj","abr0dP/ixPzaFRSuTCoWsj","ab3igCH4tFkYYJueM0mT47","ad8ev2+/NOxYaxlnTTTR87","b0HTSBy9xArbLJZ5ghetug","b1ITFQE3lGUpJWsjpgGQsn","b16bR58l5CvaRbA8aQT4HR","b16gqxFolMH7WJBmr4Toy2","b3y714WgpBN5NUNP6HLGrq","b5axsqIz9AU7MdKk9RQKN7","b7B3LKhWpNgbnJ64WHR1TM","b8rTXiHUlCm501jW6PN4AR","b8/wbrRrdD2b5VJzjCm0gg","bagKuCVUlEUYGwkq8aIwJD","baseoWnp1DFoFE9QLbG/eR","bb08gNXudOZJX/dHmPP12e","bb2wZ0Td9H6J6LKcXpDHEt","bdrvwo5qJKKq+uU0Ju36BQ","bfWE6zyhpPYq8+85xmVtU5","bfjThWYwZNh6UuFxxcE1Nd","c0nedTFwNLfrYgorXyjLO4","c0tx4tW65Ci4T0SA88dAgy","c2TESONydElaesNDd9tnyl","c3Aso41TFD8L833J7Md+Tq","c31BeO5QVKrp3BS/uwJdqd","c4V+W3yAFHQYaB/Pdvexib","c4iJgsrO5GBLxZT4OyoNUS","c5QvX2f3tAu7t1kL6iirOd","c7G81BixJG6qO8zFvI3gRw","c8KHgV8CRCjadusaonL8mr","c95zhRXxpJBr3WPWgeWtMH","caU84N0dJHwZSCeItV7z/Q","cbdZJklipPtplgJuU11nCe","cbwdSZOgxCFKgHXWMU9jT1","ccXIKDN9ZNjqPyofyU30yb","cdVMZYgSBIHKLpqAi43eoI","cdbMcme9dDlLf91ld3QMMg","ceAPDORVpEArs2c5MqjeNe","cfpQrT4wtL8I71STb/zps3","d1GMgeSctAUabf8zQHkmjH","d28hrB75tHGKxq/F2IBVIN","d3sQ1H0Q1LAYBrHzLYWNTt","d4agxXTAlNK5gAASCVceky","d42owB68lMU6dq5FGhua7+","d7gV7O9dtEYLXtaLIXrdKn","d7srtCIilCBrTNpflMqETG","d8By7MwhBKHaPO5CCarlnR","d8DRxLFg9O2rDr5wnixiAd","d8fHhnlgZH+ZanqQ0fo+Va","d9RdtdoYJPOYvEAGcpvQly","d9e9ZIVy9M3IU85AhWlZ/S","daoXKuwBZAQoNjcrcPyMie","da4DHpi49KPa6U/vmiXIq9","db5kSK+NVMBp/l0IbKQr+a","dcQfaCAHlBqJmeMJIxhxzM","ddx5npRrdMHJ+kGZHkcFVR","dedf4Y6gVFuKCNiEHHuoMb","df66TM9rtPV7nccflMjAu2","e2hYxf1iNBha3KCLCM6DgW","e2vRTnIUdKf7hR7uP7+pvc","e3siNfxQtKeqUIGaSyv3+6","e3y35WeQJPZ7XXijarblcn","e35gEK7qlODInBlHiiWYVJ","e74XQHNk9Pfay77NVLnSfK","e8BMlqHgdPAoP4XFWd3ujp","e88+LudYRDQrMM/5f699DI","e9mH6lL2VM/ZBTB+NaBVbx","echnqvC45NpZKVdvnftJF2","edC/XsChhNwr5eYvlJhbak","eef/K0Ms1BfINbY7uMu6QL","ee4fwOtB5HdJHpmJidcLpw","f0frfCqnBL6afk6mfAiJrJ","f1uLLQpyxHmZ/h34pvdsK7","f2tm8RIrJH4bUK0SSMAq8I","f25otax1FFEYcrJ7c9ARQA","f2+6cAyDFJsbT3BwIjNOWK","f6PHjxZ5tOir9cLwdazRWL","f6mLs+LfZE0Y65f0rHl4Fj","f7NGCzauFLSLEdoZnC4AM5","f7XHHUpaNM+pfnOGZLAAhY","f8g0Pyd1xKM7Euwwg44zYF","f9pszl2CtLP6C7nh73HJ+Y","favoircl9OCqPTMxcjQiuG","fcR0PoL4FIYpD8+ISu3wob","fcrDhO50pGWbisv1CJcFB1","feZypQ/RdI/7C6n1V6mY5+","ff61yXtYtOt73L2nIoNJVr","00GGirmIZOm6wU0dLjlEzh","00WqBFGilLrZmFxC65kw6e","00h/6LFUFJnbxnVKTGwq0y","00nc2qWgNC46hKhFBHx9DC","013z8fPJ9GvaPCdW1eDG46","02UPti5T1F6ZhAEI9V77lw","02apYUwxJDq5y3+SOU5Hy1","02gOE13MlF4Kxm6ShIj3Cn","03feZEsFBCwJSqu4/ttEpF","03hJMqhVNMrbeagNHOjlok","03ovy4vcRCfoIXLtmXLckh","04L5Z7Xy9I57VItZ8DaNO/","04OmJDH0JG25DoFz+IAbxU","04Sx0wDp1Gg5Rc1sU18oxB","04cTe3vr1LGbmT3S4GCqU1","04fC9M7fdPzZEsOzLRNqSg","04/CeeUPtDsqrupg9PDevx","05ClI9tn9BALgJFRLZd6fs","05LJiGAt5FhJMCl7uTL7aM","05VmGJ3vdNXYaXTe+uy5nT","05WzplwJ1M+5xNNT+v1Tpc","05ioA6vZhGP6OMxEgq6X3J","05xCEPBhtB4qxRi8oIZ88L","05xTlr9xpKX60gxRRJ1eii","06OIfcBs9KBom/xHlffnqt","06uzWr+t1FXI0kKmdN9n0s","06xqEvhT9NDqSJTeMJDA70","0611p69ClPRab41M+c71Hw","068bPr3vdPKJBRdaVm+VGi","07MLjI4TZGS5Mny5SrXzkL","07mC7aVTlCJZv2e1JBOL9D","07zPWhnblDW58coBO1zBT1","07zk979MpAMaE45frJSNGK","08bVgn4g1I16xd7cu5EIyV","08kuYwRS9Jq4X5abKfTal/","08xUHEhMxPpK5/qOrChkDN","08zkduar1MLIl/z2M9Ypts","08+nypJntH24Jc0jOwidW5","09Tmi1SKxDo5J9zhIAlfSh","09hemOr1dOdpZB1e6Ic3P5","09r2MjxwJMraups0m/qQ0g","09ultYfzRKu5at6xGRse+G","099gQgFE5OkrPhx22KW7UU","0aD4pv59RHHqIiNvOcqO4t","0aEkzkqjxGT4qmtAEivZXC","0azcToyDZA45SGrA7EH6Cn","0a0ACBU99AwpJdnUGKpfSB","0a58mwbH9MvKAg410IXk1L","0a623Z+4dD0Z2SKKG2EIiS","0a9PbXfSxCw4a/Qywd5hjM","0a9XkWuG5FbpLDW3CHq1i4","0bOyGd8lJKj5f7g4t8G6ls","0blTwJsndKnLabar0qttn2","0bmONtrIBCKY9z/s/DqlhV","0b8Hxmf+dEVo0LTgQH/Eba","0cG/1vJNZKV4esWyq5oWmJ","0cpv194DlCE4lCmA8bqLX+","0dvIBRLolE1496OBrJeCMt","0d5RW04nBG5KF+m0bvOg2z","0eRgQlxqFNFa07uJvpI55a","0egFs41vlHTbVXVRDGSvLN","0etgmlEWxAiYgxBjYSq29Y","0fBVVR6dtJNp7C8ehrUH/w","0fNFAWTIROdJJ1ZneqDRm2","0fcDhvE/9IPogEIj3ZVtYh","0fmiqWRENFr6Rd7/AANFu+","0foRVIUmVAArok3Eiuf9AE","0fuKiT4d9KMIeycr34BkPN","0f1Y2oNhdPD4jn+2Y/weea","0f6wwrnsBObJSV5FFJJ6CM","10Boj0fFlLo66SyOlfjPIC","10EyFpG9ZNUb0XB9GWHL2u","10edHHW7FFiZrWBYn6vKEB","11gfw5ehpF+Yvb6Cm7cFuq","11sLAezrhASIx43kZ9Y7NL","11uQp+gV5PV7EJm9AnKOrL","11wz9nCPVCF5B3cBweLS1p","12VDKORztGXIqyZzcvcB3C","12zLIDyKpN3pcYD/BI5xSc","128gdVFGNOsZ7xaPHLQ0N/","13ICzVEaFFFJCTXJRmLKx8","13Nh5UncpKiqMUmCKPEnD+","13ThQ+VOtH+qS+yMFqcJG1","13aqkNK1dEUoTkX9v/TV5R","14NX0FeOpMSITonw9BCv8H","14OqTzidxI4ptqimV6l8Ub","14bXWv3lFO2rgtzY7Yn61b","14y4uK9VRCgqFWzH5AdzdK","142J2BKLlHqKltlDLaN9fg","15VpbudExFbLTgZAoifWuP","156BhRpSVBz7mAtsUAhNEp","16dFcDGBhJ9qWmk9LYzo9a","17g4UykzVKZ4zf92OO+lon","177TRvYTNE4pHA6qDuOTPo","17+zMXamFHjrByVu5FP81d","18vXxbL+lDlauB2A1g1NsF","180orC5zxPj56tpvdpnknS","186UqI25dPMaY0GYyvX5Z0","19FyBx7fVBAr5EFagLeHUX","19nSGBSRBKn7aGMRsqLSZd","19xwmc35RNrI5FwV90pGCl","1aJDkCyp5Jb40Fxm+iOADA","1aLSoHdg9FXYacar27KeMC","1aPHZivLRHUqnZ73IVAVtA","1aQbdZUFVA54Jm7LVi4Jc+","1aSlxeDFJDibbAIwUsrb85","1aglfCcyBO/avMG2yr6QY8","1ahXY6hjNMZIpf1rvH5x9Y","1amKBx6+RG56xishofTqe/","1a4s4PMIxJgI1C92RSqAO4","1bR03sI85Ojq/RqUGSiEVG","1bT24JUDlN96yb6xN0DgQY","1bes9oHSdEjpuVkPQqGQKT","1boNvP5StPgqKFPxXFAnGY","1bvnggfCFO8LINxSgg5TH+","1b5OlpP4pKP4UFR4nn0b0R","1b6laQptRNhLAKyqJbSLaS","1cSexV/bZEtqqFe1+6zdn0","1cYVYiH7FHgoUKUDFfOHaB","1cevAFOBVCNJ9v3deyQUvF","1cqWnTRgxAnqwIqxW95J51","1cv5BNxl5D75iLWq5QIvDq","1czdQra2ZKdbPA7L+LtYdX","1c6CZz+sRAZ4NHzRRyERvs","1dDuDMLaNJjaWl4gO3oSs3","1dEqlDcVdC7a5VZfHr85CL","1dVwDWGGNDLY5d1eZScUei","1dZg8m98ZPaph5MfzKIym6","1ecJ1O3x5EIYiAgwMNcmyp","1euIaO2uhDkZTn/zwedToZ","1ev612W05B7JahXMOR8Sqp","1e7kzHwTlGXoHTIAMoGkAr","1f+LwmMLZFvaG6K9TKnmDI","20HB8JvWxEPZhe+SlnYarc","20MbsqG0VNRITV5ClYjZSA","20cplJSthHfog5VqWcXwgX","21HM+vKHxHgrdfdkRvdU2o","21aOrr2FVBCK6CeMpsaNfB","21e3LZKx1JtqGcSLqQ3YgO","21gV0e+g1Jv7xSJzZphqQN","21rPQ3N2tKT6Db8xHWIH8E","22PNMSIQVBopAL9HPYhLxQ","22WTms8xJN+bmTqmbzrMwL","22u7fztzpPrZinmd7cfS11","23OUZXRm9EB7hBFYRpgOmU","23bBMmUb9OBrTlcsxbCjV/","23eIFAEx9L1IIHZEJnB4cA","236+k6oAdNy6l09CJp+uFP","237UfoWqhO1799DKD6qXMc","24XYrqySdIe7gVxOb63i/l","24kqOrVVtCt57Ng4vRDHbK","24zPKzdVVB1J8icbFFTJDa","243v4MkY5McLMxI5flLbzG","25GztY6ypEDY99WMnEIcAi","25ZlXBW5pIcq2s2u6l3Ojt","25krNSQAlMZ7BYXT2RAxgo","25t3V2f2ZKVYwy+L0p+UzQ","263cp5F/5Lk4ZdgWM1/vby","27D7UY6MJAbZLwpsW8Bjva","27KV+LVDxKn6uy8cW4AGPG","27gjojguRO7LgyQt/i/PuG","27kTPlg/5N/IDLn+n7BPS2","27tv6n2TRET7boUU0Qt3xc","28BeGfRAVD6IiGCUINBWlr","28LA3hoR1Bi4u76krCcvBr","28LmQ77TZBRofyO1B1FpRV","28g8qXeBVMq4MxMTvL7Swm","28jycghmdI0pt6L/Kmv4XJ","28m+lDXtJDCJjktGVlTgRz","28qETOVZ5FG6tpu4/DzL6x","28rWBkPKRJs4pS5VLcm3CY","2880F9mrlAdqCuPKEXkAfS","29FYIk+N1GYaeWH/q1NxQO","29LJt2nfFLp5WgplfpqpK4","29ZlU15NJJMbbeI00C4KZn","2aDo3e9RdF45twGveIkzaQ","2aFwx3Xh9AxYJeAgJa7MfH","2ano2aIntOPK6MFqImSjDr","2bB00xJopDzY5y1mQFm++a","2bGY8n+yhLBI7oKWWWm36k","2bJ2MwsZ5EdKtsDsyaGYGC","2bVnlhcSpCcIRbHQm2nNaG","2bW2JlDoFM1JQLVD79mnzc","2bpLz/MpZNl77o+MXqiRxF","2cClS6hcVBdp14m8vs0KuF","2cPtIXa+pA6LrwODZDA+Vn","2cURooaSdILrjp7ykGe0yg","2cUoJKVMJNGqvDQv3g/VcL","2cWgSXluBHtYILlu0RGMBt","2cXaW2dsxHN7+FRESrGPGd","2cdkHRbQlO3rWesQN1LW/s","2cyE4SIEpIOYaH2yCCSwGh","2dC15FTMpEpa8CABU9uYoe","2dQFqnAyNH2rpITvSYLp6B","2darKqHnxDiav/ZEpSbBUe","2ecGsZORpG+62o6/WjrZuG","2eilSOS0tMJIaSmWhECP0w","2eyQ9LlbJK5qJBsppV9W2F","2e3QYeoK5C/IqF+xJqQwVC","2e3d4ILudNT75sHZkpeqVL","30PZ3fFW5DO59oC2IFiWY3","30SAYcm3VOIp5xdb2Pu7O3","30XXkqogVOA4fr7MjalkrO","30ochJ0SFJ3q4BRubCA6mY","302WFrj+JD7rzLCOHWYy/o","31XAC4TJNPb4f7XIvo8usk","32AVHbaU1MI5yUsPTl5QgZ","32xhQPvStFmIpG2Bm/gx0x","328CYULr5O9aMWdQ/f/O1K","33SDGP1HxINaEo3PXG2e6/","33qZfejgdIUr4oMM02EY9x","34OP9opHBGI5HSPZmxlipb","34PhBGb8dGf5ttfFQbBiut","34vV05salNlK1UvB2tKt12","343smsn/ZGJ60f4Y25V3zO","35Wa3HLH1Cg6iGPaJYDo0L","354sW+itlNebE1CksFk+Ap","36nXF0mN1C0IUKmLnzSoe/","36rIFujQZEPrkMfXBBNLF6","37yixur19Nh6ancIKLLcEI","37/HX+71hLgpThuvJQcmQ8","38CLz9eS5Bo68Ft+1IsP3l","38dcg1Sv1J1qTez3VlzsA7","38pLGM3HdNmKEe5+ts0ZKX","39Dq9dF6tM7aA4YLZWMRz7","39Su8OyzFG17SKXIrQgidC","39q9Vn4EdGMJavAonmZyLf","3aX1OMNihGBKU+iQbQ1vLg","3ae7efMv1CLq2ilvUY/tQi","3bMNHpAOdBAq4ryhPk9Yil","3bWCXoEIFGRZnK9uWU2FH2","3babQ6jgtFpYEcmN3U2GzW","3bdXFyjqxOYrQ9AkIgdVc7","3bkXEYakBHYraq4y1mWPA+","3cwMEFVU5PWpjrs6U3iavA","3c89Bn2qBBu57gwqcOUCJj","3dUJUSgOVJna+1T3BcLN1f","3dYXYy635FqYB25fTD+VJh","3daSe58MtAXpEvFkJ3HzI3","3daT2t3kxK2LadRikGOHbB","3d18wMIaBF+YLGyNfoZXoQ","3d8kHdnbVPy4FrCqVQifn7","3eIJiIXnFEE40F48GeWnuj","3etNNzfX1BL678H3teBg10","3e6f45v7pDDIUAMljRtqrx","3e8I1yCtBEgLT+tmivYkzk","3fOQ2E4N9Fvb3ryIr0bQLU","3fZBITdSRI76Erz+DGQdHp","3f5Orlf9xA/4i2mlMzWZ9F","40HHG4CiBLK7vQVTGIg5mI","40q6SqgdtKrIOXJdSsKdXR","41yErhcW9AxIYXIZWX8EX5","427q5a6bNMFIBoHaDD+k+h","43QD3jYodDfKUxisn822x0","43Ws42zudNgKU1oXPgrTK8","43div5gXJIfocMzG5QG8hZ","43uNvs6glLqbVlMJrQBPKO","431NVFY+VGGqfrACR4+qId","44HLqo4JZHU5map9jJhahW","44boE+TNFOarjbW6Atoje5","44yr8BjmpBV7B1/YTsOWgC","44/4vanSlCAYpeWtbE/rrA","45BZQF6nFB3bjNGz0oVGmL","45FlCVplZIKZ0z34eOrhDj","451d4dXmJGc4y1F6vG5SCn","46SCn/STVDLrhtH4vpyA6m","46cs2oP8BDyK/md/pwx8Lb","46tzid0rJAJ5YDEnThU3lm","464T2pAE1JMogRgeq1mLXc","468PtQRipE7L/xOuUXSRlg","469pg9F8FCHrYFw9umkXKb","47CMBVKVRISblVOvP4sxLR","47pcB1YIJNOJ7pUh+1YEr2","48AqBBSjVPE66lh2T/GzaK","48OnbLOJNJcrPc8AngeMf0","48UlV5K9xHEayBNjCcaXy9","489L/jdGxNwpLtW4kxWU3v","49PQmjqbZFIJqpvu7J2WB7","49n2g5Tp5OXbtf2KjnZHof","49yeoyUUZCxKOP1fLFMrfX","493s5/9fFGC7LZlpVg2cyy","4aORjxrCRHpqLxjIqk2SPw","4aOynW841Ky7a5EsK7aFJz","4a45nZR6FD+rSh/WyTEVup","4baAVoM9tHnozK/MHyOFph","4bfqB+l1FFVb8hHyEsM66Y","4b6EnQij5K870Xi2barPMH","4cB/nL95RIaqgb4C9IrnC2","4ciHKmehNDr5FVurLWJXaG","4c1i3uGRBEtIcXEHeXKWUL","4c/M4UdJpOyp+1sJhTqwL+","4dh5qF93RKBL2ugFinSxpq","4d7VYCOYpE9p0INb57btDK","4d9CGZgqBKor8Sed3wI8o3","4eVVuLWr5AC4kdrZWmGYuv","4eYpxfotNPkJt2CitJwIz4","4enDz0ujpApr3w8L+d6OvJ","4ep7JIIttEnpZT5rcgnZhq","4euVncEWJE0r4e6RdUJWd1","4e7jzB8LNDHaRarxihgUCH","4e86tigNBAoofmaXaakLC9","4fMwCDax9D15PyQPKfm8HB","4fzQ6mk+lFnbS+fhBOIPtf","50Se/Tr+RMWrSu+1FIeuP6","517eX7fI5Kn7EQEL+3K3R/","52Ao5sgvlEWJzYdmX1ZA+h","52U6tTUNtL74RzTsAIL4BZ","53OOPwjgdCWaaTWEwrTn5L","53U6aIbyFO9I+yiWOpZgFG","53ZsYNDBJO75K026kE54zP","53Z1glELdAHqzulpLTPLHb","53j2zGv8dKKpl14BKgcxPW","53oCEbCWhDdYZ0RacCxJzT","53wbj9YjVPS7WA0iOHMctw","530/Bq6xBPhZ6ts9UjSX28","54oc8rACxKJKlbgWTtas7K","54vkJLVDpFCIoAGrvVzZmZ","55jFAN9LJEXbky4Lw65iAi","56JupCg4BC+5EIweNibeyq","56M8J4WsZLcYaZNLsVOpcs","5669lyGJ9IlajvSqn/9XcF","56/Peg8k5JtbSub4sKtguL","57W0ASGLtNeKXZudWCjU2Q","57fRdZ3K5D4r5cbXq7kDe7","57fscEqNNBwb6sHdcy26hf","57gSf78H9DcK7nHMDVSbUx","58YZ2bqsxJY6Lal2gI+ToU","58af5rDcVAbaurhfWiwFl4","58eKaDK4JFpa9NSAwFmoWE","58iczegSRPcZbr1xT7ZW0S","58tMJrUZxFF7v8T2Po4juU","58xJ0XVO9OA6b4l0N9Ssvf","58yOSrXI1P5InRpZolUdqo","59iIdEfeFK9pfpgfFt9/1S","5aIr21JuFBrI2UFCO5kdYy","5acxW60mNH475tsjm9Q/+S","5anvX1v1RM34RxWsyht3FR","5ayRwozclCmrToqo1vKBQ2","5azF/0UddNnIUuOz/ug4iY","5bNvJSrRdF/o92T5OsQf/Y","5bvM6X/n9GeauU6utqtiu+","5cChl0xypLp7CtQ71D3ESQ","5cNeuE02dCpJ6+w/T0yBMT","5cO7kybDxGj4ipyMYdRYZB","5cYGcWWHVEQL2TKA9bCmld","5ch3sjR4xMfYgYEOy2RRsM","5c1iHor75AhbV3V4+2M6+P","5dKVCL3bxA+qgXdKHa5Ley","5djaNpUd5DAZ6ZjKWFGn/R","5ds32qKBFHhrbPwNnjbSAx","5dzz7YVL9MV5Gyx+mU+KlN","5eEER5jl5G15MRSCtPp1dV","5eZsrNFkNOz5GpyWpXPrX9","5e1HK/9jBBsKK+XWBQYdPB","5e51xtTEZD5pHnQG2vQuRv","5fIGq4IGdOY6TnU7FY5kJO","5fkBmdiIxKCLMLZFeWjTx8","5fyE9wVKdNHqrySkXOBo1X","5f0y/71YdJ9pw6Yb3cmPYa","5f5dyqtRNNxaFmVzYns6FZ","60gNJoBZRJSbu1BuKo1hrq","60tI82rtFNvJq48EXuOET9","60vNYIzjxH345cTBbWKyzP","601AtMbvlKgLIuWB/3qA8k","61Acv7NdFH1JZMZmkGLSUt","61FTmsF4lIKJm9tCZRoDXq","61TCjM2aZOHoY6xHcV3hPM","61cumgg4ZLSqkb0z8loBcn","612gj/OzVDXZ+IfrwcHz27","61/w/EN0xMn6MKSSDDt8A1","62NOlQkchM86OhETBdp8ag","62T+amuENOpZkXDbCFLcrB","62ccW3RXRKX4hulDiIyN/S","62o5j8r1dMj7s+Gi0jZ/PD","623q+As81BwI8+kVaQKZEv","628e7WfmlLyKBQ/Ho/w4aM","64DJg/BHVNP6AXPCtJcyjr","64v8BfzIBHK5o00qxGOBbN","64/2GUgBpGPZ7APcB4w+wn","65CweWERpIL5CLqKV0DJI5","65mrdNni1P3r4prjuN8TX0","656t3r7ndDC4vZwoB/Yuse","66ZBZj3KlGB7kKsEU2gggW","66cDsZa+xJO7u0xndMaQ7W","66fmrymVtEkawYQ7Ms7AoH","66z2UQFMhALor0NO3nPQFa","660qk2845D4Zfn1VSPHxGQ","667Qh1ibJKKZ7yWO7a/NzE","6695u+JuhC4ZfUC+2uPlnO","67JMxMvhlHKIUCZxM53+4r","67KG7847FE2qta4TpUwE1E","67L1aBPoRMK4x+QbYLUKEH","67j/6NqsBN4oRKBqeub+M+","68INQqdf1PfK/Fz+TmkW0e","68iQeeqIFPlZ4IcAuEPcja","68nmHJpHpJM47XwSLmi4FL","68qUaKU+tJgbjpz0fQjRS2","68tKzrqglCILu4Q+ROn9mF","68+sLhJAlO0KjQZIQgJEtL","69xGR1rvxMlqlzrukFJzTL","6aDp3ydjZBbZmhPjNmZqDE","6aKffXnS9AL6bXMk5EJnHS","6aN5N4UapLrqBfUCOEebrZ","6aszm4lmBGs72DI4mlyLlO","6a78FSBa9MHIqjJcapoAid","6bImeoyJ5GoZGel2Dw7sJq","6bRA+xuClAYrnMS3N79+KC","6bUvcYAU9FDpDYAIffmUTo","6bbU5fQdtFv51uww3VsNok","6bibpOWOhF7IBSfoy5Wlvr","6b2x75JWZMgot3fGwHaQrS","6cFlHP92hA3oZK37XAchWS","6cKI4SFiBLVrI6323ZIrNz","6cj2mymPBGULzYjarMZERw","6cj4nPLehJXaqOOxJDQ2t4","6cj6npbK9Hv7hzN+6bvE2w","6clu8EF/lHmolkzuQPSsbP","6coJcyxHhNsJc4nvWLEGb9","6dCmtmgW1Nr600pzSlxk/6","6dXh7va85DmaQPF/fKN+Bf","6dYLCn8jhJXpCfo8X8fQSf","6dfTTg+0lKF4zSmmYSBR96","6ecCrGINJPSbe7JbvsB9Dw","70V5WQKTNHyL61aPoFD/tf","70Zg2Qy0lJH6DDB+wxp4EQ","70cPOFhU5MUocffSg3hwDQ","70htdc0GxLmIdPTW6c2jPs","71DSom64BLoocm966onOZ+","71Z2adXFtNd66XltWMlSZu","72DmmqD1dO27m13meOQcjx","72WdrV0elMGosW3oRiV9W7","72dj3XiqtJ5JalyhcqUpEd","72hMrNThNHjJVx0HG0D3A+","720BaTZvlHXaf6oPC/S+MH","724JpjvGpEaKjo+hnBwYQA","728cmrHW9Fz6lIgsbzKbgA","73JDXI5LVGVaZZNjJYDT4Z","73Q/FE9VFCE6uyd4m88Go5","73iQSzoedIhJTG+0JInmPm","734dHPikRIp5u2cy3WJD6Q","738tVPZeVAVIfrzhfy1toK","73/cWrKxRFm62Y2Qnqos/t","74QBZf7nRLq487oPdsKupP","74Y80reJhFepqVb8pHTzlp","75CelM3uRLBZhVdpd4RBkH","75KOyRuqNI7ZKkqFga0ZMc","75PCygdMVMvqvoJ2kBWQc5","75RsRI+11GCpzYB0A6pYn3","75Rvu60FtGNrvQDViSO0gg","75011ZLbpAAL2wrq12Auwt","755p+ps5NKMLkc9pA3Hpm7","76IFzXK5dMUZMIcluhCDkR","76zp57ikxNtLNeYHoOYDjH","764jzF5NlKu7kWBVMKoRW/","77Jkb9J2RO05PJW5bmX6xd","77Qn6yloBOoKHQ0H1Oq1+B","77cn5NEj5JRLVdgYK5gpcS","77s7nv2xVMCqqt4HuefxWG","78OIJElrNH0rByvomqjwP6","78SMD4GzZAmqDDAJmJP+zt","78ck4MgQdBdqN7N62o/4lj","78dmhVERtD8p1mEAgdl0e6","78vDgro/dAPq2jI+Qz4i/A","79TZXal/BBzq/g6q2s5Y7q","79z3mWUdVNE7NpDT3c4DXn","7aKPfvGDlM1bkeqe3qmtMv","7aiA7WwolO1rPK8X8F7Yv4","7a/QZLET9IDreTiBfRn2PD","7bITmLhMlFLbyBNY/WS6h0","7bO0SJis5PlYsrdiph/464","7bUKddvKJDz5EOu7CIiTGW","7boVe8hohP27nSABalFL3K","7b3Rzf/LpI+pxMMt/z3Ryl","7cFV2sJWhG45KDPVK6duvo","7c2sIIUlBD6r2CD4cNxTRC","7dMnptDAJHD5eOk7c2lQDH","7deym6UW1M8Zn19wulCBuF","7d23F4bWBINaTyUaek2yIH","7d/tkqVUhGw6w+nzPg+Iz0","7eCvnFPSFNr4BnfYjOWRtZ","7eDM6qvwhK6byqgJ8c9pTy","7ecM1BfFxFAbdSLliHWC/f","7e9ypt36lGKLysATkjLRiL","7fKOHiXhVL97ImJpctBwC2","7fUhKPYdpECZTGWturBcrb","7fYgZ2lYtLaJWpn0Att7cA","7fuwNACaxOCYqSrkL2Pnrr","80Jlp30nxJkZr/fn0l3ZdF","81Gqm8cIxMVYOgpwo4b+1q","81MK9QDVFGIJ3UGmTX5kyq","81fRqoRbtEW4LhyTAkj28h","81gME7PCBJcJq6PBRZ/qfj","81oYzOIo9Pb7qJG/dboEzs","81u7qdOt1Dbozc5PS9pBab","810lkT3/NKfrpBv4hlPSRO","813f6onKtCzZQEVPKVrX39","82Zw8b/iVCJryu0juUgWYb","82dhh7bL9BFYld4tSsAqdL","8252sPhw1PbJarJkKTZOx7","83JB+vNc9H77skQM16mGFG","83KvptlYVEfpPQu6WorNH+","83d7jUGhlHZIkFm/nEItLo","83m7WeQrpOHZ0X5qVCPESp","837K+RZgxBrblY0Xd6zGMK","84BMRTgBBLLbPyI19Bp3hu","84JCzv6EFCo6y0HGieGmE+","84LDmNQWROPo0Xt5f7F03S","84czrux55I46/SKae5afGx","84odvdFiJJy5+90MWt2CaE","844uy86rpNk4LHz+1gn1HR","84+KgmZFhEKZovf571jPUm","85O6FrEUZImpa1HZEzklFK","851+DB06lDNIt7cJ0MZHq7","86C48hYb1JBYC7C/IY1VI1","86U0xNU9JKSLS/CChabjdv","86XQDxwHxB2Lb3zE3mxZRU","864GMogrtPtoCUX+Xm89D5","87SfxS4VdFfrQuZrqgQNsg","88NM6s+AVCM6Y2z67PaiFQ","88RvcxXV9CwbOp0v59CXci","88xLGII3ZMNKGsXLONoG9Y","89Nl7YLoBDmqA3m3SAi1GY","89b5/UCv1A+aMNOtOUXK4f","8904A7/6dOk4lX4CGeeCuM","8aD3ddNdlFsqHdCuIau12c","8aE97KxTNAObYYmiuyHzXu","8aFNzBcfhNIZLS5Eh2V1Os","8aIVu0A9pLaIvBgCf4gtLm","8af7YrtClPxYNtvGi0BeNP","8avzIassNK17wFERZZ7VIp","8cBcigMudAnZ+DyzErcklf","8cI8gSmFVI7b0LHSZtsl5c","8cnMV8bm1BcL14WLbA9xNc","8cyztp+e1Jp5FlnXqK+3Wl","8c+NMbrbdIR7aC6EyIgzwK","8dFDQ9bD5HrY9kloJi/lfw","8dKcJDXWNLOK58DO5Gz21L","8ds+LahS9AKK50cakd9ze8","8dvbRSqrVFUKEFtTIWouRG","8d8raiZ5xEdbkoSHR3nGyk","8eE5Z3CLZCN7UtaOTrSFz0","8eHaWp7mpC/pjeSRk7OSjF","8es0hAJnFIDbW/PQNKOKsL","8e5uoTAV9P84kklR6obTrG","8e/9XfkexMUpwEPGrw2AUJ","8fKk0JCPRKSoFCp2tXOG4u","8fNMbSBqZNs6b/lLFBlVS1","8f7RImFGpB46gD+B8wJQNZ","90Asq76DJB7b3eUS7Kw5R7","90BDyswolIpYqKQdFYp3NG","90F5+LKB9KUa1fZDb9Qk3p","90c9V3neROsqVMRKUFuilN","90djoPiv5AJ406u6bzm0BJ","90sEo7YWtHIahWzlVgso64","90vMm6yGJL15XNRNRBs3p9","907J72ve9OFIPFh5nMJGLh","9098HUHixKLI+ZSySTyBJ9","91UwVmLqpPxIEeKG7ZpxtV","91aqbq+JBMp4oCUX57+vMp","91u1SFw+hBpL+L1HcOSP0N","92M3JJEpZMSbfcnQKpG7XB","92Svy0rNVAkJfhXsFgsPE1","92U85NQ/lIhpAEZXmcUTZ1","92cNkgijpK5JTTqZud3Hwx","92fZWwWwtElJ0Yj/CxlSFz","923c1D7OhND4WwiwSq5wtT","92+Nkp9vdGH6cWBSx4+3PZ","93PqmA8JRDnre5dv0kNSi0","93UV6XN+9LM6abt+6JqwXX","93a4gGbZhG74vEKYx4qGEc","93w/sf/8FB25X4wSjSWXUR","93xUt61LtP2Lj7iGgLqrhc","94VYw0qBdP0qYUeY/0zbl3","94kXcAwsFNerWPzLt9+0O9","94uN2KbZJCyocIGnRhyhHI","940OluPK1Ks5/xgg4WoQA2","95ccj+1PRO7J+kwEOqDVzP","95p79Y9d9DOpM4+roxm1Od","96D60oYepOgZwHs4naSf4t","96I+SXjBxHrqT2hXwnP9kI","96J+5ai1tIAbAFFUffMrDn","96L/NcLF5LOIW1w7u+cXR9","96OQFXL+dBpoBQgSy/pN0r","96X99rbfhEJ7VsL++3yoss","96lCs14RdHILzwvCRvjKy3","97CO77/2dN7J3cpzC8NJyn","98Dx/PdcxFZLvLaaejPMWG","98GgvvYHlH4K5tKEMxLH9t","98GtzIPpFGDJLgNQy1O3zD","98IG7y4F9BHrBkly231N5y","98MbheVmdIf7Vfo5pbriKk","98UOKat2hK/7Y/KgGoeOMH","98nKBRbfdJ+Zco9c79Zzn8","98vj3svARAL55a/xAZT0HK","98116HOTBLCbSytxMCv8DY","99BBwEc2lOt4GqyqpbQXmO","99leuQCa9DxZUNkLz8W7qI","99uJct5JVNMZaT58JCo7tf","99u8WTQOtLdIRj9uv5hPYX","996rCwqMtBXraxzx1QchPR","99+J3UoeFPQKWWlfPS8u31","9aAAPWKj1NEpFov3CQqc0r","9aESxLVPFIT6VRtMmF1cuV","9auii9n8hFAbk02CMgbz9I","9aw8wiOK9Bvptj2rFhsFCx","9a1JEcT7tG7Igu9ubqw8Q6","9a1PmGqSJCn5dw5iN3jUR+","9bCC8n5HNPcZhflxJ0LOO7","9bIDPcCCBIaLf3LYSh5o8a","9cEtHhat9IApQY901stknJ","9cbq5jf0pAgq5hvpyWeHpc","9cfCu+CNVHx7dtsl7pjUN5","9c8oZwQiFJm4BBJUQC8t/T","9dPc3xdW5Mm6UJPhQjLCbW","9dTkX+pMhIwoVjBZKlR5xW","9dgo68St5OR6srXuGlKGZs","9dojwVQcdEnItEEPeBzngP","9eMMaiZX5CMbfdLnoUqvpv","9eP9Xowc1A5KFx415igvYY","9eQlngD1dPQZMEsmvgla6m","9fIrlB2VpGPJCqZdMn1Wxh","9fMLVgaI5HJYdVXhEY5U3k","9ffDgfMBNLAa7DkEfigNi5","9ffi6K+CJJfpoFCjC/sf9h","9fjxS4votCf75q75lCCXGn","9frKtskcVP0IFdUc2wLx6Z","9fy8ccfwtD/ZIW40DnRuWZ","a0H89A1v5P9p398MeRoeE9","a0JHQl/QdERolEgQUQiJdj","a0ZKUriRlDU4yLr6Vnt92r","a0gjcnYLpMjZcBrU8Hp1zk","a0mGQ49kdAS52ZOyWtv1Lq","a0+UtlA5BG5LOMSOTXsWjv","a1GjUh5ZNOIajIpMR+76TS","a1IMECKhJHz5avGIP4fHtU","a1NHu+nexEzqoAAu22yqhR","a1SjhfulZLqaif2AG61qOC","a2Dtjoj19DDokpYYwCYHo+","a2MjXRFdtLlYQ5ouAFv/+R","a2dYSrdRxOeI9YS0LKjlDr","a2h5+UIt5MaKRyuZ7P0UFR","a2qFRVagZMPqBFJ1GRnZer","a2tLI6xDxOeay/UAqQ57ee","a3NF2bl5tC6JH4ziM4c0IO","a3TnPACLhBjqrSdhEj9Iqi","a3fvBqd95BR5JPDSRNXACa","a3ii62vnJJfKxd41iX8b75","a3tiCyVI5J9LEZnhvVPL1k","a39AWaIDBJPqUt+QtLZs3G","a4B0iuyA9E34UbLvdA4r5t","a4CV8NYKpObYGD929Zi14I","a4Fgq9KG1JKqhxtNZVUlXy","a4auNkMPZNl7wiA7ggVImR","a4lV9kfO9I+rbYWUbLLsRw","a44EW8SiFBmaIpOM0BAzAT","a5Ke0htzVIFpPHH59ngtk5","a5QebHEA1Geas0/tKdZa8N","a5Yg1OCtxLS7ilFKysuMj4","a5Z7xP4qNMCpY6ZgLEwWYR","a5hA3ta0xD37515zQEUK97","a5uoArJuZH4pGPfGJpq18I","a6GV60h41MZpSgCa9ZQTH/","a6N52m+z9NQ5RZ5TTv0pxJ","a6QWvj6H5Ph4gIzZj+awbj","a6d17TBbBEip2QLlZwi/Fj","a6k0+icCJJR4cGM1mgJje0","a6m+sMLEJMv6w4VemDW+Dv","a7K98wrTtE1YYtTVPd0FIR","a7i68X88tCRpm8w0WoswqR","a7y8hzvLhF8aiR3940/zhz","a74UpbrPBLqJ8GbB7dJ30U","a76XjtL0xN9IKy4cfePMV+","a8UVnVHo1Ls6S+Yr7UWdCp","a85bbGxWFKapkixnAbFsxn","a87SFax9BCvY/ZFbQLCqXZ","a9KW+U3SZBW7sNWPt846t/","a9kLWL3KRHFrGOdA2z6mC6","a9rSItDBRDXKMGIDR04vU7","a9tFuyolxFXIdIDQa/9zdn","aaHRD0yLJMaqWJHgWhya3L","aaJYFnC9VNwo4/9LFcWA7C","aaVkzumoxFpo0VrAJpOhjI","aa8lK5gXBFA4ly0yYyNgk5","abEhSpxRRFQ7UmVI0sEXeW","abxJVYM5pBgbicJ/SmFmsY","acQSmBiENPoKmXoifHWTTl","achZLVLW1GIZd/p/OzZ9om","aco8qGC4dLBJz6yfCC4nuS","acuYoSm3JEkqakbjlPuNsw","ac2AmC+95C2LTZSpH7nNU+","adGENbjMtPkZGx46sl7bJ6","adsbDN79RBqoj39KMbkqE4","adwV7J9aZD2pww0sQXLvZ1","adxSBVNqRC3rYvzb0LKbdn","ad8rhlASRMVbyUQ1pEL4sO","ad9LpCcnBPw4p4iBHavO8f","aeZ2NrRwZL44Geb1DY6APm","aedySP+BlJFqeg3oE5TMPw","aeexW4WhlMMKBlPo+Hd6oo","aezTkVi99HxLMBWz+bkmGF","ae2vHlrihEZ5o/V9Y7LD0b","afMEfUYtZApItfzlBQfcL4","afW1cHdhVG+K+/s0IqP9n/","affNvH1gJAKZpaCg88U3i4","af8WvXpKJJE6rsIMm9A5pl","af+xLLnMtHWqyuSL7GRHbm","b0JugGT2RNuJ8VdVEOCId3","b0ZfHFIzBF85kblMCFItfV","b0gAC4U8tE+ouw90TGKpw7","b0seFLpTtLLaac4OXNKZVM","b07Ju/XM5F4qSMKoowR/Ss","b1Fdv7JLJHyZV7RTzjdOKc","b1KVeRmYFNTLuZMwU6ouFo","b2C0nQ0OFAMp/n3ZHE+WRD","b2ECW60shKW4wyb+H2OAZL","b2lMBasJFP3411+Ho25+/v","b2msiJqCBKupm6YC4tYpkW","b2tEPMg0lOubQd0ZSrB2Ek","b3AMZ4kHdC9Yrv7A1PVuX4","b3E1GQxBlOZaVHEkePB5C8","b3eHGzF7JAVJjOoRwrK7Px","b3gBaXeldGtrlJZMjxPtwO","b3l48aEENKnJMcHhVtzYXP","b3rPDcIGhHRqS/WSY5UWQ0","b3xUvHtWxOA6BfgWn1ur88","b35SMnxI9CRro5irlcdC9z","b4DASMGIVN9a6fclcHEJUi","b4HsTjFCxA1qYNsu4ZyASv","b4N+KEaT1Oza/ELU5QgO6F","b5bI1yvZJLG5zqntivZwGQ","b5gDpa1NJGv6ImVU+nHHCY","b5uw2G5h5O96M5T8K0Fq5H","b51Qb4s1VJurm8TwPhjG6k","b55hvqPBJFd4izT/jFNSSi","b6ByCJ8x5O/bNjOtNtO+9a","b6IS2zg+RNAavNNxU+mdvc","b6QiN62wRHBKisRFDO6JgI","b6Uf2XYlRIt4PMWLRGIIjT","b6jkcs1/NDJIDOLd727GVn","b6onqFZZdFQLjli/FzVH7e","b6yZ/SKrhA5rqGeZmGE4/b","b69Ys+G9ZM5oPuRLMIfFv9","b7AJu60EZPz7VkpVljEfS3","b7HQkiGU1P2Z1+mZpAPJci","b7Hs6OJUNKnLxR9q2z57Br","b7e1lbACpCq6vUKtUf/OoV","b7p2XSyqRKhr0KKohHi58v","b74XZFNLZJ/pr/nKcODoPh","b8c/MdhEtLdaR03rheuQT7","b9QeKuOLJJRIylRJD4etaL","b9UBJQlE1A6ahNoC0J7WT5","b9UIWrYf1KW5XRvNJy/XfE","b9bv9cq45Eb5CsR0U+4oGf","b9jmKqSDdBiphrhwv4WZgi","b9j8wV02NKmokH4gKI3EcS","b9svbJ5VVHAKrng6+jjjyB","b9zTqKVuRBL4jBU5NaNytX","b9+Z62e/dGma4jnyrEX3i3","baAvKLFpNPfLbNPd4PxNI4","baXuNKWWhJrocpqI896kPt","bamu6ZhmRPbpsvvXSi1oWP","bbCxpUrblLsLDiB3GCc7AJ","bcFdGy0M5M2qHBh061MWvB","bcJlfG3JxOrZ3VzZuyKlq5","bcL3nhFCZO2KvRUbAsAEeJ","bc1BVWUCtFgpeYaU+X8XVe","bc8qJFxkFG5pUQGO8lC126","bd5fX/r5hDBa504ynR//Hz","bd5jvoiwRH8IwHEpqtET7x","bd74clPatAMpABS2Na+bb0","beB9d3Iz1A7ZG7WViNfkeu","beIEo1015Mq6WMbaJpYC2j","beOBDnG3tIa6Keo7EUY3iz","beZw78WiVP9qoPFLv9CgqD","bepoIc17VGpoHTXCtctOhr","beqCwHxjZKto9ruutyPGuF","be4vYXMcRGNqLzBGnSpFRn","bfVMhFvv9LJoQHkDgPfGiX","bfbyyhVKlCebWJQOyuEUv6","bfh5RYiVBB6as/mgq0ORVs","bfiNNsEMdAeYKnBAxYU/wb","bf4UndI6FKAJE4BZOszteK","c0DN5aFSBLab7RecFj3lWN","c0ZhcZqFpNDbSgEeNEv4z+","c0bokZR45N7IVor6WDuJ+k","c09325GyZHVrcOkkpE3X9/","c1ZnGpt2lHwK15mohcS3zE","c12cdtV6JJxKp0znlE/whU","c18I6FgbNK5bHzRJ4jL3KT","c1/JN7x3ZKbaSpY/QNBV+w","c2E4f+I75GLIw/bE2kbm74","c2Ih9h8jlMEZ2X74jzQJTt","c2S90IkOtHaJRUdpreqn1t","c2k9SnOC1L75R5KqCt7w8W","c28fAV5OBOA5X/LisRpkRX","c2/8a604FKTJz8SZEcFFM/","c3MF4k1dhA/JlI2XBRWXsG","c3pMN6V0ZLObQEZpauS3x5","c3yTRtGChM4rv/EotSHvD2","c37gkSTP9N/Y7pyXgLkv69","c4Cf+2U7BI0rBat232N9oS","c5BJQfVFVAr6SYNGlCT8GM","c6FU7iD2ZKGIVWbA28QKXM","c6fg2d59JIBpn4QXJU52Iz","c7D7obzJdG/rkUQPrXV47y","c7YUxTE2lC454oHHMQ/NQj","c7vUxWBRFD7pw+jtn1glD4","c74i7+Kt9EV7KS4BSYjPjd","c76WFYDSREg79ojC3Dk1EQ","c8l1ofQWRKP5I4iUjpeHZf","c9VupEoCxGbIrIXOJwwOth","c9pViUh3tFeYs87JoSyOzd","c9quOUjmRGBp6msr+ZCUoF","c9q1Q+WMZH2Yx08xg1V9B4","c90347d3hKQJlyII4LzsuF","caFZxG0d1B4YwFvbS+lEwM","caMiSZPtNPrpqV+gs9y2Pe","caTOwLY9dEVbTHvZ/dNiKf","cawGEor99B7YVlaZK2BrqI","cbMoDBPFRBGYvIfMq1VUxA","cbM6rfPZ1IyK72YzXGtZFS","cbQZ3iIN1IsYhLMMjEx0zV","cboPDF8oNETKfQfEiR7+2O","cbo99FIk5AtbYOlgJVEgxF","cbqN5PPs1Bx4xyRSoiMg4t","cbtXu+qdND/banzZu4jsJ1","ccZVZdV+RMlY9zEkE4GsAT","ccsO05eT1MaoGeQSiXdQOj","cdB6p2p4JKAaZNjCeJzMlD","cdDSL7MTtIsaVBbgoi4Vmi","cdSOye4idN3K8bdnf6YD13","cdgmnBFsZE2YAId4RWCdOb","cdi7pjilRIS5xFLX8I6ZTf","cdv6jivMNIJqXtd02ZqiCS","ceDZE7y8dHzZTHz0/gga9U","ceMkqjcsBMNL0MsidNWnya","cfAqdSaoBC1JIbk+IVURqd","cfpLHY2DhKBo04ZRnBDAgP","cfpzASWJdJDaG1dW3P5hxy","cf61NBGEtPZbjdwvyJMQP1","d0A4XTzMhAdIWgUJK4yn4q","d0GTgOPJVGV5DYc2bSEj7T","d0NZYuG0pHoZ3Tn2q8jD7E","d0PWGoY2pCk6Fm9G4zhGph","d0u/Vt8QJEuokwGWiGfD9Y","d1DGMW5ClO1INk9oGdlT19","d1R1DnpetMALxFU/18eWZW","d1soFh8HpBIoPYzNYWhJNg","d1u9jEG+5Nx4nIMZsO6Xnz","d12WSCWDdB2bHh2wFQ2DNz","d2LYvzButDs4n57clLbSFN","d2azlUDKdC9oljjUJ6Haft","d2a7iQU0NBCbXBrPU71kCT","d2b4LdBZJBi5JEHF/vQm/C","d2pyKL0tlFGqDC2ivoKs+0","d2tSHaOgBP3LzIUF8BVKQL","d3DmEcAjZAsKgDO4MkK/qw","d3T58G8S1Hyp2jmLbF7W66","d3ahXumcRBnYa+kvCBiuKi","d3n40EZ+hPHoOO0a2EMMAX","d3swHXoy5NKaCSSx7/jNyM","d3s06H/JJAub4qF42Tp6Jb","d33LLVt21GB5n/xImyLQBf","d4sMQla11FJJJQYyUrpB+d","d4tjQjqBhEwp8RyCNaWR9V","d5BB8CMo5OTalGpnSZbi7R","d5vAJ6O/BGepD65+g+4pjb","d66H2XcHhOhL29QfLJBzMX","d7vCn3eFVDkq2yukbWfmoF","d7yUXfk+FFqJMy86wf2aFa","d79BI6qlNHcoUzPGLxlenV","d7+thg1D5ATp+kmojFdFwa","d8IybKGT5DWb28ayM2iqef","d8l4D5rHZBC7494H+BjEpn","d9Kmeb4pFLW43QD9gWQbhY","d9Y8D1wj9FFrKuuChJsh+w","d9dP3nwm9NAbM6JwV0HLRC","d9pp1KcQRAhrde00WGO287","d96VhJ+g9M7Yozo7sGQsdh","d977nEcNpDw7riW38HMjHY","daT1kqPnNHXInhvq6r5Ia3","dabft9vExB/6fnB84SSaLh","dajJj6HO5D8YaK7vKiT9PS","davAQoTDpLLoysJ7I6/KSA","dbLi0mB7dKfJ1RgWXC0OBt","dbcaLYwfNCF52y98qq6AF3","dbc3aZ+ypIWYwbo8jNlJBX","db437BbmJBqKCHsc2dZ2af","db6UJOo9pIO7qcTv0BfthS","dcHwCxsNFMtZCO2FBCf8MD","ddBC4RzIJESJomfOIbHC+x","ddFkSzq8NJ+a6xwkRxlLmE","ddTV88YCBDxYn0Nh4bIeun","ddu6EytGhO7LGMHH9psWOP","ddvwe/6G5JBZh/yfJSp4c6","dd6tWnR9hFE5JgdU02eEOg","deTMPQnLBEQaZ4CJIHzijL","defHv13tlKkK7i2mcoin/L","deow52VzBHDrsatUSY/IL9","detq3uwF1MmoNp01/TVolU","deuTOMnVxNcZs4dMzs0dEF","devXMISfhHu5O49yZX1nwi","dfBEtXyJBIM7AkBn6YROwt","dffGl7ePVLJ4CVTSQQk3Bn","df1dRxJAtFn7StSDPHniTn","df1sCqvHpAwL4P10vCwdX5","e0BhxO62lBtJKvV33FebCt","e0cHMpJ0BBM4wu5+P/+TuG","e0lGXXnlBMPKEnJ+Ucvqtr","e0syln6qxKVL/LBeGcHKUw","e0vtf8gJpM15DRE01EMZ2+","e07muR6SxCI42/oc4bFL8u","e1Cm31g6FCl4EHH6KxmkgI","e1WpzTj3xAQ5M9SKV8BehN","e1dchPwvlIM4UpO7Mmhc59","e1qZgwGeRKIZAHvvDbYCDo","e1rMT6BRxARbms5LNF/cl5","e10XDXN2hDjqaeOmJAF+7V","e13Q1FLtBG34drsX8o8JHv","e14a88H0BPVplbXoRyShaP","e14gvS13RC2rxBW5/fp4F8","e19m33YghACoUn8/xeOiDJ","e2L9lyl8dI4pfrgVZr6/Zn","e2NkSG5Y5FJ5TlTFYX29ww","e2n8ZxNqVEoo5vAzfCceWf","e25oQpVCVKr4eeOOj7nUQa","e27lGRqINBWL103tegNAsM","e3YJUbzflNF6tyhLiJ2nwq","e30DtEGrhHKIVldXtvnOez","e30lxJTlJNgYM+5TRRly0S","e32jnnnVpAkannM0luqVMu","e38miwvRJDm70yJIYPFnq0","e4Ol1HTn5GXalNFr55D+rJ","e4QpoVf0lJ0JwtXETJZur3","e4gxUEDTREuoLskSwwZjK0","e5RnWgtzxJZK38Q/tL5gGK","e5lkV4G79MHKhYFBQKUaw+","e5luXXnOxFnINLhx+OX+8r","e551miCKRID7o42ZxRfe6N","e6G1ErVUFKP6med+DjUTHe","e6vMJHZX5A9pvAJAY0NlTU","e6yAs+/SNLkoKBl+7ug/Q+","e62MLTC/9E1ZWM00CH9Prs","e7BpKkCo9DcoRXnkgIhczr","e7eEgdXlZOgrqFqv/VPcRo","e7omi1NwVESJ9Sws2Onfdy","e7tDepnt1AzpeMvnNyRPG8","e7vHcRDiVJY5+NrTyBvXgz","e8JfDobWpC061hBTwlgAQB","e8cEMCu0xH1IUZLugCh8fo","e8wWevlktGeL7a/TAez6Nu","e8x0Cz5bpBPZrTPVzP69dO","e84A6YvyhCwpoCOZ6mpzvQ","e87an/EJRNXYs85zBz2kO9","e9HqMURo9EG7BWIy8G8KP+","e9cYqvrrlOs4XR4u1d1SLI","e9cvx+KllPgKIHF2Z4kzDy","e97GVMl6JHh5Ml5qEDdSGa","eaAyWrz1ZOKK1AYyxMLIqv","eaIdGUyCpJKYlkNmILLcfL","eaPM/675tLVJQJLJ/Kx6ge","eaaKSb7ipHg5Qi/JJ//UZB","eaiiUJSklHxpyXKNPyRgbz","eaorxFp+9H3ISTCDmjAi7j","earP7XRPlHfpcGLHXzHhkU","ebCTvoXShLQqphf/Fg3FR+","eb1HVlNw5LzZThbk2gMUfr","ecCTW49kJJYZX+93y4H/Sv","ecNA310FtGw451JCI6I4Ka","ecpdLyjvZBwrvm+cedCcQy","ecympBWMNMqY0VbPFfhqYV","edIPn3C9RBOJtQkxK21CHE","ed1AOntupB95Dcd7GM6yHF","eeKYtc4UpN9IQoXewFxd8H","eeneGnKFtHWr/T0gAoQMPU","eeutYc5nFGmrtMPkYBDC1R","eevWKcFG1H7ZR9YsVPNIai","efjHd3/tpAbaip87GS1udb","ef6bEG4tBGrLWjah1uXYLa","f0BIwQ8D5Ml7nTNQbh1YlS","f0LeV0QkdPdaajroJV4Kuy","f0Srbn5NdE5oe02iyih8lM","f0qrSij61BrZcKymGjtdkA","f0zuMNXIxGsIhbyFh1SSW2","f00pSTEt1Pv7n09ADlSpUV","f1FxTljRFLSpB7Kcjd+LtQ","f1YpwShmJPHJLBf7HiItoo","f1c9df3BFAx6sCbo7EdclT","f1wmwki5tJLLR424dMK+nS","f2R5da/1pFmYBuGd5JLsln","f2Vn6F+chCZqBNEXBPrkSC","f2WRrLtpVIDYEKqxZAbTRQ","f2Yako3LNGoKr1iiBqTMYR","f2caYHmAFKh6AXt+VERnFe","f2t5fPzehLeKbH2SLpcXbc","f3ERJhfDlD26YxaqkzkOcO","f3EX8+IhJFaLNds6I+zUhW","f3OABhuP1GTrwQlIQGChPJ","f3kmTLCupOeaTwTDq/uSa9","f3yBF2mTpHZaWdHt0pGj0M","f4E+/Otc5JPIn3KEPJ9Gz2","f4bVsQGwBJ46Sz94ks1vHm","f4k8xveyhBQ7aySPWEgdFN","f5B0HgJ4dOxK5aitGO9Cnb","f5EyLf9BpBGbuRUsUcEVzw","f5hTC5+pRNf7hF7HMKzABk","f506Nmqb5A9IezQX70F0CM","f55/fMs01CM74CEPZUpOXP","f5+seX5JhLKaRogr9cgH29","f6CC4Mq7hPgI3HGKlOZTP7","f6la2OqABDaqEo9Kcl2JX6","f7M9Ma2MxENLYw8XABU5c6","f7Xf2MRFxEzJREuWAPsFgF","f7az0Fm0ZHZI1RlkDHfig2","f7p2JBNDxFhbQWMTxs7xpZ","f7wUyCuUxPD4bjVvtz/qJZ","f7yqx0MHVJ7JDvtqcwm7PY","f76KQgyhdN3JFOyazHCQab","f8EQ3J77pJeLCUx48px/AS","f8MVDbLW1MlbQzikqbjD/E","f8NwPUDxFOOaJ9Vqp8xsMj","f8Pht2CxZN16FM29GHDNzY","f8gl2x8mlAD6VXFE7jJB6T","f9b7w9ycZHoJNa7zoT5unB","f9vkrLlMxF6J6Wcz0rq/sF","faGJn+JNxI4abRKgzoqPpO","fan8OuZidCpImaeFdzwSTM","fa7MJlsiRPv5Y2E8xPDQ+f","fbYNnCjSlG563l6e2F+3p8","fcHGCEcAJLRI8s7lykRnwQ","fdYA3dOgxIT7LlzJ3E4ZkT","fdngHPjftIUK1YZaUJ0ZJ1","feAFjGIpRNypzCBAL2eMAK","feSpuVCX1OA4zP+RUZqLHe","feZjbOVZxLyZIkafRT3sJl","fe5+h6y3BFrKm+rXXz8pcK","fe+Um9zzxN8plbcHw8FRsZ","ffajOQuJBPY6TnEYfCfFQj","fffvpmTCBLl79p5KVu9na7","ff3SoqbZdFKr/GS4g9HTEL"],"scenes":{"db://assets/Bundle/Asgard/Asgard.fire":275},"redirect":[663,0,719,1,834,2,850,2,958,1,1129,0,1301,0,1448,0,1458,0,1460,1,1470,0,1497,2],"deps":["resources","internal","main"],"packs":{"01069d8e1":[551,597,612,743,769,787,851,914,1070,1106,1135,1157,1198,1223,1234,1265,1326,1420,1474,1500],"0107037ef":[572,590,648,884,1052,1116,1163,1250,1331,1344,1449],"01080ea06":[529,613,634,667,695,698,727,728,848,870,904,906,991,993,1034,1063,1094,1117,1119,1270,1287,1346,1454,1465],"013402a7a":[548,724,898,996,1394,1434],"01e24d7bb":[329,389],"02894d9d0":[290,333,338,410,422,423,443,475,485],"035e8b003":[524,647,866,921,942,982,988,1000,1003,1032,1064,1190,1204,1263,1364,1433,1435],"03f52bfc8":[609,636,697,815,875,876,917,918,1013,1015,1104,1121,1167,1286,1302,1477,1485],"041762a71":[603,1362],"048e47cc2":[248,602,604,622,711,778,835,1042,1216,1341,1404,1523,1529],"0519d17e3":[493,513,653,812,871,874,900,916,919,953,1026,1075,1248,1255,1259,1267,1339,1418,1430,1447],"0526e7a19":[523,534,550,585,627,629,664,725,736,741,789,813,814,862,937,1062,1085,1101,1124,1141,1186,1191,1269,1324,1343,1351,1370,1376,1450,1515],"058ed706b":[754,757,1036,1039,1088,1278,439],"05a6d4b9c":[912,1098,396,1168],"0617e3c5d":[628,674,700,717,718,824,852,907,911,395,1144,1288,1413,1446],"06e881b86":[241,1,2,3,4,5,6,7,10,11,13,14,16,17,18,19,22,23,26,28,33,34,36,37,39,40,41,42,44,45,46,47,48,50,303,51,52,53,54,56,59,60,61,62,63,66,67,68,69,70,71,72,73,74,75,335,76,77,78,79,80,81,82,83,84,85,86,87,89,90,91,92,93,94,95,98,99,101,104,105,107,108,110,111,115,116,118,119,122,123,124,125,126,127,128,129,130,131,383,132,133,134,136,137,138,140,141,142,143,144,145,146,147,148,149,151,152,153,154,155,156,158,159,160,162,163,165,166,169,170,171,173,175,177,180,181,182,184,188,189,190,191,192,193,194,195,196,198,199,201,202,203,204,205,206,207,208,210,211,214,216,217,218,219,220,221,222,223,224,479,227,228,229,230,231,232,233,234,236,237,488],"07182af8d":[497,500,509,538,606,614,655,661,682,687,715,742,749,765,830,836,842,856,864,967,968,990,992,1009,1019,1046,1053,1072,1099,1164,1178,1188,1206,1213,1220,1273,1282,1291,1314,1337,444,1377,1403,1412,1425,1429,1511,1512],"071d08cf0":[535,557,575,594,598,607,657,680,685,686,706,750,766,807,819,854,869,891,892,357,946,950,1011,1038,1040,1045,1049,1139,1169,1176,1217,1241,1279,1284,1336,1354,1360,1457,1478,1510,1527],"073c65ef4":[579,885],"07536aeaa":[639,347,1031],"075b8c7bd":[498,517,596,670,734,865,1105,1193,1222,1315,1359,1365,1374,1375,1416,471,1491,1498,1508,1530],"0778f40b4":[583,646,684,705,720,723,740,755,760,796,806,809,825,832,984,986,1069,1189,1243,1260,1303,1310,1421,1493],"080199b86":[495,549,620,650,278,712,726,758,780,792,793,804,831,837,863,894,913,947,948,976,1002,1058,1061,1084,1155,1159,1209,1219,1230,1232,1238,1242,1256,1305,1393,1398,1427,1468,1516,1526],"086308c85":[531,539,555,573,592,593,768,881,915,951,1050,1087,1111,1154,1245,1353,1356,1462,1473,1475],"088602fdc":[543,307],"088c6d866":[491,499,508,561,563,571,638,644,689,781,860,895,343,961,978,1004,1145,1192,1199,1266,1289,1308,1317,1383,1402,1494,1525],"088f4acb0":[504,640,652,794,867,887,888,890,896,1025,1043,1140,1210,1277,1280,1299,1395,1428,1442,1492],"08ea4d1b1":[525,910,419,1519],"0902e8615":[704,744,759,843,1073,1131,1153,1215,1251,427],"09308d016":[276,352,392,441],"093f3dd19":[269,1044,1349],"09511910c":[526,600,1151,1261],"0956f408d":[492,0,243,15,261,265,268,271,21,275,630,24,25,27,29,668,31,32,38,285,289,43,294,49,302,305,55,57,58,791,315,65,325,855,330,336,341,88,344,97,359,102,103,109,112,113,114,369,117,997,375,120,121,380,139,1112,397,150,157,405,1181,1197,161,1205,164,168,1224,172,416,1240,174,176,178,179,185,186,187,1330,200,455,212,1466,215,1471,478,225,235,1518],"098ec6478":[642,1080],"0991565d3":[542,547,553,574,586,635,722,790,799,328,932,974,980,1014,1051,1100,1177,1271,1313,1441,1451,1490],"0994ce1f8":[536,312,859,999,1008,1012,1030,1081,1132,1173,1196,1237,1275,1361],"09cf182fe":[530,605,608,616,694,817,823,920,975,1023,1066,1067,1138,1171,1218,1225,1274,1311,1467,1517],"09e41c03b":[621,624,696,771,783,811,930,957,973,989,1247,1264,1281,437,1318,1368,1371,1453,1486,1520,1521],"0a0888e63":[576,641,785,788,845,935,962,1184,1207,1227,1236,1426,1443,1472,1509],"0a0b95753":[558,795],"0a1519de5":[554,633,637,656,671,673,679,730,753,816,828,844,853,939,965,970,998,1001,1017,1033,1037,1086,1089,1090,1115,1160,1174,1180,1185,1296,1312,1316,1476,1479],"0a862c289":[242,503,250,610,669,676,284,286,713,299,304,309,782,786,840,334,337,358,954,362,363,373,377,382,385,386,391,1096,1143,402,406,1194,1228,414,417,420,431,1293,436,1338,447,452,1438,468,470,1487,482],"0a9af207e":[675,714],"0aa5a6fe1":[587,666,826,882,354,928,983,1161,1175,1350,1363,1406,1483],"0ade77731":[541,619,632,651,658,681,699,707,748,800,899,995,1093,1108,1283,1320,1327,1357,1397,1463],"0ae073a5e":[518,519,580,677,708,752,772,798,841,897,933,1018,1028,1047,1068,1092,1233,1235,1464,1482],"0afe4b265":[522,537,618,654,738,745,747,767,858,868,889,908,943,1010,1055,1076,1118,1208,1246,1407],"0b02d5cd1":[510,545,659,773,779,879,902,1060,1134,1187,1231,1300,1352,1424,1444],"0b0f37993":[690,927,1074,1136,1149,1183,1195,1202,1257,1290,1380,1417,1456],"0b2a9050f":[494,512,521,562,691,703,729,732,756,877,886,941,994,1024,1065,1091,1103,1147,1295,1321,1358,1432,1439,472,1488,1503,1514],"0b2a94781":[546,588,615,678,802,861,923,936,969,1079,1095,1107,1113,1125,1126,1152,1304,1329,1379,1389],"0bfb0f1cc":[701,746,775,838,847,929,979,1021,1057,1335,1401,477,1501,1505],"0c1dc32d0":[507,645,849,938,944,952,1016,1071,1127,1170,1221,1309,1332,1387,1388,1400,1408,1445,1480,1502],"0c420b2cf":[581,797,1166],"0c5603a9c":[249,251,260,450],"0c69cbae6":[556,821,1054,1130,1133,1258,1378,1422],"0ca58f8bc":[301,955,1201,1399,1410],"0cf7286a7":[266,463],"0d47af570":[693,1285],"0d777dd53":[514,540,567,582,688,702,733,770,774,801,803,810,857,873,878,903,905,945,972,981,1005,1020,1083,1123,1162,1165,1212,1229,1262,1322,1355,1411,1436,1459,1461,1469,1484,1506,1524,1528],"0d7d717bf":[247,527,552],"0dadb2d2d":[496,511,625,649,672,710,820,833,839,872,883,922,971,1027,1109,1306,451,1369,1386,1392,1409],"0ddb9e58d":[568,570,665,763,818,1048,384,1128,1182,1200,1333,1347,1390],"0df90f918":[515,533,560,564,584,617,270,626,631,643,716,751,822,827,846,880,901,909,934,949,960,1007,1059,1114,1156,1172,1211,1226,1253,1276,1328,1373,1405,1414,1415,1419,1423,1481,1495,1496],"0e03743f3":[502,528,829],"0e7a71154":[252,291,297,331,345,457],"0e9404f7f":[506,255,578,692,709,925,987,1029,1077,1268,1297,1334,1391,1507],"0f49866de":[565,1041,1082,1489],"0f52f5670":[1272,461],"0f91d62e8":[245,355],"0fb92a807":[239,805,959,977,1022,1120,1179,1372,1396],"0fbfa1b70":[516,532,559,577,589,611,735,739,762,776,893,940,956,963,964,966,985,1006,1110,1122,1142,1146,1148,1158,1203,1244,1292,1325,1348,1366,1381,1382,1431,1437,1504,1522],"0ffac0700":[505,520,544,253,566,591,595,599,601,623,721,731,737,761,764,777,784,924,1035,1056,1078,1097,1102,1239,1249,1252,1254,1298,1319,1342,1345,1367,1384,1385,1440,1499,1513]},"name":"53","importBase":"import","nativeBase":"native","debug":false,"isZip":false,"encrypted":false,"versions":{"import":[238,"52420","01069d8e1","59ac6","0107037ef","885d3","01080ea06","cd9a6",240,"84795","013402a7a","f1390","01e24d7bb","25657","02894d9d0","a37e2","035e8b003","1c695",501,"0fa2a","03f52bfc8","c76dd","041762a71","f819f",244,"427e9","048e47cc2","a4716",246,"d73e4","0519d17e3","6fb49","0526e7a19","89869","058ed706b","e09a2","05a6d4b9c","d6414","0617e3c5d","37fdd","06e881b86","39e41","07182af8d","85c78","071d08cf0","010dc","073c65ef4","4263d","07536aeaa","31ae5","075b8c7bd","7fea7","0778f40b4","6e82f","080199b86","d17be","086308c85","220f9","088602fdc","574a1","088c6d866","1e1a0","088f4acb0","7285a","08ea4d1b1","4c982","0902e8615","b4c63","09308d016","69170","093f3dd19","d502d","09511910c","a5001","0956f408d","5ffa2","098ec6478","8ccd0","0991565d3","8f6f4","0994ce1f8","44624","09cf182fe","c086a","09e41c03b","fe7b9","0a0888e63","c0d7e","0a0b95753","91256","0a1519de5","5c97e","0a862c289","08670","0a9af207e","d5baf","0aa5a6fe1","9f30e","0ade77731","6b9a7","0ae073a5e","02c85","0afe4b265","40608","0b02d5cd1","f354c","0b0f37993","5bef6","0b2a9050f","b1631","0b2a94781","29f89","0bfb0f1cc","22a8f","0c1dc32d0","b4a2c","0c420b2cf","130a0","0c5603a9c","d125e","0c69cbae6","2c950","0ca58f8bc","44381","0cf7286a7","c3c1b","0d47af570","0bb31","0d777dd53","4af43","0d7d717bf","e418f","0dadb2d2d","7f3df","0ddb9e58d","304d6","0df90f918","4b99e","0e03743f3","6b291","0e7a71154","64717","0e9404f7f","64b48","0f49866de","83a94","0f52f5670","54028","0f91d62e8","96654","0fb92a807","7b4e7","0fbfa1b70","70436",8,"40ce4","0ffac0700","efb85",254,"15f80",569,"a4e2f",9,"87076",256,"c42e3",12,"9931a",257,"eb393",258,"c9968",259,"0bc81",262,"f40f5",263,"863cf",264,"4ae3f",267,"10409",20,"f2943",272,"540be",273,"69202",274,"7afc4",277,"26479",660,"48196",662,"d6513",30,"73f73",279,"cb98a",683,"03367",35,"278d8",280,"5d36e",281,"c6578",282,"fbec0",283,"bcaba",287,"e1799",288,"1229e",292,"37244",293,"ed984",295,"f6261",296,"7e214",298,"449d6",300,"87af8",306,"cd8c1",308,"83c4c",310,"ce6b9",311,"bf422",313,"d0b8b",314,"a3fa4",316,"f3d6e",317,"217eb",318,"7544a",319,"b4ba7",320,"641cc",321,"4bd36",322,"ae393",323,"376a1",64,"e6ade",324,"82821",808,"76d73",326,"a845d",327,"012d6",332,"e67c2",339,"06bda",340,"5c27d",342,"028a6",346,"13204",348,"51710",349,"695cb",350,"942aa",351,"b443e",353,"41b17",356,"97027",926,"7c30b",96,"22920",931,"8ed01",100,"96565",360,"149da",361,"b3127",364,"4053d",365,"5ee44",366,"bc305",106,"b8f0c",367,"e2ffd",368,"b813e",370,"07bd6",371,"a6081",372,"41211",374,"86644",376,"7e6e7",378,"0deca",379,"22325",381,"db12c",135,"158df",387,"20a4b",388,"da88b",390,"f085b",393,"b0480",394,"f3ba9",398,"96109",399,"ce5b6",400,"afc93",401,"37eb3",1137,"e9dd0",1150,"c4364",403,"bfb1a",404,"d081d",407,"ffbd0",408,"1054e",409,"74b3d",411,"7c93e",1214,"57eea",412,"96f3e",167,"8e470",413,"f94f0",415,"6fbfe",418,"e4744",421,"feff6",424,"41bbd",425,"02a5b",426,"3c4a4",183,"d6781",428,"2838e",429,"1493a",430,"cc26c",1294,"9058d",432,"3895c",433,"7300a",434,"11324",1307,"442fd",435,"4b9f8",438,"937a6",440,"df3a6",1323,"a97b0",442,"3b0ff",1340,"e067b",445,"ef4be",446,"77372",197,"bc262",448,"1fe01",449,"42043",453,"8b212",454,"c0279",456,"6fc61",458,"8fcc4",459,"44c31",460,"8e10c",462,"a68a0",464,"06666",465,"9a2af",466,"d800d",209,"89818",467,"49f43",469,"833dd",213,"27c17",1452,"748bd",1455,"5f19d",473,"e816d",474,"1787e",476,"f11a4",226,"5b13d",480,"b0474",481,"5cfd0",483,"b0fa1",484,"6cdc0",486,"4d031",487,"66d24",489,"02189",490,"a984f"],"native":[241,"84af6",0,"6440b",1,"77e7c",2,"ec43c",3,"87fe4",4,"728ef",5,"d9d07",6,"f2e3e",7,"87b99",8,"ee468",9,"f438a",10,"88b1e",11,"2aaae",12,"ee468",13,"a7e1a",14,"6bdc1",15,"26a5e",16,"d6f65",17,"29369",18,"0cea0",19,"0203c",20,"e1139",21,"758e2",22,"33358",23,"cc833",24,"d347b",25,"91086",26,"16808",27,"1bef5",28,"cf60b",29,"3a6b5",30,"e1139",31,"a3f41",32,"001fb",33,"eb50c",34,"3d6ca",35,"e1139",36,"90ef3",37,"0d032",38,"ff8b4",39,"0e657",40,"b76d1",41,"054ab",42,"e3755",43,"f8dcf",44,"6c320",45,"7d217",46,"098fd",47,"7e2ba",48,"58efe",49,"0864c",50,"4f9f7",303,"4265d",51,"5ca23",52,"0ce52",53,"e8125",54,"aaa0c",55,"9585c",56,"280ca",57,"143ce",58,"d07e4",59,"6062c",60,"4edee",61,"40e46",62,"bb38d",63,"68894",64,"ee468",65,"a6058",66,"706a9",67,"538f0",68,"55f72",69,"4c5d7",70,"deeb6",71,"dfe7e",72,"f9778",73,"ed57c",74,"108e4",75,"da656",335,"0b330",76,"a0847",77,"963ae",78,"fde49",79,"b5787",80,"ce071",81,"487e8",82,"142c5",83,"20d9a",84,"e4203",85,"c9a60",86,"f0133",87,"4bf09",88,"56538",89,"ef9a5",90,"0e057",91,"af96d",92,"6ec11",93,"d3d30",94,"e8bf0",95,"cf7a7",96,"e1139",97,"df38c",98,"78541",99,"e5911",100,"e1139",101,"73b98",102,"dbf2e",103,"dc28b",104,"ab378",105,"a95a2",106,"e1139",107,"ea198",108,"50ce1",109,"5b5dd",110,"ecea3",111,"476eb",112,"759ac",113,"d8a5f",114,"4bcd8",115,"18ca1",116,"dcc06",117,"c8607",118,"45f87",119,"e0fab",120,"b121d",121,"10527",122,"8e68a",123,"ffe90",124,"3eecc",125,"8bc43",126,"02aa0",127,"8d5cb",128,"969dc",129,"87a00",130,"6e4ec",131,"77b62",383,"c1d99",132,"f3fe9",133,"41972",134,"8ddea",135,"ee468",136,"1db4f",137,"9ff89",138,"d1b56",139,"32f26",140,"4044a",141,"27ccc",142,"8df4d",143,"7d917",144,"2c919",145,"3736b",146,"d7f56",147,"35d03",148,"140db",149,"65c3f",150,"bc0df",151,"87c5b",152,"23eaf",153,"0a43c",154,"aad28",155,"65fff",156,"1434e",157,"bc4d9",158,"dec95",159,"d31df",160,"eaa39",161,"e92a5",162,"68460",163,"4ddb8",164,"a2f7d",165,"ad578",166,"5d7bf",167,"e1139",168,"605ac",169,"d28b1",170,"9c8cf",171,"8c037",172,"3cbfe",173,"14cae",174,"b7426",175,"b31d5",176,"67c2a",177,"ee02c",178,"18a56",179,"0c5bc",180,"8cd87",181,"8674d",182,"1b258",183,"e1139",184,"6f55f",185,"c3f38",186,"73729",187,"babe8",188,"069f9",189,"21084",190,"c0e79",191,"5eb22",192,"4a810",193,"c7945",194,"23cee",195,"69ccf",196,"f3243",197,"e1139",198,"ac388",199,"1ebb9",200,"7f6d9",201,"c94ac",202,"bdfbe",203,"b4412",204,"df186",205,"0924c",206,"2cfaf",207,"347ff",208,"17c69",209,"e1139",210,"99d4b",211,"3235e",212,"a9dc8",213,"e1139",214,"3a660",215,"0c3da",216,"dec25",217,"6bee5",218,"4ce88",219,"f5bdd",220,"e6415",221,"70cd4",222,"9d840",223,"26101",224,"cfb33",479,"284a9",225,"3bee0",226,"ee468",227,"79810",228,"513e2",229,"20175",230,"02f46",231,"0ec2c",232,"f2b66",233,"05e65",234,"02d3e",235,"ea747",236,"8fce6",237,"cfd76",488,"828f2"]}}