[1,["c5ZksOZwtFkoVnFLCoj64A","20QIGGBxlCgbpCgUUrED0c","0035uDyj5DlLmm4MbP8xjy","01+UqynNlAaIEV7xCaoTUR","888mthqQxLUpp3LP5F3JMK","4aMMigaOVE7aTw07//JiL1","65emADQu5LkqF56ELhWEBc","50LSu26a5PFY58JfuAOGTc","084A0LEoFFlJF2EyBxRk7Y","61Ei3Z4ipOzodDP8ht+cCg","51FQhjGGJNh6v94S7nlSWA","71DLk6HWlIArZFrMtlX0Wl","97KaKawjRPWqIKuvF6xarf","abNBAxHT5OPZXk/E41nGCL","07xRtDaxFNU59eyIU9/B87","1egpKPz6hM1bqo/G1MPMQo","2fUogYt0hG6KQcZeIrQcQw","60oio3tGRIM7szq5uRlL3O","70zxlX1sxPnbqi/gGV+s/q"],["value"],[["cc.AnimationClip",["_name","_duration","sample","events","curveData"],-1,11]],[[0,0,1,2,3,4,5]],[[0,"BottleReset",0.9,20,[{"frame":0.35,"func":"resetTextMulti","params":[""]}],[{},"paths",11,[{"multi_vfx_c_screen":{"props":{"active":[{"frame":0,"value":false}]}},"ReadyState":{"props":{"angle":[{"frame":0,"value":0},{"frame":0.1,"value":10},{"frame":0.2,"value":-10},{"frame":0.3,"value":10},{"frame":0.4,"value":-10},{"frame":0.45,"value":0}]}},"multi_vfx_d_screen_00":{"props":{"active":[{"frame":0,"value":false}]}},"multi_vfx_f_screen_00":{"props":{"active":[{"frame":0,"value":false}]}},"multi_vfx_a_screen_00":{"props":{"active":[{"frame":0,"value":false}]}},"lbMultiNormal":{"props":{"position":[{"frame":0,"value":[0,70.619,0]},{"frame":0.1,"value":[0,88.327003,0]},{"frame":0.3,"value":[0,88.327003,0]},{"frame":0.45,"value":[0,70.619003,0]}],"angle":[{"frame":0,"value":0},{"frame":0.1,"value":0},{"frame":0.2,"value":-15},{"frame":0.3,"value":15},{"frame":0.4,"value":-10},{"frame":0.45,"value":0}]}},"lbMulti":{"props":{"position":[{"frame":0,"value":[0,68.163,0]},{"frame":0.1,"value":[0,88.327003,0]},{"frame":0.3,"value":[0,88.327003,0]},{"frame":0.45,"value":[0,70.619003,0]}],"angle":[{"frame":0,"value":0},{"frame":0.1,"value":0},{"frame":0.2,"value":-15},{"frame":0.3,"value":15},{"frame":0.4,"value":-10},{"frame":0.45,"value":0}]}}},"ReadyState/multi_bottle",11,[{},"comps",11,[{},"cc.Sprite",11,[{},"spriteFrame",12,[[[{"frame":0.2},"value",6,0]],11]]]],"multi_vfx_g_screen_00",11,[{"props":{"active":[{"frame":0,"value":true},{"frame":0.85,"value":false}]}},"comps",11,[{},"cc.Sprite",11,[{},"spriteFrame",12,[[[{"frame":0},"value",6,1],[{"frame":0.05},"value",6,2],[{"frame":0.1},"value",6,3],[{"frame":0.15},"value",6,4],[{"frame":0.2},"value",6,5],[{"frame":0.25},"value",6,6],[{"frame":0.3},"value",6,7],[{"frame":0.35},"value",6,8],[{"frame":0.4},"value",6,9],[{"frame":0.45},"value",6,10],[{"frame":0.5},"value",6,11],[{"frame":0.55},"value",6,12],[{"frame":0.6},"value",6,13],[{"frame":0.65},"value",6,14],[{"frame":0.7},"value",6,15],[{"frame":0.75},"value",6,16],[{"frame":0.8},"value",6,17],[{"frame":0.85},"value",6,18]],11,11,11,11,11,11,11,11,11,11,11,11,11,11,11,11,11,11]]]]]]]],0,0,[0,0,0,0,0,0,0,0,0,0,0,0,0,0,0,0,0,0,0],[0,0,0,0,0,0,0,0,0,0,0,0,0,0,0,0,0,0,0],[0,1,2,3,4,5,6,7,8,9,10,11,12,13,14,15,16,17,18]]