[1,["50Y1smxZBH9YXZ62e6uXxy","a2OLC4NKhJa4tbASduf484","d9afMjRR9AYLMQ8m999Qgc","11hMHALhxM75kdD6lY86UA","23jxL4HgBCELxEniq49Ozq","f6yIdE3shBuphII3EjrAU8","b82sPSQPVM6ZRM6NloBoH1","64DsUB7OBCxomtd4a0VgcG","7edvO6JUJHx5UeH3fXzVIn","8awLPnTQ5EZ7yS3oiGGlKe","71lynZCENDTJ6ilZEDhEes","3aHaB6QBVBhqpMAKIviDLw","7cwiWsoC5N16n+biUuQCpr"],["_textureSetter","bg_alert","collect_btn","freespins_alert","multiplier_alert","scatter_alert","totalwin","tw_bg","tw_button","tw_fish","tw_num_glow","tw_particle","tw_sun"],["cc.SpriteFrame",["cc.SpriteAtlas",["_name","_spriteFrames"],2,11]],[[1,0,1,2]],[[[{"name":"tw_particle","rect":[1777,678,72,72],"offset":[0,0],"originalSize":[72,72],"capInsets":[0,0,0,0]}],[0],0,[0],[0],[0]],[[{"name":"tw_num_glow","rect":[381,1,757,359],"offset":[0,0],"originalSize":[1511,715],"rotated":1,"capInsets":[0,0,0,0]}],[0],0,[0],[0],[0]],[[[0,"freespin.plist",[{},"bg_alert",6,0,"collect_btn",6,1,"freespins_alert",6,2,"multiplier_alert",6,3,"scatter_alert",6,4,"totalwin",6,5,"tw_bg",6,6,"tw_button",6,7,"tw_fish",6,8,"tw_num_glow",6,9,"tw_particle",6,10,"tw_sun",6,11]]],0,0,[0,0,0,0,0,0,0,0,0,0,0,0],[1,2,3,4,5,6,7,8,9,10,11,12],[1,2,3,4,5,6,7,8,9,10,11,12]]]]