[1,["ecpdLyjvZBwrvm+cedCcQy","14e8dda60","33t7yvTx9KX47B9Lz9lS4y","5axAftzb5P5oqjf/pOqrD5","1df7e76f0","e7h/ksuJxAirNiHbTKOGw9","b7hCjpGF5HrZlHL2T9woqs","a5yn/iB01Atob+NUE7L3gF","4292WcErJPEKtuJeEAU7tn","a2MjXRFdtLlYQ5ouAFv/+R","b7akvhnLtAIK6W30/6TKPc","c0y0OAlztCO5C7xYelUwa6","fbNZWcGVpO0LJn1/PNIml1","22s02QL2xFD4vQQCIAxwdJ","edhlVgjQ9BbrJlV78ohN47","aaaFb7DjpAApR/lHfi87ie","f9/MVVf8VMFYoarLbdkGfF","14SZVJVrFKlLff8ZugsiKO","9aT7lknYlJm7Q/YF1VCoLK","1b3fbc470","1a7a0e57d"],["node","_spriteFrame","_textureSetter","_N$file","root","itemHisTemp","scrItemHis","lbPage","lbScoreB","lbScoreP","lbSession","data","_parent"],["cc.SpriteFrame",["cc.Node",["_name","_active","_opacity","_components","_prefab","_contentSize","_parent","_trs","_children","_color","_anchorPoint"],0,9,4,5,1,7,2,5,5],["cc.Node",["_name","_parent","_components","_prefab","_contentSize","_trs","_children","_eulerAngles","_color"],2,1,2,4,5,7,2,5,5],["cc.Label",["_string","_isSystemFontUsed","_fontSize","_N$horizontalAlign","_N$verticalAlign","_styleFlags","_lineHeight","_spacingX","node","_materials","_N$file"],-5,1,3,6],["cc.Sprite",["_sizeMode","node","_materials","_spriteFrame"],2,1,3,6],["cc.Layout",["_resize","_N$layoutType","_enabled","_N$spacingX","_N$horizontalDirection","node","_layoutSize"],-2,1,5],["cc.PrefabInfo",["fileId","root","asset"],2,1,1],["cc.ClickEvent",["_componentId","handler","customEventData","target"],0,1],["cc.Prefab",["_name"],2],["cc.Node",["_name","_parent","_components","_prefab","_contentSize","_anchorPoint","_trs"],2,1,12,4,5,5,7],["cc.Widget",["_alignFlags","_originalWidth","_originalHeight","node"],0,1],["12b70F/6IlPrKo5cjLpFF6w",["node","listCardPlayer","listCardBanker","sprGate","lbSession","lbScoreP","lbScoreB","lbPage","scrItemHis","itemHisTemp"],3,1,2,2,3,1,1,1,1,1,1],["cc.Mask",["_N$alphaThreshold","node","_materials"],2,1,3],["cc.BlockInputEvents",["node"],3,1],["cc.Button",["node","clickEvents"],3,1,9],["51285Z3WLtLkq3nj7qtpTPH",["time","node"],2,1],["cc.ScrollView",["horizontal","brake","bounceDuration","_N$horizontalScrollBar","_N$verticalScrollBar","node","_N$content"],-2,1,1]],[[6,0,1,2,2],[4,1,2,3,1],[1,0,6,3,4,5,7,2],[4,1,2,1],[1,0,6,8,3,4,5,7,2],[10,0,1,2,3,4],[14,0,1,1],[1,0,6,8,3,4,5,2],[2,0,1,2,3,4,5,2],[2,0,1,2,3,4,2],[2,0,1,2,3,4,5,7,2],[2,0,1,2,3,8,4,5,2],[9,0,1,2,3,4,5,6,2],[7,0,1,2,3,4],[15,0,1,2],[3,0,2,1,7,5,3,4,8,9,8],[8,0,2],[1,0,8,3,4,5,7,2],[1,0,1,8,3,4,5,7,3],[1,0,2,6,3,4,9,5,3],[1,0,6,3,4,5,10,7,2],[1,0,6,3,4,9,5,7,2],[1,0,6,3,4,5,2],[2,0,1,6,2,3,4,5,2],[11,0,1,2,3,4,5,6,7,8,9,1],[6,1,2,1],[4,0,1,2,3,2],[12,0,1,2,2],[5,2,0,1,3,4,5,6,6],[5,2,0,1,3,5,6,5],[5,0,1,5,6,3],[13,0,1],[7,0,1,3,3],[3,0,2,1,3,4,8,9,10,6],[3,0,2,6,1,5,3,4,8,9,10,8],[3,0,1,8,9,3],[3,0,1,5,8,9,4],[16,0,1,2,3,4,5,6,6]],[[[{"name":"txtBanker","rect":[984,844,93,21],"offset":[0,0],"originalSize":[93,21],"rotated":1,"capInsets":[0,0,0,0]}],[0],0,[0],[2],[4]],[[{"name":"bgPageIndex","rect":[464,651,285,53],"offset":[0,0],"originalSize":[285,53],"rotated":1,"capInsets":[0,0,0,0]}],[0],0,[0],[2],[1]],[[[16,"PopupHistory"],[17,"PopupHistory",[-16,-17],[[5,45,1280,720,-2],[24,-15,[-12,-13,-14],[-9,-10,-11],[35,36,37,38,39],-8,-7,-6,-5,-4,-3]],[25,-1,0],[5,1280,720],[640,360,0,0,0,0,1,1,1,1]],[7,"Container",1,[-19,-20,-21,-22,-23,-24,-25,-26],[[1,-18,[33],34]],[0,"735bqECGhHZYHsVSvqNTtT",1,0],[5,992,642]],[18,"itemHistory",false,[-28,-29,-30],[[1,-27,[8],9]],[0,"15LF8p2dlJ1pOp3sOmvSOh",1,0],[5,842,50],[0,97.5,0,0,0,0,1,1,1,1]],[23,"scr",2,[-32,-33,-34],[-31],[0,"f4MQWbaYhKY51yLbgjoTYt",1,0],[5,837,245],[1,-123,0,0,0,0,1,1,1,1]],[7,"view",4,[3,-37],[[27,0,-35,[10]],[5,45,240,250,-36]],[0,"aaM3m8mZlBQ6fH+gxlgzsX",1,0],[5,837,245]],[4,"CardPlayerContainer",2,[-39,-40,-41],[[28,false,1,1,20,1,-38,[5,370,200]]],[0,"fclK8qvBJOpoYgki0Bf2iY",1,0],[5,370,200],[-244.352,112.586,0,0,0,0,1,0.65,0.65,1]],[4,"CardBankContainer",2,[-43,-44,-45],[[29,false,1,1,20,-42,[5,370,200]]],[0,"2choSjJMtOZZzSVmyXuAnI",1,0],[5,370,200],[244,112.586,0,0,0,0,1,0.65,0.65,1]],[4,"bgPageIndex",2,[-47,-48,-49],[[1,-46,[31],32]],[0,"35+qpg4JNFxq36WrWkBB6G",1,0],[5,285,53],[0,-287.532,0,0,0,0,1,1,1,1]],[19,"splash",150,1,[[26,0,-50,[0],1],[5,45,1280,720,-51],[31,-52]],[0,"eeWsR3ejhF+rv+Ytw/I8yc",1,0],[4,4278190080],[5,1280,720]],[20,"content",5,[[30,1,2,-53,[5,220,50]]],[0,"a3MXh751JB9JxfcXtywMg9",1,0],[5,220,50],[0,0.5,1],[0,122.5,0,0,0,0,1,1,1,1]],[2,"btnClose",2,[[1,-54,[15],16],[6,-55,[[32,"12b70F/6IlPrKo5cjLpFF6w","onClickClose",1]]]],[0,"a9jtvB8hJPT6f5uPfkN2MU",1,0],[5,65,64],[452.718,238.649,0,0,0,0,1,1,1,1]],[12,"lbScoreB",2,[[-56,[14,0.2,-57]],1,4],[0,"a4IrfTmKVIa5Z8oRj4BvQy",1,0],[5,64.59,40],[0,0.5,-1.76],[67.177,138.26,0,0,0,0,1,1,1,0.5]],[12,"lbScoreP",2,[[-58,[14,0.2,-59]],1,4],[0,"0fP2/xbV9HoIlRGW/884QE",1,0],[5,64.59,40],[0,0.5,-1.76],[-64.056,138.26,0,0,0,0,1,1,1,0.5]],[2,"btnNextPage",8,[[1,-60,[27],28],[6,-61,[[13,"12b70F/6IlPrKo5cjLpFF6w","onClickChangePage","next",1]]]],[0,"200nvkF2hNy7PkQgcxLRvU",1,0],[5,35,52],[70.789,0,0,0,0,0,1,1,1,1]],[2,"btnPrevious",8,[[1,-62,[29],30],[6,-63,[[13,"12b70F/6IlPrKo5cjLpFF6w","onClickChangePage","previous",1]]]],[0,"e4X1aSSwpL/Yt0yCKKoY1U",1,0],[5,35,52],[-70,0,0,0,0,0,1,-1,1,1]],[2,"sprGateBet",3,[[1,-64,[2],3]],[0,"ebV78v4GhPBpyNgJq/77lO",1,0],[5,78,18],[-212.619,0,0,0,0,0,1,1,1,1]],[2,"lbbetValue",3,[[33,"1K",32,false,1,2,-65,[4],5]],[0,"2bTVeJ/xdIw4oXdgu28o/h",1,0],[5,32,40],[109.064,1.71,0,0,0,0,1,1,1,1]],[21,"lbWinValue",3,[[34,"-1K",53,55,false,1,1,1,-66,[6],7]],[0,"2cbSLN9FBEN6DrfOAEUMy2",1,0],[4,4278190335],[5,78.65,69.3],[319.104,0,0,0,0,0,1,0.5,0.5,1]],[22,"line",4,[[1,-67,[11],12]],[0,"b380KE5PBDsawnnTuvj147",1,0],[5,2,250]],[2,"line copy",4,[[1,-68,[13],14]],[0,"1bfSVzvOlPFIUihc/GolPU",1,0],[5,2,250],[229.144,0,0,0,0,0,1,1,1,1]],[37,false,0.75,0.23,null,null,4,10],[8,"1",6,[-69],[0,"14Iului7xMf6jV9h3TDQRx",1,0],[5,110,145],[130,0,0,0,0,0,1,1,1,1]],[3,22,[17]],[9,"2",6,[-70],[0,"c0dA+BowRNwYED5CryEoqY",1,0],[5,110,145]],[3,24,[18]],[10,"3",6,[-71],[0,"81Ggo9G0FP7I8Orsk11mch",1,0],[5,110,145],[-150.95,0,0,0,0,0.7071067811865475,0.7071067811865476,1,1,1],[1,0,0,90]],[3,26,[19]],[8,"1",7,[-72],[0,"63mbsHHYtNd70jePmItgDl",1,0],[5,110,145],[-130,0,0,0,0,0,1,1,1,1]],[3,28,[20]],[9,"2",7,[-73],[0,"a3zegNVGFNoJ0IMq7z3gi/",1,0],[5,110,145]],[3,30,[21]],[10,"3",7,[-74],[0,"51NSpb/MhIuIjtmujx4Gny",1,0],[5,110,145],[145.471,0,0,0,0,-0.7071067811865475,0.7071067811865476,1,1,1],[1,0,0,-90]],[3,32,[22]],[15,"0",13,false,-10,1,1,1,12,[23]],[15,"0",13,false,-10,1,1,1,13,[24]],[11,"lbSession",2,[-75],[0,"b4N1lY8LZBp4HC5VyzwHkw",1,0],[4,4278245119],[5,360.16,50.4],[0,191.247,0,0,0,0,1,0.5,0.5,1]],[35,"Số Phiên:#%s(%s %s)",false,36,[25]],[11,"lbSession",8,[-76],[0,"24CpmAKuNP8Itn4TrIW+60",1,0],[4,4278245119],[5,111.82,50.4],[0,-1.542,0,0,0,0,1,0.5,0.5,1]],[36,"%s/%s",false,1,38,[26]]],0,[0,4,1,0,0,1,0,5,3,0,6,21,0,7,39,0,8,34,0,9,35,0,10,37,0,-1,29,0,-2,31,0,-3,33,0,-1,23,0,-2,25,0,-3,27,0,0,1,0,-1,9,0,-2,2,0,0,2,0,-1,4,0,-2,11,0,-3,6,0,-4,7,0,-5,12,0,-6,13,0,-7,36,0,-8,8,0,0,3,0,-1,16,0,-2,17,0,-3,18,0,-1,21,0,-1,5,0,-2,19,0,-3,20,0,0,5,0,0,5,0,-2,10,0,0,6,0,-1,22,0,-2,24,0,-3,26,0,0,7,0,-1,28,0,-2,30,0,-3,32,0,0,8,0,-1,38,0,-2,14,0,-3,15,0,0,9,0,0,9,0,0,9,0,0,10,0,0,11,0,0,11,0,-1,34,0,0,12,0,-1,35,0,0,13,0,0,14,0,0,14,0,0,15,0,0,15,0,0,16,0,0,17,0,0,18,0,0,19,0,0,20,0,-1,23,0,-1,25,0,-1,27,0,-1,29,0,-1,31,0,-1,33,0,-1,37,0,-1,39,0,11,1,3,12,5,76],[0,0,0,0,0,0,0,0,0,0,0,0,0,0,0,0,0,0,0,0,0,0,0,0,0,0,0,0,0,0,0,0,0,0,0,0,0,0,0,0,23,25,27,29,31,33,34,35,37,39],[-1,1,-1,1,-1,3,-1,3,-1,1,-1,-1,1,-1,1,-1,1,-1,-1,-1,-1,-1,-1,-1,-1,-1,-1,-1,1,-1,1,-1,1,-1,1,-1,-2,-3,-4,-5,1,1,1,1,1,1,3,3,3,3],[0,9,0,5,0,10,0,3,0,11,0,0,6,0,6,0,12,0,0,0,0,0,0,0,0,0,0,0,7,0,7,0,13,0,14,15,16,17,18,5,2,2,2,2,2,2,8,8,3,3]],[[{"name":"txtPPair","rect":[1001,87,73,18],"offset":[0,0],"originalSize":[73,18],"rotated":1,"capInsets":[0,0,0,0]}],[0],0,[0],[2],[1]],[[{"name":"btnNextPage","rect":[984,786,35,52],"offset":[0,0],"originalSize":[35,52],"capInsets":[0,0,0,0]}],[0],0,[0],[2],[4]],[[{"name":"txtPlayer","rect":[988,906,87,21],"offset":[0,0],"originalSize":[87,21],"rotated":1,"capInsets":[0,0,0,0]}],[0],0,[0],[2],[19]],[[{"name":"line","rect":[1017,307,2,250],"offset":[0,0],"originalSize":[2,250],"capInsets":[0,0,0,0]}],[0],0,[0],[2],[1]],[[{"name":"rollItem","rect":[3,3,842,50],"offset":[0,0],"originalSize":[842,50],"capInsets":[0,0,0,0]}],[0],0,[0],[2],[20]],[[{"name":"txt_BPair","rect":[1001,3,78,18],"offset":[0,0],"originalSize":[78,18],"rotated":1,"capInsets":[0,0,0,0]}],[0],0,[0],[2],[1]],[[{"name":"bgHistory","rect":[3,3,992,642],"offset":[0,-0.5],"originalSize":[992,653],"capInsets":[0,0,0,0]}],[0],0,[0],[2],[1]],[[{"name":"txtTie","rect":[1001,166,34,18],"offset":[0,0],"originalSize":[34,18],"rotated":1,"capInsets":[0,0,0,0]}],[0],0,[0],[2],[1]]]]