[1,["bbRrkDCBpCKYd2UPU6qRkl"],0,[["sp.SkeletonData",["_name","_atlasText","textureNames","_skeletonJson","textures"],-1,3]],[[0,0,1,2,3,4,5]],[[0,"skeleton","\r\nskeleton.png\r\nsize: 512,512\r\nformat: RGBA8888\r\nfilter: Linear,Linear\r\nrepeat: none\r\n3 Consecutive Pairs\r\n  rotate: false\r\n  xy: 2, 186\r\n  size: 303, 31\r\n  orig: 303, 31\r\n  offset: 0, 0\r\n  index: -1\r\n3 Consecutive Pairs_cam\r\n  rotate: false\r\n  xy: 142, 103\r\n  size: 119, 48\r\n  orig: 119, 48\r\n  offset: 0, 0\r\n  index: -1\r\n4 Consecutive Pairs\r\n  rotate: false\r\n  xy: 2, 153\r\n  size: 304, 31\r\n  orig: 304, 31\r\n  offset: 0, 0\r\n  index: -1\r\n4 Consecutive Pairs_cam\r\n  rotate: false\r\n  xy: 2, 51\r\n  size: 120, 48\r\n  orig: 120, 48\r\n  offset: 0, 0\r\n  index: -1\r\n4 of a kind\r\n  rotate: true\r\n  xy: 367, 323\r\n  size: 167, 31\r\n  orig: 167, 31\r\n  offset: 0, 0\r\n  index: -1\r\n4 of a kind_cam\r\n  rotate: false\r\n  xy: 294, 231\r\n  size: 49, 38\r\n  orig: 49, 38\r\n  offset: 0, 0\r\n  index: -1\r\nEllipse 2\r\n  rotate: false\r\n  xy: 400, 398\r\n  size: 92, 92\r\n  orig: 92, 92\r\n  offset: 0, 0\r\n  index: -1\r\nSet of twos\r\n  rotate: true\r\n  xy: 334, 308\r\n  size: 182, 31\r\n  orig: 182, 31\r\n  offset: 0, 0\r\n  index: -1\r\nSet of twos_cam\r\n  rotate: false\r\n  xy: 2, 219\r\n  size: 290, 50\r\n  orig: 290, 50\r\n  offset: 0, 0\r\n  index: -1\r\nef\r\n  rotate: false\r\n  xy: 2, 304\r\n  size: 330, 186\r\n  orig: 330, 186\r\n  offset: 0, 0\r\n  index: -1\r\nthree straight flushes\r\n  rotate: false\r\n  xy: 2, 271\r\n  size: 363, 31\r\n  orig: 363, 31\r\n  offset: 0, 0\r\n  index: -1\r\nthree straight flushes_cam\r\n  rotate: false\r\n  xy: 2, 101\r\n  size: 138, 50\r\n  orig: 138, 50\r\n  offset: 0, 0\r\n  index: -1\r\n",["skeleton.png"],{"skeleton":{"hash":"NG10jW7ayg236By/Xr5j56Bh3do","spine":"3.6.53","width":303,"height":130.2,"images":"./image/"},"bones":[{"name":"root"},{"name":"bone","parent":"root","x":-0.36,"y":-60.74},{"name":"3 Consecutive Pairs","parent":"bone","x":0.9,"y":62.59},{"name":"Ellipse 2","parent":"bone","x":0.42,"y":60.42,"scaleX":0.7,"scaleY":0.7},{"name":"Ellipse 3","parent":"bone","x":0.42,"y":60.42,"scaleX":0.7,"scaleY":0.7},{"name":"ef","parent":"bone","x":0.3,"y":57.46,"scaleX":0.7,"scaleY":0.7}],"slots":[{"name":"3 Consecutive Pairs","bone":"3 Consecutive Pairs","attachment":"3 Consecutive Pairs"},{"name":"Ellipse 2","bone":"Ellipse 2","attachment":"Ellipse 2","blend":"additive"},{"name":"Ellipse 3","bone":"Ellipse 3","attachment":"Ellipse 2","blend":"additive"},{"name":"ef","bone":"ef","attachment":"ef","blend":"additive"}],"skins":{"default":{"3 Consecutive Pairs":{"3 Consecutive Pairs":{"x":-0.54,"y":-0.43,"width":303,"height":31},"3 Consecutive Pairs_cam":{"x":-0.54,"y":-0.43,"width":119,"height":48},"4 Consecutive Pairs":{"x":-0.54,"y":-0.43,"width":304,"height":31},"4 Consecutive Pairs_cam":{"x":-0.54,"y":-0.43,"width":120,"height":48},"4 of a kind":{"x":-0.54,"y":-0.43,"width":167,"height":31},"4 of a kind_cam":{"x":-0.54,"y":-0.43,"width":49,"height":38},"Set of twos":{"x":-0.54,"y":-0.43,"width":182,"height":31},"Set of twos_cam":{"x":-0.54,"y":-0.43,"width":290,"height":50},"three straight flushes":{"x":-0.54,"y":-0.43,"width":363,"height":31},"three straight flushes_cam":{"x":-0.54,"y":-0.43,"width":138,"height":50}},"Ellipse 2":{"Ellipse 2":{"x":-0.06,"y":1.73,"width":92,"height":92}},"Ellipse 3":{"Ellipse 2":{"x":-0.06,"y":1.73,"width":92,"height":92}},"ef":{"ef":{"x":1.91,"y":12.38,"width":330,"height":186}}}},"animations":{"3 Consecutive Pairs":{"slots":{"Ellipse 2":{"color":[{"time":0,"color":"ffffff00"},{"time":0.1333,"color":"ffffffff"},{"time":0.4,"color":"ffffff00"}]},"Ellipse 3":{"color":[{"time":0,"color":"ffffff00","curve":"stepped"},{"time":0.2667,"color":"ffffff00"},{"time":0.4,"color":"ffffffff"},{"time":0.6667,"color":"ffffff00"}]},"ef":{"color":[{"time":0,"color":"ffffffff","curve":"stepped"},{"time":0.3333,"color":"ffffffff"},{"time":0.5,"color":"ffffff00"}]}},"bones":{"3 Consecutive Pairs":{"scale":[{"time":0,"x":2,"y":2,"curve":[0.25,0,0.75,1]},{"time":0.1667,"x":0.7,"y":0.7,"curve":[0.25,0,0.75,1]},{"time":0.2667,"x":1.2,"y":1.2,"curve":[0.319,0,0.652,0.34]},{"time":0.3333,"x":1,"y":1,"curve":"stepped"},{"time":1.6667,"x":1,"y":1}]},"Ellipse 2":{"scale":[{"time":0,"x":1,"y":1},{"time":0.4,"x":2,"y":2}]},"Ellipse 3":{"scale":[{"time":0.2667,"x":1,"y":1},{"time":0.6667,"x":2,"y":2}]},"ef":{"translate":[{"time":0,"x":0,"y":-3.76}],"scale":[{"time":0,"x":0,"y":0},{"time":0.5,"x":2,"y":2}]}}},"3 Consecutive Pairs_cam":{"slots":{"3 Consecutive Pairs":{"attachment":[{"time":0,"name":"3 Consecutive Pairs_cam"}]},"Ellipse 2":{"color":[{"time":0,"color":"ffffff00"},{"time":0.1333,"color":"ffffffff"},{"time":0.4,"color":"ffffff00"}]},"Ellipse 3":{"color":[{"time":0,"color":"ffffff00","curve":"stepped"},{"time":0.2667,"color":"ffffff00"},{"time":0.4,"color":"ffffffff"},{"time":0.6667,"color":"ffffff00"}]},"ef":{"color":[{"time":0,"color":"ffffffff","curve":"stepped"},{"time":0.3333,"color":"ffffffff"},{"time":0.5,"color":"ffffff00"}]}},"bones":{"3 Consecutive Pairs":{"scale":[{"time":0,"x":2,"y":2,"curve":[0.25,0,0.75,1]},{"time":0.1667,"x":0.7,"y":0.7,"curve":[0.25,0,0.75,1]},{"time":0.2667,"x":1.2,"y":1.2,"curve":[0.319,0,0.652,0.34]},{"time":0.3333,"x":1,"y":1,"curve":"stepped"},{"time":1.6667,"x":1,"y":1}]},"Ellipse 2":{"scale":[{"time":0,"x":1,"y":1},{"time":0.4,"x":2,"y":2}]},"Ellipse 3":{"scale":[{"time":0.2667,"x":1,"y":1},{"time":0.6667,"x":2,"y":2}]},"ef":{"translate":[{"time":0,"x":0,"y":-3.76}],"scale":[{"time":0,"x":0,"y":0},{"time":0.5,"x":2,"y":2}]}}},"4 Consecutive Pairs":{"slots":{"3 Consecutive Pairs":{"attachment":[{"time":0,"name":"4 Consecutive Pairs"}]},"Ellipse 2":{"color":[{"time":0,"color":"ffffff00"},{"time":0.1333,"color":"ffffffff"},{"time":0.4,"color":"ffffff00"}]},"Ellipse 3":{"color":[{"time":0,"color":"ffffff00","curve":"stepped"},{"time":0.2667,"color":"ffffff00"},{"time":0.4,"color":"ffffffff"},{"time":0.6667,"color":"ffffff00"}]},"ef":{"color":[{"time":0,"color":"ffffffff","curve":"stepped"},{"time":0.3333,"color":"ffffffff"},{"time":0.5,"color":"ffffff00"}]}},"bones":{"3 Consecutive Pairs":{"scale":[{"time":0,"x":2,"y":2,"curve":[0.25,0,0.75,1]},{"time":0.1667,"x":0.7,"y":0.7,"curve":[0.25,0,0.75,1]},{"time":0.2667,"x":1.2,"y":1.2,"curve":[0.319,0,0.652,0.34]},{"time":0.3333,"x":1,"y":1,"curve":"stepped"},{"time":1.6667,"x":1,"y":1}]},"Ellipse 2":{"scale":[{"time":0,"x":1,"y":1},{"time":0.4,"x":2,"y":2}]},"Ellipse 3":{"scale":[{"time":0.2667,"x":1,"y":1},{"time":0.6667,"x":2,"y":2}]},"ef":{"translate":[{"time":0,"x":0,"y":-3.76}],"scale":[{"time":0,"x":0,"y":0},{"time":0.5,"x":2,"y":2}]}}},"4 Consecutive Pairs_cam":{"slots":{"3 Consecutive Pairs":{"attachment":[{"time":0,"name":"4 Consecutive Pairs_cam"}]},"Ellipse 2":{"color":[{"time":0,"color":"ffffff00"},{"time":0.1333,"color":"ffffffff"},{"time":0.4,"color":"ffffff00"}]},"Ellipse 3":{"color":[{"time":0,"color":"ffffff00","curve":"stepped"},{"time":0.2667,"color":"ffffff00"},{"time":0.4,"color":"ffffffff"},{"time":0.6667,"color":"ffffff00"}]},"ef":{"color":[{"time":0,"color":"ffffffff","curve":"stepped"},{"time":0.3333,"color":"ffffffff"},{"time":0.5,"color":"ffffff00"}]}},"bones":{"3 Consecutive Pairs":{"scale":[{"time":0,"x":2,"y":2,"curve":[0.25,0,0.75,1]},{"time":0.1667,"x":0.7,"y":0.7,"curve":[0.25,0,0.75,1]},{"time":0.2667,"x":1.2,"y":1.2,"curve":[0.319,0,0.652,0.34]},{"time":0.3333,"x":1,"y":1,"curve":"stepped"},{"time":1.6667,"x":1,"y":1}]},"Ellipse 2":{"scale":[{"time":0,"x":1,"y":1},{"time":0.4,"x":2,"y":2}]},"Ellipse 3":{"scale":[{"time":0.2667,"x":1,"y":1},{"time":0.6667,"x":2,"y":2}]},"ef":{"translate":[{"time":0,"x":0,"y":-3.76}],"scale":[{"time":0,"x":0,"y":0},{"time":0.5,"x":2,"y":2}]}}},"4 of a kind":{"slots":{"3 Consecutive Pairs":{"attachment":[{"time":0,"name":"4 of a kind"}]},"Ellipse 2":{"color":[{"time":0,"color":"ffffff00"},{"time":0.1333,"color":"ffffffff"},{"time":0.4,"color":"ffffff00"}]},"Ellipse 3":{"color":[{"time":0,"color":"ffffff00","curve":"stepped"},{"time":0.2667,"color":"ffffff00"},{"time":0.4,"color":"ffffffff"},{"time":0.6667,"color":"ffffff00"}]},"ef":{"color":[{"time":0,"color":"ffffffff","curve":"stepped"},{"time":0.3333,"color":"ffffffff"},{"time":0.5,"color":"ffffff00"}]}},"bones":{"3 Consecutive Pairs":{"scale":[{"time":0,"x":2,"y":2,"curve":[0.25,0,0.75,1]},{"time":0.1667,"x":0.7,"y":0.7,"curve":[0.25,0,0.75,1]},{"time":0.2667,"x":1.2,"y":1.2,"curve":[0.319,0,0.652,0.34]},{"time":0.3333,"x":1,"y":1,"curve":"stepped"},{"time":1.6667,"x":1,"y":1}]},"Ellipse 2":{"scale":[{"time":0,"x":1,"y":1},{"time":0.4,"x":2,"y":2}]},"Ellipse 3":{"scale":[{"time":0.2667,"x":1,"y":1},{"time":0.6667,"x":2,"y":2}]},"ef":{"translate":[{"time":0,"x":0,"y":-3.76}],"scale":[{"time":0,"x":0,"y":0},{"time":0.5,"x":2,"y":2}]}}},"4 of a kind_cam":{"slots":{"3 Consecutive Pairs":{"attachment":[{"time":0,"name":"4 of a kind_cam"}]},"Ellipse 2":{"color":[{"time":0,"color":"ffffff00"},{"time":0.1333,"color":"ffffffff"},{"time":0.4,"color":"ffffff00"}]},"Ellipse 3":{"color":[{"time":0,"color":"ffffff00","curve":"stepped"},{"time":0.2667,"color":"ffffff00"},{"time":0.4,"color":"ffffffff"},{"time":0.6667,"color":"ffffff00"}]},"ef":{"color":[{"time":0,"color":"ffffffff","curve":"stepped"},{"time":0.3333,"color":"ffffffff"},{"time":0.5,"color":"ffffff00"}]}},"bones":{"3 Consecutive Pairs":{"scale":[{"time":0,"x":2,"y":2,"curve":[0.25,0,0.75,1]},{"time":0.1667,"x":0.7,"y":0.7,"curve":[0.25,0,0.75,1]},{"time":0.2667,"x":1.2,"y":1.2,"curve":[0.319,0,0.652,0.34]},{"time":0.3333,"x":1,"y":1,"curve":"stepped"},{"time":1.6667,"x":1,"y":1}]},"Ellipse 2":{"scale":[{"time":0,"x":1,"y":1},{"time":0.4,"x":2,"y":2}]},"Ellipse 3":{"scale":[{"time":0.2667,"x":1,"y":1},{"time":0.6667,"x":2,"y":2}]},"ef":{"translate":[{"time":0,"x":0,"y":-3.76}],"scale":[{"time":0,"x":0,"y":0},{"time":0.5,"x":2,"y":2}]}}},"Set of twos":{"slots":{"3 Consecutive Pairs":{"attachment":[{"time":0,"name":"Set of twos"}]},"Ellipse 2":{"color":[{"time":0,"color":"ffffff00"},{"time":0.1333,"color":"ffffffff"},{"time":0.4,"color":"ffffff00"}]},"Ellipse 3":{"color":[{"time":0,"color":"ffffff00","curve":"stepped"},{"time":0.2667,"color":"ffffff00"},{"time":0.4,"color":"ffffffff"},{"time":0.6667,"color":"ffffff00"}]},"ef":{"color":[{"time":0,"color":"ffffffff","curve":"stepped"},{"time":0.3333,"color":"ffffffff"},{"time":0.5,"color":"ffffff00"}]}},"bones":{"3 Consecutive Pairs":{"scale":[{"time":0,"x":2,"y":2,"curve":[0.25,0,0.75,1]},{"time":0.1667,"x":0.7,"y":0.7,"curve":[0.25,0,0.75,1]},{"time":0.2667,"x":1.2,"y":1.2,"curve":[0.319,0,0.652,0.34]},{"time":0.3333,"x":1,"y":1,"curve":"stepped"},{"time":1.6667,"x":1,"y":1}]},"Ellipse 2":{"scale":[{"time":0,"x":1,"y":1},{"time":0.4,"x":2,"y":2}]},"Ellipse 3":{"scale":[{"time":0.2667,"x":1,"y":1},{"time":0.6667,"x":2,"y":2}]},"ef":{"translate":[{"time":0,"x":0,"y":-3.76}],"scale":[{"time":0,"x":0,"y":0},{"time":0.5,"x":2,"y":2}]}}},"Set of twos_cam":{"slots":{"3 Consecutive Pairs":{"attachment":[{"time":0,"name":"Set of twos_cam"}]},"Ellipse 2":{"color":[{"time":0,"color":"ffffff00"},{"time":0.1333,"color":"ffffffff"},{"time":0.4,"color":"ffffff00"}]},"Ellipse 3":{"color":[{"time":0,"color":"ffffff00","curve":"stepped"},{"time":0.2667,"color":"ffffff00"},{"time":0.4,"color":"ffffffff"},{"time":0.6667,"color":"ffffff00"}]},"ef":{"color":[{"time":0,"color":"ffffffff","curve":"stepped"},{"time":0.3333,"color":"ffffffff"},{"time":0.5,"color":"ffffff00"}]}},"bones":{"3 Consecutive Pairs":{"scale":[{"time":0,"x":2,"y":2,"curve":[0.25,0,0.75,1]},{"time":0.1667,"x":0.7,"y":0.7,"curve":[0.25,0,0.75,1]},{"time":0.2667,"x":1.2,"y":1.2,"curve":[0.319,0,0.652,0.34]},{"time":0.3333,"x":1,"y":1,"curve":"stepped"},{"time":1.6667,"x":1,"y":1}]},"Ellipse 2":{"scale":[{"time":0,"x":1,"y":1},{"time":0.4,"x":2,"y":2}]},"Ellipse 3":{"scale":[{"time":0.2667,"x":1,"y":1},{"time":0.6667,"x":2,"y":2}]},"ef":{"translate":[{"time":0,"x":0,"y":-3.76}],"scale":[{"time":0,"x":0,"y":0},{"time":0.5,"x":2,"y":2}]}}},"three straight flushes":{"slots":{"3 Consecutive Pairs":{"attachment":[{"time":0,"name":"three straight flushes"}]},"Ellipse 2":{"color":[{"time":0,"color":"ffffff00"},{"time":0.1333,"color":"ffffffff"},{"time":0.4,"color":"ffffff00"}]},"Ellipse 3":{"color":[{"time":0,"color":"ffffff00","curve":"stepped"},{"time":0.2667,"color":"ffffff00"},{"time":0.4,"color":"ffffffff"},{"time":0.6667,"color":"ffffff00"}]},"ef":{"color":[{"time":0,"color":"ffffffff","curve":"stepped"},{"time":0.3333,"color":"ffffffff"},{"time":0.5,"color":"ffffff00"}]}},"bones":{"3 Consecutive Pairs":{"scale":[{"time":0,"x":2,"y":2,"curve":[0.25,0,0.75,1]},{"time":0.1667,"x":0.7,"y":0.7,"curve":[0.25,0,0.75,1]},{"time":0.2667,"x":1.2,"y":1.2,"curve":[0.319,0,0.652,0.34]},{"time":0.3333,"x":1,"y":1,"curve":"stepped"},{"time":1.6667,"x":1,"y":1}]},"Ellipse 2":{"scale":[{"time":0,"x":1,"y":1},{"time":0.4,"x":2,"y":2}]},"Ellipse 3":{"scale":[{"time":0.2667,"x":1,"y":1},{"time":0.6667,"x":2,"y":2}]},"ef":{"translate":[{"time":0,"x":0,"y":-3.76}],"scale":[{"time":0,"x":0,"y":0},{"time":0.5,"x":2,"y":2}]}}},"three straight flushes_cam":{"slots":{"3 Consecutive Pairs":{"attachment":[{"time":0,"name":"three straight flushes_cam"}]},"Ellipse 2":{"color":[{"time":0,"color":"ffffff00"},{"time":0.1333,"color":"ffffffff"},{"time":0.4,"color":"ffffff00"}]},"Ellipse 3":{"color":[{"time":0,"color":"ffffff00","curve":"stepped"},{"time":0.2667,"color":"ffffff00"},{"time":0.4,"color":"ffffffff"},{"time":0.6667,"color":"ffffff00"}]},"ef":{"color":[{"time":0,"color":"ffffffff","curve":"stepped"},{"time":0.3333,"color":"ffffffff"},{"time":0.5,"color":"ffffff00"}]}},"bones":{"3 Consecutive Pairs":{"scale":[{"time":0,"x":2,"y":2,"curve":[0.25,0,0.75,1]},{"time":0.1667,"x":0.7,"y":0.7,"curve":[0.25,0,0.75,1]},{"time":0.2667,"x":1.2,"y":1.2,"curve":[0.319,0,0.652,0.34]},{"time":0.3333,"x":1,"y":1,"curve":"stepped"},{"time":1.6667,"x":1,"y":1}]},"Ellipse 2":{"scale":[{"time":0,"x":1,"y":1},{"time":0.4,"x":2,"y":2}]},"Ellipse 3":{"scale":[{"time":0.2667,"x":1,"y":1},{"time":0.6667,"x":2,"y":2}]},"ef":{"translate":[{"time":0,"x":0,"y":-3.76}],"scale":[{"time":0,"x":0,"y":0},{"time":0.5,"x":2,"y":2}]}}}}},[0]]],0,0,[0],[-1],[0]]