[1,["d4dr8l9UZEZ4Q5cFUcejTt","24kxEINglBBrfKYCdQ6nHk","danLf8QqdKlbmoeN2T7jDY","41ApjFnCpNArRAQIYnCHIB","a7ETFwCkdEr4y0xTw9fhpa","43zGqK67xIZ5oOKiGkIxHf","4d0fJAqTdNk5+fPtYryyxJ","8dGO3c59NGmpjWeH+9Soet","31r4uic1hLdIRDO2uKUF74","daKGkJHypKUZFhdwiQD5jK","18Sl2J0nZNmIKIrK+zIm1B","b98V2dTp1Oi55/ylIYjwod","683z9uVR5BDZhrCE2DR2Vi","b9UuSgd0dEh4CC02idYX//","2eW5/xOUZJmr4J0Vr6th/s","2e/hIB6W1AFoFXaCtXwAoB","6c9G6xZyRA6IfZb3NyJxqK","10q0M38lNHH6mk6SFG51bP","a1+ri8tnRP8o1nQWb3wCvy","dflMTnF8hADK6boMnaMNKv","13vPWUHZlI5bzmWTFmqHu1","e6MIHCHsVDBLzWJAO9E51s","d4g7laSs5Eirox4Y4RY1du","9bJVFS9sZFOpKVA7vY9P5d","ecxRUrMahGOrteAdiZEF+w","3a4+CvUABCr7YJzsPFJyw8","7ce76pVJVJSL6IYey0o54b","c83cxwHEROXapllQ2mQ2dF","01Drjg+w1M/r6RpjGrWhGw","a2aozYeWxI+6ZUgpz5pvod","58s9XVFcdE2ovNyNZEcHYk"],["value"],[["cc.AnimationClip",["_name","_duration","curveData"],1,11]],[[0,0,1,2,3]],[[0,"Btn_Click",1.3333333333333333,[{},"paths",11,[{},"sb_hover_screen",11,[{},"props",11,[{"opacity":[{"frame":0,"value":100},{"frame":0.5333333333333333,"value":255},{"frame":1.2166666666666666,"value":0}]},"scale",12,[[[{"frame":0},"value",8,[1,1.85,1.85,1]]],11]]],"spin_vfx_b_00",11,[{},"comps",11,[{},"cc.Sprite",11,[{},"spriteFrame",12,[[[{"frame":0.7833333333333333},"value",6,0],[{"frame":0.8166666666666667},"value",6,1],[{"frame":0.85},"value",6,2],[{"frame":0.8833333333333333},"value",6,3],[{"frame":0.9166666666666666},"value",6,4],[{"frame":0.95},"value",6,5],[{"frame":0.9833333333333333},"value",6,6],[{"frame":1.0166666666666666},"value",6,7],[{"frame":1.05},"value",6,8]],11,11,11,11,11,11,11,11,11]]],"props",11,[{"active":[{"frame":0.75,"value":false},{"frame":0.7833333333333333,"value":true}],"opacity":[]},"scale",12,[[[{"frame":0.75},"value",8,[1,1.3,1.3,1]],[{"frame":0.7833333333333333},"value",8,[1,1.3,1.3,1]]],11,11]]],"spin_flare_a",11,[{},"props",11,[{"opacity":[{"frame":0,"value":0},{"frame":0.4166666666666667,"value":255},{"frame":0.8833333333333333,"value":255},{"frame":1.3333333333333333,"value":0}]},"scale",12,[[[{"frame":0},"value",8,[1,1,1,1]],[{"frame":1.3333333333333333},"value",8,[1,1.5,1.5,1]]],11,11]]],"spin_glow_a",11,[{},"comps",11,[{},"cc.Sprite",11,[{},"spriteFrame",12,[[[{"frame":0.3333333333333333},"value",6,9]],11]]],"props",11,[{"opacity":[{"frame":0,"value":0},{"frame":0.3333333333333333,"value":255},{"frame":0.6,"value":0},{"frame":0.9166666666666666,"value":0},{"frame":0.95,"value":255},{"frame":1.1333333333333333,"value":255},{"frame":1.3333333333333333,"value":0}],"angle":[{"frame":0,"value":0},{"frame":1.3333333333333333,"value":360}]},"scale",12,[[[{"frame":0},"value",8,[1,1,1,1]],[{"frame":1.3333333333333333},"value",8,[1,1.4,1.4,1]]],11,11]]],"spin_glow_d",11,[{},"props",11,[{"opacity":[{"frame":0,"value":255},{"frame":0.43333333333333335,"value":255},{"frame":0.8166666666666667,"value":0}]},"scale",12,[[[{"frame":0},"value",8,[1,2,2,1]],[{"frame":0.55},"value",8,[1,2.5,2.5,1]],[{"frame":1.3333333333333333},"value",8,[1,2.8,2.8,1]]],11,11,11]]],"spin_vfx_a_00",11,[{},"comps",11,[{},"cc.Sprite",11,[{},"spriteFrame",12,[[[{"frame":0.05},"value",6,10],[{"frame":0.08333333333333333},"value",6,11],[{"frame":0.11666666666666667},"value",6,12],[{"frame":0.15},"value",6,13],[{"frame":0.18333333333333332},"value",6,14],[{"frame":0.21666666666666667},"value",6,15],[{"frame":0.25},"value",6,16],[{"frame":0.2833333333333333},"value",6,17],[{"frame":0.31666666666666665},"value",6,18],[{"frame":0.35},"value",6,19],[{"frame":0.38333333333333336},"value",6,20],[{"frame":0.4166666666666667},"value",6,21],[{"frame":0.45},"value",6,22],[{"frame":0.48333333333333334},"value",6,23],[{"frame":0.5166666666666667},"value",6,24],[{"frame":0.55},"value",6,25],[{"frame":0.5833333333333334},"value",6,26],[{"frame":0.6166666666666667},"value",6,27],[{"frame":0.65},"value",6,28],[{"frame":0.6833333333333333},"value",6,29],[{"frame":0.7166666666666667},"value",6,30]],11,11,11,11,11,11,11,11,11,11,11,11,11,11,11,11,11,11,11,11,11]]],"props",11,[{"opacity":[{"frame":0,"value":0},{"frame":0.05,"value":255},{"frame":1.3333333333333333,"value":0}]},"scale",12,[[[{"frame":0},"value",8,[1,1,1,1]],[{"frame":1.3333333333333333},"value",8,[1,1.4,1.4,1]]],11,11]]]]]]],0,0,[0,0,0,0,0,0,0,0,0,0,0,0,0,0,0,0,0,0,0,0,0,0,0,0,0,0,0,0,0,0,0],[0,0,0,0,0,0,0,0,0,0,0,0,0,0,0,0,0,0,0,0,0,0,0,0,0,0,0,0,0,0,0],[0,1,2,3,4,5,6,7,8,9,10,11,12,13,14,15,16,17,18,19,20,21,22,23,24,25,26,27,28,29,30]]