[1,["dbhjlUHFBDx7C7G+hMgDgQ","c3VoEgTltO3J2HF0OQL23X","f5PeDt4gZMrqJNQGcfIZ1O","77g72UApFJK7y6Rsxmkpao","9cC5wUPctGv64feO4i2uDg","cdfsnEZr5LBp+jQWs3Qc1h","adQ1zsBVdGS406YA6NErDb","a81R9LuYhAT7b68gPwGI1r","5fAj545bxNAYv8VgahZjF/","086xeccdRII7v7oJNjZylA","b59CDSXOdLAr9suGQWnaq6","e0lVaQf1NMVpDuenZqyzD2","adYRcUY+BBtLfLrrT8+8u8","fcb2AYNgBJL4I3GC3bFGGG","cbkbK/kb1DEY7TK5J/eZyW","9eY8SDY85KvLTuznMWbYME","cdPb4qdz9EaZjCznH7zpFS","25XQsB/SpOYJpVYqZ8jGVG","a2PwSdLEBIsYTL2BjqpfAF","e8/bzPnj1E1YQ46PYrRcUP","f8y1RDrPRMca7ynzR7jvLX"],["value"],[["cc.AnimationClip",["_name","_duration","sample","wrapMode","curveData"],-1,11]],[[0,0,1,2,3,4,5]],[[0,"fs_vfx_a_00",1.05,20,2,[{},"comps",11,[{},"cc.Sprite",11,[{},"spriteFrame",12,[[[{"frame":0},"value",6,0],[{"frame":0.05},"value",6,1],[{"frame":0.1},"value",6,2],[{"frame":0.15},"value",6,3],[{"frame":0.2},"value",6,4],[{"frame":0.25},"value",6,5],[{"frame":0.3},"value",6,6],[{"frame":0.35},"value",6,7],[{"frame":0.4},"value",6,8],[{"frame":0.45},"value",6,9],[{"frame":0.5},"value",6,10],[{"frame":0.55},"value",6,11],[{"frame":0.6},"value",6,12],[{"frame":0.65},"value",6,13],[{"frame":0.7},"value",6,14],[{"frame":0.75},"value",6,15],[{"frame":0.8},"value",6,16],[{"frame":0.85},"value",6,17],[{"frame":0.9},"value",6,18],[{"frame":0.95},"value",6,19],[{"frame":1},"value",6,20]],11,11,11,11,11,11,11,11,11,11,11,11,11,11,11,11,11,11,11,11,11]]]]]],0,0,[0,0,0,0,0,0,0,0,0,0,0,0,0,0,0,0,0,0,0,0,0],[0,0,0,0,0,0,0,0,0,0,0,0,0,0,0,0,0,0,0,0,0],[0,1,2,3,4,5,6,7,8,9,10,11,12,13,14,15,16,17,18,19,20]]