[1,["aaXAgsujxCT6UO/V1JjIok"],["_textureSetter"],["cc.SpriteFrame"],0,[[[{"name":"spin_vfx_b_01","rect":[169,55,8,18],"offset":[-56,-13],"originalSize":[222,222],"capInsets":[0,0,0,0]}],[0],0,[0],[0],[0]],[[{"name":"spin_vfx_b_08","rect":[179,1,26,70],"offset":[45,12],"originalSize":[222,222],"capInsets":[0,0,0,0]}],[0],0,[0],[0],[0]],[[{"name":"spin_vfx_b_03","rect":[59,55,52,108],"offset":[-27,-4],"originalSize":[222,222],"rotated":1,"capInsets":[0,0,0,0]}],[0],0,[0],[0],[0]],[[{"name":"spin_vfx_b_05","rect":[1,119,56,116],"offset":[8,1],"originalSize":[222,222],"rotated":1,"capInsets":[0,0,0,0]}],[0],0,[0],[0],[0]],[[{"name":"spin_vfx_b_06","rect":[59,1,52,110],"offset":[24,5],"originalSize":[222,222],"rotated":1,"capInsets":[0,0,0,0]}],[0],0,[0],[0],[0]],[[{"name":"spin_vfx_b_07","rect":[119,109,44,96],"offset":[36,8],"originalSize":[222,222],"capInsets":[0,0,0,0]}],[0],0,[0],[0],[0]],[[{"name":"spin_vfx_b_04","rect":[1,1,56,116],"offset":[-9,0],"originalSize":[222,222],"capInsets":[0,0,0,0]}],[0],0,[0],[0],[0]],[[{"name":"spin_vfx_b_00","rect":[169,75,3,3],"offset":[-109.5,109.5],"originalSize":[222,222],"capInsets":[0,0,0,0]}],[0],0,[0],[0],[0]],[[{"name":"spin_vfx_b_02","rect":[165,109,36,88],"offset":[-42,-8],"originalSize":[222,222],"capInsets":[0,0,0,0]}],[0],0,[0],[0],[0]]]]