[1,["a49rmyXsdAY4Z787UoLB/H"],["_textureSetter"],["cc.SpriteFrame"],0,[[[{"name":"base_ingot_rotate_05","rect":[106,225,101,87],"offset":[8,-24],"originalSize":[717,717],"rotated":1,"capInsets":[0,0,0,0]}],[0],0,[0],[0],[0]],[[{"name":"base_ingot_rotate_06","rect":[195,88,129,85],"offset":[7,-25],"originalSize":[717,717],"capInsets":[0,0,0,0]}],[0],0,[0],[0],[0]],[[{"name":"base_ingot_rotate_03","rect":[195,175,127,85],"offset":[4,-25],"originalSize":[717,717],"capInsets":[0,0,0,0]}],[0],0,[0],[0],[0]],[[{"name":"base_ingot_rotate_07","rect":[88,88,135,85],"offset":[-1,-24],"originalSize":[717,717],"rotated":1,"capInsets":[0,0,0,0]}],[0],0,[0],[0],[0]],[[{"name":"base_ingot_rotate_01","rect":[142,1,139,85],"offset":[1,-25],"originalSize":[717,717],"capInsets":[0,0,0,0]}],[0],0,[0],[0],[0]],[[{"name":"base_ingot_rotate_04","rect":[1,227,103,87],"offset":[5,-24],"originalSize":[717,717],"capInsets":[0,0,0,0]}],[0],0,[0],[0],[0]],[[{"name":"base_ingot_rotate_02","rect":[1,88,137,85],"offset":[2,-25],"originalSize":[717,717],"rotated":1,"capInsets":[0,0,0,0]}],[0],0,[0],[0],[0]],[[{"name":"base_ingot_rotate_00","rect":[1,1,139,85],"offset":[1,-25],"originalSize":[717,717],"capInsets":[0,0,0,0]}],[0],0,[0],[0],[0]]]]