[1,["26igAPeiZOILMuPsd/uQ8G"],["_textureSetter"],["cc.SpriteFrame"],0,[[[{"name":"payline_a_1","rect":[1,1,120,40],"offset":[0,0],"originalSize":[120,40],"capInsets":[0,0,0,0]}],[0],0,[0],[0],[0]],[[{"name":"payline_a_4","rect":[123,43,120,40],"offset":[0,0],"originalSize":[120,40],"capInsets":[0,0,0,0]}],[0],0,[0],[0],[0]],[[{"name":"payline_a_7","rect":[1,127,120,40],"offset":[0,0],"originalSize":[120,40],"capInsets":[0,0,0,0]}],[0],0,[0],[0],[0]],[[{"name":"payline_a_2","rect":[123,1,120,40],"offset":[0,0],"originalSize":[120,40],"capInsets":[0,0,0,0]}],[0],0,[0],[0],[0]],[[{"name":"payline_a_5","rect":[1,85,120,40],"offset":[0,0],"originalSize":[120,40],"capInsets":[0,0,0,0]}],[0],0,[0],[0],[0]],[[{"name":"payline_a_8","rect":[123,127,120,40],"offset":[0,0],"originalSize":[120,40],"capInsets":[0,0,0,0]}],[0],0,[0],[0],[0]],[[{"name":"payline_a_3","rect":[1,43,120,40],"offset":[0,0],"originalSize":[120,40],"capInsets":[0,0,0,0]}],[0],0,[0],[0],[0]],[[{"name":"payline_a_6","rect":[123,85,120,40],"offset":[0,0],"originalSize":[120,40],"capInsets":[0,0,0,0]}],[0],0,[0],[0],[0]],[[{"name":"payline_a_9","rect":[1,169,120,40],"offset":[0,0],"originalSize":[120,40],"capInsets":[0,0,0,0]}],[0],0,[0],[0],[0]]]]