[1,["1cx/OM5SJNXbzwTk5CUSGO"],["_textureSetter"],["cc.SpriteFrame"],0,[[[{"name":"scarab_c_03","rect":[694,238,235,212],"offset":[0,-7],"originalSize":[235,226],"rotated":1,"capInsets":[0,0,0,0]}],[0],0,[0],[0],[0]],[[{"name":"scarab_c_14","rect":[1,703,235,226],"offset":[0,0],"originalSize":[235,226],"capInsets":[0,0,0,0]}],[0],0,[0],[0],[0]],[[{"name":"scarab_c_08","rect":[229,238,235,226],"offset":[0,0],"originalSize":[235,226],"capInsets":[0,0,0,0]}],[0],0,[0],[0],[0]],[[{"name":"scarab_c_05","rect":[1,1,235,226],"offset":[0,0],"originalSize":[235,226],"capInsets":[0,0,0,0]}],[0],0,[0],[0],[0]],[[{"name":"scarab_c_09","rect":[466,1,235,226],"offset":[0,0],"originalSize":[235,226],"rotated":1,"capInsets":[0,0,0,0]}],[0],0,[0],[0],[0]],[[{"name":"scarab_c_11","rect":[1,466,235,226],"offset":[0,0],"originalSize":[235,226],"rotated":1,"capInsets":[0,0,0,0]}],[0],0,[0],[0],[0]],[[{"name":"scarab_c_13","rect":[457,475,235,226],"offset":[0,0],"originalSize":[235,226],"capInsets":[0,0,0,0]}],[0],0,[0],[0],[0]],[[{"name":"scarab_c_02","rect":[694,475,235,194],"offset":[0,-16],"originalSize":[235,226],"capInsets":[0,0,0,0]}],[0],0,[0],[0],[0]],[[{"name":"scarab_c_12","rect":[229,466,235,226],"offset":[0,0],"originalSize":[235,226],"rotated":1,"capInsets":[0,0,0,0]}],[0],0,[0],[0],[0]],[[{"name":"scarab_c_15","rect":[238,703,235,226],"offset":[0,0],"originalSize":[235,226],"capInsets":[0,0,0,0]}],[0],0,[0],[0],[0]],[[{"name":"scarab_c_00","rect":[712,849,135,176],"offset":[0,-24],"originalSize":[235,226],"rotated":1,"capInsets":[0,0,0,0]}],[0],0,[0],[0],[0]],[[{"name":"scarab_c_01","rect":[712,671,163,176],"offset":[4,-25],"originalSize":[235,226],"capInsets":[0,0,0,0]}],[0],0,[0],[0],[0]],[[{"name":"scarab_c_04","rect":[694,1,235,222],"offset":[0,-2],"originalSize":[235,226],"rotated":1,"capInsets":[0,0,0,0]}],[0],0,[0],[0],[0]],[[{"name":"scarab_c_16","rect":[475,703,235,226],"offset":[0,0],"originalSize":[235,226],"capInsets":[0,0,0,0]}],[0],0,[0],[0],[0]],[[{"name":"scarab_c_10","rect":[466,238,235,226],"offset":[0,0],"originalSize":[235,226],"rotated":1,"capInsets":[0,0,0,0]}],[0],0,[0],[0],[0]],[[{"name":"scarab_c_07","rect":[1,229,235,226],"offset":[0,0],"originalSize":[235,226],"rotated":1,"capInsets":[0,0,0,0]}],[0],0,[0],[0],[0]],[[{"name":"scarab_c_06","rect":[238,1,235,226],"offset":[0,0],"originalSize":[235,226],"rotated":1,"capInsets":[0,0,0,0]}],[0],0,[0],[0],[0]]]]