[1,["9cXCnGSPhAW6akNPrdHHaC"],["_textureSetter"],["cc.SpriteFrame"],0,[[[{"name":"infobar_mp_glow","rect":[263,209,289,38],"offset":[0,0],"originalSize":[289,38],"capInsets":[0,0,0,0]}],[0],0,[0],[0],[0]],[[{"name":"info_glow_b","rect":[103,1,540,133],"offset":[0,0],"originalSize":[540,133],"capInsets":[0,0,0,0]}],[0],0,[0],[0],[0]],[[{"name":"info_glow_e","rect":[645,123,528,120],"offset":[6,0],"originalSize":[540,120],"capInsets":[0,0,0,0]}],[0],0,[0],[0],[0]],[[{"name":"info_glow_c","rect":[645,1,540,120],"offset":[0,0],"originalSize":[540,120],"capInsets":[0,0,0,0]}],[0],0,[0],[0],[0]]]]