[1,["7ct+6nWqFPeIGdG8bHvt2N"],["_textureSetter"],["cc.SpriteFrame"],0,[[[{"name":"small_7","rect":[101,157,53,72],"offset":[0,0],"originalSize":[53,72],"capInsets":[0,0,0,0]}],[0],0,[0],[0],[0]],[[{"name":"small_decimal","rect":[1,227,21,21],"offset":[0,0],"originalSize":[21,21],"capInsets":[0,0,0,0]}],[0],0,[0],[0],[0]],[[{"name":"small_2","rect":[130,1,54,72],"offset":[0,0],"originalSize":[54,72],"capInsets":[0,0,0,0]}],[0],0,[0],[0],[0]],[[{"name":"small_8","rect":[1,71,49,77],"offset":[0,0],"originalSize":[49,77],"capInsets":[0,0,0,0]}],[0],0,[0],[0],[0]],[[{"name":"small_comma","rect":[186,1,19,29],"offset":[0,0],"originalSize":[19,29],"capInsets":[0,0,0,0]}],[0],0,[0],[0],[0]],[[{"name":"small_0","rect":[79,1,49,77],"offset":[0,0],"originalSize":[49,77],"capInsets":[0,0,0,0]}],[0],0,[0],[0],[0]],[[{"name":"small_5","rect":[156,157,49,72],"offset":[0,0],"originalSize":[49,72],"capInsets":[0,0,0,0]}],[0],0,[0],[0],[0]],[[{"name":"small_4","rect":[1,150,48,75],"offset":[0,0],"originalSize":[48,75],"capInsets":[0,0,0,0]}],[0],0,[0],[0],[0]],[[{"name":"small_9","rect":[51,154,48,75],"offset":[0,0],"originalSize":[48,75],"capInsets":[0,0,0,0]}],[0],0,[0],[0],[0]],[[{"name":"small_1","rect":[160,75,32,74],"offset":[0,0],"originalSize":[32,74],"capInsets":[0,0,0,0]}],[0],0,[0],[0],[0]],[[{"name":"small_3","rect":[52,80,56,72],"offset":[0,0],"originalSize":[56,72],"capInsets":[0,0,0,0]}],[0],0,[0],[0],[0]],[[{"name":"small_%","rect":[1,1,76,68],"offset":[0,0],"originalSize":[76,68],"capInsets":[0,0,0,0]}],[0],0,[0],[0],[0]],[[{"name":"small_6","rect":[110,80,48,75],"offset":[0,0],"originalSize":[48,75],"capInsets":[0,0,0,0]}],[0],0,[0],[0],[0]]]]