[1,["24CIpnQ7NJI5GvdrUZxoro","7cntvwza9IOaw9rA20sL+5","b4nS4WhspCeJiWXC6qDI3I","70gTss8vpIGI2m1QksBklu","03ippzKwZBzrj/4mbhDcR7","a1LuGSdUxLH7wCUGHbNPsB","46XK1oIpFH7Z0QATz69zFD","1bfrBIl65PfbX08N3N1FM+","5942sH6vlExZs9qKdNmXF8","46eE4EWoZKu4F7FhzewPRJ","500I5H189PU5tjpYNNFLm2","2ca72Xew1Ic5qe9GM6eWyr","12q/eOJeVFGIe8s/mbbThB","2b13mfXnFL7Z6t9Z4ionAX","5e+vc4aZRDEoI1FvzFUDd+","f667gq2jhPK401fClUgGRQ","7bTGyP9zNNzKNeRdrTAmcU"],["_textureSetter","l_k","h_sball","l_j","h_jack","l_9","s_wild_b_block","l_10","s_fspins_block","h_owl","s_mul_block","s_plus_block","h_staff","s_wild_a_block","l_a","l_q","h_blank"],["cc.SpriteFrame",["cc.SpriteAtlas",["_name","_spriteFrames"],2,11]],[[1,0,1,2]],[[[{"name":"h_staff","rect":[353,705,350,350],"offset":[0,0],"originalSize":[350,350],"capInsets":[0,0,0,0]}],[0],0,[0],[0],[0]],[[{"name":"l_10","rect":[353,1057,350,350],"offset":[0,0],"originalSize":[350,350],"capInsets":[0,0,0,0]}],[0],0,[0],[0],[0]],[[{"name":"s_wild_a_block","rect":[1057,705,350,350],"offset":[0,0],"originalSize":[350,350],"capInsets":[0,0,0,0]}],[0],0,[0],[0],[0]],[[{"name":"s_plus_block","rect":[1057,353,350,350],"offset":[0,0],"originalSize":[350,350],"capInsets":[0,0,0,0]}],[0],0,[0],[0],[0]],[[{"name":"s_wild_b_block","rect":[1,1,350,1018],"offset":[0,0],"originalSize":[350,1018],"capInsets":[0,0,0,0]}],[0],0,[0],[0],[0]],[[{"name":"h_owl","rect":[353,1,350,350],"offset":[0,0],"originalSize":[350,350],"capInsets":[0,0,0,0]}],[0],0,[0],[0],[0]],[[{"name":"s_mul_block","rect":[1057,1,350,350],"offset":[0,0],"originalSize":[350,350],"capInsets":[0,0,0,0]}],[0],0,[0],[0],[0]],[[{"name":"s_fspins_block","rect":[705,1409,350,350],"offset":[0,0],"originalSize":[350,350],"capInsets":[0,0,0,0]}],[0],0,[0],[0],[0]],[[{"name":"l_a","rect":[705,1,350,350],"offset":[0,0],"originalSize":[350,350],"capInsets":[0,0,0,0]}],[0],0,[0],[0],[0]],[[{"name":"l_j","rect":[705,353,350,350],"offset":[0,0],"originalSize":[350,350],"capInsets":[0,0,0,0]}],[0],0,[0],[0],[0]],[[{"name":"h_blank","rect":[1,1021,350,350],"offset":[0,0],"originalSize":[350,350],"capInsets":[0,0,0,0]}],[0],0,[0],[0],[0]],[[{"name":"l_k","rect":[705,705,350,350],"offset":[0,0],"originalSize":[350,350],"capInsets":[0,0,0,0]}],[0],0,[0],[0],[0]],[[{"name":"l_9","rect":[353,1409,350,350],"offset":[0,0],"originalSize":[350,350],"capInsets":[0,0,0,0]}],[0],0,[0],[0],[0]],[[{"name":"h_sball","rect":[353,353,350,350],"offset":[0,0],"originalSize":[350,350],"capInsets":[0,0,0,0]}],[0],0,[0],[0],[0]],[[[0,"Alats21.plist",[{},"l_k",6,0,"h_sball",6,1,"l_j",6,2,"h_jack",6,3,"l_9",6,4,"s_wild_b_block",6,5,"l_10",6,6,"s_fspins_block",6,7,"h_owl",6,8,"s_mul_block",6,9,"s_plus_block",6,10,"h_staff",6,11,"s_wild_a_block",6,12,"l_a",6,13,"l_q",6,14,"h_blank",6,15]]],0,0,[0,0,0,0,0,0,0,0,0,0,0,0,0,0,0,0],[1,2,3,4,5,6,7,8,9,10,11,12,13,14,15,16],[1,2,3,4,5,6,7,8,9,10,11,12,13,14,15,16]],[[{"name":"l_q","rect":[705,1057,350,350],"offset":[0,0],"originalSize":[350,350],"capInsets":[0,0,0,0]}],[0],0,[0],[0],[0]]]]