[1,["5eIhB9sShDhK6cSITqFDoz","eePDJq2mFJ/K2rF7rKSIrh","ccmgqXj/NJgpMxsYgBazpw","ea0fDhCl5J94hEAB7EsGkt","97OXr2t7dMcZ4M39Mru+Jq","46gw8qbMBMiZ+ik2QVdLa3","1fACq3EtJK7YUMdcIlpA8V","64EG8hu2VOwIW7a7FoWtbe","d5M0zN6DNJmZ72KrC+WUZ2","edyaUPqxNLTrejsPf/lK+u","2cv5b7UXxM86tWa/xbiRFt","63QKIFLD5BqpACrhww9NkR","46A2q0JpZLk7SoHv6pTJPb","38JxMpGgtBZI2lQ0Wj3GSS"],["bw_vfx_k_01","sb_vfx_a_01","bw_vfx_k_03","bw_vfx_k_02","bw_vfx_o_02","bw_vfx_c_02","bw_vfx_c_03","bw_vfx_c_01","bw_vfx_i_01","bw_vfx_i_02","bw_vfx_i_03","bw_vfx_o_03","bw_vfx_o_01","_textureSetter"],["cc.SpriteFrame",["cc.SpriteAtlas",["_name","_spriteFrames"],2,11]],[[1,0,1,2]],[[[[0,"Alats30.plist",[{},"bw_vfx_k_01",6,0,"sb_vfx_a_01",6,1,"bw_vfx_k_03",6,2,"bw_vfx_k_02",6,3,"bw_vfx_o_02",6,4,"bw_vfx_c_02",6,5,"bw_vfx_c_03",6,6,"bw_vfx_c_01",6,7,"bw_vfx_i_01",6,8,"bw_vfx_i_02",6,9,"bw_vfx_i_03",6,10,"bw_vfx_o_03",6,11,"bw_vfx_o_01",6,12]]],0,0,[0,0,0,0,0,0,0,0,0,0,0,0,0],[0,1,2,3,4,5,6,7,8,9,10,11,12],[0,1,2,3,4,5,6,7,8,9,10,11,12]],[[{"name":"bw_vfx_k_03","rect":[543,315,375,155],"offset":[0,0],"originalSize":[375,155],"capInsets":[0,0,0,0]}],[0],0,[0],[13],[13]]]]