[1,["aciBh6qP9Pyqpenf6cUFJw","63h8qYQf5I8IMYP4RWWf6B","b7wJK+ltVJV711JcW7gbg4","c1TpdsUGhBRI3kAjxvBgQ2","46hQNQLBZFSJSlQ2eV+Qel","0524Rew11PbY9ThYP7drFP","7fziRCjg9BZLRW66/XozCM","01WDErz5dOtoZVoRv1C4Dd","30ZsNQ+hVMrKvdRU8UoUw/"],["_textureSetter","bl_load_add","bl_vfx_b_screen","bl_bg","bl_bg_03","bl_vfx_a_add","bl_bg_02","bl_button_screen","bl_btn"],["cc.SpriteFrame",["cc.SpriteAtlas",["_name","_spriteFrames"],2,11]],[[1,0,1,2]],[[[{"name":"bl_vfx_a_add","rect":[1197,1173,280,280],"offset":[0,0],"originalSize":[280,280],"capInsets":[0,0,0,0]}],[0],0,[0],[0],[0]],[[{"name":"bl_load_add","rect":[1479,1173,234,234],"offset":[0,0],"originalSize":[234,234],"capInsets":[0,0,0,0]}],[0],0,[0],[0],[0]],[[[0,"Alats3.plist",[{},"bl_load_add",6,0,"bl_vfx_b_screen",6,1,"bl_bg",6,2,"bl_bg_03",6,3,"bl_vfx_a_add",6,4,"bl_bg_02",6,5,"bl_button_screen",6,6,"bl_btn",6,7]]],0,0,[0,0,0,0,0,0,0,0],[1,2,3,4,5,6,7,8],[1,2,3,4,5,6,7,8]]]]