[1,["05gDyhBtBGyK6YmTodtHPw","7ebxE/OhdLZ6p7Xa8fQWBD","c57W2bBGRG7qVRaugVgHVI","b5Aig6MYtACqlHrqSbdGrq","afN/A7Yu1I66jQblrMHquj","87Jq+zDtdNh4NUwlvppkTv","132Vs64ydG4LCDsgcVyYvW","d8Q9VO6wJLy43DcJBAeELZ","c73NIg3/1J/5ikNAycEyn0","caeZ9S8iFCM7UsGnM9mz7U","04GIWS3T9HjpePuqmHaBJI","cdCOLCfyBMq54IUTbcbCgy","56IyE9joZBW5M4ecMQtKu/","e44p5ml+9FDoucMce4ApWl","b7u2OBA4xJGo4OyMBvLLlO","c2AJLa8rVGpZ935ES57GbM","4bwx/cVKFOkoeAv/4JJZBe","c53sN9dcNP4rugqmeq8uG1","76L4PgSLJO9JTY5EdrdzX0","e25DYYXppIuoo/8LJSbq2p","46Qb/ndI9O06No9RCJwnNO","84nK5xXsJFoIfknFaznEc+","51bfI+FshM34Pxjyksx/qC","a9cWxwUWVEfrEtQcjnYmvS","9coiesuyhAz5NVNZ8XQ7mb","5f357b4PFIxacxiuggmm7X","9bxfc4BJhA8ZO4FejcPPph","admKEccwhBeJ53nzlv73x2","d5OXgY/MZOYYKpRSbCWg0d","beK8zzVNpA07xftJK+uvDa","d394P9UppMxa1C3wavErAz","c4e4B8VM9FwouVVVwZxMU0"],["_textureSetter","l_10_blur","h_tools_frame_b_blur","h_tools_frame_a_blur","s_mult_b_blur","h_pump_frame_a_blur","h_car_blur","h_tools_frame_c_blur","h_pump_frame_c_blur","h_wheel_frame_a_blur","l_frame_c_blur","s_mult_a_blur","h_wheel_frame_b_blur","h_gloves_blur","h_tools_blur","h_gloves_frame_a_blur","h_gloves_frame_c_blur","h_car_frame_a_blur","l_a_blur","l_frame_a_blur","l_k_blur","h_car_frame_c_blur","l_j_blur","h_wheel_frame_c_blur","l_q_blur","h_car_frame_b_blur","s_mult_c_blur","h_wheel_blur","l_frame_b_blur","h_gloves_frame_b_blur","h_pump_frame_b_blur","h_pump_blur"],["cc.SpriteFrame",["cc.SpriteAtlas",["_name","_spriteFrames"],2,11]],[[1,0,1,2]],[[[{"name":"l_frame_c_blur","rect":[96,1,93,292],"offset":[0,0],"originalSize":[175,368],"capInsets":[0,0,0,0]}],[0],0,[0],[0],[0]],[[{"name":"h_car_blur","rect":[382,405,89,101],"offset":[0,-2],"originalSize":[175,175],"rotated":1,"capInsets":[0,0,0,0]}],[0],0,[0],[0],[0]],[[{"name":"l_k_blur","rect":[887,203,57,69],"offset":[0,0],"originalSize":[175,175],"rotated":1,"capInsets":[0,0,0,0]}],[0],0,[0],[0],[0]],[[{"name":"h_gloves_frame_c_blur","rect":[285,1,93,290],"offset":[0,0],"originalSize":[175,368],"capInsets":[0,0,0,0]}],[0],0,[0],[0],[0]],[[{"name":"l_j_blur","rect":[912,384,43,63],"offset":[1,0],"originalSize":[175,175],"capInsets":[0,0,0,0]}],[0],0,[0],[0],[0]],[[{"name":"h_wheel_frame_b_blur","rect":[192,295,93,200],"offset":[0,0],"originalSize":[175,368],"capInsets":[0,0,0,0]}],[0],0,[0],[0],[0]],[[{"name":"h_car_frame_b_blur","rect":[665,1,93,200],"offset":[0,0],"originalSize":[175,368],"capInsets":[0,0,0,0]}],[0],0,[0],[0],[0]],[[{"name":"l_a_blur","rect":[887,262,55,69],"offset":[0,0],"originalSize":[175,175],"rotated":1,"capInsets":[0,0,0,0]}],[0],0,[0],[0],[0]],[[{"name":"l_10_blur","rect":[874,319,59,63],"offset":[0,0],"originalSize":[175,175],"capInsets":[0,0,0,0]}],[0],0,[0],[0],[0]],[[[0,"Alats61.plist",[{},"l_10_blur",6,0,"h_tools_frame_b_blur",6,1,"h_tools_frame_a_blur",6,2,"s_mult_b_blur",6,3,"h_pump_frame_a_blur",6,4,"h_car_blur",6,5,"h_tools_frame_c_blur",6,6,"h_pump_frame_c_blur",6,7,"h_wheel_frame_a_blur",6,8,"l_frame_c_blur",6,9,"s_mult_a_blur",6,10,"h_wheel_frame_b_blur",6,11,"h_gloves_blur",6,12,"h_tools_blur",6,13,"h_gloves_frame_a_blur",6,14,"h_gloves_frame_c_blur",6,15,"h_car_frame_a_blur",6,16,"l_a_blur",6,17,"l_frame_a_blur",6,18,"l_k_blur",6,19,"h_car_frame_c_blur",6,20,"l_j_blur",6,21,"h_wheel_frame_c_blur",6,22,"l_q_blur",6,23,"h_car_frame_b_blur",6,24,"s_mult_c_blur",6,25,"h_wheel_blur",6,26,"l_frame_b_blur",6,27,"h_gloves_frame_b_blur",6,28,"h_pump_frame_b_blur",6,29,"h_pump_blur",6,30]]],0,0,[0,0,0,0,0,0,0,0,0,0,0,0,0,0,0,0,0,0,0,0,0,0,0,0,0,0,0,0,0,0,0],[1,2,3,4,5,6,7,8,9,10,11,12,13,14,15,16,17,18,19,20,21,22,23,24,25,26,27,28,29,30,31],[1,2,3,4,5,6,7,8,9,10,11,12,13,14,15,16,17,18,19,20,21,22,23,24,25,26,27,28,29,30,31]],[[{"name":"h_car_frame_c_blur","rect":[1,1,93,292],"offset":[0,0],"originalSize":[175,368],"capInsets":[0,0,0,0]}],[0],0,[0],[0],[0]],[[{"name":"h_pump_frame_a_blur","rect":[668,290,93,109],"offset":[0,0],"originalSize":[175,175],"capInsets":[0,0,0,0]}],[0],0,[0],[0],[0]],[[{"name":"s_mult_c_blur","rect":[191,1,92,292],"offset":[0,-1],"originalSize":[240,380],"capInsets":[0,0,0,0]}],[0],0,[0],[0],[0]],[[{"name":"l_q_blur","rect":[861,393,49,71],"offset":[0,0],"originalSize":[175,175],"capInsets":[0,0,0,0]}],[0],0,[0],[0],[0]],[[{"name":"h_wheel_frame_c_blur","rect":[570,1,93,290],"offset":[0,0],"originalSize":[175,368],"capInsets":[0,0,0,0]}],[0],0,[0],[0],[0]],[[{"name":"h_wheel_blur","rect":[665,203,85,109],"offset":[3,4],"originalSize":[175,175],"rotated":1,"capInsets":[0,0,0,0]}],[0],0,[0],[0],[0]],[[{"name":"s_mult_b_blur","rect":[1,295,94,200],"offset":[-1,0],"originalSize":[240,240],"capInsets":[0,0,0,0]}],[0],0,[0],[0],[0]],[[{"name":"h_tools_frame_a_blur","rect":[776,203,93,109],"offset":[0,0],"originalSize":[175,175],"rotated":1,"capInsets":[0,0,0,0]}],[0],0,[0],[0],[0]],[[{"name":"h_tools_blur","rect":[776,393,83,105],"offset":[0,3],"originalSize":[175,175],"capInsets":[0,0,0,0]}],[0],0,[0],[0],[0]],[[{"name":"h_gloves_frame_b_blur","rect":[97,295,93,200],"offset":[0,0],"originalSize":[175,368],"capInsets":[0,0,0,0]}],[0],0,[0],[0],[0]],[[{"name":"h_gloves_frame_a_blur","rect":[573,293,93,109],"offset":[0,0],"originalSize":[175,175],"capInsets":[0,0,0,0]}],[0],0,[0],[0],[0]],[[{"name":"h_pump_blur","rect":[596,404,87,99],"offset":[0,1],"originalSize":[175,175],"rotated":1,"capInsets":[0,0,0,0]}],[0],0,[0],[0],[0]],[[{"name":"h_car_frame_a_blur","rect":[478,293,93,109],"offset":[0,0],"originalSize":[175,175],"capInsets":[0,0,0,0]}],[0],0,[0],[0],[0]],[[{"name":"h_tools_frame_b_blur","rect":[855,1,93,200],"offset":[0,0],"originalSize":[175,368],"capInsets":[0,0,0,0]}],[0],0,[0],[0],[0]],[[{"name":"h_pump_frame_c_blur","rect":[380,1,93,290],"offset":[0,0],"originalSize":[175,368],"capInsets":[0,0,0,0]}],[0],0,[0],[0],[0]],[[{"name":"h_wheel_frame_a_blur","rect":[763,298,93,109],"offset":[0,0],"originalSize":[175,175],"rotated":1,"capInsets":[0,0,0,0]}],[0],0,[0],[0],[0]],[[{"name":"s_mult_a_blur","rect":[382,293,94,110],"offset":[-1,0],"originalSize":[240,240],"capInsets":[0,0,0,0]}],[0],0,[0],[0],[0]],[[{"name":"h_pump_frame_b_blur","rect":[760,1,93,200],"offset":[0,0],"originalSize":[175,368],"capInsets":[0,0,0,0]}],[0],0,[0],[0],[0]],[[{"name":"l_frame_b_blur","rect":[287,293,93,200],"offset":[0,0],"originalSize":[175,368],"capInsets":[0,0,0,0]}],[0],0,[0],[0],[0]],[[{"name":"h_tools_frame_c_blur","rect":[475,1,93,290],"offset":[0,0],"originalSize":[175,368],"capInsets":[0,0,0,0]}],[0],0,[0],[0],[0]],[[{"name":"l_frame_a_blur","rect":[485,404,93,109],"offset":[0,0],"originalSize":[175,175],"rotated":1,"capInsets":[0,0,0,0]}],[0],0,[0],[0],[0]],[[{"name":"h_gloves_blur","rect":[697,401,77,97],"offset":[0,0],"originalSize":[175,175],"capInsets":[0,0,0,0]}],[0],0,[0],[0],[0]]]]