[1,["ecpdLyjvZBwrvm+cedCcQy","d5GVM+LaRLlbMP+GOSeeIO","a2MjXRFdtLlYQ5ouAFv/+R","16EnudHm9FAK3JfHuppxHB","5f5dyqtRNNxaFmVzYns6FZ","2dC15FTMpEpa8CABU9uYoe","5cO7kybDxGj4ipyMYdRYZB"],["node","_spriteFrame","_parent","_textureSetter","root","data","_scrollView"],[["cc.Node",["_name","_components","_prefab","_contentSize","_parent","_children","_trs","_anchorPoint","_color"],2,9,4,5,1,2,7,5,5],["cc.Sprite",["_sizeMode","_type","node","_materials","_spriteFrame"],1,1,3,6],["cc.Node",["_name","_parent","_components","_prefab","_contentSize","_children","_anchorPoint","_trs"],2,1,2,4,5,2,5,7],["cc.PrefabInfo",["fileId","root","asset"],2,1,1],"cc.SpriteFrame",["cc.Prefab",["_name"],2],["cc.Node",["_name","_children","_components","_prefab","_contentSize","_anchorPoint","_trs"],2,2,12,4,5,5,7],["77d46utwjVBaaXoxThsqzEI",["node"],3,1],["cc.Widget",["alignMode","_alignFlags","_left","_originalHeight","node"],-1,1],["cc.Layout",["_resize","_N$layoutType","_N$paddingTop","_N$paddingBottom","_N$spacingY","node","_layoutSize"],-2,1,5],["cc.Mask",["_N$alphaThreshold","node","_materials"],2,1,3],["cc.Button",["node","clickEvents"],3,1,9],["cc.ClickEvent",["_componentId","handler","target"],1,1],["cc.Scrollbar",["_N$direction","node","_N$handle"],2,1,1],["cc.ScrollView",["horizontal","brake","bounceDuration","_N$horizontalScrollBar","node","_N$content","_N$verticalScrollBar"],-1,1,1,1]],[[3,0,1,2,2],[1,2,3,4,1],[5,0,2],[0,0,5,1,2,2],[0,0,5,1,2,3,7,6,2],[0,0,4,5,1,2,3,2],[0,0,4,5,1,2,3,6,2],[0,0,4,1,2,8,3,2],[0,0,4,1,2,3,6,2],[0,0,4,1,2,3,2],[6,0,1,2,3,4,5,6,2],[2,0,1,5,2,3,4,2],[2,0,1,2,3,4,6,7,2],[7,0,1],[3,1,2,1],[8,0,1,2,3,4,5],[1,1,0,2,3,4,3],[1,0,2,3,4,2],[1,1,0,2,3,3],[9,0,1,2,3,4,5,6,6],[10,0,1,2,2],[11,0,1,1],[12,0,1,2,3],[13,0,1,2,2],[14,0,1,2,3,4,5,6,5]],[[[{"name":"RuleRungRam","rect":[22,17,607,824],"offset":[4,153],"originalSize":[643,1164],"capInsets":[0,0,0,0]}],[4],0,[0],[3],[1]],[[[2,"RuleJPSlot"],[3,"RuleJPSlot",[-3,-4,-5],[[13,-2]],[14,-1,0]],[10,"scrollBar",[-9],[[-6,[15,0,37,350.07654921020657,237,-7],[16,1,0,-8,[6],7]],1,4,4],[0,"13+WYeNj1AzpvNO7WmAKQE",1,0],[5,12,1280],[0,1,0.5],[360,0,0,0,0,0,1,1,1,1]],[11,"scrollview",1,[2,-11],[-10],[0,"1cdLKbDIFFNZTtcCv9cAyG",1,0],[5,720,1280]],[4,"content",[-13],[[19,1,2,20,15,40,-12,[5,220,859]]],[0,"ebJa3u6nlBYYGPrciPDx7C",1,0],[5,220,859],[0,0.5,1],[0,640,0,0,0,0,1,1,1,1]],[5,"view",3,[4],[[20,0,-14,[3]]],[0,"7bA7PRoJRGZq/abXmVAgyL",1,0],[5,720,1280]],[6,"menupopup-close",1,[-16],[[21,-15,[[22,"77d46utwjVBaaXoxThsqzEI","onClickClose",1]]]],[0,"3eMY+6G+JIYr0Oy+yYo7fi",1,0],[5,80,80],[305.09,592.586,0,0,0,0,1,1,1,1]],[7,"sprite_splash",1,[[17,0,-17,[0],1]],[0,"edy7tU+FVObqtM6aaCj5vI",1,0],[4,4282198828],[5,720,1280]],[12,"bar",2,[-18],[0,"2bGUisChVHvKogGji03OeF",1,0],[5,10,30],[0,1,0],[-1,0,0,0,0,0,1,1,1,1]],[18,1,0,8,[2]],[23,1,2,9],[24,false,0.75,0.23,null,3,4,10],[8,"ruleJPMatChuoc",4,[[1,-19,[4],5]],[0,"d3V30dby9N0qXT1Mq3elxw",1,0],[5,607,824],[0,-432,0,0,0,0,1,1,1,1]],[9,"Button-ic_close",6,[[1,-20,[8],9]],[0,"d4jntplbtCD4kQuHikvW+D",1,0],[5,108,108]]],0,[0,4,1,0,0,1,0,-1,7,0,-2,3,0,-3,6,0,-1,10,0,0,2,0,0,2,0,-1,8,0,-1,11,0,-2,5,0,0,4,0,-1,12,0,0,5,0,0,6,0,-1,13,0,0,7,0,-1,9,0,0,12,0,0,13,0,5,1,2,2,3,4,2,5,10,6,11,20],[0,0,0,0,0,0,0,0,0,0,9],[-1,1,-1,-1,-1,1,-1,1,-1,1,1],[0,2,0,0,0,3,0,4,0,5,6]]]]