[1,["abYV4E6lFFqr/oE9/mTlvX"],["_textureSetter"],["cc.SpriteFrame"],0,[[[{"name":"wh_vfx_e_07","rect":[459,363,180,172],"offset":[-2,0],"originalSize":[270,270],"rotated":1,"capInsets":[0,0,0,0]}],[0],0,[0],[0],[0]],[[{"name":"wh_vfx_e_02","rect":[609,875,130,128],"offset":[-1,4],"originalSize":[270,270],"capInsets":[0,0,0,0]}],[0],0,[0],[0],[0]],[[{"name":"wh_vfx_e_18","rect":[227,363,230,180],"offset":[-3,-21],"originalSize":[270,270],"capInsets":[0,0,0,0]}],[0],0,[0],[0],[0]],[[{"name":"wh_vfx_e_00","rect":[633,445,98,108],"offset":[-1,6],"originalSize":[270,270],"rotated":1,"capInsets":[0,0,0,0]}],[0],0,[0],[0],[0]],[[{"name":"wh_vfx_e_04","rect":[609,717,154,156],"offset":[0,4],"originalSize":[270,270],"capInsets":[0,0,0,0]}],[0],0,[0],[0],[0]],[[{"name":"wh_vfx_e_05","rect":[609,545,162,170],"offset":[0,5],"originalSize":[270,270],"capInsets":[0,0,0,0]}],[0],0,[0],[0],[0]],[[{"name":"wh_vfx_e_11","rect":[223,545,206,188],"offset":[-4,-2],"originalSize":[270,270],"capInsets":[0,0,0,0]}],[0],0,[0],[0],[0]],[[{"name":"wh_vfx_e_06","rect":[467,185,170,176],"offset":[-1,2],"originalSize":[270,270],"capInsets":[0,0,0,0]}],[0],0,[0],[0],[0]],[[{"name":"wh_vfx_e_19","rect":[471,1,234,180],"offset":[-3,-21],"originalSize":[270,270],"capInsets":[0,0,0,0]}],[0],0,[0],[0],[0]],[[{"name":"wh_vfx_e_08","rect":[421,741,186,172],"offset":[-2,0],"originalSize":[270,270],"capInsets":[0,0,0,0]}],[0],0,[0],[0],[0]],[[{"name":"wh_vfx_e_03","rect":[639,183,142,142],"offset":[0,3],"originalSize":[270,270],"capInsets":[0,0,0,0]}],[0],0,[0],[0],[0]],[[{"name":"wh_vfx_e_09","rect":[431,545,194,176],"offset":[-3,-2],"originalSize":[270,270],"rotated":1,"capInsets":[0,0,0,0]}],[0],0,[0],[0],[0]],[[{"name":"wh_vfx_e_16","rect":[1,1,228,208],"offset":[-4,-3],"originalSize":[270,270],"capInsets":[0,0,0,0]}],[0],0,[0],[0],[0]],[[{"name":"wh_vfx_e_10","rect":[219,735,200,182],"offset":[-3,-2],"originalSize":[270,270],"capInsets":[0,0,0,0]}],[0],0,[0],[0],[0]],[[{"name":"wh_vfx_e_17","rect":[231,185,234,176],"offset":[-6,-20],"originalSize":[270,270],"capInsets":[0,0,0,0]}],[0],0,[0],[0],[0]],[[{"name":"wh_vfx_e_13","rect":[1,617,216,196],"offset":[-4,-3],"originalSize":[270,270],"capInsets":[0,0,0,0]}],[0],0,[0],[0],[0]],[[{"name":"wh_vfx_e_12","rect":[1,815,212,192],"offset":[-4,-2],"originalSize":[270,270],"capInsets":[0,0,0,0]}],[0],0,[0],[0],[0]],[[{"name":"wh_vfx_e_20","rect":[231,1,238,182],"offset":[-4,-22],"originalSize":[270,270],"capInsets":[0,0,0,0]}],[0],0,[0],[0],[0]],[[{"name":"wh_vfx_e_01","rect":[639,327,116,118],"offset":[-2,5],"originalSize":[270,270],"rotated":1,"capInsets":[0,0,0,0]}],[0],0,[0],[0],[0]],[[{"name":"wh_vfx_e_14","rect":[1,417,220,198],"offset":[-4,-4],"originalSize":[270,270],"capInsets":[0,0,0,0]}],[0],0,[0],[0],[0]],[[{"name":"wh_vfx_e_15","rect":[1,211,224,204],"offset":[-4,-3],"originalSize":[270,270],"capInsets":[0,0,0,0]}],[0],0,[0],[0],[0]]]]