[1,["c13xqq+q1JYrhQgMF/naxo"],["_textureSetter"],["cc.SpriteFrame"],0,[[[{"name":"ib_bar_a_bns","rect":[1,411,756,91],"offset":[0,0],"originalSize":[756,91],"capInsets":[0,0,0,0]}],[0],0,[0],[0],[0]],[[{"name":"ib_bar_b","rect":[1,180,756,136],"offset":[0,0],"originalSize":[756,136],"capInsets":[0,0,0,0]}],[0],0,[0],[0],[0]],[[{"name":"ib_bar_a","rect":[1,318,756,91],"offset":[0,0],"originalSize":[756,91],"capInsets":[0,0,0,0]}],[0],0,[0],[0],[0]],[[{"name":"ib_bar_c","rect":[1,1,756,177],"offset":[0,0],"originalSize":[756,177],"capInsets":[0,0,0,0]}],[0],0,[0],[0],[0]]]]