[1,["4da5/YHOBM84kthAjtEgDf"],["_textureSetter"],["cc.SpriteFrame"],0,[[[{"name":"bl_vfx_a_12","rect":[429,652,129,426],"offset":[2,0],"originalSize":[133,428],"rotated":1,"capInsets":[0,0,0,0]}],[0],0,[0],[0],[0]],[[{"name":"bl_vfx_a_01","rect":[429,259,129,426],"offset":[2,0],"originalSize":[133,428],"rotated":1,"capInsets":[0,0,0,0]}],[0],0,[0],[0],[0]],[[{"name":"bl_vfx_a_00","rect":[1,259,129,426],"offset":[2,0],"originalSize":[133,428],"rotated":1,"capInsets":[0,0,0,0]}],[0],0,[0],[0],[0]],[[{"name":"bl_vfx_a_03","rect":[429,1,127,426],"offset":[3,-1],"originalSize":[133,428],"rotated":1,"capInsets":[0,0,0,0]}],[0],0,[0],[0],[0]],[[{"name":"bl_vfx_a_02","rect":[1,1,127,426],"offset":[3,-1],"originalSize":[133,428],"rotated":1,"capInsets":[0,0,0,0]}],[0],0,[0],[0],[0]],[[{"name":"bl_vfx_a_07","rect":[427,390,129,428],"offset":[2,0],"originalSize":[133,428],"rotated":1,"capInsets":[0,0,0,0]}],[0],0,[0],[0],[0]],[[{"name":"bl_vfx_a_11","rect":[1,652,129,426],"offset":[2,0],"originalSize":[133,428],"rotated":1,"capInsets":[0,0,0,0]}],[0],0,[0],[0],[0]],[[{"name":"bl_vfx_a_04","rect":[1,130,127,426],"offset":[3,-1],"originalSize":[133,428],"rotated":1,"capInsets":[0,0,0,0]}],[0],0,[0],[0],[0]],[[{"name":"bl_vfx_a_06","rect":[1,390,129,424],"offset":[2,-2],"originalSize":[133,428],"rotated":1,"capInsets":[0,0,0,0]}],[0],0,[0],[0],[0]],[[{"name":"bl_vfx_a_10","rect":[429,130,127,426],"offset":[3,0],"originalSize":[133,428],"rotated":1,"capInsets":[0,0,0,0]}],[0],0,[0],[0],[0]],[[{"name":"bl_vfx_a_09","rect":[431,521,129,426],"offset":[2,-1],"originalSize":[133,428],"rotated":1,"capInsets":[0,0,0,0]}],[0],0,[0],[0],[0]],[[{"name":"bl_vfx_a_08","rect":[1,521,129,428],"offset":[2,0],"originalSize":[133,428],"rotated":1,"capInsets":[0,0,0,0]}],[0],0,[0],[0],[0]],[[{"name":"bl_vfx_a_05","rect":[857,1,129,424],"offset":[2,-2],"originalSize":[133,428],"capInsets":[0,0,0,0]}],[0],0,[0],[0],[0]]]]