[1,["edPUK7KlRKsoO7eko4wGFQ"],["_textureSetter"],["cc.SpriteFrame"],0,[[[{"name":"info_main5","rect":[703,151,651,73],"offset":[0,0],"originalSize":[651,73],"capInsets":[0,0,0,0]}],[0],0,[0],[0],[0]],[[{"name":"info_main4","rect":[1,151,700,73],"offset":[0,0],"originalSize":[700,73],"capInsets":[0,0,0,0]}],[0],0,[0],[0],[0]],[[{"name":"info_main2","rect":[1,76,840,73],"offset":[0,0],"originalSize":[840,73],"capInsets":[0,0,0,0]}],[0],0,[0],[0],[0]],[[{"name":"info_main1","rect":[1230,1,637,73],"offset":[0,0],"originalSize":[637,73],"capInsets":[0,0,0,0]}],[0],0,[0],[0],[0]],[[{"name":"info_main3","rect":[843,76,812,73],"offset":[0,0],"originalSize":[812,73],"capInsets":[0,0,0,0]}],[0],0,[0],[0],[0]],[[{"name":"info_bns2","rect":[612,1,616,73],"offset":[0,0],"originalSize":[616,73],"capInsets":[0,0,0,0]}],[0],0,[0],[0],[0]],[[{"name":"info_bns1","rect":[1,1,609,73],"offset":[0,0],"originalSize":[609,73],"capInsets":[0,0,0,0]}],[0],0,[0],[0],[0]],[[{"name":"info_main6","rect":[1,226,1302,73],"offset":[0,0],"originalSize":[1302,73],"capInsets":[0,0,0,0]}],[0],0,[0],[0],[0]]]]