[1,["a5xBtETihCl7sd4kIuPmqL","dezC6Aty1I/6o0vx7oNnlA","11e/Qx5Y5GUZRLsjXECpkp","126rQbj9xKNor4C9TEMc4p","b4lEYzubtP9Km2uu8/kYRK","459Fm1wKNP1KUy0b4ehXQs","e7jCX9pehJdqcAeLHJhtqA","7f6nw8ZRtOh6CUh8s49jyN","5fGfUBFQlIxb6Ag4HvFCVo","b8TpWfrIVCWLLiUosrsIiC","e22sOoWg5PVLkK/BsUuR6L","d0WxcQYZ1JgLlYGeJUupbZ","6fti3yQMVH/qZ3CxwSBCL1","1cbCAw4q1BM4wdH5tY5rdn","a1HSPPoAZBIKtIhVQI3bv0","5eiWekrkJCUZ0rLOoFFRYS","e3djMtgnxOUrpi4cN4K2if"],["_textureSetter","h_staff_blur","s_fspins_block_blur","h_owl_blur","h_jack_blur","s_plus_block_blur","l_10_blur","s_mul_block_blur","s_wild_b_block_blur","h_blank_blur","l_a_blur","l_9_blur","s_wild_a_block_blur","h_sball_blur","l_j_blur","l_k_blur","l_q_blur"],["cc.SpriteFrame",["cc.SpriteAtlas",["_name","_spriteFrames"],2,11]],[[1,0,1,2]],[[[{"name":"s_fspins_block_blur","rect":[1,1220,175,175],"offset":[0,0],"originalSize":[175,175],"capInsets":[0,0,0,0]}],[0],0,[0],[0],[0]],[[{"name":"h_owl_blur","rect":[178,355,175,175],"offset":[0,0],"originalSize":[175,175],"capInsets":[0,0,0,0]}],[0],0,[0],[0],[0]],[[{"name":"h_sball_blur","rect":[1,512,175,175],"offset":[0,0],"originalSize":[175,175],"capInsets":[0,0,0,0]}],[0],0,[0],[0],[0]],[[{"name":"s_plus_block_blur","rect":[1,1397,175,175],"offset":[0,0],"originalSize":[175,175],"capInsets":[0,0,0,0]}],[0],0,[0],[0],[0]],[[{"name":"l_k_blur","rect":[1,1043,175,175],"offset":[0,0],"originalSize":[175,175],"capInsets":[0,0,0,0]}],[0],0,[0],[0],[0]],[[{"name":"s_wild_b_block_blur","rect":[1,1,175,509],"offset":[0,0],"originalSize":[175,509],"capInsets":[0,0,0,0]}],[0],0,[0],[0],[0]],[[{"name":"s_wild_a_block_blur","rect":[178,1417,175,175],"offset":[0,0],"originalSize":[175,175],"capInsets":[0,0,0,0]}],[0],0,[0],[0],[0]],[[{"name":"s_mul_block_blur","rect":[178,1240,175,175],"offset":[0,0],"originalSize":[175,175],"capInsets":[0,0,0,0]}],[0],0,[0],[0],[0]],[[[0,"Alats52.plist",[{},"h_staff_blur",6,0,"s_fspins_block_blur",6,1,"h_owl_blur",6,2,"h_jack_blur",6,3,"s_plus_block_blur",6,4,"l_10_blur",6,5,"s_mul_block_blur",6,6,"s_wild_b_block_blur",6,7,"h_blank_blur",6,8,"l_a_blur",6,9,"l_9_blur",6,10,"s_wild_a_block_blur",6,11,"h_sball_blur",6,12,"l_j_blur",6,13,"l_k_blur",6,14,"l_q_blur",6,15]]],0,0,[0,0,0,0,0,0,0,0,0,0,0,0,0,0,0,0],[1,2,3,4,5,6,7,8,9,10,11,12,13,14,15,16],[1,2,3,4,5,6,7,8,9,10,11,12,13,14,15,16]],[[{"name":"l_j_blur","rect":[178,886,175,175],"offset":[0,0],"originalSize":[175,175],"capInsets":[0,0,0,0]}],[0],0,[0],[0],[0]],[[{"name":"h_jack_blur","rect":[178,178,175,175],"offset":[0,0],"originalSize":[175,175],"capInsets":[0,0,0,0]}],[0],0,[0],[0],[0]],[[{"name":"h_blank_blur","rect":[178,1,175,175],"offset":[0,0],"originalSize":[175,175],"capInsets":[0,0,0,0]}],[0],0,[0],[0],[0]],[[{"name":"l_9_blur","rect":[178,709,175,175],"offset":[0,0],"originalSize":[175,175],"capInsets":[0,0,0,0]}],[0],0,[0],[0],[0]],[[{"name":"h_staff_blur","rect":[178,532,175,175],"offset":[0,0],"originalSize":[175,175],"capInsets":[0,0,0,0]}],[0],0,[0],[0],[0]],[[{"name":"l_a_blur","rect":[1,866,175,175],"offset":[0,0],"originalSize":[175,175],"capInsets":[0,0,0,0]}],[0],0,[0],[0],[0]],[[{"name":"l_q_blur","rect":[178,1063,175,175],"offset":[0,0],"originalSize":[175,175],"capInsets":[0,0,0,0]}],[0],0,[0],[0],[0]],[[{"name":"l_10_blur","rect":[1,689,175,175],"offset":[0,0],"originalSize":[175,175],"capInsets":[0,0,0,0]}],[0],0,[0],[0],[0]]]]