[1,["45a/CR1/pHM7TpesDIkhbM","2bUiE5TYxGcZdgdQJ83T6F","59VE1UpDBNxb4jEpSzXrkt","ddrkJ5MKVMbL5A+Bk8BBQ8","b9An99/zdHgZaMgSEBrbhP","8bMUaSr5tNnYysB4NCVy8l","a7Pk7KWrVEm7S7geNMuyZy","71NGXZ6ERCMq61+OiXNB7X","afVCWQI2hMaqhA+m5tv2mc","17kUbv6y9C75O8gykUFGsY","0aNEZa1nZJxagaMuiE1o4x","68JRxaZt5MD5T2WOVhl874","03T+yvzYlJEppcFHdtjfsY","78TtI4kQNAi5PsZMXjh/Hs","16z83IztBB5ZblWJOn6dqf","4euTTJHX9PNJdDurBQuMln","763dBPkvBBgqPR7JVfdzHb","98eN7/cR1GVJW6b0xUUfnx","6fG55sj01M5rVnYgtku/xz","beEI5MO/hD5J1jxbJ6H5eC"],["value"],[["cc.AnimationClip",["_name","_duration","sample","wrapMode","curveData"],-1,11]],[[0,0,1,2,3,4,5]],[[0,"bw_vfx_f_00",1.3333333333333333,15,2,[{},"comps",11,[{},"cc.Sprite",11,[{},"spriteFrame",12,[[[{"frame":0},"value",6,0],[{"frame":0.06666666666666667},"value",6,1],[{"frame":0.13333333333333333},"value",6,2],[{"frame":0.2},"value",6,3],[{"frame":0.26666666666666666},"value",6,4],[{"frame":0.3333333333333333},"value",6,5],[{"frame":0.4},"value",6,6],[{"frame":0.4666666666666667},"value",6,7],[{"frame":0.5333333333333333},"value",6,8],[{"frame":0.6},"value",6,9],[{"frame":0.6666666666666666},"value",6,10],[{"frame":0.7333333333333333},"value",6,11],[{"frame":0.8},"value",6,12],[{"frame":0.8666666666666667},"value",6,13],[{"frame":0.9333333333333333},"value",6,14],[{"frame":1},"value",6,15],[{"frame":1.0666666666666667},"value",6,16],[{"frame":1.1333333333333333},"value",6,17],[{"frame":1.2},"value",6,18],[{"frame":1.2666666666666666},"value",6,19]],11,11,11,11,11,11,11,11,11,11,11,11,11,11,11,11,11,11,11,11]]]]]],0,0,[0,0,0,0,0,0,0,0,0,0,0,0,0,0,0,0,0,0,0,0],[0,0,0,0,0,0,0,0,0,0,0,0,0,0,0,0,0,0,0,0],[0,1,2,3,4,5,6,7,8,9,10,11,12,13,14,15,16,17,18,19]]