[1,["c5ToQ/V9hL/oVR9jU0OENG"],["_textureSetter"],["cc.SpriteFrame"],0,[[[{"name":"wh_vfx_f_add_03_06","rect":[619,1,210,356],"offset":[0,-4],"originalSize":[210,420],"capInsets":[0,0,0,0]}],[0],0,[0],[0],[0]],[[{"name":"wh_vfx_f_add_03_07","rect":[213,373,210,364],"offset":[0,-3],"originalSize":[210,420],"capInsets":[0,0,0,0]}],[0],0,[0],[0],[0]],[[{"name":"wh_vfx_f_add_03_10","rect":[1,1,210,382],"offset":[0,-3],"originalSize":[210,420],"capInsets":[0,0,0,0]}],[0],0,[0],[0],[0]],[[{"name":"wh_vfx_f_add_03_05","rect":[425,385,210,350],"offset":[0,-4],"originalSize":[210,420],"capInsets":[0,0,0,0]}],[0],0,[0],[0],[0]],[[{"name":"wh_vfx_f_add_03_11","rect":[425,1,192,382],"offset":[1,-3],"originalSize":[210,420],"capInsets":[0,0,0,0]}],[0],0,[0],[0],[0]],[[{"name":"wh_vfx_f_add_03_09","rect":[1,385,210,376],"offset":[0,-3],"originalSize":[210,420],"capInsets":[0,0,0,0]}],[0],0,[0],[0],[0]],[[{"name":"wh_vfx_f_add_03_02","rect":[1,763,210,290],"offset":[0,-6],"originalSize":[210,420],"rotated":1,"capInsets":[0,0,0,0]}],[0],0,[0],[0],[0]],[[{"name":"wh_vfx_f_add_03_04","rect":[637,359,210,344],"offset":[0,-4],"originalSize":[210,420],"capInsets":[0,0,0,0]}],[0],0,[0],[0],[0]],[[{"name":"wh_vfx_f_add_03_03","rect":[293,739,210,318],"offset":[0,-5],"originalSize":[210,420],"rotated":1,"capInsets":[0,0,0,0]}],[0],0,[0],[0],[0]],[[{"name":"wh_vfx_f_add_03_08","rect":[213,1,210,370],"offset":[0,-3],"originalSize":[210,420],"capInsets":[0,0,0,0]}],[0],0,[0],[0],[0]]]]