[1,["81xiuM4/xNPaA9S3SfEig1","b7xPT7vixB9rWKIQ7MzeA/","be/rL0Fx9BnbxpegFKZfJ1","3fliOD0opJW4wUgquTIt4S","7bA3WK8BxNkrIAp90vqIcG","02QaS5I4NHZZzrt8u9oQwL","2d0QQ8weZFGbF8YCxoAbRt"],["_textureSetter","bw_vfx_b_screen_02","mw_b","bw_vfx_d_screen_02","mw_a","bw_vfx_i_screen_02","bw_vfx_h_screen_02"],["cc.SpriteFrame",["cc.SpriteAtlas",["_name","_spriteFrames"],2,11]],[[1,0,1,2]],[[[{"name":"bw_vfx_d_screen_02","rect":[1,1479,596,336],"offset":[0,0],"originalSize":[596,336],"capInsets":[0,0,0,0]}],[0],0,[0],[0],[0]],[[[0,"Alats35.plist",[{},"bw_vfx_b_screen_02",6,0,"mw_b",6,1,"bw_vfx_d_screen_02",6,2,"mw_a",6,3,"bw_vfx_i_screen_02",6,4,"bw_vfx_h_screen_02",6,5]]],0,0,[0,0,0,0,0,0],[1,2,3,4,5,6],[1,2,3,4,5,6]]]]