[1,["88cfipZFdPm6JI09obQXdr"],["_textureSetter"],["cc.SpriteFrame"],0,[[[{"name":"wh_vfx_b_screen_01","rect":[128,1,125,92],"offset":[0,6],"originalSize":[175,140],"capInsets":[0,0,0,0]}],[0],0,[0],[0],[0]],[[{"name":"wh_vfx_b_screen_13","rect":[128,285,125,94],"offset":[0,5],"originalSize":[175,140],"capInsets":[0,0,0,0]}],[0],0,[0],[0],[0]],[[{"name":"wh_vfx_b_screen_19","rect":[382,383,125,94],"offset":[0,6],"originalSize":[175,140],"capInsets":[0,0,0,0]}],[0],0,[0],[0],[0]],[[{"name":"wh_vfx_b_screen_05","rect":[128,95,125,92],"offset":[0,6],"originalSize":[175,140],"capInsets":[0,0,0,0]}],[0],0,[0],[0],[0]],[[{"name":"wh_vfx_b_screen_02","rect":[255,1,125,92],"offset":[0,6],"originalSize":[175,140],"capInsets":[0,0,0,0]}],[0],0,[0],[0],[0]],[[{"name":"wh_vfx_b_screen_10","rect":[255,189,125,94],"offset":[0,5],"originalSize":[175,140],"capInsets":[0,0,0,0]}],[0],0,[0],[0],[0]],[[{"name":"wh_vfx_b_screen_09","rect":[128,189,125,94],"offset":[0,5],"originalSize":[175,140],"capInsets":[0,0,0,0]}],[0],0,[0],[0],[0]],[[{"name":"wh_vfx_b_screen_15","rect":[382,287,125,94],"offset":[0,6],"originalSize":[175,140],"capInsets":[0,0,0,0]}],[0],0,[0],[0],[0]],[[{"name":"wh_vfx_b_screen_11","rect":[382,191,125,94],"offset":[0,5],"originalSize":[175,140],"capInsets":[0,0,0,0]}],[0],0,[0],[0],[0]],[[{"name":"wh_vfx_b_screen_18","rect":[255,381,125,94],"offset":[0,6],"originalSize":[175,140],"capInsets":[0,0,0,0]}],[0],0,[0],[0],[0]],[[{"name":"wh_vfx_b_screen_04","rect":[1,95,125,92],"offset":[0,6],"originalSize":[175,140],"capInsets":[0,0,0,0]}],[0],0,[0],[0],[0]],[[{"name":"wh_vfx_b_screen_03","rect":[382,1,125,92],"offset":[0,6],"originalSize":[175,140],"capInsets":[0,0,0,0]}],[0],0,[0],[0],[0]],[[{"name":"wh_vfx_b_screen_16","rect":[1,381,125,94],"offset":[0,6],"originalSize":[175,140],"capInsets":[0,0,0,0]}],[0],0,[0],[0],[0]],[[{"name":"wh_vfx_b_screen_06","rect":[255,95,125,92],"offset":[0,6],"originalSize":[175,140],"capInsets":[0,0,0,0]}],[0],0,[0],[0],[0]],[[{"name":"wh_vfx_b_screen_07","rect":[382,95,125,94],"offset":[0,5],"originalSize":[175,140],"capInsets":[0,0,0,0]}],[0],0,[0],[0],[0]],[[{"name":"wh_vfx_b_screen_14","rect":[255,285,125,94],"offset":[0,6],"originalSize":[175,140],"capInsets":[0,0,0,0]}],[0],0,[0],[0],[0]],[[{"name":"wh_vfx_b_screen_17","rect":[128,381,125,94],"offset":[0,6],"originalSize":[175,140],"capInsets":[0,0,0,0]}],[0],0,[0],[0],[0]],[[{"name":"wh_vfx_b_screen_08","rect":[1,189,125,94],"offset":[0,5],"originalSize":[175,140],"capInsets":[0,0,0,0]}],[0],0,[0],[0],[0]],[[{"name":"wh_vfx_b_screen_12","rect":[1,285,125,94],"offset":[0,5],"originalSize":[175,140],"capInsets":[0,0,0,0]}],[0],0,[0],[0],[0]]]]