[1,["ecpdLyjvZBwrvm+cedCcQy","366qZR3e9FsqpOSXMm6NBh","918sOSHgZOC7z+hebOI6jK","25auqy5tZElJl+XDjghM+9","c6AXjgx1xLXp0KX97omkbS","d9bKhrCRVKaqmnJoKpiIDP","c1uWOW27hDDbdtdRPvVEO6","a3gnqltg1Mtpp0l/Sg0ksd","08abABxXNCuKzdTc0ADVkw","29EieM+DFDh7Pi0xBkFv1B","a2MjXRFdtLlYQ5ouAFv/+R","06/E1S5l1KTZqSdij0QGjh","65nnOgiulHOo+/eLb35FND","4dhiEre6lF4qj7xXDHFfOo","bc5r8uGLxEtIAtAgc4taa9","14jKXlI0ZOOZHamiHebuwg","beSCKmNPtIJbb/2bXwJAby","3bGDn2pP1EyaLxlJ+mmOiT","1fOXZm+WxGwphZVQ0trHAo","6bekqkSMpA8Yy5K9YE5xfl","c9o+X7/9xFiZzdciDpjNKC","1eckag3PJMobhMQLjT2KJs","02QaS5I4NHZZzrt8u9oQwL","b7xPT7vixB9rWKIQ7MzeA/","2d0QQ8weZFGbF8YCxoAbRt","7bA3WK8BxNkrIAp90vqIcG","be/rL0Fx9BnbxpegFKZfJ1","83vJR7ZJBBEr3Z3+6yB21Z","4frPNy5GdBmoyIuVO3Cqhe","c8HErRx1RFF5QwlzrEGaWX","d1pZg+7FJJHZRHUPRLC/RP","75RXnxX+pNFputOIvlxZtp","3bREkn/hhA8p0nN1O/Rfyz","a1UgaK7/5OOp5eB3MgLJ2Y","f3ohW3QrhM/p6Q2FA9G/63","78uZ+AI6lFcL1vdz49BUkY","bchByFeUlAJbsl/wz4TO+O","544xGvgddJm53E4BDnyimv","f0BIwQ8D5Ml7nTNQbh1YlS","0eFb+lhCNAlJp8TOUtuJ4q","07R/9fCnhOKJjly4gI58JI"],["node","_spriteFrame","_defaultClip","_file","root","btnFast","lb_Money","coinParent","coinTemp","superWin","megaWin","bigWin","data","atlas"],[["cc.Node",["_name","_opacity","_active","_prefab","_parent","_components","_contentSize","_trs","_children","_anchorPoint","_eulerAngles","_color"],0,4,1,9,5,7,2,5,5,5],["cc.Sprite",["_sizeMode","_dstBlendFactor","_isTrimmedMode","node","_materials","_spriteFrame"],0,1,3,6],["cc.Node",["_name","_active","_parent","_children","_components","_prefab","_contentSize","_trs"],1,1,2,2,4,5,7],["cc.Animation",["playOnLoad","node","_clips","_defaultClip"],2,1,3,6],["cc.Node",["_name","_opacity","_parent","_components","_prefab","_contentSize","_trs"],1,1,12,4,5,7],["cc.PrefabInfo",["fileId","root","asset"],2,1,1],["cc.AnimationClip",["_name","_duration","wrapMode","curveData"],-1],["cc.AnimationClip",["_name","_duration","sample","curveData"],0,11],["cc.Prefab",["_name"],2],["fe00alNp31OW7C2eqJjhlDZ",["node","bigWin","megaWin","superWin","coinTemp","coinParent","lb_Money","btnFast"],3,1,1,1,1,1,1,1,1],["cc.ParticleSystem",["_dstBlendFactor","_custom","totalParticles","emissionRate","lifeVar","angle","angleVar","endSize","endSpin","_positionType","speed","speedVar","tangentialAccel","radialAccel","node","_materials","_startColor","_startColorVar","_endColor","_endColorVar","posVar","gravity","_file","_spriteFrame"],-11,1,3,8,8,8,8,5,5,6,6],["cc.Button",["node","clickEvents"],3,1,9],["cc.ClickEvent",["_componentId","handler","target"],1,1],["ef6cdgak0JA7Klp9LwbTgyF",["tempReplaceAtlas","isPrefix","_string","_maxWidth","_maxWidthSpecialChar","_scale","listFS","node"],-4,1]],[[5,0,1,2,2],[0,0,4,5,3,6,7,2],[1,3,4,5,1],[1,1,3,4,5,2],[0,0,1,4,5,3,6,7,3],[1,1,0,2,3,4,5,4],[3,0,1,2,3,2],[0,0,4,8,5,3,6,7,2],[6,0,1,2,3,5],[7,0,1,2,3,4],[0,0,4,5,3,7,2],[1,0,3,4,5,2],[3,1,2,1],[10,0,1,2,3,4,5,6,7,8,9,10,11,12,13,14,15,16,17,18,19,20,21,22,23,15],[0,0,4,8,3,6,2],[0,0,1,4,5,3,6,3],[2,0,1,2,3,4,5,6,3],[1,1,0,3,4,5,3],[8,0,2],[0,0,8,5,3,2],[0,0,2,4,5,3,6,7,10,3],[0,0,1,4,5,3,11,6,3],[0,0,4,5,3,6,9,7,2],[0,0,4,8,3,6,9,7,2],[0,0,4,5,3,6,9,2],[2,0,2,3,4,5,6,2],[2,0,2,3,4,5,6,7,2],[4,0,2,3,4,5,6,2],[4,0,1,2,3,4,5,3],[9,0,1,2,3,4,5,6,7,1],[5,1,2,1],[1,0,2,3,4,5,3],[3,0,1,2,2],[11,0,1,1],[12,0,1,2,3],[13,0,1,2,3,4,5,6,7,8]],[[[[8,"Bigwin_Loop",1.3833333333333333,22,{"paths":{"bw_vfx_h_screen_02":{"props":{"angle":[{"frame":0,"value":0},{"frame":1.3333333333333333,"value":-6}]}},"bw_b/bw_a":{"props":{"angle":[{"frame":0,"value":0},{"frame":1.3833333333333333,"value":7}]}}}}]],0,0,[],[],[]],[[[9,"SuperWin_Show",0.25,120,[{},"paths",11,[{},"smw_b",11,[{},"props",11,[{"opacity":[{"frame":0,"value":0},{"frame":0.125,"value":255}]},"scale",12,[[[{"frame":0},"value",8,[1,0,0,1]],[{"frame":0.125},"value",8,[1,1.5,1.5,1]],[{"frame":0.25},"value",8,[1,1.3,1.3,1]]],11,11,11]]],"smw",11,[{},"props",11,[{"opacity":[]},"scale",12,[[[{"frame":0},"value",8,[1,0.5,0.5,1]],[{"frame":0.08333333333333333},"value",8,[1,1.1,1.1,1]],[{"frame":0.25},"value",8,[1,1,1,1]]],11,11,11]]]]]]],0,0,[],[],[]],[[[8,"MegaWin_Loop",1,22,{"paths":{"bw_vfx_b_screen_02":{"props":{"angle":[{"frame":0,"value":-10},{"frame":1,"value":0}],"opacity":[{"frame":0,"value":50},{"frame":1,"value":150}]}},"mw_b/mw_a":{"props":{"angle":[{"frame":0,"value":-5},{"frame":1,"value":0}]}},"bw_vfx_h_screen_02":{"props":{"angle":[{"frame":0,"value":-10},{"frame":1,"value":0}],"opacity":[{"frame":0,"value":50},{"frame":1,"value":150}]}}}}]],0,0,[],[],[]],[[[8,"SuperWin_Loop",2,2,{"paths":{"smw_b/smw_a":{"props":{"angle":[{"frame":0,"value":-5},{"frame":1,"value":0},{"frame":2,"value":-5}]}},"bw_vfx_b_screen_03":{"props":{"angle":[{"frame":0,"value":-5},{"frame":1,"value":0},{"frame":2,"value":-5}],"opacity":[{"frame":0,"value":50},{"frame":1,"value":150},{"frame":2,"value":50}]}}}}]],0,0,[],[],[]],[[[9,"MegaWin_Show",0.25,120,[{},"paths",11,[{},"mw_b",11,[{},"props",11,[{"opacity":[{"frame":0,"value":0},{"frame":0.125,"value":255}]},"scale",12,[[[{"frame":0},"value",8,[1,0,0,1]],[{"frame":0.125},"value",8,[1,1.5,1.5,1]],[{"frame":0.25},"value",8,[1,1.3,1.3,1]]],11,11,11]]],"mw",11,[{},"props",11,[{"position":[{"frame":0,"value":[0,-4.417,0]},{"frame":0.125,"value":[0,297.376,0]},{"frame":0.25,"value":[0,257.233,0]}]},"scale",12,[[[{"frame":0},"value",8,[1,0.5,0.5,1]],[{"frame":0.125},"value",8,[1,1.1,1.1,1]],[{"frame":0.25},"value",8,[1,1,1,1]]],11,11,11]]]]]]],0,0,[],[],[]],[[[18,"BigWin"],[19,"BigWin",[-10,-11,-12,-13,-14,-15,-16,-17],[[29,-9,-8,-7,-6,-5,-4,-3,-2]],[30,-1,0]],[16,"MegaWin",false,1,[-19,-20,-21,-22,-23,-24,-25],[-18],[0,"e9nCSKpi9B5rUbO8fHNogs",1,0],[5,720,1280]],[16,"SuperWin",false,1,[-27,-28,-29,-30,-31,-32,-33],[-26],[0,"4disATIGJBtKrvjJpWHVgu",1,0],[5,720,1280]],[25,"BigWin",1,[-35,-36,-37,-38,-39],[-34],[0,"561lRGWiNOCa19etzCQUSk",1,0],[5,720,1280]],[7,"smw_b",3,[-41,-42,-43,-44],[[2,-40,[80],81]],[0,"25g8imUX9FRqzgLugjlrO9",1,0],[5,547,680],[0,-190.549,0,0,0,0,1,1.3,1.3,1]],[14,"FirePaperParent",1,[-45,-46,-47,-48],[0,"07QeeqnERDVbGGwOF4kJXd",1,0],[5,100,100]],[7,"bw_b",4,[-50,-51,-52],[[11,0,-49,[30],31]],[0,"23AtIIj15K4ZsA/eiSZ9A4",1,0],[5,533.233333,603.809524],[1.688,-142.383,0,0,0,0,1,1.3,1.3,1]],[20,"bw_vfx_f_screen_01_00",false,6,[[6,true,-53,[3],2],[5,1,2,false,-54,[4],5]],[0,"da0Z6MvolHXpdq3nihkoNU",1,0],[5,360,675],[11.627,462.974,0,0,0,0.7071067811865475,0.7071067811865476,1,1,1],[1,0,0,90]],[14,"CoinParent",1,[-55],[0,"33E/41oYlEub+kxa6HA3Zn",1,0],[5,720,1280]],[27,"Coin_00",9,[[[31,2,false,-56,[15],16],-57],4,1],[0,"52IfwfQzRDOLG54QJ2eHvw",1,0],[5,90,90],[0,2000.534,0,0,0,0,1,1,1,1]],[1,"bw_vfx_f_screen_01_00",2,[[5,1,2,false,-58,[36],37],[6,true,-59,[39],38]],[0,"91VQs8yu9DOqdTkER/TQzi",1,0],[5,360,675],[-65.056,78.891,0,0,0,0,1,2,2,1]],[1,"bw_vfx_f_screen_01_01",2,[[5,1,2,false,-60,[40],41],[6,true,-61,[43],42]],[0,"9a7IadSsNKwJE2wUSAHSV1",1,0],[5,360,675],[65.056,78.891,0,0,0,0,1,-2,2,1]],[7,"mw_b",2,[-63],[[2,-62,[52],53]],[0,"8cvGHVLOlBibUB9uEv0pIg",1,0],[5,510,708],[0,-166.055,0,0,0,0,1,1.3,1.3,1]],[1,"bw_vfx_f_screen_01_00",3,[[5,1,2,false,-64,[58],59],[6,true,-65,[61],60]],[0,"92HJdjXPNDx5EhMoG6Hm1b",1,0],[5,360,675],[-65.056,78.891,0,0,0,0,1,2,2,1]],[1,"bw_vfx_f_screen_01_01",3,[[5,1,2,false,-66,[62],63],[6,true,-67,[65],64]],[0,"a2QLnJIcVHD586FSSWgcWG",1,0],[5,360,675],[65.056,78.891,0,0,0,0,1,-2,2,1]],[7,"smw_a",5,[-69],[[2,-68,[76],77]],[0,"fdC5+KRKtMIrR389ZR7ZxH",1,0],[5,459,792],[0,308.975,0,0,0,0,1,0.9,0.9,1]],[28,"btnSkip",0,1,[[[11,0,-70,[88],89],-71],4,1],[0,"b42Nm+WrND4LvCFEIVKWzW",1,0],[5,720,1280]],[26,"lbBigWin",1,[-73],[-72],[0,"69lndax6dOgrxXzaYg+FIn",1,0],[5,75,0],[0,-152.542,0,0,0,0,1,1,1,1]],[21,"Splash",150,1,[[11,0,-74,[0],1]],[0,"60uluLcL9LXbQExmyFroKn",1,0],[4,4278190080],[5,720,1280]],[10,"PaperParticle-003",6,[[13,1,true,30,100,1,0,0,50,90,1,0,0,0,100,-75,[6],[4,4294967295],[4,0],[4,4294967295],[4,4278190080],[0,400,0],[0,0,-400],7,8]],[0,"06KHxGGRBCU4GcZFlqCKr1",1,0],[0.097,672.985,0,0,0,0,1,1,1,1]],[10,"PaperParticle-004",6,[[13,1,true,30,100,1,0,0,50,90,1,0,0,0,100,-76,[9],[4,4294967295],[4,0],[4,4294967295],[4,4278190080],[0,400,0],[0,0,-400],10,11]],[0,"b34G26ZVRDcoeHIlZcvvfL",1,0],[0.097,672.985,0,0,0,0,1,1,1,1]],[10,"PaperParticle-005",6,[[13,1,true,30,100,1,0,0,50,90,1,0,0,0,100,-77,[12],[4,4294967295],[4,0],[4,4294967295],[4,4278190080],[0,400,0],[0,0,-400],13,14]],[0,"41eLWVy4NNApawhaOINqZM",1,0],[0.097,672.985,0,0,0,0,1,1,1,1]],[32,true,10,[17]],[4,"bw_vfx_h_screen_01",150,4,[[3,1,-78,[18],19]],[0,"2cj+srNFFNh6M597PXxAGa",1,0],[5,350,350],[1.688,75.43,0,0,0,0,1,3.9,3.9,1]],[4,"bw_vfx_h_screen_02",150,4,[[3,1,-79,[20],21]],[0,"ca/xOFAGJKdZqPKV5jnQ/0",1,0],[5,350,350],[1.688,75.43,0,0,0,0,1,3.9,3.9,1]],[4,"bw_vfx_i_screen_01",100,4,[[3,1,-80,[22],23]],[0,"c9pw46C/JAaoGp2jJWixGQ",1,0],[5,378,819],[1.688,75.43,0,0,0,0,1,3,3,1]],[22,"bw_a",7,[[2,-81,[24],25]],[0,"0eulRNpvJD9asgxXZDjhtW",1,0],[5,692,683],[0,0.5,0],[32.479,95.512,0,0,0,0,1,0.769231,0.769231,1]],[1,"bw_vfx_d_screen_01",7,[[3,1,-82,[26],27]],[0,"e2FwEKnzNC/5vEhQmB2C5M",1,0],[5,596,336],[0,142.052,0,0,0,0,1,1,1,1]],[1,"bw_vfx_b_screen_01",7,[[3,1,-83,[28],29]],[0,"fdViFCUgRIybg8H4D8euEQ",1,0],[5,281,317],[0,140.254,0,0,0,0,1,1,1,1]],[1,"bw",4,[[2,-84,[32],33]],[0,"bcaEIfwIJEmrxnWzlQwt2D",1,0],[5,756,327],[0,187.282,0,0,0,0,1,1,1,1]],[12,4,[34,35]],[15,"bw_vfx_i_screen_02",150,2,[[17,1,0,-85,[44],45]],[0,"97GKcxr3FDFrxDAVZD5ypV",1,0],[5,720,1280]],[4,"bw_vfx_b_screen_02",150,2,[[5,1,2,false,-86,[46],47]],[0,"c3BAP1N+JEWrkAvBSK1gmC",1,0],[5,281,317],[0,0,0,0,0,0,1,3.9,3.9,1]],[4,"bw_vfx_h_screen_02",150,2,[[5,1,2,false,-87,[48],49]],[0,"3azaNzciRIE42q+ZWaEECO",1,0],[5,350,350],[0,0,0,0,0,0,1,3.9,3.9,1]],[1,"mw_a",13,[[2,-88,[50],51]],[0,"b0sSswXOVLPL4DXTZm3gsg",1,0],[5,533,766],[-4.291,314.52,0,0,0,0,1,1,1,1]],[1,"mw",2,[[2,-89,[54],55]],[0,"f2XBek591OVqALQsj9UvhY",1,0],[5,592,458],[0,235.199,0,0,0,0,1,1,1,1]],[12,2,[56,57]],[15,"bw_vfx_i_screen_03",150,3,[[17,1,0,-90,[66],67]],[0,"55JuaGT9FIfpXLFplHmFRM",1,0],[5,720,1280]],[4,"bw_vfx_b_screen_03",150,3,[[3,1,-91,[68],69]],[0,"4fiVw1H1RA460inraguv8p",1,0],[5,350,350],[0,0,0,0,0,0,1,4,4,1]],[1,"smw_b_02",5,[[2,-92,[70],71]],[0,"3f9JyS3JpAOKGKiUcigFpm",1,0],[5,690,426],[0,-31.257,0,0,0,0,1,1,1,1]],[1,"smw_e_screen",5,[[3,1,-93,[72],73]],[0,"46V2PfuE5PrKQO2qQnzNQB",1,0],[5,547,783],[12.725,188.319,0,0,0,0,1,1,1,1]],[1,"water_splash_screen",16,[[3,1,-94,[74],75]],[0,"27OKYFY8lHb7shn2HI+PBZ",1,0],[5,171,145],[22.701111,233.065556,0,0,0,0,1,1.111111,1.1111111,1]],[1,"bw_vfx_b_screen_03",5,[[3,1,-95,[78],79]],[0,"b3bVEA6nhNY5pUU5zMLdHy",1,0],[5,281,317],[0,0,0,0,0,0,1,2,2,1]],[4,"bw_vfx_b_screen_04",150,3,[[3,1,-96,[82],83]],[0,"e7UBC3+VNOA4r/k2Of96z2",1,0],[5,350,350],[0,0,0,0,0,0,1,4,4,1]],[1,"smw",3,[[2,-97,[84],85]],[0,"1dWORSPmpMg7K3AIDQrtIW",1,0],[5,665,485],[26.467,170.83,0,0,0,0,1,1,1,1]],[12,3,[86,87]],[33,17,[[34,"fe00alNp31OW7C2eqJjhlDZ","onClickBtnShowFast",1]]],[23,"0",18,[-98],[0,"1bHR1rwWhM+ovsLzGdlaMo",1,0],[5,75,0],[0,0.5,0],[0,-10,0,0,0,0,1,0.75,0.75,0.75]],[24,"New Node",48,[[2,-99,[90],91]],[0,"058ruqmMlECqTfBvo8me0i",1,0],[5,135,179],[0,0.5,0]],[35,"red_",true,"0",75,50,0.75,[null,null,null,null,null,null,null,null,null,null,null,null],18]],0,[0,4,1,0,5,47,0,6,50,0,7,9,0,8,23,0,9,46,0,10,37,0,11,31,0,0,1,0,-1,19,0,-2,6,0,-3,9,0,-4,4,0,-5,2,0,-6,3,0,-7,17,0,-8,18,0,-1,37,0,-1,11,0,-2,12,0,-3,32,0,-4,33,0,-5,34,0,-6,13,0,-7,36,0,-1,46,0,-1,14,0,-2,15,0,-3,38,0,-4,39,0,-5,5,0,-6,44,0,-7,45,0,-1,31,0,-1,24,0,-2,25,0,-3,26,0,-4,7,0,-5,30,0,0,5,0,-1,40,0,-2,41,0,-3,16,0,-4,43,0,-1,8,0,-2,20,0,-3,21,0,-4,22,0,0,7,0,-1,27,0,-2,28,0,-3,29,0,0,8,0,0,8,0,-1,10,0,0,10,0,-2,23,0,0,11,0,0,11,0,0,12,0,0,12,0,0,13,0,-1,35,0,0,14,0,0,14,0,0,15,0,0,15,0,0,16,0,-1,42,0,0,17,0,-2,47,0,-1,50,0,-1,48,0,0,19,0,0,20,0,0,21,0,0,22,0,0,24,0,0,25,0,0,26,0,0,27,0,0,28,0,0,29,0,0,30,0,0,32,0,0,33,0,0,34,0,0,35,0,0,36,0,0,38,0,0,39,0,0,40,0,0,41,0,0,42,0,0,43,0,0,44,0,0,45,0,-1,49,0,0,49,0,12,1,99],[0,0,0,0,0,0,0,0,0,0,0,0,0,0,0,0,0,0,0,0,0,0,0,0,0,0,0,0,0,0,0,0,0,0,0,0,0,0,0,0,0,0,0,0,0,0,0,0,0,0,0,0,0,0,0,0,0,0,0,0,0,0,0,0,0,0,0,0,0,0,0,0,0,0,0,0,0,0,0,0,0,0,0,0,0,0,0,0,0,0,0,0,23,31,37,46,50],[-1,1,2,-1,-1,1,-1,3,1,-1,3,1,-1,3,1,-1,1,-1,-1,1,-1,1,-1,1,-1,1,-1,1,-1,1,-1,1,-1,1,-1,-2,-1,1,2,-1,-1,1,2,-1,-1,1,-1,1,-1,1,-1,1,-1,1,-1,1,-1,-2,-1,1,2,-1,-1,1,2,-1,-1,1,-1,1,-1,1,-1,1,-1,1,-1,1,-1,1,-1,1,-1,1,-1,1,-1,-2,-1,1,-1,1,2,2,2,2,13],[0,10,1,1,0,2,0,3,11,0,3,12,0,3,13,0,14,4,0,5,0,5,0,15,0,16,0,17,0,18,0,19,0,20,21,6,0,2,1,1,0,2,1,1,0,22,0,23,0,24,0,25,0,26,0,27,7,28,0,2,1,1,0,2,1,1,0,29,0,8,0,30,0,31,0,32,0,33,0,34,0,35,0,8,0,36,9,37,0,38,0,39,4,6,7,9,40]],[[[9,"Bigwin_Show",0.5,80,[{},"paths",11,[{"bw_vfx_h_screen_01":{"props":{"opacity":[{"frame":0,"value":50},{"frame":0.25,"value":150}]}},"bw_vfx_h_screen_02":{"props":{"opacity":[{"frame":0,"value":50},{"frame":0.25,"value":150}]}}},"bw_b",11,[{},"props",11,[{},"scale",12,[[[{"frame":0},"value",8,[1,0,0,1]],[{"frame":0.1875},"value",8,[1,1.5,1.5,1]],[{"frame":0.5},"value",8,[1,1.3,1.3,1]]],11,11,11]]],"bw",11,[{},"props",11,[{"position":[{"frame":0,"value":[0,72.337997,0]},{"frame":0.1875,"value":[0,187.281998,0]}]},"scale",12,[[[{"frame":0},"value",8,[1,0,0,1]],[{"frame":0.1875},"value",8,[1,1.2,1.2,1]],[{"frame":0.5},"value",8,[1,1,1,1]]],11,11,11]]]]]]],0,0,[],[],[]]]]