[1,["84Dle7x6tDaKT/QNbvg54i"],["_textureSetter"],["cc.SpriteFrame"],0,[[[{"name":"freespin_bg","rect":[1,1,756,1638],"offset":[0,0],"originalSize":[756,1638],"capInsets":[0,0,0,0]}],[0],0,[0],[0],[0]],[[{"name":"freespin_ambient_vfx_c_add","rect":[759,1,378,368],"offset":[0,0],"originalSize":[378,368],"capInsets":[0,0,0,0]}],[0],0,[0],[0],[0]],[[{"name":"freespin_ambient_vfx_b_add","rect":[759,548,317,287],"offset":[0,0],"originalSize":[317,287],"capInsets":[0,0,0,0]}],[0],0,[0],[0],[0]],[[{"name":"freespin_ambient_vfx_d_screen","rect":[759,837,307,204],"offset":[0,0],"originalSize":[307,204],"capInsets":[0,0,0,0]}],[0],0,[0],[0],[0]]]]