[1,["5b3XWht+BKw7GR0+FhWwkq","64pPSY/T5LL77rtTFbzk1h","035fgtMMxJi6qIgFDXdGSR","4c7fdOHhBBKJQZ3vPOqHq5","abWNtJ+RtHk7xnzI/ezVQl","10TFXPAihK2qT7pYQmZjQ4","05iGUWoqlFFY23GLSN1Gf1","c50CG8XiFGoauBHe/lcCs2","a0f5xgZatK/pBNet+adF+r","b5m8nIzmBK6Zqrbxf7mSVc","51zSjY8sNJQKmvR9y3MKFf","77ZyMb6L5N2ps4ThG82Tc4","4bBykrVQZK9pyLAuDr6zVZ"],["_textureSetter","orange_3","orange_comma","orange_7","orange_5","orange_4","orange_0","orange_8","orange_1","orange_2","orange_9","orange_6","orange_decimal"],["cc.SpriteFrame",["cc.SpriteAtlas",["_name","_spriteFrames"],2,11]],[[1,0,1,2]],[[[{"name":"orange_comma","rect":[1,701,28,30],"offset":[0,0],"originalSize":[28,30],"capInsets":[0,0,0,0]}],[0],0,[0],[0],[0]],[[{"name":"orange_0","rect":[1,351,54,69],"offset":[0,0],"originalSize":[54,69],"capInsets":[0,0,0,0]}],[0],0,[0],[0],[0]],[[{"name":"orange_4","rect":[1,562,50,68],"offset":[0,0],"originalSize":[50,68],"capInsets":[0,0,0,0]}],[0],0,[0],[0],[0]],[[{"name":"orange_decimal","rect":[31,701,26,27],"offset":[0,0],"originalSize":[28,27],"capInsets":[0,0,0,0]}],[0],0,[0],[0],[0]],[[{"name":"orange_7","rect":[1,281,55,68],"offset":[0,0],"originalSize":[55,68],"capInsets":[0,0,0,0]}],[0],0,[0],[0],[0]],[[{"name":"orange_9","rect":[1,140,56,68],"offset":[0,0],"originalSize":[56,68],"capInsets":[0,0,0,0]}],[0],0,[0],[0],[0]],[[{"name":"orange_3","rect":[1,492,51,68],"offset":[0,0],"originalSize":[51,68],"capInsets":[0,0,0,0]}],[0],0,[0],[0],[0]],[[{"name":"orange_6","rect":[1,70,56,68],"offset":[0,0],"originalSize":[56,68],"capInsets":[0,0,0,0]}],[0],0,[0],[0],[0]],[[[0,"Alats18.plist",[{},"orange_3",6,0,"orange_comma",6,1,"orange_7",6,2,"orange_5",6,3,"orange_4",6,4,"orange_0",6,5,"orange_8",6,6,"orange_1",6,7,"orange_2",6,8,"orange_9",6,9,"orange_6",6,10,"orange_decimal",6,11]]],0,0,[0,0,0,0,0,0,0,0,0,0,0,0],[1,2,3,4,5,6,7,8,9,10,11,12],[1,2,3,4,5,6,7,8,9,10,11,12]],[[{"name":"orange_1","rect":[1,632,47,67],"offset":[0,0],"originalSize":[47,67],"capInsets":[0,0,0,0]}],[0],0,[0],[0],[0]],[[{"name":"orange_5","rect":[1,422,53,68],"offset":[0,0],"originalSize":[53,68],"capInsets":[0,0,0,0]}],[0],0,[0],[0],[0]],[[{"name":"orange_2","rect":[1,1,57,67],"offset":[0,0],"originalSize":[57,67],"capInsets":[0,0,0,0]}],[0],0,[0],[0],[0]],[[{"name":"orange_8","rect":[1,210,55,69],"offset":[0,0],"originalSize":[55,69],"capInsets":[0,0,0,0]}],[0],0,[0],[0],[0]]]]