[1,["f7cGE8aQRHZ4YpOFA5k1eu"],["_textureSetter"],["cc.SpriteFrame"],0,[[[{"name":"wh_vfx_e_add_08","rect":[1,253,124,470],"offset":[0,0],"originalSize":[140,476],"rotated":1,"capInsets":[0,0,0,0]}],[0],0,[0],[0],[0]],[[{"name":"wh_vfx_e_add_05","rect":[473,1,124,468],"offset":[0,0],"originalSize":[140,476],"rotated":1,"capInsets":[0,0,0,0]}],[0],0,[0],[0],[0]],[[{"name":"wh_vfx_e_add_04","rect":[473,127,124,286],"offset":[0,0],"originalSize":[140,476],"rotated":1,"capInsets":[0,0,0,0]}],[0],0,[0],[0],[0]],[[{"name":"wh_vfx_e_add_03","rect":[473,253,124,284],"offset":[0,0],"originalSize":[140,476],"rotated":1,"capInsets":[0,0,0,0]}],[0],0,[0],[0],[0]],[[{"name":"wh_vfx_e_add_06","rect":[1,1,124,470],"offset":[0,0],"originalSize":[140,476],"rotated":1,"capInsets":[0,0,0,0]}],[0],0,[0],[0],[0]],[[{"name":"wh_vfx_e_add_07","rect":[1,127,124,470],"offset":[0,0],"originalSize":[140,476],"rotated":1,"capInsets":[0,0,0,0]}],[0],0,[0],[0],[0]]]]