[1,["8dZ+w8+yhGEZNipyWuScpc"],["_textureSetter"],["cc.SpriteFrame"],0,[[[{"name":"dragon_trail_screen_mode_19","rect":[283,91,82,166],"offset":[-2,23],"originalSize":[140,304],"rotated":1,"capInsets":[0,0,0,0]}],[0],0,[0],[0],[0]],[[{"name":"dragon_trail_screen_mode_12","rect":[99,169,94,166],"offset":[-3,23],"originalSize":[140,304],"capInsets":[0,0,0,0]}],[0],0,[0],[0],[0]],[[{"name":"dragon_trail_screen_mode_22","rect":[381,175,74,166],"offset":[-4,23],"originalSize":[140,304],"rotated":1,"capInsets":[0,0,0,0]}],[0],0,[0],[0],[0]],[[{"name":"dragon_trail_screen_mode_18","rect":[195,169,84,166],"offset":[-2,23],"originalSize":[140,304],"capInsets":[0,0,0,0]}],[0],0,[0],[0],[0]],[[{"name":"dragon_trail_screen_mode_10","rect":[1,169,96,166],"offset":[-3,23],"originalSize":[140,304],"capInsets":[0,0,0,0]}],[0],0,[0],[0],[0]],[[{"name":"dragon_trail_screen_mode_20","rect":[283,315,80,166],"offset":[-3,23],"originalSize":[140,304],"capInsets":[0,0,0,0]}],[0],0,[0],[0],[0]],[[{"name":"dragon_trail_screen_mode_21","rect":[365,315,76,166],"offset":[-4,23],"originalSize":[140,304],"capInsets":[0,0,0,0]}],[0],0,[0],[0],[0]],[[{"name":"dragon_trail_screen_mode_11","rect":[1,337,96,166],"offset":[-3,23],"originalSize":[140,304],"capInsets":[0,0,0,0]}],[0],0,[0],[0],[0]],[[{"name":"dragon_trail_screen_mode_08","rect":[281,175,98,138],"offset":[-3,9],"originalSize":[140,304],"capInsets":[0,0,0,0]}],[0],0,[0],[0],[0]],[[{"name":"dragon_trail_screen_mode_06","rect":[451,95,76,82],"offset":[-5,-19],"originalSize":[140,304],"rotated":1,"capInsets":[0,0,0,0]}],[0],0,[0],[0],[0]],[[{"name":"dragon_trail_screen_mode_15","rect":[193,337,88,166],"offset":[-1,23],"originalSize":[140,304],"capInsets":[0,0,0,0]}],[0],0,[0],[0],[0]],[[{"name":"dragon_trail_screen_mode_05","rect":[549,95,58,36],"offset":[-12,-42],"originalSize":[140,304],"rotated":1,"capInsets":[0,0,0,0]}],[0],0,[0],[0],[0]],[[{"name":"dragon_trail_screen_mode_16","rect":[283,1,88,166],"offset":[-2,23],"originalSize":[140,304],"rotated":1,"capInsets":[0,0,0,0]}],[0],0,[0],[0],[0]],[[{"name":"dragon_trail_screen_mode_23","rect":[443,313,66,166],"offset":[-4,23],"originalSize":[140,304],"capInsets":[0,0,0,0]}],[0],0,[0],[0],[0]],[[{"name":"dragon_trail_screen_mode_17","rect":[195,1,84,166],"offset":[-2,23],"originalSize":[140,304],"capInsets":[0,0,0,0]}],[0],0,[0],[0],[0]],[[{"name":"dragon_trail_screen_mode_14","rect":[99,337,92,166],"offset":[-3,23],"originalSize":[140,304],"capInsets":[0,0,0,0]}],[0],0,[0],[0],[0]],[[{"name":"dragon_trail_screen_mode_09","rect":[1,1,98,166],"offset":[-2,23],"originalSize":[140,304],"capInsets":[0,0,0,0]}],[0],0,[0],[0],[0]],[[{"name":"dragon_trail_screen_mode_13","rect":[101,1,92,166],"offset":[-2,23],"originalSize":[140,304],"capInsets":[0,0,0,0]}],[0],0,[0],[0],[0]],[[{"name":"dragon_trail_screen_mode_25","rect":[511,313,60,166],"offset":[0,23],"originalSize":[140,304],"capInsets":[0,0,0,0]}],[0],0,[0],[0],[0]],[[{"name":"dragon_trail_screen_mode_04","rect":[549,155,50,26],"offset":[-12,-47],"originalSize":[140,304],"rotated":1,"capInsets":[0,0,0,0]}],[0],0,[0],[0],[0]],[[{"name":"dragon_trail_screen_mode_07","rect":[451,1,92,110],"offset":[-5,-5],"originalSize":[140,304],"rotated":1,"capInsets":[0,0,0,0]}],[0],0,[0],[0],[0]],[[{"name":"dragon_trail_screen_mode_24","rect":[381,251,60,166],"offset":[-1,23],"originalSize":[140,304],"rotated":1,"capInsets":[0,0,0,0]}],[0],0,[0],[0],[0]]]]