[1,["eeVidCwa1BLq8P2NVDOazS"],["_textureSetter"],["cc.SpriteFrame"],0,[[[{"name":"mw_vfx_b_add","rect":[413,1091,390,390],"offset":[0,0],"originalSize":[390,390],"capInsets":[0,0,0,0]}],[0],0,[0],[0],[0]],[[{"name":"smw_vfx_b_add","rect":[653,1,420,420],"offset":[0,0],"originalSize":[420,420],"capInsets":[0,0,0,0]}],[0],0,[0],[0],[0]],[[{"name":"bw_vfx_c_add","rect":[1,1,654,650],"offset":[0,0],"originalSize":[654,650],"rotated":1,"capInsets":[0,0,0,0]}],[0],0,[0],[0],[0]],[[{"name":"particle_b_loop_add","rect":[939,423,432,936],"offset":[0,0],"originalSize":[432,936],"capInsets":[0,0,0,0]}],[0],0,[0],[0],[0]],[[{"name":"bw_vfx_b_add","rect":[1075,1,390,390],"offset":[0,0],"originalSize":[390,390],"capInsets":[0,0,0,0]}],[0],0,[0],[0],[0]]]]