[1,["ce5JByTg5H64K+TUVv4st4","d0aoHVo+dPurhYc/q2L8v4","6dMMt7NCdHhaZrMlXXtZj7","0brenfeGhIGLHI5gyZvQ+k","dbQewjFPhDU6HMic8/24vA","2ehQFrzolNxaoarey32YJu","f72LFoKhZByJV/0WwT0Zjj","f3o2Sw6/5CuqHdKMbNlLVQ","242t4OByVH5p6blsDwEMql","36Htxx7+pK7qeEMSz6suAE","e6N2uKpO5FmYp+Qryl9rZU","3bG1WKNvBBSJXyj0KExJqK","a2Omdb4MNO7a4HUWx8arZR","5bpgieNTBFSJup61GedGc+","1bBNuPnShFEbuC1uDj0skO","a7L7634Z9Cb7PeuOrM6be/","dcQs8wPq5Lt7NPqpZjuyIX"],["value"],[["cc.AnimationClip",["_name","_duration","sample","curveData"],0,11]],[[0,0,1,2,3,4]],[[0,"scrab_sieulon",0.85,20,[{},"comps",11,[{},"cc.Sprite",11,[{},"spriteFrame",12,[[[{"frame":0},"value",6,0],[{"frame":0.05},"value",6,1],[{"frame":0.1},"value",6,2],[{"frame":0.15},"value",6,3],[{"frame":0.2},"value",6,4],[{"frame":0.25},"value",6,5],[{"frame":0.3},"value",6,6],[{"frame":0.35},"value",6,7],[{"frame":0.4},"value",6,8],[{"frame":0.45},"value",6,9],[{"frame":0.5},"value",6,10],[{"frame":0.55},"value",6,11],[{"frame":0.6},"value",6,12],[{"frame":0.65},"value",6,13],[{"frame":0.7},"value",6,14],[{"frame":0.75},"value",6,15],[{"frame":0.8},"value",6,16]],11,11,11,11,11,11,11,11,11,11,11,11,11,11,11,11,11]]],"paths",11,[{},"title_bw",11,[{},"props",11,[{"opacity":[{"frame":0,"value":0},{"frame":0.3,"value":255}]},"scale",12,[[[{"frame":0},"value",8,[1,0.3,0.3,0.3]],[{"frame":0.3},"value",8,[1,0.4,0.4,0.3]],[{"frame":0.35},"value",8,[1,0.3,0.3,0.2]],[{"frame":0.55},"value",8,[1,0.23,0.23,0.2]]],11,11,11,11]]]]]]],0,0,[0,0,0,0,0,0,0,0,0,0,0,0,0,0,0,0,0],[0,0,0,0,0,0,0,0,0,0,0,0,0,0,0,0,0],[0,1,2,3,4,5,6,7,8,9,10,11,12,13,14,15,16]]