[1,["ecpdLyjvZBwrvm+cedCcQy","fcrDhO50pGWbisv1CJcFB1","b6Uf2XYlRIt4PMWLRGIIjT","68AxU7t/pJRbnMgfI+Vxri","bb8q2yce9LlJ0jtpJQF5kg","5bcMZ3f9dAnIvXiDl4I85O","7a/QZLET9IDreTiBfRn2PD","e8K7GiuAdEH6ppD0W37FB+","2e4KKXekxK2pkK3Ql4t86A","b2aHrECZ5APKGS/0d2hvT1","8bNx0u8FtF2ZEJquyvCm5G","a2MjXRFdtLlYQ5ouAFv/+R","5favwOtrZNxaxqR7sa3PBF","02oRywLpNHxqXzpXkeD4mv","ee8vgcAxdHS5ArAGHwAg5q","22b2bxaF5K3Jpido71LO9T","ef9sYCoKNIUL68uvl3rQiN","e7oh3eb3NJQa5oNwpzPCMr","51ghJwqMhHfJeOyqUQnLKM","10hpJCZxFLWZ/Z3V3QPGq1","16NdHVv1lABa574sHjz5ub","dbC6j+x8hGYrd2TuKwTyKW","66dALY5XFKEqF8/n1qROPn","f5EmJ46LJMKYfuNj+VvvV0","74IXwgWKxG7IjROmEXakdw","a3VfMHXbhPAIR5vx8/pwVU","cet/1D9fRHU43hbtnsxg8e","cdeIdh0YNIeYDz459M7a4u","23I8WtnjFMm6C1pPvf9nJ5","5fcic3vJ1JzbpoUafNxbzl","52xyP63LpO9oaGnsXdY/CM","44q/MmwelIIIYcwWHexYMA","f29soDPThOCZts6xuht/me","b5T27oDFVN5pIsBG4uGkq/","63+SBKNPlA+KEZ3z0avQes","e9c8FyAvdIzIIcXw0sF/Zj","a3r7RD1idIuI6zAHhJyjXo","32pV2/cV1CYZ4E97c36joP","86XnWImXFMKbiALb3quZUg","b7Cs9aqMZCrLXWNPzOZH4n","79TZXal/BBzq/g6q2s5Y7q","4aLMvu6EBCyoJGpd9Oo4DD","0amGbj/QVG46QNl6r31ebJ","6cB1ew/LROLpMP5ZJM+U9v","e7vHcRDiVJY5+NrTyBvXgz","adnxxB7EhP2YJOjy35pSK8","1bRmgC2IVFIZ+Vk/G51uk2","64nzRAAdFNd5KrOVR3MAU5","79UVMaTXRNlIf0mq89V41W","d1soFh8HpBIoPYzNYWhJNg","63lwYlkcdGkrH9u9E5yBnV","01/0uqpGJBJ67c70/BDyFT","c6FU7iD2ZKGIVWbA28QKXM","affNvH1gJAKZpaCg88U3i4","38dcg1Sv1J1qTez3VlzsA7","1cevAFOBVCNJ9v3deyQUvF","4dh5qF93RKBL2ugFinSxpq","a4auNkMPZNl7wiA7ggVImR","9a1JEcT7tG7Igu9ubqw8Q6","2bB00xJopDzY5y1mQFm++a","5ds32qKBFHhrbPwNnjbSAx","f3EX8+IhJFaLNds6I+zUhW","2cPtIXa+pA6LrwODZDA+Vn","04OmJDH0JG25DoFz+IAbxU"],["node","_spriteFrame","_textureSetter","_N$file","_N$skeletonData","_defaultClip","_file","atlas","root","btnFast","lb_Jackpot","lb_Money","jackpot","superWin","megaWin","bigWin","data","_parent","font","spriteFrame","0","1","2","3","4","5","6","7","8","9","comma","decimal"],["cc.SpriteFrame",["cc.Node",["_name","_opacity","_active","_is3DNode","_parent","_components","_prefab","_contentSize","_trs","_color","_eulerAngles","_anchorPoint"],-1,1,9,4,5,7,5,5,5],["cc.CurveRange",["mode","constantMax","constant","multiplier","constantMin"],-2],["cc.Node",["_name","_active","_children","_components","_prefab","_parent","_trs","_contentSize"],1,2,2,4,1,7,5],["cc.Sprite",["_dstBlendFactor","_sizeMode","_isTrimmedMode","node","_materials","_spriteFrame"],0,1,3,6],["cc.AnimationClip",["_name","_duration","sample","wrapMode","curveData"],-1,11],["cc.Node",["_name","_active","_children","_prefab","_contentSize","_parent","_components","_anchorPoint","_trs"],1,2,4,5,1,12,5,7],["cc.Animation",["playOnLoad","node","_clips","_defaultClip"],2,1,3,6],["sp.Skeleton",["defaultSkin","_preCacheMode","_animationName","defaultAnimation","loop","_playTimes","timeScale","node","_materials","_N$skeletonData"],-4,1,3,6],["cc.ParticleSystem",["_dstBlendFactor","_custom","totalParticles","emissionRate","angleVar","speed","speedVar","tangentialAccel","life","lifeVar","angle","startSizeVar","_positionType","startRadiusVar","endRadiusVar","rotatePerSVar","playOnLoad","duration","startSize","endRadius","rotatePerS","endSize","rotationIsDir","node","_materials","_startColor","_startColorVar","_endColor","_endColorVar","_spriteFrame","posVar","gravity","_file"],-20,1,3,8,8,8,8,6,5,5,6],["cc.PrefabInfo",["fileId","root","asset"],2,1,1],["cc.ParticleSystem3D",["duration","_capacity","node","_materials","startDelay","startLifetime","startColor","startSize","startSpeed","startRotation","gravityModifier","rateOverTime","rateOverDistance","_shapeModule","_textureAnimationModule"],1,1,3,4,4,4,4,4,4,4,4,4,4,4],["cc.ShapeModule",["enable","emitFrom","_shapeType","radiusThickness","_angle","randomDirectionAmount","arcSpeed"],-3,4],["cc.TextureAnimationModule",["_enable","_numTilesX","_numTilesY","animation","cycleCount","rowIndex","frameOverTime","startFrame"],-3,4,4],["ef6cdgak0JA7Klp9LwbTgyF",["tempReplaceAtlas","_string","_maxWidth","_scale","listFS","type","isPrefix","_maxWidthSpecialChar","node"],-5,1],["cc.Prefab",["_name"],2],["c06aeGh69JJKYu1D8xtM1Fn",["node"],3,1],["ed905nILIdAx47oqlinLTaU",["node","bigWin","megaWin","superWin","jackpot","lb_Money","lb_Jackpot","btnFast"],3,1,1,1,1,1,1,1,1],["cc.GradientRange",[],3],["cc.Label",["_string","_isSystemFontUsed","node","_materials","_N$file"],1,1,3,6],["cc.Button",["node","clickEvents"],3,1,9],["cc.ClickEvent",["_componentId","handler","target"],1,1],["sp.SkeletonData",["_name","_atlasText","textureNames","_skeletonJson","textures"],-1,3],["cc.BitmapFont",["_name","fontSize","_fntConfig"],0],["cc.SpriteAtlas",["_name","_spriteFrames"],2,11]],[[10,0,1,2,2],[2,1],[4,3,4,5,1],[1,0,4,5,6,7,8,2],[2,0,4,1,4],[6,0,5,2,3,4,7,8,2],[1,0,4,5,6,7,11,2],[2,2,2],[18,1],[19,0,1,2,3,4,3],[1,0,2,3,4,5,6,8,4],[11,0,1,2,3,4,5,6,7,8,9,10,11,12,13,14,3],[2,2,3,3],[2,0,4,1,3,5],[2,0,1,3],[12,0,2,1,3,4,5,6,7],[4,0,1,2,3,4,5,4],[13,0,1,2,3,5,4,6,7,7],[1,0,4,5,6,8,2],[4,0,3,4,5,2],[1,0,1,4,5,6,7,8,3],[1,0,4,5,6,7,11,8,2],[5,0,1,2,3,4,5],[13,0,1,2,3,4,6,7,6],[9,0,1,2,3,8,9,10,4,11,12,5,6,7,13,23,24,25,26,27,28,30,31,32,29,15],[5,0,1,4,3],[1,0,1,4,5,6,7,8,10,3],[16,0,1],[4,1,3,4,5,2],[7,1,2,1],[8,0,3,1,2,7,8,9,5],[5,0,1,2,4,4],[15,0,2],[6,0,2,6,3,4,2],[6,0,1,5,2,3,3],[3,0,5,2,3,4,6,2],[3,0,1,5,2,3,4,6,3],[3,0,1,5,2,3,4,3],[3,0,2,3,4,7,6,2],[3,0,5,2,3,4,7,6,2],[1,0,1,4,5,6,9,7,8,3],[1,0,1,4,5,6,9,7,3],[1,0,2,4,5,6,7,8,3],[1,0,4,5,6,7,8,10,2],[1,0,2,3,4,5,6,4],[1,0,4,5,6,7,2],[1,0,2,1,4,5,6,7,8,4],[17,0,1,2,3,4,5,6,7,1],[10,1,2,1],[7,0,1,2,3,2],[7,0,1,2,2],[11,0,1,2,3,4,5,6,7,8,9,10,11,12,13,3],[12,0,1,6,3],[8,0,3,1,4,2,5,7,8,9,7],[8,0,1,6,2,7,8,9,5],[9,0,1,16,2,17,3,8,9,10,4,18,11,5,6,7,19,14,20,15,23,24,25,26,27,28,29,20],[9,0,1,2,3,4,21,12,5,6,7,22,13,14,15,23,24,25,26,27,28,30,29,15],[14,0,1,2,3,4,8,6],[14,5,0,6,1,2,7,3,4,8,9],[20,0,1,1],[21,0,1,2,3],[22,0,1,2,3,4,5],[23,0,1,2,4],[24,0,1,2]],[[[[22,"MegaWinLoop",7.5,40,2,[{},"paths",11,[{"Particle1":{"props":{"active":[{"frame":0,"value":true}]}},"Particle2":{"props":{"active":[{"frame":0,"value":true}]}},"Particle3":{"props":{"active":[{"frame":0,"value":true}]}},"mw_coin_a":{"props":{"y":[{"frame":0,"value":95},{"frame":0.75,"value":80},{"frame":1.5,"value":95},{"frame":2.25,"value":80},{"frame":3,"value":95},{"frame":3.75,"value":80},{"frame":4.5,"value":95},{"frame":5.25,"value":80},{"frame":6,"value":95},{"frame":6.75,"value":80},{"frame":7.5,"value":95}]}},"mw_coin_b":{"props":{"y":[{"frame":0,"value":81.242},{"frame":0.75,"value":96.242},{"frame":1.5,"value":81.242},{"frame":2.25,"value":96.242},{"frame":3,"value":81.242},{"frame":3.75,"value":96.242},{"frame":4.5,"value":81.242},{"frame":5.25,"value":96.242},{"frame":6,"value":81.242},{"frame":6.75,"value":96.242},{"frame":7.5,"value":81.242}]}}},"tw_shine",11,[{},"props",11,[{},"scale",12,[[[{"frame":0},"value",8,[1,3,3,1]],[{"frame":0.75},"value",8,[1,2.5,2.5,1]],[{"frame":1.5},"value",8,[1,3,3,1]],[{"frame":2.25},"value",8,[1,2.5,2.5,1]],[{"frame":3},"value",8,[1,3,3,1]],[{"frame":3.75},"value",8,[1,2.5,2.5,1]],[{"frame":4.5},"value",8,[1,3,3,1]],[{"frame":5.25},"value",8,[1,2.5,2.5,1]],[{"frame":6},"value",8,[1,3,3,1]],[{"frame":6.75},"value",8,[1,2.5,2.5,1]],[{"frame":7.5},"value",8,[1,3,3,1]]],11,11,11,11,11,11,11,11,11,11,11]]],"tw_shine copy",11,[{},"props",11,[{},"scale",12,[[[{"frame":0},"value",8,[1,2.5,2.5,1]],[{"frame":0.75},"value",8,[1,3,3,1]],[{"frame":1.5},"value",8,[1,2.5,2.5,1]],[{"frame":2.25},"value",8,[1,3,3,1]],[{"frame":3},"value",8,[1,2.5,2.5,1]],[{"frame":3.75},"value",8,[1,3,3,1]],[{"frame":4.5},"value",8,[1,2.5,2.5,1]],[{"frame":5.25},"value",8,[1,3,3,1]],[{"frame":6},"value",8,[1,2.5,2.5,1]],[{"frame":6.75},"value",8,[1,3,3,1]],[{"frame":7.5},"value",8,[1,2.5,2.5,1]]],11,11,11,11,11,11,11,11,11,11,11]]]]]]],0,0,[],[],[]],[[{"name":"decimal","rect":[84,724,60,64],"offset":[0,0],"originalSize":[60,64],"capInsets":[0,0,0,0]}],[0],0,[0],[2],[1]],[[{"name":"b02068d1-27d7-4cea-b744-3cc83bf9d959","rect":[0,0,256,256],"offset":[0,0],"originalSize":[256,256],"capInsets":[0,0,0,0]}],[0],0,[0],[2],[16]],[[{"name":"3","rect":[1,459,113,150],"offset":[0,0],"originalSize":[113,150],"capInsets":[0,0,0,0]}],[0],0,[0],[2],[1]],[[[25,"MegaWinStart",1,[{},"paths",11,[{"tw_shine":{"props":{"opacity":[{"frame":0,"value":0},{"frame":0.25,"value":0},{"frame":0.3333333333333333,"value":150}]}},"tw_shine copy":{"props":{"opacity":[{"frame":0,"value":0},{"frame":0.25,"value":0},{"frame":0.3333333333333333,"value":150}]}}},"bw_bg",11,[{},"props",11,[{},"scale",12,[[[{"frame":0},"value",8,[1,0,0,1]],[{"frame":0.16666666666666666},"value",8,[1,1,1,1]],[{"frame":0.25},"value",8,[1,1.1,1.1,1]],[{"frame":0.3333333333333333},"value",8,[1,1,1,1]]],11,11,11,11]]],"megawin_atlas_bigwin",11,[{},"props",11,[{},"scale",12,[[[{"frame":0},"value",8,[1,0,0,1]],[{"frame":0.16666666666666666},"value",8,[1,0.9,0.9,1]],[{"frame":0.25},"value",8,[1,0.8,0.8,1]]],11,11,11]]],"mw",11,[{},"props",11,[{},"scale",12,[[[{"frame":0},"value",8,[1,0,0,1]],[{"frame":0.16666666666666666},"value",8,[1,1.1,1.1,1]],[{"frame":0.25},"value",8,[1,1,1,1]]],11,11,11]]],"mw_bg_coin",11,[{},"props",11,[{},"scale",12,[[[{"frame":0},"value",8,[1,0,0,1]],[{"frame":0.16666666666666666},"value",8,[1,0.8,0.8,1]],[{"frame":0.25},"value",8,[1,0.7,0.7,1]]],11,11,11]]],"bw_shine",11,[{},"props",11,[{"opacity":[{"frame":0,"value":0},{"frame":0.25,"value":200},{"frame":0.6666666666666666,"value":150},{"frame":1,"value":100}]},"scale",12,[[[{"frame":0},"value",8,[1,1,1,1]],[{"frame":0.25},"value",8,[1,1,1,1]],[{"frame":0.6666666666666666},"value",8,[1,5,5,1]]],11,11,11]]],"mw_coin_a",11,[{},"props",11,[{},"scale",12,[[[{"frame":0},"value",8,[1,0,0,1]],[{"frame":0.16666666666666666},"value",8,[1,1.1,1.1,1]],[{"frame":0.25},"value",8,[1,1,1,1]]],11,11,11]]],"mw_coin_b",11,[{},"props",11,[{},"scale",12,[[[{"frame":0},"value",8,[1,0,0,1]],[{"frame":0.16666666666666666},"value",8,[1,1.1,1.1,1]],[{"frame":0.25},"value",8,[1,1,1,1]]],11,11,11]]]]]]],0,0,[],[],[]],[[{"name":"7","rect":[118,152,105,146],"offset":[0,0],"originalSize":[105,146],"capInsets":[0,0,0,0]}],[0],0,[0],[2],[1]],[[{"name":"comma","rect":[1,724,64,81],"offset":[0,0],"originalSize":[64,81],"rotated":1,"capInsets":[0,0,0,0]}],[0],0,[0],[2],[1]],[[{"name":"2","rect":[117,307,118,147],"offset":[0,0],"originalSize":[118,147],"capInsets":[0,0,0,0]}],[0],0,[0],[2],[1]],[[[32,"BigWin"],[33,"BigWin",[-12,-13,-14,-15,-16,-17,-18,-19,-20,-21],[[[27,-2],[47,-10,-9,-8,-7,-6,-5,-4,-3],-11],4,4,1],[48,-1,0],[5,720,1280]],[35,"BigWin",1,[-23,-24,-25,-26,-27,-28,-29,-30,-31,-32,-33,-34,-35,-36],[-22],[0,"66OTiPsNVAxI9PdhZQFztQ",1,0],[0,62.909,0,0,0,0,1,1,1,1]],[36,"MegaWin",false,1,[-38,-39,-40,-41,-42,-43,-44,-45,-46,-47,-48,-49,-50],[-37],[0,"92xDVJWZdNHpAsyDGEUJG4",1,0],[0,62.909,0,0,0,0,1,1,1,1]],[37,"SuperWin",false,1,[-52,-53,-54,-55,-56,-57,-58,-59,-60,-61,-62,-63,-64],[-51],[0,"6fPzKDIhFL2qhgkYzu+gEw",1,0]],[38,"lbJackPot",[-66,-67,-68,-69,-70,-71,-72,-73,-74,-75],[-65],[0,"a4aTir1GFLNYuWP/q4yFCw",1,0],[5,530,0],[-16.308,-54.038,0,0,0,0,1,1.3,1.3,1.3]],[39,"lbMoney",1,[-77,-78,-79,-80,-81,-82],[-76],[0,"f5dLki9ZlLToJKICl6B98r",1,0],[5,420,0],[0,-251.672,0,0,0,0,1,1,1,1]],[34,"Jackpot",false,1,[-83,-84,5,-85,-86],[0,"8cfHUCG1JAsbtoOnuchkOx",1,0]],[3,"tw_num_particle",1,[[16,1,2,false,-87,[85],86],[49,true,-88,[88],87]],[0,"159KtWHFVCoKCzP/4XkY4D",1,0],[5,726,275],[0,-233.479,0,0,0,0,1,2,2,1]],[40,"sprite_splash",150,7,[[28,0,-89,[103],104],[27,-90]],[0,"30b//LHcJGAbXftGIMOgEz",1,0],[4,4278190080],[5,720,1280],[-16.308,96.034,0,0,0,0,1,1.3,1.3,1.3]],[41,"New Sprite(Splash)",150,1,[[28,0,-91,[0],1]],[0,"c8CoCYWVBAVaEsTN0mjR2V",1,0],[4,4278190080],[5,720,1280]],[42,"bw_shine",false,1,[[16,1,2,false,-92,[2],3]],[0,"5bb1eQhjpN65irytBQVt48",1,0],[5,1059,1115],[24.765,81.28400000000002,0,0,0,0,1,3,3,3]],[10,"Particle1",false,true,2,[[11,1000,20,-93,[4],[7,1],[12,1.5,1.5],[8],[4,3,0.8,1.2],[13,3,10,15,5],[14,3,360],[1],[4,3,25,30],[1],[15,true,1,2,0,1.5707963267948966,360,[1]],[17,true,1,6,1,2,1,[1],[1]]]],[0,"1fcSrk/gpFF6dQ8XIUMM1b",1,0],[4.034,15.268,120.34,0,0,0,1,42,42,1]],[10,"Particle2",false,true,2,[[11,1000,20,-94,[5],[1],[12,1.5,1.5],[8],[4,3,0.8,1.2],[13,3,10,15,5],[14,3,360],[1],[4,3,25,30],[1],[15,true,1,2,0,1.5707963267948966,360,[1]],[17,true,1,6,1,1,1,[1],[1]]]],[0,"bed3pGKZhCNIOuPXF09SwJ",1,0],[4.034,15.268,120.34,0,0,0,1,42,42,1]],[10,"Particle3",false,true,2,[[11,1000,20,-95,[6],[7,0.5],[12,1.5,1.5],[8],[4,3,0.8,1.2],[13,3,10,15,5],[14,3,360],[1],[4,3,25,30],[1],[15,true,1,2,0,1.5707963267948966,360,[1]],[23,true,1,6,1,1,[1],[1]]]],[0,"08PLus8g5GELskpkHKmajb",1,0],[4.034,15.268,120.34,0,0,0,1,42,42,1]],[3,"bw_shine",2,[[16,1,2,false,-96,[7],8]],[0,"8ds67M60RIvKsaB8IaSa84",1,0],[5,1059,1115],[24.765,81.28400000000002,0,0,0,0,1,3,3,3]],[3,"tw_shine",2,[[16,1,2,false,-97,[9],10]],[0,"164XKutKxCz66t6Gtz+EjU",1,0],[5,843,1111],[18.027,-32.746,0,0,0,0,1,2,2,1]],[43,"tw_shine copy",2,[[16,1,2,false,-98,[11],12]],[0,"8fxR8AY5pBVrKBKfFuiSKD",1,0],[5,843,1111],[18.027,-32.746,0,0,0,0.13052619222005157,0.9914448613738104,2.5,2.5,1],[1,0,0,15]],[3,"bw_bg",2,[[2,-99,[13],14]],[0,"65dT0RcBxPD7vNQf/164eN",1,0],[5,758,779],[0,49.214,0,0,0,0,1,1,1,1]],[3,"bw_coin_a",2,[[2,-100,[15],16]],[0,"72wNKPN/JDDbkwMvec6X3j",1,0],[5,575,332],[0,215.3,0,0,0,0,1,0,0,1]],[3,"bw_coin_b",2,[[2,-101,[17],18]],[0,"0a4B/GgEZGL55t6KAtihJ4",1,0],[5,688,215],[0,237.143,0,0,0,0,1,0,0,1]],[3,"bigwin_atlas_bigwin",2,[[53,"default","spawn",0,false,"spawn",1,-102,[19],20]],[0,"ee5knCLcZF64de5LR21u8k",1,0],[5,578.2,758.8],[0,-194.531,0,0,0,0,1,1,1,1]],[3,"bw_bg_coin",2,[[2,-103,[21],22]],[0,"6dmGd2F1dJ9pKxrCop5uOi",1,0],[5,719,333],[-11.955,-109.568,0,0,0,0,1,1,1,1]],[3,"bw",2,[[2,-104,[23],24]],[0,"bcOV6//E9MAo0hNPHOFUrH",1,0],[5,643,183],[0,-88.817,0,0,0,0,1,1,1,1]],[18,"Particle",2,[[24,1,true,50,100,0.20000000298023224,1,0,0,70,2,0,0,0,200,-105,[25],[4,4294967295],[4,3338665983],[4,4278190080],[4,4278190080],[0,300,100],[0,0.25,0.8600000143051147],26,27]],[0,"0ebT86OIJPYp5ft1QhrZM2",1,0],[-20.086,-100.873,0,0,0,0,1,1,1,1]],[44,"New 3D Particle",false,true,2,[[51,1,20,-106,[28],[1],[7,5],[8],[7,1],[7,5],[1],[1],[7,10],[1],[52,true,0,[1]]]],[0,"183jkLa7xNsKoUR863xoQ5",1,0]],[29,2,[29,30]],[10,"Particle1",false,true,3,[[11,1000,20,-107,[31],[7,1],[12,1.5,1.5],[8],[4,3,0.8,1.2],[13,3,10,15,5],[14,3,360],[1],[4,3,25,30],[1],[15,true,1,2,0,1.5707963267948966,360,[1]],[17,true,1,6,1,2,1,[1],[1]]]],[0,"57ePdiwQZEHaMMjgbDAnAg",1,0],[4.034,15.268,120.34,0,0,0,1,42,42,1]],[10,"Particle2",false,true,3,[[11,1000,20,-108,[32],[1],[12,1.5,1.5],[8],[4,3,0.8,1.2],[13,3,10,15,5],[14,3,360],[1],[4,3,25,30],[1],[15,true,1,2,0,1.5707963267948966,360,[1]],[17,true,1,6,1,1,1,[1],[1]]]],[0,"4465+izqRGBLTbRHco5UVe",1,0],[4.034,15.268,120.34,0,0,0,1,42,42,1]],[10,"Particle3",false,true,3,[[11,1000,20,-109,[33],[7,0.5],[12,1.5,1.5],[8],[4,3,0.8,1.2],[13,3,10,15,5],[14,3,360],[1],[4,3,25,30],[1],[15,true,1,2,0,1.5707963267948966,360,[1]],[23,true,1,6,1,1,[1],[1]]]],[0,"56yHR//uFN/a3eSSAiTrNd",1,0],[4.034,15.268,120.34,0,0,0,1,42,42,1]],[45,"bw_shine",3,[[16,1,2,false,-110,[34],35]],[0,"9bQmXFp+JKKqK/YbzLndK1",1,0],[5,1059,1115]],[20,"tw_shine",150,3,[[19,1,-111,[36],37]],[0,"85S8VAUs5L3I47CDcyLxya",1,0],[5,843,1111],[0,0,0,0,0,0,1,3,3,1]],[26,"tw_shine copy",150,3,[[19,1,-112,[38],39]],[0,"37xfs3CF9MPrAxwiO/gXgx",1,0],[5,843,1111],[0,0,0,0,0,-0.9837959766282247,-0.1792915959271863,3,3,1],[1,0,0,-200.65699999999998]],[21,"bw_bg",3,[[2,-113,[40],41]],[0,"5cuL5c84RIva7777wZTjwZ",1,0],[5,758,779],[0,0.5,0.2],[0,-208.031,0,0,0,0,1,1,1,1]],[3,"mw_coin_a",3,[[2,-114,[42],43]],[0,"4dsRo2LyVI/52x2eMFcTC+",1,0],[5,717,849],[6.499,81.242,0,0,0,0,1,1,1,1]],[3,"mw_coin_b",3,[[2,-115,[44],45]],[0,"69yfQrHUBFv4hrrqZsC48+",1,0],[5,745,776],[16.249,40.752,0,0,0,0,1,1,1,1]],[3,"megawin_atlas_bigwin",3,[[30,"default","idle",0,"idle",-116,[46],47]],[0,"c7FeFFrQhPgI9p4zE7K6+y",1,0],[5,841.85,589.87],[0,6.972,0,0,0,0,1,0.7,0.7,1]],[3,"mw_bg_coin",3,[[2,-117,[48],49]],[0,"feLdvOtYNI8qDt533KLWXg",1,0],[5,746,381],[-3.341,-86.754,0,0,0,0,1,0.8,0.8,1]],[21,"mw",3,[[2,-118,[50],51]],[0,"a6tpQdWjNH/a1wI4SMGODz",1,0],[5,497,321],[0,0.5,0],[0,-212.784,0,0,0,0,1,1,1,1]],[18,"Particle",3,[[24,1,true,50,100,0.20000000298023224,1,0,0,70,2,0,0,0,200,-119,[52],[4,4294967295],[4,3338665983],[4,4278190080],[4,4278190080],[0,300,100],[0,0.25,0.8600000143051147],53,54]],[0,"6340BWR7JLNLsRIepTd/ks",1,0],[4.151,-61.721,0,0,0,0,1,1,1,1]],[29,3,[55,56]],[10,"Particle1",false,true,4,[[11,1000,20,-120,[57],[7,1],[12,1.5,1.5],[8],[4,3,0.8,1.2],[13,3,10,15,5],[14,3,360],[1],[4,3,25,30],[1],[15,true,1,2,0,1.5707963267948966,360,[1]],[17,true,1,6,1,2,1,[1],[1]]]],[0,"39l6dAyqBFdJyEPTMYm5Wa",1,0],[4.034,15.268,120.34,0,0,0,1,42,42,1]],[10,"Particle2",false,true,4,[[11,1000,20,-121,[58],[1],[12,1.5,1.5],[8],[4,3,0.8,1.2],[13,3,10,15,5],[14,3,360],[1],[4,3,25,30],[1],[15,true,1,2,0,1.5707963267948966,360,[1]],[17,true,1,6,1,1,1,[1],[1]]]],[0,"d2xlT7oLBI6qGqarfjOK2v",1,0],[4.034,15.268,120.34,0,0,0,1,42,42,1]],[10,"Particle3",false,true,4,[[11,1000,20,-122,[59],[7,0.5],[12,1.5,1.5],[8],[4,3,0.8,1.2],[13,3,10,15,5],[14,3,360],[1],[4,3,25,30],[1],[15,true,1,2,0,1.5707963267948966,360,[1]],[23,true,1,6,1,1,[1],[1]]]],[0,"fbMIFdtHpOs7Mz9zkNhQZb",1,0],[4.034,15.268,120.34,0,0,0,1,42,42,1]],[20,"tw_shine",150,4,[[19,1,-123,[60],61]],[0,"7enHXpUMlDV4S6MfRnn5kc",1,0],[5,843,1111],[0,0,0,0,0,0,1,3,3,1]],[26,"tw_shine copy",150,4,[[19,1,-124,[62],63]],[0,"58uSw3kqRHe5lHGtxC3qwe",1,0],[5,843,1111],[0,0,0,0,0,-0.9837959766282247,-0.1792915959271863,3,3,1],[1,0,0,-200.65699999999998]],[20,"bw_shine",100,4,[[16,1,2,false,-125,[64],65]],[0,"f9XmeO88VOxr14cCfqeaWF",1,0],[5,1059,1115],[0,0,0,0,0,0,1,5,5,1]],[21,"bw_bg",4,[[2,-126,[66],67]],[0,"8f0BrayYlI55dY8LJ9uoVj",1,0],[5,758,779],[0,0.5,0.3],[0,68.497,0,0,0,0,1,1,1,1]],[3,"smegawin_atlas_bigwin",4,[[30,"default","idle",0,"idle",-127,[68],69]],[0,"fbEyOvcNpI/pXR/0xs3WhM",1,0],[5,836.36,608],[65.009,189.279,0,0,0,0,1,0.7,0.7,1]],[3,"smw_coin_a",4,[[2,-128,[70],71]],[0,"44elMZoLBNVZQ87oFH8k5p",1,0],[5,741,993],[-6.606,90.275,0,0,0,0,1,1,1,1]],[3,"smw_coin_b",4,[[2,-129,[72],73]],[0,"0fI8Y1i0FHuqaeJ0pgHnW6",1,0],[5,694,1105],[0,74.862,0,0,0,0,1,1,1,1]],[3,"smw_bg_coin",4,[[2,-130,[74],75]],[0,"c3ZLd6x55Ay7jEtxS1FdPi",1,0],[5,758,457],[0,-1.661,0,0,0,0,1,1,1,1]],[21,"smw",4,[[2,-131,[76],77]],[0,"39MfHE2P5HHKfmxbw4/IgV",1,0],[5,517,301],[0,0.5,0],[-2.6,-80.472,0,0,0,0,1,1,1,1]],[18,"Particle",4,[[24,1,true,50,100,0.20000000298023224,1,0,0,70,2,0,0,0,200,-132,[78],[4,4294967295],[4,3338665983],[4,4278190080],[4,4278190080],[0,300,100],[0,0.25,0.8600000143051147],79,80]],[0,"32vxoQ+A9LRZZ00VBJecMF",1,0],[-15.682,37.843,0,0,0,0,1,1,1,1]],[50,true,4,[81,82]],[20,"g_transition",200,1,[[16,1,2,false,-133,[83],84]],[0,"32yuG7V99PwLWVaCySjZeE",1,0],[5,1075,595],[3.552,-205.077,0,0,0,0,1,1.5,1.2,1]],[46,"g_ui_shine",false,150,1,[[19,1,-134,[89],90]],[0,"04qRaLxjlKO6bYOZBneKQp",1,0],[5,1503,907],[36.873,-293.738,0,0,0,0,1,2,2,1]],[5,"1",6,[-135],[0,"25Q8RGcDRPeY3lCxTNSP+0",1,0],[5,80,0],[0,0.5,0],[-170,-10,0,0,0,0,1,0.8,0.8,0.8]],[6,"New Node",57,[[2,-136,[91],92]],[0,"4eO9wTJPtNbb4CeXXucfDg",1,0],[5,67,145],[0,0.5,0]],[5,"0",6,[-137],[0,"54fhcC9PJOpZtgZK4qLSg+",1,0],[5,80,0],[0,0.5,0],[-90,-10,0,0,0,0,1,0.8,0.8,0.8]],[6,"New Node",59,[[2,-138,[93],94]],[0,"a8xT+nsI9COo8N1zIRZBnX",1,0],[5,112,148],[0,0.5,0]],[5,".",6,[-139],[0,"959o2xg7lB2ahOFpWm6qcM",1,0],[5,20,0],[0,0.5,0],[-40,-10,0,0,0,0,1,0.8,0.8,0.8]],[6,"New Node",61,[[2,-140,[95],96]],[0,"65YTgMNWlHY75WUQUcmQGE",1,0],[5,40,51],[0,0.5,0]],[5,"0",6,[-141],[0,"7dWeumlkdF6ZV4UviVJmTm",1,0],[5,80,0],[0,0.5,0],[10,-10,0,0,0,0,1,0.8,0.8,0.8]],[6,"New Node",63,[[2,-142,[97],98]],[0,"21Nl5neWVP2pKpb9N3os3t",1,0],[5,112,148],[0,0.5,0]],[5,"0",6,[-143],[0,"ffprZvx6RD/aL3QPtlz0pZ",1,0],[5,80,0],[0,0.5,0],[90,-10,0,0,0,0,1,0.8,0.8,0.8]],[6,"New Node",65,[[2,-144,[99],100]],[0,"feem2qUotOtLZ+tCWonjEb",1,0],[5,112,148],[0,0.5,0]],[5,"0",6,[-145],[0,"04mRE0N15K85qdD/boxF68",1,0],[5,80,0],[0,0.5,0],[170,-10,0,0,0,0,1,0.8,0.8,0.8]],[6,"New Node",67,[[2,-146,[101],102]],[0,"c2bVUd5BFB7bPFdMKmTEFq",1,0],[5,112,148],[0,0.5,0]],[57,"","10.000",80,0.8,[null,null,null,null,null,null,null,null,null,null,null,null],6],[3,"jackpot",7,[[54,"default",0,1.5,"Idle",-147,[105],106]],[0,"fetwlfa65NR7vlfNRKirSQ",1,0],[5,757.06,737.45],[-16.308,96.034,0,0,0,0,1,1.3,1.3,1.3]],[5,"1",5,[-148],[0,"2deRM6z/1Ah4UXbJXc4Gbo",1,0],[5,60,0],[0,0.5,0],[-235,-10,0,0,0,0,1,2,2,2]],[6,"New Node",71,[[9,"1",false,-149,[107],108]],[0,"0dpjPjIj5N+KPw1/5BfVQT",1,0],[5,20,40],[0,0.5,0]],[5,"0",5,[-150],[0,"cb73stpBpEwZNELrd9nF+y",1,0],[5,60,0],[0,0.5,0],[-175,-10,0,0,0,0,1,2,2,2]],[6,"New Node",73,[[9,"0",false,-151,[109],110]],[0,"e57UA35zNBW6Sa7l0czj/j",1,0],[5,37.5,40],[0,0.5,0]],[5,".",5,[-152],[0,"1f+E6k3XlHTaEsmrX5f+pU",1,0],[5,25,0],[0,0.5,0],[-132.5,-10,0,0,0,0,1,2,2,2]],[6,"New Node",75,[[9,".",false,-153,[111],112]],[0,"b1t5hkCGtAUKWmCqbA/HnM",1,0],[5,15,40],[0,0.5,0]],[5,"0",5,[-154],[0,"afbOQjwl9CD5ZTQQLOtybP",1,0],[5,60,0],[0,0.5,0],[-90,-10,0,0,0,0,1,2,2,2]],[6,"New Node",77,[[9,"0",false,-155,[113],114]],[0,"87HielAYFBI6JPrj2+6Io8",1,0],[5,37.5,40],[0,0.5,0]],[5,"0",5,[-156],[0,"a3PfY1dxFKKKga7xJfrFvt",1,0],[5,60,0],[0,0.5,0],[-30,-10,0,0,0,0,1,2,2,2]],[6,"New Node",79,[[9,"0",false,-157,[115],116]],[0,"0327x3+nVE0JnNLhdQFlUS",1,0],[5,37.5,40],[0,0.5,0]],[5,"0",5,[-158],[0,"61c4RbbOJJC7nKkz93QabJ",1,0],[5,60,0],[0,0.5,0],[30,-10,0,0,0,0,1,2,2,2]],[6,"New Node",81,[[9,"0",false,-159,[117],118]],[0,"5cZDtXB6tJDJP3lrjfYRXf",1,0],[5,37.5,40],[0,0.5,0]],[5,".",5,[-160],[0,"58pI8yzLRDm6cZamvP8/jU",1,0],[5,25,0],[0,0.5,0],[72.5,-10,0,0,0,0,1,2,2,2]],[6,"New Node",83,[[9,".",false,-161,[119],120]],[0,"0eVXYa3ldOz6bgNu80oJc4",1,0],[5,15,40],[0,0.5,0]],[5,"0",5,[-162],[0,"7eH/4vNVNGdqK8hlHJm//J",1,0],[5,60,0],[0,0.5,0],[115,-10,0,0,0,0,1,2,2,2]],[6,"New Node",85,[[9,"0",false,-163,[121],122]],[0,"38nuEXRHRGCr5u6pZJeqT/",1,0],[5,37.5,40],[0,0.5,0]],[5,"0",5,[-164],[0,"e5E5ARwC9HkqKdHDTD9ACo",1,0],[5,60,0],[0,0.5,0],[175,-10,0,0,0,0,1,2,2,2]],[6,"New Node",87,[[9,"0",false,-165,[123],124]],[0,"4dJn5LAi9NxI2gmNyNwYga",1,0],[5,37.5,40],[0,0.5,0]],[5,"0",5,[-166],[0,"dculbpxBJF9oMpk0Jqdzej",1,0],[5,60,0],[0,0.5,0],[235,-10,0,0,0,0,1,2,2,2]],[6,"New Node",89,[[9,"0",false,-167,[125],126]],[0,"93sehlYO5CO5JBWKzbg2J3",1,0],[5,37.5,40],[0,0.5,0]],[58,2,"",true,"10.000.000",60,25,2,[null,null,null,null,null,null,null,null,null,null,null,null],5],[18,"PaticleShow",7,[[55,1,true,false,100,0.5,600,3,5,360,360,10,60,300,0,0,60,50,50,50,-168,[127],[4,4294967295],[4,0],[4,16777215],[4,0],128]],[0,"8dSRf+7whOwa9j93HkXKKy",1,0],[-9.5571,121.7064,0,0,0,0,1,1.3,1.3,1.3]],[18,"particle2",7,[[56,1,true,100,100,360,50,2,80,10,0,true,100,100,200,-169,[129],[4,4294967295],[4,4278190080],[4,0],[4,4278190080],[0,400,350],130]],[0,"edx5pSXzxEtKSDKDzMNDoK",1,0],[-17.933,116.9458,0,0,0,0,1,1.3,1.3,1.3]],[59,1,[[60,"ed905nILIdAx47oqlinLTaU","onClickBtnShowFast",1]]]],0,[0,8,1,0,0,1,0,9,94,0,10,91,0,11,69,0,12,7,0,13,54,0,14,40,0,15,26,0,0,1,0,-3,94,0,-1,10,0,-2,11,0,-3,2,0,-4,3,0,-5,4,0,-6,55,0,-7,8,0,-8,56,0,-9,6,0,-10,7,0,-1,26,0,-1,12,0,-2,13,0,-3,14,0,-4,15,0,-5,16,0,-6,17,0,-7,18,0,-8,19,0,-9,20,0,-10,21,0,-11,22,0,-12,23,0,-13,24,0,-14,25,0,-1,40,0,-1,27,0,-2,28,0,-3,29,0,-4,30,0,-5,31,0,-6,32,0,-7,33,0,-8,34,0,-9,35,0,-10,36,0,-11,37,0,-12,38,0,-13,39,0,-1,54,0,-1,41,0,-2,42,0,-3,43,0,-4,44,0,-5,45,0,-6,46,0,-7,47,0,-8,48,0,-9,49,0,-10,50,0,-11,51,0,-12,52,0,-13,53,0,-1,91,0,-1,71,0,-2,73,0,-3,75,0,-4,77,0,-5,79,0,-6,81,0,-7,83,0,-8,85,0,-9,87,0,-10,89,0,-1,69,0,-1,57,0,-2,59,0,-3,61,0,-4,63,0,-5,65,0,-6,67,0,-1,9,0,-2,70,0,-4,92,0,-5,93,0,0,8,0,0,8,0,0,9,0,0,9,0,0,10,0,0,11,0,0,12,0,0,13,0,0,14,0,0,15,0,0,16,0,0,17,0,0,18,0,0,19,0,0,20,0,0,21,0,0,22,0,0,23,0,0,24,0,0,25,0,0,27,0,0,28,0,0,29,0,0,30,0,0,31,0,0,32,0,0,33,0,0,34,0,0,35,0,0,36,0,0,37,0,0,38,0,0,39,0,0,41,0,0,42,0,0,43,0,0,44,0,0,45,0,0,46,0,0,47,0,0,48,0,0,49,0,0,50,0,0,51,0,0,52,0,0,53,0,0,55,0,0,56,0,-1,58,0,0,58,0,-1,60,0,0,60,0,-1,62,0,0,62,0,-1,64,0,0,64,0,-1,66,0,0,66,0,-1,68,0,0,68,0,0,70,0,-1,72,0,0,72,0,-1,74,0,0,74,0,-1,76,0,0,76,0,-1,78,0,0,78,0,-1,80,0,0,80,0,-1,82,0,0,82,0,-1,84,0,0,84,0,-1,86,0,0,86,0,-1,88,0,0,88,0,-1,90,0,0,90,0,0,92,0,0,93,0,16,1,5,17,7,169],[0,0,0,0,0,0,0,0,0,0,0,0,0,0,0,0,0,0,0,0,0,0,0,0,0,0,0,0,0,0,0,0,0,0,0,0,0,0,0,0,0,0,0,0,0,0,0,0,0,0,0,0,0,0,0,0,0,0,0,0,0,0,0,0,0,0,0,0,0,0,0,0,0,0,0,0,0,0,0,0,0,0,0,0,0,0,0,0,0,0,0,0,0,0,0,0,0,0,0,0,0,0,0,0,0,0,0,0,0,0,0,0,0,0,0,0,0,0,0,0,0,0,0,0,0,0,0,0,0,0,0,26,40,54,69,91,91],[-1,1,-1,1,-1,-1,-1,-1,1,-1,1,-1,1,-1,1,-1,1,-1,1,-1,4,-1,1,-1,1,-1,6,1,-1,-1,-2,-1,-1,-1,-1,1,-1,1,-1,1,-1,1,-1,1,-1,1,-1,4,-1,1,-1,1,-1,6,1,-1,-2,-1,-1,-1,-1,1,-1,1,-1,1,-1,1,-1,4,-1,1,-1,1,-1,1,-1,1,-1,6,1,-1,-2,-1,1,-1,1,5,-1,-1,1,-1,1,-1,1,-1,1,-1,1,-1,1,-1,1,-1,1,-1,4,-1,3,-1,3,-1,3,-1,3,-1,3,-1,3,-1,3,-1,3,-1,3,-1,3,-1,1,-1,1,5,5,5,7,7,18],[0,11,0,5,3,3,3,0,5,0,4,0,4,0,8,0,17,0,18,6,19,0,20,0,21,0,9,10,3,12,22,3,3,3,0,5,0,4,0,4,0,8,0,23,0,24,6,25,0,26,0,27,0,9,10,13,28,3,3,3,0,4,0,4,0,5,0,8,6,29,0,30,0,31,0,32,0,33,0,9,10,14,34,0,35,0,36,15,15,0,37,0,38,0,7,0,39,0,7,0,7,0,7,0,11,6,40,0,2,0,2,0,2,0,2,0,2,0,2,0,2,0,2,0,2,0,2,0,41,0,42,12,13,14,43,44,2]],[[{"name":"18ae2916-3403-44a0-ad33-d36599073dfc","rect":[0,0,79,78],"offset":[0,0],"originalSize":[79,78],"capInsets":[0,0,0,0]}],[0],0,[0],[2],[45]],[[{"name":"4","rect":[1,1,115,151],"offset":[0,0],"originalSize":[115,151],"capInsets":[0,0,0,0]}],[0],0,[0],[2],[1]],[[{"name":"bw_shine","rect":[0,0,1059,1115],"offset":[0,0],"originalSize":[1059,1115],"capInsets":[0,0,0,0]}],[0],0,[0],[2],[46]],[[{"name":"8","rect":[1,307,114,150],"offset":[0,0],"originalSize":[114,150],"capInsets":[0,0,0,0]}],[0],0,[0],[2],[1]],[[[22,"BigWinLoop",7.5,40,2,[{},"paths",11,[{"bw_coin_b":{"props":{"y":[{"frame":0,"value":237.143},{"frame":1,"value":252.143},{"frame":2,"value":237.143},{"frame":3,"value":252.143},{"frame":4,"value":237.143},{"frame":5,"value":252.143},{"frame":6,"value":237.143}]}},"bw_coin_a":{"props":{"y":[{"frame":0,"value":215.3},{"frame":1,"value":200.3},{"frame":2,"value":215.3},{"frame":3,"value":200.3},{"frame":4,"value":215.3},{"frame":5,"value":200.3},{"frame":6,"value":215.3}]}}},"tw_shine",11,[{},"props",11,[{},"scale",12,[[[{"frame":0},"value",8,[1,2,2,1]],[{"frame":0.75},"value",8,[1,2.5,2.5,1]],[{"frame":1.5},"value",8,[1,2,2,1]],[{"frame":2.25},"value",8,[1,2.5,2.5,1]],[{"frame":3},"value",8,[1,2,2,1]],[{"frame":3.75},"value",8,[1,2.5,2.5,1]],[{"frame":4.5},"value",8,[1,2,2,1]],[{"frame":5.25},"value",8,[1,2.5,2.5,1]],[{"frame":6},"value",8,[1,2,2,1]],[{"frame":6.75},"value",8,[1,2.5,2.5,1]],[{"frame":7.5},"value",8,[1,2,2,1]]],11,11,11,11,11,11,11,11,11,11,11]]],"tw_shine copy",11,[{},"props",11,[{},"scale",12,[[[{"frame":0},"value",8,[1,2.5,2.5,1]],[{"frame":0.75},"value",8,[1,2,2,1]],[{"frame":1.5},"value",8,[1,2.5,2.5,1]],[{"frame":2.25},"value",8,[1,2,2,1]],[{"frame":3},"value",8,[1,2.5,2.5,1]],[{"frame":3.75},"value",8,[1,2,2,1]],[{"frame":4.5},"value",8,[1,2.5,2.5,1]],[{"frame":5.25},"value",8,[1,2,2,1]],[{"frame":6},"value",8,[1,2.5,2.5,1]],[{"frame":6.75},"value",8,[1,2,2,1]],[{"frame":7.5},"value",8,[1,2.5,2.5,1]]],11,11,11,11,11,11,11,11,11,11,11]]]]]]],0,0,[],[],[]],[[[25,"SuperWinStart",0.9166666666666666,[{},"paths",11,[{"tw_shine":{"props":{"opacity":[{"frame":0,"value":0},{"frame":0.16666666666666666,"value":0},{"frame":0.25,"value":150}]}},"tw_shine copy":{"props":{"opacity":[{"frame":0,"value":0},{"frame":0.16666666666666666,"value":0},{"frame":0.25,"value":150}]}}},"bw_bg",11,[{},"props",11,[{},"scale",12,[[[{"frame":0},"value",8,[1,0,0,1]],[{"frame":0.2},"value",8,[1,1.1,1.1,1]],[{"frame":0.25},"value",8,[1,1,1,1]]],11,11,11]]],"smegawin_atlas_bigwin",11,[{},"props",11,[{},"scale",12,[[[{"frame":0},"value",8,[1,0,0,1]],[{"frame":0.16666666666666666},"value",8,[1,0.8,0.8,1]],[{"frame":0.25},"value",8,[1,0.7,0.7,1]]],11,11,11]]],"smw_coin_a",11,[{},"props",11,[{},"scale",12,[[[{"frame":0},"value",8,[1,0,0,1]],[{"frame":0.16666666666666666},"value",8,[1,1.1,1.1,1]],[{"frame":0.25},"value",8,[1,1,1,1]]],11,11,11]]],"smw_coin_b",11,[{},"props",11,[{},"scale",12,[[[{"frame":0},"value",8,[1,0,0,1]],[{"frame":0.16666666666666666},"value",8,[1,1.1,1.1,1]],[{"frame":0.25},"value",8,[1,1,1,1]]],11,11,11]]],"smw_bg_coin",11,[{},"props",11,[{},"scale",12,[[[{"frame":0},"value",8,[1,0,0,1]],[{"frame":0.16666666666666666},"value",8,[1,1.1,1.1,1]],[{"frame":0.25},"value",8,[1,1,1,1]]],11,11,11]]],"smw",11,[{},"props",11,[{},"scale",12,[[[{"frame":0},"value",8,[1,0,0,1]],[{"frame":0.16666666666666666},"value",8,[1,1.1,1.1,1]],[{"frame":0.25},"value",8,[1,1,1,1]]],11,11,11]]],"bw_shine",11,[{},"props",11,[{"opacity":[{"frame":0,"value":0},{"frame":0.16666666666666666,"value":0},{"frame":0.5,"value":150},{"frame":0.75,"value":150},{"frame":0.9166666666666666,"value":100}]},"scale",12,[[[{"frame":0},"value",8,[1,2,2,1]],[{"frame":0.16666666666666666},"value",8,[1,2,2,1]],[{"frame":0.9166666666666666},"value",8,[1,5,5,1]]],11,11,11]]]]]]],0,0,[],[],[]],[[[31,"BigWinStart",1.75,40,[{},"paths",11,[{"Particle1":{"props":{"active":[{"frame":0.375,"value":true}]}},"Particle2":{"props":{"active":[{"frame":0.375,"value":true}]}},"Particle3":{"props":{"active":[{"frame":0.375,"value":true}]}}},"tw_shine",11,[{},"props",11,[{},"scale",12,[[[{"frame":0},"value",8,[1,0,0,1]],[{"frame":0.25},"value",8,[1,2,2,1]]],11,11]]],"tw_shine copy",11,[{},"props",11,[{},"scale",12,[[[{"frame":0},"value",8,[1,0,0,1]],[{"frame":0.25},"value",8,[1,2.5,2.5,1]]],11,11]]],"bigwin_atlas_bigwin",11,[{},"props",11,[{"opacity":[{"frame":0,"value":255},{"frame":0.25,"value":255}]},"scale",12,[[[{"frame":0},"value",8,[1,1,1,1]],[{"frame":0.25},"value",8,[1,1,1,1]],[{"frame":0.375},"value",8,[1,1,1,1]]],11,11,11]]],"bw_bg_coin",11,[{},"props",11,[{},"scale",12,[[[{"frame":0},"value",8,[1,0,0,1]],[{"frame":0.25},"value",8,[1,1.1,1.1,1]],[{"frame":0.375},"value",8,[1,1,1,1]]],11,11,11]]],"bw",11,[{},"props",11,[{"position":[{"frame":0,"value":[0,-191.336,0]},{"frame":0.25,"value":[0,-75,0]},{"frame":0.375,"value":[0,-88,0]}]},"scale",12,[[[{"frame":0},"value",8,[1,0,0,1]],[{"frame":0.25},"value",8,[1,1.1,1.1,1]],[{"frame":0.375},"value",8,[1,1,1,1]]],11,11,11]]],"bw_bg",11,[{},"props",11,[{},"scale",12,[[[{"frame":0},"value",8,[1,0,0,1]],[{"frame":0.25},"value",8,[1,0.5,0.5,1]],[{"frame":0.375},"value",8,[1,1.15,1.15,1]],[{"frame":0.5},"value",8,[1,1,1,1]]],11,11,11,11]]],"bw_coin_a",11,[{},"props",11,[{},"scale",12,[[[{"frame":0},"value",8,[1,0,0,1]],[{"frame":0.25},"value",8,[1,1.1,1.1,1]],[{"frame":0.375},"value",8,[1,1,1,1]]],11,11,11]]],"bw_coin_b",11,[{},"props",11,[{},"scale",12,[[[{"frame":0},"value",8,[1,0,0,1]],[{"frame":0.25},"value",8,[1,1.1,1.1,1]],[{"frame":0.375},"value",8,[1,1,1,1]]],11,11,11]]],"bw_shine",11,[{},"props",11,[{"opacity":[{"frame":0,"value":0},{"frame":0.5,"value":255},{"frame":1.75,"value":100}]},"scale",12,[[[{"frame":0},"value",8,[1,2.5,2.5,1]],[{"frame":1},"value",8,[1,5,5,1]]],11,11]]]]]]],0,0,[],[],[]],[[[61,"jackpot","\njackpot.png\nsize: 1216,616\nformat: RGBA8888\nfilter: Linear,Linear\nrepeat: none\nA\n  rotate: false\n  xy: 597, 128\n  size: 233, 206\n  orig: 234, 206\n  offset: 1, 0\n  index: -1\nC\n  rotate: true\n  xy: 2, 56\n  size: 140, 224\n  orig: 140, 224\n  offset: 0, 0\n  index: -1\nCOIN_STACK\n  rotate: false\n  xy: 2, 357\n  size: 383, 256\n  orig: 383, 257\n  offset: 0, 0\n  index: -1\nJ\n  rotate: true\n  xy: 673, 336\n  size: 277, 182\n  orig: 277, 183\n  offset: 0, 1\n  index: -1\nK\n  rotate: true\n  xy: 703, 29\n  size: 87, 231\n  orig: 88, 231\n  offset: 1, 0\n  index: -1\nO\n  rotate: false\n  xy: 857, 336\n  size: 199, 210\n  orig: 199, 210\n  offset: 0, 0\n  index: -1\nP\n  rotate: true\n  xy: 471, 13\n  size: 113, 230\n  orig: 113, 230\n  offset: 0, 0\n  index: -1\nT\n  rotate: false\n  xy: 387, 357\n  size: 284, 190\n  orig: 284, 190\n  offset: 0, 0\n  index: -1\nTOAST_FRAME\n  rotate: false\n  xy: 2, 198\n  size: 593, 157\n  orig: 613, 157\n  offset: 0, 0\n  index: -1\na1\n  rotate: false\n  xy: 1014, 26\n  size: 73, 90\n  orig: 73, 90\n  offset: 0, 0\n  index: -1\nc1\n  rotate: true\n  xy: 228, 2\n  size: 69, 77\n  orig: 69, 77\n  offset: 0, 0\n  index: -1\nflare1\n  rotate: false\n  xy: 387, 562\n  size: 150, 51\n  orig: 150, 51\n  offset: 0, 0\n  index: -1\nflare2\n  rotate: false\n  xy: 2, 6\n  size: 49, 48\n  orig: 51, 51\n  offset: 1, 1\n  index: -1\nj1\n  rotate: true\n  xy: 539, 565\n  size: 48, 86\n  orig: 48, 86\n  offset: 0, 0\n  index: -1\nk1\n  rotate: false\n  xy: 1058, 520\n  size: 77, 77\n  orig: 77, 77\n  offset: 0, 0\n  index: -1\nlight2\n  rotate: true\n  xy: 832, 118\n  size: 216, 217\n  orig: 217, 217\n  offset: 0, 0\n  index: -1\no1\n  rotate: false\n  xy: 1089, 39\n  size: 82, 77\n  orig: 82, 77\n  offset: 0, 0\n  index: -1\np1\n  rotate: false\n  xy: 1137, 520\n  size: 77, 77\n  orig: 77, 77\n  offset: 0, 0\n  index: -1\nstar2\n  rotate: false\n  xy: 1058, 313\n  size: 134, 205\n  orig: 134, 205\n  offset: 0, 0\n  index: -1\nstar_1\n  rotate: true\n  xy: 1051, 118\n  size: 193, 152\n  orig: 193, 152\n  offset: 0, 0\n  index: -1\nstar_3\n  rotate: true\n  xy: 228, 73\n  size: 123, 241\n  orig: 124, 241\n  offset: 1, 0\n  index: -1\nt1\n  rotate: false\n  xy: 936, 28\n  size: 76, 88\n  orig: 76, 88\n  offset: 0, 0\n  index: -1\n",["jackpot.png"],{"skeleton":{"hash":"Vqifck3wVP7LmPMSpTeLgsz+fYk","spine":"3.8.99","x":-376.45,"y":-296.07,"width":757.06,"height":737.45,"images":"","audio":"C:/Users/DELL/Downloads/Telegram Desktop/AnimJP/AnimJP"},"bones":[{"name":"root"},{"name":"Scale","parent":"root"},{"name":"K","parent":"Scale","x":-12.11,"y":71.84},{"name":"C","parent":"Scale","x":-84.03,"y":71.84},{"name":"A","parent":"Scale","x":-168.05,"y":52.16},{"name":"J","parent":"Scale","x":-241.48,"y":24.91},{"name":"P","parent":"Scale","x":67.37,"y":74.87},{"name":"O","parent":"Scale","x":168.81,"y":59.73},{"name":"T","parent":"Scale","x":250.57,"y":26.42},{"name":"star3","parent":"Scale","x":7.88,"y":163.52},{"name":"Star2","parent":"Scale","x":-97.85,"y":146.17},{"name":"Star1","parent":"Scale","x":-173.59,"y":105.93},{"name":"Star3","parent":"Scale","x":123.86,"y":146.17,"scaleX":-1},{"name":"Star4","parent":"Scale","x":198.02,"y":105.93,"scaleX":-1},{"name":"light2","parent":"Scale","x":-9.92,"y":75.87,"scaleX":1.269,"scaleY":1.269},{"name":"flare2","parent":"Scale","x":121.42,"y":-42.81,"scaleY":1.4},{"name":"flare3","parent":"Scale","x":-122.65,"y":-140.11},{"name":"flare4","parent":"Scale","x":-64.39,"y":-6.14,"scaleX":1.759,"scaleY":1.759},{"name":"coin","parent":"Scale","x":2.36,"y":-40.03},{"name":"flare5","parent":"Scale","rotation":-16.82,"x":139.61,"y":79.54,"scaleX":2.039,"scaleY":2.039},{"name":"flare6","parent":"Scale","rotation":-16.82,"x":-3.19,"y":167.94,"scaleX":2.172,"scaleY":2.172},{"name":"flare7","parent":"Scale","rotation":-52.87,"x":234.81,"y":-7.5,"scaleX":1.97,"scaleY":1.97},{"name":"light3","parent":"Scale","x":-9.92,"y":75.87,"scaleX":1.054,"scaleY":1.054},{"name":"toast","parent":"Scale","x":-10.14,"y":-94.28}],"slots":[{"name":"light2","bone":"light2","color":"ffcd00ff","attachment":"light2","blend":"additive"},{"name":"light3","bone":"light3","color":"ffcd00ff","attachment":"light2","blend":"additive"},{"name":"star_1","bone":"Star1","attachment":"star_1"},{"name":"star_2","bone":"Star4","attachment":"star_1"},{"name":"star2","bone":"Star2","attachment":"star2"},{"name":"star3","bone":"Star3","attachment":"star2"},{"name":"star_3","bone":"star3","attachment":"star_3"},{"name":"J","bone":"J","attachment":"J"},{"name":"A","bone":"A","attachment":"A"},{"name":"C","bone":"C","attachment":"C"},{"name":"T","bone":"T","attachment":"T"},{"name":"O","bone":"O","attachment":"O"},{"name":"P","bone":"P","attachment":"P"},{"name":"K","bone":"K","attachment":"K"},{"name":"COIN_STACK","bone":"coin","attachment":"COIN_STACK"},{"name":"TOAST_FRAME","bone":"toast","attachment":"TOAST_FRAME"},{"name":"flare1","bone":"flare2","attachment":"flare1","blend":"additive"},{"name":"flare2","bone":"flare3","attachment":"flare1","blend":"additive"},{"name":"C2","bone":"C","color":"fffdcd00","attachment":"c1","blend":"additive"},{"name":"A2","bone":"A","color":"fffdcd00","attachment":"a1","blend":"additive"},{"name":"J2","bone":"J","color":"fffdcd00","attachment":"j1","blend":"additive"},{"name":"K2","bone":"K","color":"fffdcd00","attachment":"k1","blend":"additive"},{"name":"O2","bone":"O","color":"fffdcd00","attachment":"o1","blend":"additive"},{"name":"P2","bone":"P","color":"fffdcd00","attachment":"p1","blend":"additive"},{"name":"T2","bone":"T","color":"fffdcd00","attachment":"t1","blend":"additive"},{"name":"flare3","bone":"flare4","color":"ffffff00","attachment":"flare2","blend":"additive"},{"name":"flare4","bone":"flare5","color":"ffffff00","attachment":"flare2","blend":"additive"},{"name":"flare5","bone":"flare6","color":"ffffff00","attachment":"flare2","blend":"additive"},{"name":"flare6","bone":"flare7","color":"ffffff00","attachment":"flare2","blend":"additive"}],"skins":[{"name":"default","attachments":{"A":{"A":{"x":80.28,"y":-57.57,"width":234,"height":206}},"A2":{"a1":{"x":6.2,"y":-3.11,"width":73,"height":90}},"C":{"C":{"x":26.84,"y":-67.59,"width":140,"height":224}},"C2":{"c1":{"x":-3.13,"y":2.05,"width":69,"height":77}},"COIN_STACK":{"COIN_STACK":{"x":-2.36,"y":-7.27,"width":383,"height":257}},"J":{"J":{"x":113.46,"y":-44.81,"width":277,"height":183}},"J2":{"j1":{"x":4.66,"width":48,"height":86}},"K":{"K":{"x":4.84,"y":-64.37,"width":88,"height":231}},"K2":{"k1":{"x":5.68,"y":8.79,"width":77,"height":77}},"O":{"O":{"x":-55.26,"y":-62.83,"width":199,"height":210}},"O2":{"o1":{"x":-0.52,"y":-0.54,"width":82,"height":77}},"P":{"P":{"x":1.02,"y":-69.01,"width":113,"height":230}},"P2":{"p1":{"x":12.93,"y":4.13,"width":77,"height":77}},"T":{"T":{"x":-90.84,"y":-41.64,"width":284,"height":190}},"T2":{"t1":{"x":7.25,"y":5.7,"width":76,"height":88}},"TOAST_FRAME":{"TOAST_FRAME":{"x":10.14,"y":2.76,"scaleX":1.2,"scaleY":1.4,"width":613,"height":157}},"flare1":{"flare1":{"x":5.62,"y":0.98,"scaleX":3.381,"scaleY":1.487,"width":150,"height":51}},"flare2":{"flare1":{"x":5.62,"y":0.98,"scaleX":3.381,"scaleY":1.487,"width":150,"height":51}},"flare3":{"flare2":{"x":0.5,"y":0.5,"width":51,"height":51}},"flare4":{"flare2":{"x":0.5,"y":0.5,"width":51,"height":51}},"flare5":{"flare2":{"x":0.5,"y":0.5,"width":51,"height":51}},"flare6":{"flare2":{"x":0.5,"y":0.5,"width":51,"height":51}},"light2":{"light2":{"x":1.73,"y":-2.53,"scaleX":2.678,"scaleY":2.678,"width":217,"height":217}},"light3":{"light2":{"x":1.73,"y":-2.53,"scaleX":2.678,"scaleY":2.678,"width":217,"height":217}},"star2":{"star2":{"x":20.18,"y":-58.17,"width":134,"height":205}},"star3":{"star2":{"x":20.18,"y":-58.17,"width":134,"height":205}},"star_1":{"star_1":{"x":59.6,"y":-42.45,"width":193,"height":152}},"star_2":{"star_1":{"x":59.6,"y":-42.45,"width":193,"height":152}},"star_3":{"star_3":{"x":5.25,"y":-63.72,"width":124,"height":241}}}}],"animations":{"Idle":{"slots":{"A2":{"color":[{"time":0.2,"color":"fffdcd00","curve":0.25,"c3":0.75},{"time":0.3667,"color":"fffdcd9c","curve":0.25,"c3":0.75},{"time":0.7333,"color":"fffdcd00","curve":"stepped"},{"time":1.8667,"color":"fffdcd00","curve":0.25,"c3":0.75},{"time":2.0333,"color":"fffdcd9c","curve":0.25,"c3":0.75},{"time":2.4,"color":"fffdcd00","curve":"stepped"},{"time":3.5333,"color":"fffdcd00","curve":0.25,"c3":0.75},{"time":3.7,"color":"fffdcd9c","curve":0.25,"c3":0.75},{"time":4.0667,"color":"fffdcd00"}]},"C2":{"color":[{"time":0.3667,"color":"fffdcd00","curve":0.25,"c3":0.75},{"time":0.5667,"color":"fffdcd9c","curve":0.25,"c3":0.75},{"time":0.9333,"color":"fffdcd00","curve":"stepped"},{"time":2.0333,"color":"fffdcd00","curve":0.25,"c3":0.75},{"time":2.2333,"color":"fffdcd9c","curve":0.25,"c3":0.75},{"time":2.6,"color":"fffdcd00","curve":"stepped"},{"time":3.7,"color":"fffdcd00","curve":0.25,"c3":0.75},{"time":3.9,"color":"fffdcd9c","curve":0.25,"c3":0.75},{"time":4.2667,"color":"fffdcd00"}]},"J2":{"color":[{"color":"fffdcd00","curve":0.25,"c3":0.75},{"time":0.2,"color":"fffdcd9c","curve":0.25,"c3":0.75},{"time":0.5667,"color":"fffdcd00","curve":"stepped"},{"time":1.6667,"color":"fffdcd00","curve":0.25,"c3":0.75},{"time":1.8667,"color":"fffdcd9c","curve":0.25,"c3":0.75},{"time":2.2333,"color":"fffdcd00","curve":"stepped"},{"time":3.3333,"color":"fffdcd00","curve":0.25,"c3":0.75},{"time":3.5333,"color":"fffdcd9c","curve":0.25,"c3":0.75},{"time":3.9,"color":"fffdcd00"}]},"K2":{"color":[{"time":0.5667,"color":"fffdcd00","curve":0.25,"c3":0.75},{"time":0.7333,"color":"fffdcd9c","curve":0.25,"c3":0.75},{"time":1.1,"color":"fffdcd00","curve":"stepped"},{"time":2.2333,"color":"fffdcd00","curve":0.25,"c3":0.75},{"time":2.4,"color":"fffdcd9c","curve":0.25,"c3":0.75},{"time":2.7667,"color":"fffdcd00","curve":"stepped"},{"time":3.9,"color":"fffdcd00","curve":0.25,"c3":0.75},{"time":4.0667,"color":"fffdcd9c","curve":0.25,"c3":0.75},{"time":4.4333,"color":"fffdcd00"}]},"O2":{"color":[{"time":0.9333,"color":"fffdcd00","curve":0.25,"c3":0.75},{"time":1.1,"color":"fffdcd9c","curve":0.25,"c3":0.75},{"time":1.5,"color":"fffdcd00","curve":"stepped"},{"time":2.6,"color":"fffdcd00","curve":0.25,"c3":0.75},{"time":2.7667,"color":"fffdcd9c","curve":0.25,"c3":0.75},{"time":3.1667,"color":"fffdcd00","curve":"stepped"},{"time":4.2667,"color":"fffdcd00","curve":0.25,"c3":0.75},{"time":4.4333,"color":"fffdcd9c","curve":0.25,"c3":0.75},{"time":4.8333,"color":"fffdcd00"}]},"P2":{"color":[{"time":0.7333,"color":"fffdcd00","curve":0.25,"c3":0.75},{"time":0.9333,"color":"fffdcd9c","curve":0.25,"c3":0.75},{"time":1.3,"color":"fffdcd00","curve":"stepped"},{"time":2.4,"color":"fffdcd00","curve":0.25,"c3":0.75},{"time":2.6,"color":"fffdcd9c","curve":0.25,"c3":0.75},{"time":2.9667,"color":"fffdcd00","curve":"stepped"},{"time":4.0667,"color":"fffdcd00","curve":0.25,"c3":0.75},{"time":4.2667,"color":"fffdcd9c","curve":0.25,"c3":0.75},{"time":4.6333,"color":"fffdcd00"}]},"T2":{"color":[{"time":1.1,"color":"fffdcd00","curve":0.25,"c3":0.75},{"time":1.3,"color":"fffdcd9c","curve":0.25,"c3":0.75},{"time":1.6667,"color":"fffdcd00","curve":"stepped"},{"time":2.7667,"color":"fffdcd00","curve":0.25,"c3":0.75},{"time":2.9667,"color":"fffdcd9c","curve":0.25,"c3":0.75},{"time":3.3333,"color":"fffdcd00","curve":"stepped"},{"time":4.4333,"color":"fffdcd00","curve":0.25,"c3":0.75},{"time":4.6333,"color":"fffdcd9c","curve":0.25,"c3":0.75},{"time":5,"color":"fffdcd00"}]},"flare1":{"color":[{"color":"ffffff00","curve":0.25,"c3":0.75},{"time":0.5,"color":"ffffffd1","curve":0.25,"c3":0.75},{"time":1.5,"color":"ffffff00","curve":"stepped"},{"time":1.6667,"color":"ffffff00","curve":0.25,"c3":0.75},{"time":2.1667,"color":"ffffffd1","curve":0.25,"c3":0.75},{"time":3.1667,"color":"ffffff00","curve":"stepped"},{"time":3.3333,"color":"ffffff00","curve":0.25,"c3":0.75},{"time":3.8333,"color":"ffffffd1","curve":0.25,"c3":0.75},{"time":4.8333,"color":"ffffff00"}]},"flare2":{"color":[{"color":"ffffff00","curve":0.25,"c3":0.75},{"time":0.5,"color":"ffffffd1","curve":0.25,"c3":0.75},{"time":1.5,"color":"ffffff00","curve":"stepped"},{"time":1.6667,"color":"ffffff00","curve":0.25,"c3":0.75},{"time":2.1667,"color":"ffffffd1","curve":0.25,"c3":0.75},{"time":3.1667,"color":"ffffff00","curve":"stepped"},{"time":3.3333,"color":"ffffff00","curve":0.25,"c3":0.75},{"time":3.8333,"color":"ffffffd1","curve":0.25,"c3":0.75},{"time":4.8333,"color":"ffffff00"}]},"flare3":{"color":[{"color":"ffffff00"},{"time":0.3333,"color":"ffffffff"},{"time":1,"color":"ffffff00","curve":"stepped"},{"time":1.6667,"color":"ffffff00"},{"time":2,"color":"ffffffff"},{"time":2.6667,"color":"ffffff00","curve":"stepped"},{"time":3.3333,"color":"ffffff00"},{"time":3.6667,"color":"ffffffff"},{"time":4.3333,"color":"ffffff00"}]},"flare4":{"color":[{"time":0.1667,"color":"ffffff00"},{"time":0.5,"color":"ffffffff"},{"time":1.1667,"color":"ffffff00","curve":"stepped"},{"time":1.8333,"color":"ffffff00"},{"time":2.1667,"color":"ffffffff"},{"time":2.8333,"color":"ffffff00","curve":"stepped"},{"time":3.5,"color":"ffffff00"},{"time":3.8333,"color":"ffffffff"},{"time":4.5,"color":"ffffff00"}]},"flare5":{"color":[{"time":0.5,"color":"ffffff00"},{"time":0.8333,"color":"ffffffff"},{"time":1.5,"color":"ffffff00","curve":"stepped"},{"time":2.1667,"color":"ffffff00"},{"time":2.5,"color":"ffffffff"},{"time":3.1667,"color":"ffffff00","curve":"stepped"},{"time":3.8333,"color":"ffffff00"},{"time":4.1667,"color":"ffffffff"},{"time":4.8333,"color":"ffffff00"}]},"flare6":{"color":[{"time":0.8333,"color":"ffffff00"},{"time":1.1667,"color":"ffffffff"},{"time":1.6667,"color":"ffffff00","curve":"stepped"},{"time":2.5,"color":"ffffff00"},{"time":2.8333,"color":"ffffffff"},{"time":3.3333,"color":"ffffff00","curve":"stepped"},{"time":4.1667,"color":"ffffff00"},{"time":4.5,"color":"ffffffff"},{"time":5,"color":"ffffff00"}]},"light2":{"color":[{"color":"ffcd0000","curve":0.284,"c3":0.625,"c4":0.38},{"time":1,"color":"ffcd00ff","curve":"stepped"},{"time":3.6667,"color":"ffcd00ff","curve":0.32,"c2":0.29,"c3":0.757},{"time":5,"color":"ffcd0000"}]},"light3":{"color":[{"color":"ffcd00ee","curve":0.334,"c2":0.34,"c3":0.758},{"time":0.9333,"color":"ffcd0000","curve":"stepped"},{"time":1.2667,"color":"ffcd0000"},{"time":2.2667,"color":"ffcd00ff","curve":"stepped"},{"time":4.9333,"color":"ffcd00ff","curve":0.326,"c2":0.3,"c3":0.66,"c4":0.64},{"time":5,"color":"ffcd00ee"}]}},"bones":{"A":{"translate":[{"time":0.2,"curve":0.25,"c3":0.75},{"time":0.3667,"x":-6.83,"y":10.25,"curve":0.25,"c3":0.75},{"time":0.7333,"curve":"stepped"},{"time":1.8667,"curve":0.25,"c3":0.75},{"time":2.0333,"x":-6.83,"y":10.25,"curve":0.25,"c3":0.75},{"time":2.4,"curve":"stepped"},{"time":3.5333,"curve":0.25,"c3":0.75},{"time":3.7,"x":-6.83,"y":10.25,"curve":0.25,"c3":0.75},{"time":4.0667}],"scale":[{"time":0.2,"curve":0.25,"c3":0.75},{"time":0.3667,"x":1.036,"y":1.036,"curve":0.25,"c3":0.75},{"time":0.7333,"curve":"stepped"},{"time":1.8667,"curve":0.25,"c3":0.75},{"time":2.0333,"x":1.036,"y":1.036,"curve":0.25,"c3":0.75},{"time":2.4,"curve":"stepped"},{"time":3.5333,"curve":0.25,"c3":0.75},{"time":3.7,"x":1.036,"y":1.036,"curve":0.25,"c3":0.75},{"time":4.0667}]},"C":{"translate":[{"time":0.3667,"curve":0.25,"c3":0.75},{"time":0.5667,"x":-5.7,"y":11.39,"curve":0.25,"c3":0.75},{"time":0.9333,"curve":"stepped"},{"time":2.0333,"curve":0.25,"c3":0.75},{"time":2.2333,"x":-5.7,"y":11.39,"curve":0.25,"c3":0.75},{"time":2.6,"curve":"stepped"},{"time":3.7,"curve":0.25,"c3":0.75},{"time":3.9,"x":-5.7,"y":11.39,"curve":0.25,"c3":0.75},{"time":4.2667}],"scale":[{"time":0.3667,"curve":0.25,"c3":0.75},{"time":0.5667,"x":1.058,"y":1.058,"curve":0.25,"c3":0.75},{"time":0.9333,"curve":"stepped"},{"time":2.0333,"curve":0.25,"c3":0.75},{"time":2.2333,"x":1.058,"y":1.058,"curve":0.25,"c3":0.75},{"time":2.6,"curve":"stepped"},{"time":3.7,"curve":0.25,"c3":0.75},{"time":3.9,"x":1.058,"y":1.058,"curve":0.25,"c3":0.75},{"time":4.2667}]},"J":{"translate":[{"curve":0.25,"c3":0.75},{"time":0.2,"x":-14.81,"y":10.25,"curve":0.25,"c3":0.75},{"time":0.5667,"curve":"stepped"},{"time":1.6667,"curve":0.25,"c3":0.75},{"time":1.8667,"x":-14.81,"y":10.25,"curve":0.25,"c3":0.75},{"time":2.2333,"curve":"stepped"},{"time":3.3333,"curve":0.25,"c3":0.75},{"time":3.5333,"x":-14.81,"y":10.25,"curve":0.25,"c3":0.75},{"time":3.9}],"scale":[{"curve":0.25,"c3":0.75},{"time":0.2,"x":1.041,"y":1.041,"curve":0.25,"c3":0.75},{"time":0.5667,"curve":"stepped"},{"time":1.6667,"curve":0.25,"c3":0.75},{"time":1.8667,"x":1.041,"y":1.041,"curve":0.25,"c3":0.75},{"time":2.2333,"curve":"stepped"},{"time":3.3333,"curve":0.25,"c3":0.75},{"time":3.5333,"x":1.041,"y":1.041,"curve":0.25,"c3":0.75},{"time":3.9}]},"K":{"translate":[{"time":0.5667,"curve":0.25,"c3":0.75},{"time":0.7333,"y":11.39,"curve":0.25,"c3":0.75},{"time":1.1,"curve":"stepped"},{"time":2.2333,"curve":0.25,"c3":0.75},{"time":2.4,"y":11.39,"curve":0.25,"c3":0.75},{"time":2.7667,"curve":"stepped"},{"time":3.9,"curve":0.25,"c3":0.75},{"time":4.0667,"y":11.39,"curve":0.25,"c3":0.75},{"time":4.4333}],"scale":[{"time":0.5667,"curve":0.25,"c3":0.75},{"time":0.7333,"x":1.061,"y":1.061,"curve":0.25,"c3":0.75},{"time":1.1,"curve":"stepped"},{"time":2.2333,"curve":0.25,"c3":0.75},{"time":2.4,"x":1.061,"y":1.061,"curve":0.25,"c3":0.75},{"time":2.7667,"curve":"stepped"},{"time":3.9,"curve":0.25,"c3":0.75},{"time":4.0667,"x":1.061,"y":1.061,"curve":0.25,"c3":0.75},{"time":4.4333}]},"O":{"translate":[{"time":0.9333,"curve":0.25,"c3":0.75},{"time":1.1,"x":2.28,"y":7.97,"curve":0.25,"c3":0.75},{"time":1.5,"curve":"stepped"},{"time":2.6,"curve":0.25,"c3":0.75},{"time":2.7667,"x":2.28,"y":7.97,"curve":0.25,"c3":0.75},{"time":3.1667,"curve":"stepped"},{"time":4.2667,"curve":0.25,"c3":0.75},{"time":4.4333,"x":2.28,"y":7.97,"curve":0.25,"c3":0.75},{"time":4.8333}],"scale":[{"time":0.9333,"curve":0.25,"c3":0.75},{"time":1.1,"x":1.064,"y":1.064,"curve":0.25,"c3":0.75},{"time":1.5,"curve":"stepped"},{"time":2.6,"curve":0.25,"c3":0.75},{"time":2.7667,"x":1.064,"y":1.064,"curve":0.25,"c3":0.75},{"time":3.1667,"curve":"stepped"},{"time":4.2667,"curve":0.25,"c3":0.75},{"time":4.4333,"x":1.064,"y":1.064,"curve":0.25,"c3":0.75},{"time":4.8333}]},"P":{"translate":[{"time":0.7333,"curve":0.25,"c3":0.75},{"time":0.9333,"y":11.39,"curve":0.25,"c3":0.75},{"time":1.3,"curve":"stepped"},{"time":2.4,"curve":0.25,"c3":0.75},{"time":2.6,"y":11.39,"curve":0.25,"c3":0.75},{"time":2.9667,"curve":"stepped"},{"time":4.0667,"curve":0.25,"c3":0.75},{"time":4.2667,"y":11.39,"curve":0.25,"c3":0.75},{"time":4.6333}],"scale":[{"time":0.7333,"curve":0.25,"c3":0.75},{"time":0.9333,"x":1.092,"y":1.092,"curve":0.25,"c3":0.75},{"time":1.3,"curve":"stepped"},{"time":2.4,"curve":0.25,"c3":0.75},{"time":2.6,"x":1.092,"y":1.092,"curve":0.25,"c3":0.75},{"time":2.9667,"curve":"stepped"},{"time":4.0667,"curve":0.25,"c3":0.75},{"time":4.2667,"x":1.092,"y":1.092,"curve":0.25,"c3":0.75},{"time":4.6333}]},"T":{"translate":[{"time":1.1,"curve":0.25,"c3":0.75},{"time":1.3,"x":4.56,"y":7.97,"curve":0.25,"c3":0.75},{"time":1.6667,"curve":"stepped"},{"time":2.7667,"curve":0.25,"c3":0.75},{"time":2.9667,"x":4.56,"y":7.97,"curve":0.25,"c3":0.75},{"time":3.3333,"curve":"stepped"},{"time":4.4333,"curve":0.25,"c3":0.75},{"time":4.6333,"x":4.56,"y":7.97,"curve":0.25,"c3":0.75},{"time":5}],"scale":[{"time":1.1,"curve":0.25,"c3":0.75},{"time":1.3,"x":1.047,"y":1.047,"curve":0.25,"c3":0.75},{"time":1.6667,"curve":"stepped"},{"time":2.7667,"curve":0.25,"c3":0.75},{"time":2.9667,"x":1.047,"y":1.047,"curve":0.25,"c3":0.75},{"time":3.3333,"curve":"stepped"},{"time":4.4333,"curve":0.25,"c3":0.75},{"time":4.6333,"x":1.047,"y":1.047,"curve":0.25,"c3":0.75},{"time":5}]},"flare2":{"translate":[{"curve":0.25,"c3":0.75},{"time":1.5,"x":-255.12},{"time":1.6667,"curve":0.25,"c3":0.75},{"time":3.1667,"x":-255.12},{"time":3.3333,"curve":0.25,"c3":0.75},{"time":4.8333,"x":-255.12}]},"flare3":{"translate":[{"x":-55.73,"curve":0.25,"c3":0.75},{"time":1.5,"x":295.94},{"time":1.6667,"x":-55.73,"curve":0.25,"c3":0.75},{"time":3.1667,"x":295.94},{"time":3.3333,"x":-55.73,"curve":0.25,"c3":0.75},{"time":4.8333,"x":295.94}]},"flare4":{"rotate":[{"curve":0.25,"c3":0.75},{"time":1,"angle":-50.44,"curve":0.25,"c3":0.75},{"time":1.6667,"curve":0.25,"c3":0.75},{"time":2.6667,"angle":-50.44,"curve":0.25,"c3":0.75},{"time":3.3333,"curve":0.25,"c3":0.75},{"time":4.3333,"angle":-50.44}],"scale":[{"curve":0.265,"c3":0.618,"c4":0.43},{"time":0.3333,"x":1.299,"y":1.299,"curve":0.351,"c2":0.4,"c3":0.757},{"time":1,"curve":"stepped"},{"time":1.6667,"curve":0.265,"c3":0.618,"c4":0.43},{"time":2,"x":1.299,"y":1.299,"curve":0.351,"c2":0.4,"c3":0.757},{"time":2.6667,"curve":"stepped"},{"time":3.3333,"curve":0.265,"c3":0.618,"c4":0.43},{"time":3.6667,"x":1.299,"y":1.299,"curve":0.351,"c2":0.4,"c3":0.757},{"time":4.3333}]},"flare5":{"rotate":[{"time":0.1667,"curve":0.25,"c3":0.75},{"time":1.1667,"angle":-50.44,"curve":0.25,"c3":0.75},{"time":1.8333,"curve":0.25,"c3":0.75},{"time":2.8333,"angle":-50.44,"curve":0.25,"c3":0.75},{"time":3.5,"curve":0.25,"c3":0.75},{"time":4.5,"angle":-50.44}],"translate":[{"time":0.1667,"x":-379.44,"y":-27.2}],"scale":[{"time":0.1667,"curve":0.265,"c3":0.618,"c4":0.43},{"time":0.5,"x":1.299,"y":1.299,"curve":0.351,"c2":0.4,"c3":0.757},{"time":1.1667,"curve":"stepped"},{"time":1.8333,"curve":0.265,"c3":0.618,"c4":0.43},{"time":2.1667,"x":1.299,"y":1.299,"curve":0.351,"c2":0.4,"c3":0.757},{"time":2.8333,"curve":"stepped"},{"time":3.5,"curve":0.265,"c3":0.618,"c4":0.43},{"time":3.8333,"x":1.299,"y":1.299,"curve":0.351,"c2":0.4,"c3":0.757},{"time":4.5}]},"flare6":{"rotate":[{"time":0.5,"curve":0.25,"c3":0.75},{"time":1.5,"angle":-50.44,"curve":0.25,"c3":0.75},{"time":2.1667,"curve":0.25,"c3":0.75},{"time":3.1667,"angle":-50.44,"curve":0.25,"c3":0.75},{"time":3.8333,"curve":0.25,"c3":0.75},{"time":4.8333,"angle":-50.44}],"translate":[{"time":0.5,"x":-5.44,"y":16.32}],"scale":[{"time":0.5,"curve":0.265,"c3":0.618,"c4":0.43},{"time":0.8333,"x":1.299,"y":1.299,"curve":0.351,"c2":0.4,"c3":0.757},{"time":1.5,"curve":"stepped"},{"time":2.1667,"curve":0.265,"c3":0.618,"c4":0.43},{"time":2.5,"x":1.299,"y":1.299,"curve":0.351,"c2":0.4,"c3":0.757},{"time":3.1667,"curve":"stepped"},{"time":3.8333,"curve":0.265,"c3":0.618,"c4":0.43},{"time":4.1667,"x":1.299,"y":1.299,"curve":0.351,"c2":0.4,"c3":0.757},{"time":4.8333}]},"flare7":{"rotate":[{"time":0.8333,"curve":0.25,"c3":0.75},{"time":1.6667,"angle":-50.44,"curve":0.25,"c3":0.75},{"time":2.5,"curve":0.25,"c3":0.75},{"time":3.3333,"angle":-50.44,"curve":0.25,"c3":0.75},{"time":4.1667,"curve":0.25,"c3":0.75},{"time":5,"angle":-50.44}],"translate":[{"time":0.8333,"x":-66.64,"y":29.92}],"scale":[{"time":0.8333,"curve":0.265,"c3":0.618,"c4":0.43},{"time":1.1667,"x":1.299,"y":1.299,"curve":0.351,"c2":0.4,"c3":0.757},{"time":1.6667,"curve":"stepped"},{"time":2.5,"curve":0.265,"c3":0.618,"c4":0.43},{"time":2.8333,"x":1.299,"y":1.299,"curve":0.351,"c2":0.4,"c3":0.757},{"time":3.3333,"curve":"stepped"},{"time":4.1667,"curve":0.265,"c3":0.618,"c4":0.43},{"time":4.5,"x":1.299,"y":1.299,"curve":0.351,"c2":0.4,"c3":0.757},{"time":5}]},"light2":{"rotate":[{},{"time":5,"angle":180}],"scale":[{"curve":0.25,"c3":0.75},{"time":1,"x":1.18,"y":1.18,"curve":0.375,"c2":0.5,"c3":0.75},{"time":2.3333,"curve":0.25,"c3":0.625,"c4":0.5},{"time":3.6667,"x":1.18,"y":1.18,"curve":0.375,"c2":0.5,"c3":0.75},{"time":5}]},"light3":{"rotate":[{"angle":144},{"time":0.9333,"angle":180},{"time":1.2667},{"time":3.6,"angle":90},{"time":5,"angle":144}],"scale":[{"x":1.164,"y":1.164,"curve":0.378,"c2":0.52,"c3":0.748},{"time":0.9333,"curve":"stepped"},{"time":1.2667,"curve":0.25,"c3":0.75},{"time":2.2667,"x":1.18,"y":1.18,"curve":0.375,"c2":0.5,"c3":0.75},{"time":3.6,"curve":0.25,"c3":0.625,"c4":0.5},{"time":4.9333,"x":1.18,"y":1.18,"curve":0.333,"c2":0.33,"c3":0.667,"c4":0.67},{"time":5,"x":1.164,"y":1.164}]},"star3":{"translate":[{"curve":0.25,"c3":0.625,"c4":0.5},{"time":0.8333,"y":10.75,"curve":0.375,"c2":0.5,"c3":0.75},{"time":1.6667,"curve":0.25,"c3":0.625,"c4":0.5},{"time":2.5,"y":10.75,"curve":0.375,"c2":0.5,"c3":0.75},{"time":3.3333,"curve":0.25,"c3":0.625,"c4":0.5},{"time":4.1667,"y":10.75,"curve":0.375,"c2":0.5,"c3":0.75},{"time":5}],"scale":[{"curve":0.25,"c3":0.625,"c4":0.5},{"time":0.8333,"x":1.094,"y":1.094,"curve":0.375,"c2":0.5,"c3":0.75},{"time":1.6667,"curve":0.25,"c3":0.625,"c4":0.5},{"time":2.5,"x":1.094,"y":1.094,"curve":0.375,"c2":0.5,"c3":0.75},{"time":3.3333,"curve":0.25,"c3":0.625,"c4":0.5},{"time":4.1667,"x":1.094,"y":1.094,"curve":0.375,"c2":0.5,"c3":0.75},{"time":5}]},"Star2":{"translate":[{"y":2.69,"curve":0.351,"c2":0.42,"c3":0.686,"c4":0.76},{"time":0.1667,"y":0.88,"curve":0.36,"c2":0.64,"c3":0.695},{"time":0.3333},{"time":1.1667,"y":10.75,"curve":0.347,"c2":0.38,"c3":0.694,"c4":0.76},{"time":1.6667,"y":2.69,"curve":0.351,"c2":0.42,"c3":0.686,"c4":0.76},{"time":1.8333,"y":0.88,"curve":0.36,"c2":0.64,"c3":0.695},{"time":2},{"time":2.8333,"y":10.75,"curve":0.347,"c2":0.38,"c3":0.694,"c4":0.76},{"time":3.3333,"y":2.69,"curve":0.351,"c2":0.42,"c3":0.686,"c4":0.76},{"time":3.5,"y":0.88,"curve":0.36,"c2":0.64,"c3":0.695},{"time":3.6667},{"time":4.5,"y":10.75,"curve":0.347,"c2":0.38,"c3":0.694,"c4":0.76},{"time":5,"y":2.69}],"scale":[{"x":1.024,"y":1.024,"curve":0.351,"c2":0.42,"c3":0.686,"c4":0.76},{"time":0.1667,"x":1.008,"y":1.008,"curve":0.36,"c2":0.64,"c3":0.695},{"time":0.3333},{"time":1.1667,"x":1.094,"y":1.094,"curve":0.347,"c2":0.38,"c3":0.694,"c4":0.76},{"time":1.6667,"x":1.024,"y":1.024,"curve":0.351,"c2":0.42,"c3":0.686,"c4":0.76},{"time":1.8333,"x":1.008,"y":1.008,"curve":0.36,"c2":0.64,"c3":0.695},{"time":2},{"time":2.8333,"x":1.094,"y":1.094,"curve":0.347,"c2":0.38,"c3":0.694,"c4":0.76},{"time":3.3333,"x":1.024,"y":1.024,"curve":0.351,"c2":0.42,"c3":0.686,"c4":0.76},{"time":3.5,"x":1.008,"y":1.008,"curve":0.36,"c2":0.64,"c3":0.695},{"time":3.6667},{"time":4.5,"x":1.094,"y":1.094,"curve":0.347,"c2":0.38,"c3":0.694,"c4":0.76},{"time":5,"x":1.024,"y":1.024}]},"Star1":{"translate":[{"y":7.87,"curve":0.349,"c2":0.39,"c3":0.689,"c4":0.74},{"time":0.3333,"y":2.77,"curve":0.375,"c2":0.62,"c3":0.716},{"time":0.6667},{"time":1.5,"y":10.75,"curve":0.335,"c2":0.34,"c3":0.67,"c4":0.68},{"time":1.6667,"y":7.87,"curve":0.349,"c2":0.39,"c3":0.689,"c4":0.74},{"time":2,"y":2.77,"curve":0.375,"c2":0.62,"c3":0.716},{"time":2.3333},{"time":3.1667,"y":10.75,"curve":0.335,"c2":0.34,"c3":0.67,"c4":0.68},{"time":3.3333,"y":7.87,"curve":0.349,"c2":0.39,"c3":0.689,"c4":0.74},{"time":3.6667,"y":2.77,"curve":0.375,"c2":0.62,"c3":0.716},{"time":4},{"time":4.8333,"y":10.75,"curve":0.335,"c2":0.34,"c3":0.67,"c4":0.68},{"time":5,"y":7.87}],"scale":[{"x":1.069,"y":1.069,"curve":0.349,"c2":0.39,"c3":0.689,"c4":0.74},{"time":0.3333,"x":1.024,"y":1.024,"curve":0.375,"c2":0.62,"c3":0.716},{"time":0.6667},{"time":1.5,"x":1.094,"y":1.094,"curve":0.335,"c2":0.34,"c3":0.67,"c4":0.68},{"time":1.6667,"x":1.069,"y":1.069,"curve":0.349,"c2":0.39,"c3":0.689,"c4":0.74},{"time":2,"x":1.024,"y":1.024,"curve":0.375,"c2":0.62,"c3":0.716},{"time":2.3333},{"time":3.1667,"x":1.094,"y":1.094,"curve":0.335,"c2":0.34,"c3":0.67,"c4":0.68},{"time":3.3333,"x":1.069,"y":1.069,"curve":0.349,"c2":0.39,"c3":0.689,"c4":0.74},{"time":3.6667,"x":1.024,"y":1.024,"curve":0.375,"c2":0.62,"c3":0.716},{"time":4},{"time":4.8333,"x":1.094,"y":1.094,"curve":0.335,"c2":0.34,"c3":0.67,"c4":0.68},{"time":5,"x":1.069,"y":1.069}]},"Star3":{"translate":[{"y":2.69,"curve":0.351,"c2":0.42,"c3":0.686,"c4":0.76},{"time":0.1667,"y":0.88,"curve":0.36,"c2":0.64,"c3":0.695},{"time":0.3333},{"time":1.1667,"y":10.75,"curve":0.347,"c2":0.38,"c3":0.694,"c4":0.76},{"time":1.6667,"y":2.69,"curve":0.351,"c2":0.42,"c3":0.686,"c4":0.76},{"time":1.8333,"y":0.88,"curve":0.36,"c2":0.64,"c3":0.695},{"time":2},{"time":2.8333,"y":10.75,"curve":0.347,"c2":0.38,"c3":0.694,"c4":0.76},{"time":3.3333,"y":2.69,"curve":0.351,"c2":0.42,"c3":0.686,"c4":0.76},{"time":3.5,"y":0.88,"curve":0.36,"c2":0.64,"c3":0.695},{"time":3.6667},{"time":4.5,"y":10.75,"curve":0.347,"c2":0.38,"c3":0.694,"c4":0.76},{"time":5,"y":2.69}],"scale":[{"x":1.015,"y":1.015,"curve":0.351,"c2":0.42,"c3":0.686,"c4":0.76},{"time":0.1667,"x":1.005,"y":1.005,"curve":0.36,"c2":0.64,"c3":0.695},{"time":0.3333,"curve":0.25,"c3":0.75},{"time":1.1667,"x":1.061,"y":1.061,"curve":0.347,"c2":0.38,"c3":0.694,"c4":0.76},{"time":1.6667,"x":1.015,"y":1.015,"curve":0.351,"c2":0.42,"c3":0.686,"c4":0.76},{"time":1.8333,"x":1.005,"y":1.005,"curve":0.36,"c2":0.64,"c3":0.695},{"time":2,"curve":0.25,"c3":0.75},{"time":2.8333,"x":1.061,"y":1.061,"curve":0.347,"c2":0.38,"c3":0.694,"c4":0.76},{"time":3.3333,"x":1.015,"y":1.015,"curve":0.351,"c2":0.42,"c3":0.686,"c4":0.76},{"time":3.5,"x":1.005,"y":1.005,"curve":0.36,"c2":0.64,"c3":0.695},{"time":3.6667,"curve":0.25,"c3":0.75},{"time":4.5,"x":1.061,"y":1.061,"curve":0.347,"c2":0.38,"c3":0.694,"c4":0.76},{"time":5,"x":1.015,"y":1.015}]},"Star4":{"translate":[{"y":7.87,"curve":0.349,"c2":0.39,"c3":0.689,"c4":0.74},{"time":0.3333,"y":2.77,"curve":0.375,"c2":0.62,"c3":0.716},{"time":0.6667},{"time":1.5,"y":10.75,"curve":0.335,"c2":0.34,"c3":0.67,"c4":0.68},{"time":1.6667,"y":7.87,"curve":0.349,"c2":0.39,"c3":0.689,"c4":0.74},{"time":2,"y":2.77,"curve":0.375,"c2":0.62,"c3":0.716},{"time":2.3333},{"time":3.1667,"y":10.75,"curve":0.335,"c2":0.34,"c3":0.67,"c4":0.68},{"time":3.3333,"y":7.87,"curve":0.349,"c2":0.39,"c3":0.689,"c4":0.74},{"time":3.6667,"y":2.77,"curve":0.375,"c2":0.62,"c3":0.716},{"time":4},{"time":4.8333,"y":10.75,"curve":0.335,"c2":0.34,"c3":0.67,"c4":0.68},{"time":5,"y":7.87}],"scale":[{"x":1.045,"y":1.045,"curve":0.349,"c2":0.39,"c3":0.689,"c4":0.74},{"time":0.3333,"x":1.016,"y":1.016,"curve":0.375,"c2":0.62,"c3":0.716},{"time":0.6667,"curve":0.25,"c3":0.75},{"time":1.5,"x":1.061,"y":1.061,"curve":0.335,"c2":0.34,"c3":0.67,"c4":0.68},{"time":1.6667,"x":1.045,"y":1.045,"curve":0.349,"c2":0.39,"c3":0.689,"c4":0.74},{"time":2,"x":1.016,"y":1.016,"curve":0.375,"c2":0.62,"c3":0.716},{"time":2.3333,"curve":0.25,"c3":0.75},{"time":3.1667,"x":1.061,"y":1.061,"curve":0.335,"c2":0.34,"c3":0.67,"c4":0.68},{"time":3.3333,"x":1.045,"y":1.045,"curve":0.349,"c2":0.39,"c3":0.689,"c4":0.74},{"time":3.6667,"x":1.016,"y":1.016,"curve":0.375,"c2":0.62,"c3":0.716},{"time":4,"curve":0.25,"c3":0.75},{"time":4.8333,"x":1.061,"y":1.061,"curve":0.335,"c2":0.34,"c3":0.67,"c4":0.68},{"time":5,"x":1.045,"y":1.045}]},"coin":{"scale":[{"curve":0.25,"c3":0.75},{"time":0.8333,"x":1.077,"y":1.077,"curve":0.25,"c3":0.75},{"time":1.6667,"curve":0.25,"c3":0.75},{"time":2.5,"x":1.077,"y":1.077,"curve":0.25,"c3":0.75},{"time":3.3333,"curve":0.25,"c3":0.75},{"time":4.1667,"x":1.077,"y":1.077,"curve":0.25,"c3":0.75},{"time":5}]}}},"Open":{"slots":{"flare1":{"color":[{"color":"ffffff00"}]},"flare2":{"color":[{"color":"ffffff00"}]},"flare4":{"color":[{"time":0.3667,"color":"ffffff00"},{"time":0.5667,"color":"ffffffff"},{"time":1.0333,"color":"ffffff00"}]},"flare5":{"color":[{"time":0.5667,"color":"ffffff00"},{"time":0.8,"color":"ffffffff"},{"time":1.1667,"color":"ffffff00"}]},"flare6":{"color":[{"time":0.3333,"color":"ffffff00"},{"time":0.6667,"color":"ffffffff"},{"time":1.1667,"color":"ffffff00"}]},"light2":{"color":[{"color":"ffcd0000","curve":0.318,"c3":0.652,"c4":0.34},{"time":0.3333,"color":"ffcd00ff","curve":0.3,"c2":0.15,"c3":0.638,"c4":0.5},{"time":1.1667,"color":"ffcd0000"}]},"light3":{"color":[{"color":"ffcd00ee","curve":"stepped"},{"time":0.3333,"color":"ffcd00ee","curve":0.334,"c2":0.33,"c3":0.672,"c4":0.68},{"time":0.6667,"color":"ffcd00ff","curve":0.382,"c2":0.56,"c3":0.74},{"time":1.1667,"color":"ffcd00ee"}]}},"bones":{"flare3":{"translate":[{"x":-55.73}]},"flare5":{"rotate":[{"time":0.3667,"curve":0.25,"c3":0.75},{"time":1.0333,"angle":-50.44}],"translate":[{"time":0.3667,"x":-121.13,"y":-118.01}],"scale":[{"time":0.3667,"curve":0.265,"c3":0.618,"c4":0.43},{"time":0.5667,"x":1.299,"y":1.299,"curve":0.351,"c2":0.4,"c3":0.757},{"time":1.0333}]},"flare6":{"rotate":[{"time":0.5667,"curve":0.25,"c3":0.75},{"time":1.1667,"angle":-50.44}],"translate":[{"time":0.5667,"x":49.52,"y":-122.79}],"scale":[{"time":0.5667,"curve":0.265,"c3":0.618,"c4":0.43},{"time":0.8,"x":1.299,"y":1.299,"curve":0.351,"c2":0.4,"c3":0.757},{"time":1.1667}]},"flare7":{"rotate":[{"time":0.3333,"curve":0.25,"c3":0.75},{"time":1.1667,"angle":-50.44}],"translate":[{"time":0.3333,"x":-432.04,"y":88.25}],"scale":[{"time":0.3333,"curve":0.265,"c3":0.618,"c4":0.43},{"time":0.6667,"x":1.299,"y":1.299,"curve":0.351,"c2":0.4,"c3":0.757},{"time":1.1667}]},"light2":{"scale":[{"curve":0.276,"c3":0.621,"c4":0.4},{"time":0.3333,"x":1.352,"y":1.352,"curve":0.333,"c2":0.33,"c3":0.758},{"time":1.1667}]},"light3":{"rotate":[{"angle":144}],"scale":[{"x":1.164,"y":1.164}]},"K":{"translate":[{"y":-42.05,"curve":"stepped"},{"time":0.1667,"y":-42.05,"curve":0.25,"c3":0.75},{"time":0.6,"x":-0.99,"y":51.51,"curve":0.25,"c3":0.75},{"time":1}],"scale":[{"time":0.1667,"curve":0.25,"c3":0.625,"c4":0.5},{"time":0.6,"x":1.307,"y":1.307,"curve":0.25,"c3":0.625,"c4":0.5},{"time":1}]},"C":{"translate":[{"y":-42.05,"curve":"stepped"},{"time":0.1667,"y":-42.05,"curve":0.25,"c3":0.75},{"time":0.5,"x":-0.99,"y":48.49,"curve":0.25,"c3":0.75},{"time":1}],"scale":[{"time":0.1667,"curve":0.25,"c3":0.75},{"time":0.5,"x":1.18,"y":1.18,"curve":0.25,"c3":0.75},{"time":1}]},"A":{"translate":[{"y":-42.05,"curve":"stepped"},{"time":0.1667,"y":-42.05,"curve":0.25,"c3":0.75},{"time":0.3333,"x":-0.99,"y":26.2,"curve":0.25,"c3":0.75},{"time":0.8333}],"scale":[{"time":0.1667,"curve":0.25,"c3":0.75},{"time":0.3333,"x":1.18,"y":1.18,"curve":0.25,"c3":0.75},{"time":0.8333}]},"J":{"translate":[{"y":-42.05,"curve":0.25,"c3":0.75},{"time":0.1667,"x":-0.99,"y":-1.34,"curve":0.25,"c3":0.75},{"time":0.6667}],"scale":[{"curve":0.25,"c3":0.75},{"time":0.1667,"x":1.18,"y":1.18,"curve":0.25,"c3":0.75},{"time":0.6667}]},"P":{"translate":[{"y":-42.05,"curve":"stepped"},{"time":0.1667,"y":-42.05,"curve":0.25,"c3":0.75},{"time":0.5,"x":-0.99,"y":48.49,"curve":0.25,"c3":0.75},{"time":1}],"scale":[{"time":0.1667,"curve":0.25,"c3":0.75},{"time":0.5,"x":1.18,"y":1.18,"curve":0.25,"c3":0.75},{"time":1}]},"O":{"translate":[{"y":-42.05,"curve":"stepped"},{"time":0.1667,"y":-42.05,"curve":0.25,"c3":0.625,"c4":0.5},{"time":0.3333,"x":-0.99,"y":26.2,"curve":0.25,"c3":0.625,"c4":0.5},{"time":0.8333}],"scale":[{"time":0.1667,"curve":0.25,"c3":0.625,"c4":0.5},{"time":0.3333,"x":1.18,"y":1.18,"curve":0.25,"c3":0.625,"c4":0.5},{"time":0.8333}]},"T":{"translate":[{"y":-42.05,"curve":0.25,"c3":0.75},{"time":0.1667,"x":-0.99,"y":1.61,"curve":0.25,"c3":0.75},{"time":0.6667}],"scale":[{"curve":0.25,"c3":0.75},{"time":0.1667,"x":1.18,"y":1.18,"curve":0.25,"c3":0.75},{"time":0.6667}]},"star3":{"translate":[{"y":-66.8,"curve":"stepped"},{"time":0.1667,"y":-66.8,"curve":0.471,"c2":0.04,"c3":0.533,"c4":0.88},{"time":0.5,"y":43.76,"curve":0.471,"c2":0.04,"c3":0.533,"c4":0.88},{"time":0.8333}],"scale":[{"time":0.1667,"curve":0.471,"c2":0.04,"c3":0.533,"c4":0.88},{"time":0.5,"x":1.198,"y":1.198,"curve":0.471,"c2":0.04,"c3":0.533,"c4":0.88},{"time":0.8333}]},"Star2":{"translate":[{"y":-65.69,"curve":"stepped"},{"time":0.1333,"y":-65.69,"curve":0.471,"c2":0.04,"c3":0.533,"c4":0.88},{"time":0.4667,"x":-13.4,"y":31.27,"curve":0.471,"c2":0.04,"c3":0.533,"c4":0.88},{"time":0.8,"y":2.69}],"scale":[{"x":1.024,"y":1.024,"curve":"stepped"},{"time":0.1333,"x":1.024,"y":1.024,"curve":0.471,"c2":0.04,"c3":0.533,"c4":0.88},{"time":0.4667,"x":1.226,"y":1.226,"curve":0.471,"c2":0.04,"c3":0.533,"c4":0.88},{"time":0.8,"x":1.024,"y":1.024}]},"Star1":{"translate":[{"y":-63.54,"curve":0.471,"c2":0.04,"c3":0.533,"c4":0.88},{"time":0.3333,"x":-24.11,"y":16.8,"curve":0.471,"c2":0.04,"c3":0.533,"c4":0.88},{"time":0.6667,"y":7.87}],"scale":[{"x":1.069,"y":1.069,"curve":0.471,"c2":0.04,"c3":0.533,"c4":0.88},{"time":0.3333,"x":1.281,"y":1.281,"curve":0.471,"c2":0.04,"c3":0.533,"c4":0.88},{"time":0.6667,"x":1.069,"y":1.069}]},"Star3":{"translate":[{"y":-65.13,"curve":"stepped"},{"time":0.1333,"y":-65.13,"curve":0.471,"c2":0.04,"c3":0.533,"c4":0.88},{"time":0.4667,"x":10.72,"y":25.02,"curve":0.471,"c2":0.04,"c3":0.533,"c4":0.88},{"time":0.8,"y":2.69}],"scale":[{"x":1.015,"y":1.015,"curve":"stepped"},{"time":0.1333,"x":1.015,"y":1.015,"curve":0.471,"c2":0.04,"c3":0.533,"c4":0.88},{"time":0.4667,"x":1.199,"y":1.199,"curve":0.471,"c2":0.04,"c3":0.533,"c4":0.88},{"time":0.8,"x":1.015,"y":1.015}]},"Star4":{"translate":[{"y":-61.91,"curve":0.471,"c2":0.04,"c3":0.533,"c4":0.88},{"time":0.3333,"x":19.65,"y":13.23,"curve":0.471,"c2":0.04,"c3":0.533,"c4":0.88},{"time":0.6667,"y":7.87}],"scale":[{"x":1.045,"y":1.045,"curve":0.471,"c2":0.04,"c3":0.533,"c4":0.88},{"time":0.3333,"x":1.234,"y":1.234,"curve":0.471,"c2":0.04,"c3":0.533,"c4":0.88},{"time":0.6667,"x":1.045,"y":1.045}]},"coin":{"translate":[{},{"time":0.3333,"y":20.95},{"time":0.8667}],"scale":[{"curve":0.276,"c3":0.621,"c4":0.4},{"time":0.3333,"x":1.347,"y":1.347,"curve":0.312,"c2":0.27,"c3":0.667,"c4":0.67},{"time":0.8667}]},"Scale":{"scale":[{"x":0.5,"y":0.5,"curve":0.25,"c3":0.75},{"time":0.4333,"x":1.275,"y":1.275,"curve":0.25,"c3":0.75},{"time":1.1667}]},"toast":{"translate":[{},{"time":0.1667,"y":-20.35},{"time":0.6667}],"scale":[{},{"time":0.3333,"x":1.262,"y":1.262},{"time":1.1667}]}}}}},[0]]],0,0,[0],[-1],[47]],[[{"name":"g_particle","rect":[0,0,51,51],"offset":[0,0],"originalSize":[51,51],"capInsets":[0,0,0,0]}],[0],0,[0],[2],[48]],[[{"name":"6","rect":[118,1,111,149],"offset":[0,0],"originalSize":[111,149],"capInsets":[0,0,0,0]}],[0],0,[0],[2],[1]],[[{"name":"5","rect":[1,154,115,151],"offset":[0,0],"originalSize":[115,151],"capInsets":[0,0,0,0]}],[0],0,[0],[2],[1]],[[{"name":"1","rect":[153,610,80,146],"offset":[0,0],"originalSize":[80,146],"capInsets":[0,0,0,0]}],[0],0,[0],[2],[1]],[[[62,"font_gold_new-export",32,{"commonHeight":35,"fontSize":32,"atlasName":"font_gold_new-export.png","fontDefDictionary":{"9":{"xOffset":0,"yOffset":0,"xAdvance":48,"rect":{"x":0,"y":0,"width":0,"height":0}},"32":{"xOffset":0,"yOffset":0,"xAdvance":6,"rect":{"x":0,"y":0,"width":0,"height":0}},"44":{"xOffset":0,"yOffset":22,"xAdvance":10,"rect":{"x":91,"y":32,"width":14,"height":17}},"46":{"xOffset":0,"yOffset":22,"xAdvance":8,"rect":{"x":91,"y":50,"width":12,"height":13}},"48":{"xOffset":0,"yOffset":4,"xAdvance":26,"rect":{"x":0,"y":64,"width":30,"height":31}},"49":{"xOffset":0,"yOffset":4,"xAdvance":12,"rect":{"x":85,"y":96,"width":16,"height":31}},"50":{"xOffset":0,"yOffset":4,"xAdvance":26,"rect":{"x":0,"y":96,"width":30,"height":31}},"51":{"xOffset":0,"yOffset":4,"xAdvance":25,"rect":{"x":31,"y":96,"width":29,"height":31}},"52":{"xOffset":0,"yOffset":4,"xAdvance":23,"rect":{"x":63,"y":32,"width":27,"height":31}},"53":{"xOffset":0,"yOffset":4,"xAdvance":25,"rect":{"x":61,"y":64,"width":29,"height":31}},"54":{"xOffset":0,"yOffset":4,"xAdvance":25,"rect":{"x":31,"y":64,"width":29,"height":31}},"55":{"xOffset":0,"yOffset":4,"xAdvance":22,"rect":{"x":67,"y":0,"width":26,"height":31}},"56":{"xOffset":0,"yOffset":4,"xAdvance":25,"rect":{"x":37,"y":0,"width":29,"height":31}},"57":{"xOffset":0,"yOffset":4,"xAdvance":25,"rect":{"x":33,"y":32,"width":29,"height":31}},"75":{"xOffset":0,"yOffset":4,"xAdvance":28,"rect":{"x":0,"y":32,"width":32,"height":31}},"76":{"xOffset":0,"yOffset":4,"xAdvance":19,"rect":{"x":61,"y":96,"width":23,"height":31}},"77":{"xOffset":0,"yOffset":4,"xAdvance":32,"rect":{"x":0,"y":0,"width":36,"height":31}}},"kerningDict":{}}]],0,0,[0],[19],[49]],[[{"name":"tw_shine","rect":[0,0,843,1111],"offset":[0,0],"originalSize":[843,1111],"capInsets":[0,0,0,0]}],[0],0,[0],[2],[50]],[[{"name":"0","rect":[116,459,118,149],"offset":[0,0],"originalSize":[118,149],"capInsets":[0,0,0,0]}],[0],0,[0],[2],[1]],[[{"name":"font_gold_new-export","rect":[0,0,105,127],"offset":[-0.5,0.5],"originalSize":[106,128],"capInsets":[0,0,0,0]}],[0],0,[0],[2],[51]],[[[63,"Alats44.plist",[{},"0",6,0,"1",6,1,"2",6,2,"3",6,3,"4",6,4,"5",6,5,"6",6,6,"7",6,7,"8",6,8,"9",6,9,"comma",6,10,"decimal",6,11]]],0,0,[0,0,0,0,0,0,0,0,0,0,0,0],[20,21,22,23,24,25,26,27,28,29,30,31],[52,53,54,55,56,57,58,59,60,61,62,63]],[[[22,"SuperWinLoop",6,40,2,[{},"paths",11,[{"smw_coin_a":{"props":{"y":[{"frame":0,"value":90},{"frame":0.75,"value":105},{"frame":1.5,"value":90},{"frame":2.25,"value":105},{"frame":3,"value":90},{"frame":3.75,"value":105},{"frame":4.5,"value":90},{"frame":5.25,"value":105},{"frame":6,"value":90}]}},"smw_coin_b":{"props":{"y":[{"frame":0,"value":75},{"frame":0.75,"value":60},{"frame":1.5,"value":74},{"frame":2.275,"value":60},{"frame":3.025,"value":74},{"frame":3.775,"value":60},{"frame":4.525,"value":74},{"frame":5.25,"value":60},{"frame":6,"value":74}]}},"Particle1":{"props":{"active":[{"frame":0,"value":true}]}},"Particle2":{"props":{"active":[{"frame":0,"value":true}]}},"Particle3":{"props":{"active":[{"frame":0,"value":true}]}}},"tw_shine",11,[{},"props",11,[{},"scale",12,[[[{"frame":0},"value",8,[1,3,3,1]],[{"frame":0.75},"value",8,[1,2.5,2.5,1]],[{"frame":1.5},"value",8,[1,3,3,1]],[{"frame":2.25},"value",8,[1,2.5,2.5,1]],[{"frame":3},"value",8,[1,3,3,1]],[{"frame":3.75},"value",8,[1,2.5,2.5,1]],[{"frame":4.5},"value",8,[1,3,3,1]],[{"frame":5.25},"value",8,[1,2.5,2.5,1]],[{"frame":6},"value",8,[1,3,3,1]]],11,11,11,11,11,11,11,11,11]]],"tw_shine copy",11,[{},"props",11,[{},"scale",12,[[[{"frame":0},"value",8,[1,2.5,2.5,1]],[{"frame":0.75},"value",8,[1,3,3,1]],[{"frame":1.5},"value",8,[1,2.5,2.5,1]],[{"frame":2.25},"value",8,[1,3,3,1]],[{"frame":3},"value",8,[1,2.5,2.5,1]],[{"frame":3.75},"value",8,[1,3,3,1]],[{"frame":4.5},"value",8,[1,2.5,2.5,1]],[{"frame":5.25},"value",8,[1,3,3,1]],[{"frame":6},"value",8,[1,2.5,2.5,1]]],11,11,11,11,11,11,11,11,11]]]]]]],0,0,[],[],[]],[[{"name":"9","rect":[1,611,111,150],"offset":[0,0],"originalSize":[111,150],"rotated":1,"capInsets":[0,0,0,0]}],[0],0,[0],[2],[1]]]]