[1,["46l442B8xC2qQJYB/GA98U","1b5AmUr95OxKhcCSSrJmLn","027tbwK3FIlpCQBEMVh8Os","6fCJf5QNBJz4AtpwMK66So","12SEf6hP1ACIpqqnZmwzyd","d2VVpUjEJGrYzxhWMKPj03","02kJufQXhIyLxQPlAdK/UK","6dyu06ajBMVal6zlmQj4/D","02l3MHxudEyqy8h41tlUeG","90TU9i6w1DCpK8s8Gy/Qgj","4e+6LYQjxJMKmVOUgIKn3w","b3dA7BihZEOrm89+Y3Hf8U","46zFQDE7tDprVqnGl6It6h","15u3wCNYVMHK2mWnMWN9qz"],["value"],[["cc.AnimationClip",["_name","_duration","speed","curveData"],0,11]],[[0,0,1,2,3,4]],[[0,"upMultiFS",0.6666666666666666,0.8,[{},"paths",11,[{"2":{"props":{"opacity":[{"frame":0,"value":0}]}},"x_unactive":{"props":{"active":[{"frame":0,"value":true}]}},"x_active":{"props":{"active":[{"frame":0,"value":false}]}}},"light",11,[{},"props",11,[{},"scale",12,[[[{"frame":0},"value",8,[1,0,0,1]],[{"frame":0.1},"value",8,[1,1.7,1.7,1]],[{"frame":0.13333333333333333},"value",8,[1,0,0,1]]],11,11,11]]],"virtual",11,[{},"props",11,[{"opacity":[{"frame":0,"value":255},{"frame":0.2833333333333333,"value":255},{"frame":0.6666666666666666,"value":0}],"position":[{"frame":0,"value":[0,20,0]},{"frame":0.1,"value":[0,8,0]}]},"scale",12,[[[{"frame":0},"value",8,[1,1.1,1.1,1]],[{"frame":0.1},"value",8,[1,1,1,1]]],11,11]]],"multiplier_vfx_b_add_00",11,[{},"comps",11,[{},"cc.Sprite",11,[{},"spriteFrame",12,[[[{"frame":0},"value",6,0],[{"frame":0.03333333333333333},"value",6,1],[{"frame":0.06666666666666667},"value",6,2],[{"frame":0.1},"value",6,3],[{"frame":0.13333333333333333},"value",6,4],[{"frame":0.16666666666666666},"value",6,5],[{"frame":0.2},"value",6,6],[{"frame":0.23333333333333334},"value",6,7],[{"frame":0.26666666666666666},"value",6,8],[{"frame":0.3},"value",6,9],[{"frame":0.3333333333333333},"value",6,10],[{"frame":0.36666666666666664},"value",6,11],[{"frame":0.4},"value",6,12],[{"frame":0.43333333333333335},"value",6,13]],11,11,11,11,11,11,11,11,11,11,11,11,11,11]]]]]]]],0,0,[0,0,0,0,0,0,0,0,0,0,0,0,0,0],[0,0,0,0,0,0,0,0,0,0,0,0,0,0],[0,1,2,3,4,5,6,7,8,9,10,11,12,13]]