{"paths":{"0":["Sprites/Base_Reel_SpeedUp_SS/8",2],"1":["Sound/SE_Spinstop",4],"2":["Sprites/game2/Free_Item_06_2/10",2],"3":["Sprites/common/winboard/BigWin_SS/9",2],"4":["Sprites/Base_Reel_SpeedUp_SS_1/10",2],"5":["Sprites/Base_Reel_SpeedUp_SS_1/17",2],"6":["Sprites/common/winboard/BigWin_SS/30",2],"7":["Sprites/common/JP_SS/4",2],"8":["Spine/Aquarius_ske/Aquarius_tex",2],"9":["Sprites/Payline/line_1",2],"10":["Font/JP_FNT/9",2],"11":["Sprites/controlpanel_common_0/UI_Menu_BTN_01_1_png",2],"12":["Sprites/game2/Free_Xer/6X",2],"13":["Sprites/controlpanel_common_0/UI_BTN_01_2_png",2],"14":["Sprites/game2/Free_Item_06_2/12",2],"15":["Sprites/Payline/line_3",2],"16":["Font/Free_MSG_FNT/3",2],"17":["Sprites/game_vn_0/TS_MSG03_vn_png",2],"18":["Sprites/Base_Reel_SpeedUp_SS_1/9",2],"19":["Sprites/game_vn_0/TS_MSG04_vn_png",2],"20":["Sprites/common/winboard/BigWin_SS/5",2],"21":["Sprites/controlpanel_common_0/UI_Menu_BTN_01_2_png",2],"22":["Sprites/Payline/payline",2],"23":["Sprites/game_vn_0/BigWin_MSG03_FX_vn_png",2],"24":["Sound/SE_Base_BG",4],"25":["Sprites/game2_0/Free_Reel_png",2],"26":["Sprites/controlpanel_common_0/Menu_OtherGames_png",2],"27":["Sprites/common/JP_SS/1",2],"28":["Sprites/game2/Free_Item_06_3/1",2],"29":["Font/Free_MSG_FNT/5",2],"30":["Sprites/controlpanel_vn_0/UI_BTN_02_1_vn_png",2],"31":["Sprites/game_vn_0/TS_MSG02_vn",2],"32":["Sprites/common/winboard/BigWin_SS/25",2],"33":["Sound/SE_BonusAlarm",4],"34":["Sprites/common/JP_SS/15",2],"35":["Sound/SE_Free_Item_03",4],"36":["Sprites/Payline/line_2",2],"37":["Sprites/common/JP_SS/6",2],"38":["Font/BigWin_FNT/0",2],"39":["Font/JP_FNT/comma",2],"40":["Spine/Symbol_1_ske/Symbol_1_ske_tex",2],"41":["Spine/EffectWin/mayanohu",2],"42":["Sprites/game2/Free_Item_06_2/7",2],"43":["Font/Free_MSG_FNT/7",2],"44":["Sprites/game2/Free_Item_06_2/0",2],"45":["Sprites/controlpanel_common_0/UI_BTN_05_1_png",2],"46":["Sprites/controlpanel_common_0/UI_Menu_BTN_MSG_1_5_png",2],"47":["Sound/SE_Scoring_01",4],"48":["Sound/SE_Aquarius_Collect",4],"49":["Sprites/controlpanel_common_0/Menu_OtherGames_FX_png",2],"50":["Sprites/controlpanel_common_0/Menu_User_png",2],"51":["Sprites/Payline/line_5",2],"52":["Sprites/controlpanel_common_0/UI_03_png",2],"53":["Sprites/controlpanel_vn_0/UI_Menu_MSG_02_vn_png",2],"54":["Sprites/controlpanel_common_0/UI_01_png",2],"55":["Sprites/controlpanel_common_0/Menu_Home_png",2],"56":["Sprites/Symbol/2",2],"57":["Sprites/common/winboard/BigWin_SS/17",2],"58":["Sprites/common/winboard/BigWin_SS/3",2],"59":["Font/BigWin_FNT/-",2],"60":["Font/JP_FNT/3",2],"61":["Font/UI_BTN_02_FNT/UI_BTN_02_FNT",2],"62":["Sprites/game1_0/Base_Reel_png",2],"63":["Sprites/game2/Free_Item_06_2/3",2],"64":["Sprites/controlpanel_common_0/UI_Menu_BTN_MSG_2_2_png",2],"65":["Sprites/Base_Reel_SpeedUp_SS/7",2],"66":["Sprites/Symbol/10",2],"67":["Spine/Volcano_ske/Volcano_tex_0",2],"68":["Sprites/controlpanel_vn_0/UI_Credit_vn_png",2],"69":["Sound/SE_Base_Hit_02",4],"70":["Sprites/common/winboard/BigWin_SS/24",2],"71":["Sprites/game2/Free_Item_06_2/13",2],"72":["Sprites/preload_group_0/LoadingBar_01_png",2],"73":["Spine/EffectWin/mayanohu",7],"74":["Sprites/common/JP_SS/2",2],"75":["Sprites/game2/Free_Item_06_2/16",2],"76":["Sprites/Payline/line_14",2],"77":["Sprites/controlpanel_common_0/UI_Menu_Item01_1_png",2],"78":["Sprites/BigWin_FX",2],"79":["Sprites/common/winboard/BigWin_SS/31",2],"80":["Sprites/Base_Reel_SpeedUp_SS_1/14",2],"81":["Sound/SE_FreeSpinEnd_02",4],"82":["Sprites/controlpanel_common_0/UI_Menu_BTN_MSG_1_2_png",2],"83":["Sprites/game2/Free_Item_06_3/2",2],"84":["Font/JP_FNT/1",2],"85":["Font/JP_FNT/dot",2],"86":["Sprites/game2/Free_Item_06_3/3",2],"87":["Sprites/game2_0/Free_MSG_Board_png",2],"88":["Sprites/common/winboard/BigWin_SS/15",2],"89":["Sprites/Payline/line_17",2],"90":["Sprites/controlpanel_common_0/UI_Menu_BTN_03_2_png",2],"91":["Font/JP_FNT/7",2],"92":["Sprites/Symbol/3",2],"93":["Sprites/game2_0/Free_Item_06_1_png",2],"94":["Sound/SE_FreeSpinEnd",4],"95":["Font/Free_MSG_FNT/2",2],"96":["Sprites/common/winboard/BigWin_SS/23",2],"97":["Font/JP_FNT/0",2],"98":["Sprites/game2/Free_Item_06_2/18",2],"99":["Sound/SE_Jackpot",4],"100":["Sprites/Symbol/symbolTest",2],"101":["Sprites/Base_Reel_SpeedUp_SS_1/13",2],"102":["Sprites/Base_Reel_SpeedUp_SS_1/5",2],"103":["Sprites/common/JP_SS/14",2],"104":["Sprites/Base_Reel_SpeedUp_SS/1",2],"105":["Font/TS_FNT02/TS_FNT02",2],"106":["Sound/SE_UltraWin",4],"107":["Spine/Symbol_0_ske/Symbol_0_ske_tex",2],"108":["Sprites/Symbol/4",2],"109":["Sprites/Payline/line_8",2],"110":["Sprites/game2_0/Free_Item02_png",2],"111":["Sprites/Base_BG",2],"112":["Sprites/game_vn_0/BigWin_MSG02_FX_vn_png",2],"113":["Sound/SE_Aquarius_KingKong2_changeC1",4],"114":["Sprites/common/JP_SS/11",2],"115":["Sprites/controlpanel_common_0/UI_Menu_Board_01_png",2],"116":["Sprites/Payline/line_20",2],"117":["Sprites/common/winboard/BigWin_SS/2",2],"118":["Sound/SE_Base_Hit_01",4],"119":["Sound/SE_Aquarius_ReelSpeedUp",4],"120":["Sprites/game2_0/Free_Item01_png",2],"121":["Sprites/common/winboard/BigWin_SS/21",2],"122":["Font/BigWin_FNT/7",2],"123":["Sprites/common/winboard/BigWin_SS/6",2],"124":["Sprites/Base_Reel_SpeedUp_SS/9",2],"125":["Sprites/preload_group_0/Dark_Mask_png",2],"126":["Sprites/game_vn_0/BigWin_MSG01_vn_png",2],"127":["Sprites/controlpanel_common_0/btn_detail",2],"128":["Sprites/game1_0/JP_FX02_png",2],"129":["Sprites/controlpanel_vn_0/UI_Win_vn_png",2],"130":["Sound/SE_Free_Item_02",4],"131":["Sprites/controlpanel_common_0/UI_BTN_05_2_png",2],"132":["Sprites/Symbol/0",2],"133":["Sprites/common/winboard/BigWin_SS/13",2],"134":["Sprites/Payline/line_12",2],"135":["Sprites/Base_Reel_SpeedUp_SS_1/18",2],"136":["Sound/SE_Aquarius_KingKong1_reel",4],"137":["Sprites/common/winboard/BigWin_SS/22",2],"138":["Sprites/Payline/line_10",2],"139":["Sprites/controlpanel_common_0/UI_BTN_03_02_png",2],"140":["Sprites/common/winboard/BigWin_SS/14",2],"141":["Sound/SE_Aquarius_In",4],"142":["Font/Free_MSG_FNT/8",2],"143":["Sprites/controlpanel_vn_0/UI_Menu_MSG_03_vn_png",2],"144":["Sprites/Payline/line_19",2],"145":["Sprites/game_vn_0/Free_MSG_vn_png",2],"146":["Sprites/controlpanel_common_0/Menu_Report_png",2],"147":["Sprites/game2/Free_Item_06_3/5",2],"148":["Font/JP_FNT/6",2],"149":["Sprites/Base_Reel_SpeedUp_SS/4",2],"150":["Sprites/common/winboard/BigWin_SS/16",2],"151":["Sprites/controlpanel_vn_0/UI_BTN_01_4_vn_png",2],"152":["Sprites/controlpanel_common_0/UI_Menu_BTN_03_1_png",2],"153":["Sound/SE_Aquarius_LevelUp",4],"154":["Sprites/controlpanel_common_0/UI_BTN_01_1_png",2],"155":["Sprites/game2/Free_Item_06_2/9",2],"156":["Sprites/controlpanel_common_0/UI_Menu_BTN_02_2_png",2],"157":["Sprites/game2/Free_Xer/18X",2],"158":["Sound/SE_MegaWin",4],"159":["Font/BigWin_FNT/comma",2],"160":["Sprites/common/winboard/BigWin_SS/20",2],"161":["Sprites/game_vn_0/UI_Road_vn_png",2],"162":["Font/JP_FNT/2",2],"163":["Font/TS_FNT03/TS_FNT03",2],"164":["Spine/Symbol_3_ske/Symbol_3_tex",2],"165":["Sprites/Symbol/symbol",2],"166":["Sprites/common/winboard/BigWin_SS/7",2],"167":["Sprites/controlpanel_common_0/UI_BTN_03_01_png",2],"168":["Sprites/game1_0/JP_FX01_png",2],"169":["Sprites/controlpanel_vn_0/UI_Menu_BTN_MSG_3_vn_png",2],"170":["Sprites/game2/Free_Item_06_2/11",2],"171":["Sprites/controlpanel_common_0/UI_BTN_01_3_png",2],"172":["Sprites/Base_Reel_SpeedUp_SS_1/1",2],"173":["Sprites/common/winboard/BigWin_SS/12",2],"174":["Sprites/controlpanel_common_0/Menu_Help_png",2],"175":["Spine/Symbol_1_FX_ske/Symbol_1_FX_tex",2],"176":["Font/BigWin_FNT/4",2],"177":["Sprites/common/JP_SS/10",2],"178":["Sprites/common/JP_SS/5",2],"179":["Sprites/controlpanel_vn_0/UI_Menu_BTN_MSG_4_vn_png",2],"180":["Font/Free_MSG_FNT/9",2],"181":["Sound/SE_ButtonPress",4],"182":["Sprites/Base_Reel_SpeedUp_SS_1/4",2],"183":["Sprites/controlpanel_common_0/UI_Menu_Item01_2_png",2],"184":["Sprites/button",2],"185":["Sprites/Base_Reel_SpeedUp_SS/10",2],"186":["Sprites/controlpanel_common_0/UI_BTN_03_01_FX_png",2],"187":["Sprites/game2/Free_Item_06_2/1",2],"188":["Sprites/preload_group_0/preload_group_0",2],"189":["Font/BigWin_FNT/+",2],"190":["Sprites/game2/Free_Xer/3X",2],"191":["Sprites/game2/Free_Item_06_2/5",2],"192":["Sound/SE_Aquarius_KingKong1_hit",4],"193":["Sprites/Symbol/7",2],"194":["Sprites/Symbol/icon_5",2],"195":["Sprites/Base_Reel_SpeedUp_SS_1/16",2],"196":["Sprites/Base_Reel_SpeedUp_SS_1/15",2],"197":["Sprites/controlpanel_common_0/UI_BTN_02_png",2],"198":["Spine/Symbol_2_ske/Symbol_2_tex",2],"199":["Sprites/common/winboard/BigWin_SS/27",2],"200":["Sprites/game2/Free_Item_06_2/6",2],"201":["Sprites/controlpanel_common_0/Menu_Home_FX_png",2],"202":["Font/Free_MSG_FNT/0",2],"203":["Sprites/controlpanel_common_0/btn_back",2],"204":["Sprites/Base_Reel_SpeedUp_SS/11",2],"205":["Sprites/controlpanel_common_0/UI_Menu_BTN_MSG_1_1_png",2],"206":["Sprites/controlpanel_common_0/UI_BTN_02_FX_png",2],"207":["Sprites/Symbol/8",2],"208":["Font/BigWin_FNT/3",2],"209":["Font/Free_MSG_FNT/1",2],"210":["Sound/SE_Free_Item_01",4],"211":["Font/JP_FNT/4",2],"212":["Sprites/game2/Free_Item_06_2/2",2],"213":["Sprites/Payline/line_6",2],"214":["Sprites/common/JP_SS/7",2],"215":["Sprites/bgGame",2],"216":["Sprites/common/winboard/BigWin_SS/28",2],"217":["Sprites/controlpanel_common_0/UI_BTN_03_03_png",2],"218":["Sprites/common/winboard/BigWin_SS/29",2],"219":["Sprites/Payline/line_18",2],"220":["Sprites/controlpanel_common_0/Menu_Help_FX_png",2],"221":["Sprites/controlpanel_common_0/UI_Menu_Item_png",2],"222":["Sprites/common/winboard/BigWin_SS/4",2],"223":["Sprites/Base_Reel_SpeedUp_SS/12",2],"224":["Sprites/controlpanel_common_0/Menu_voice_02_png",2],"225":["Sound/SE_Base_Hit_03",4],"226":["Sprites/common/winboard/BigWin_SS/8",2],"227":["Sprites/game_vn_0/Base_Item_vn_png",2],"228":["Font/Free_MSG_FNT/Free_MSG_FNT",2],"229":["Sprites/common/winboard/BigWin_SS/11",2],"230":["Sprites/Base_Reel_SpeedUp_SS/6",2],"231":["Sprites/Payline/line_13",2],"232":["Sprites/Base_Reel_SpeedUp_SS/2",2],"233":["Font/BigWin_FNT/dot",2],"234":["Font/BigWin_FNT/2",2],"235":["Sprites/Symbol/11",2],"236":["Sprites/controlpanel_common_0/UI_Menu_BTN_01_3_png",2],"237":["Sprites/controlpanel_common_0/UI_Menu_Board_png",2],"238":["Sound/SE_Base_Hit_05",4],"239":["Sprites/controlpanel_common_0/Menu_Report_FX_png",2],"240":["Sprites/common/JP_SS/12",2],"241":["Sprites/Base_Reel_SpeedUp_SS_1/8",2],"242":["Sprites/game2/Free_Item_06_2/15",2],"243":["Sprites/game2/Free_Item_06_2/20",2],"244":["Sprites/common/JP_SS/13",2],"245":["Sprites/common/JP_SS/3",2],"246":["Sound/SE_Free_BG",4],"247":["Sprites/game2/Free_Xer/9X",2],"248":["Sprites/common/winboard/BigWin_SS/19",2],"249":["Sprites/Loading_vn",2],"250":["Sprites/Payline/line_9",2],"251":["Sound/SE_Base_Hit_04",4],"252":["Sprites/controlpanel_vn_0/UI_Menu_MSG_01_vn_png",2],"253":["Spine/EffectWin/mayathanglon",7],"254":["Sprites/controlpanel_common_0/UI_BTN_04_png",2],"255":["Font/BigWin_FNT/6",2],"256":["Sprites/game_vn_0/BigWin_MSG03_vn_png",2],"257":["Sprites/game_vn_0/BigWin_MSG02_vn_png",2],"258":["Sprites/02",2],"259":["Font/BigWin_FNT/5",2],"260":["Sprites/Symbol/5",2],"261":["Sprites/game2/Free_Item_06_2/17",2],"262":["Sprites/game2/Free_Item_06_2/4",2],"263":["Sprites/controlpanel_common_0/Menu_voice_01_png",2],"264":["Sprites/Payline/line_11",2],"265":["Sprites/Symbol/9",2],"266":["Sprites/Payline/line_15",2],"267":["Sprites/game_vn_0/JP_MSG_vn_png",2],"268":["Sound/SE_ReelSpeedUp",4],"269":["Sprites/Symbol/icon_4",2],"270":["Font/BigWin_FNT/8",2],"271":["Sprites/Base_Reel_SpeedUp_SS_1/7",2],"272":["Spine/Volcano_ske/Volcano_tex_1",2],"273":["Sprites/controlpanel_common_0/UI_Menu_BTN_02_1_png",2],"274":["Sprites/common/JP_SS/9",2],"275":["Font/JP_FNT/5",2],"276":["Sprites/controlpanel_vn_0/UI_Menu_MSG_04_vn_png",2],"277":["Sound/SE_Free_Item_04",4],"278":["Font/Free_MSG_FNT/6",2],"279":["Sprites/controlpanel_common_0/UI_Menu_BTN_MSG_1_4_png",2],"280":["Sprites/game2/Free_Item_06_3/4",2],"281":["Font/Free_MSG_FNT/4",2],"282":["Sprites/Payline/line_16",2],"283":["Sprites/Symbol/icon_6",2],"284":["Sprites/Symbol/1",2],"285":["Sprites/common/winboard/BigWin_SS/26",2],"286":["Sprites/Base_Reel_SpeedUp_SS_1/3",2],"287":["Sprites/common/JP_SS/8",2],"288":["Sprites/Base_Reel_SpeedUp_SS_1/6",2],"289":["Sprites/Payline/line_7",2],"290":["Sprites/Base_Reel_SpeedUp_SS_1/2",2],"291":["Sprites/Base_Reel_SpeedUp_SS_1/11",2],"292":["Sprites/TS_MSG02_vn",2],"293":["Sprites/controlpanel_common_0/UI_Menu_BTN_MSG_1_3_png",2],"294":["Sprites/Base_Reel_SpeedUp_SS/3",2],"295":["Sprites/game2/Free_Item_06_2/8",2],"296":["Sprites/Symbol/6",2],"297":["Sprites/game2/Free_Xer/72X",2],"298":["Sprites/common/winboard/BigWin_SS/1",2],"299":["Sprites/common/winboard/BigWin_SS/18",2],"300":["Sprites/game2/Free_Item_06_2/19",2],"301":["Sprites/Symbol/12",2],"302":["Sprites/game1_0/Base_Item_008_png",2],"303":["Sprites/common/winboard/BigWin_SS/10",2],"304":["Sprites/game2/Free_Item_06_2/14",2],"305":["Sprites/Payline/line_4",2],"306":["Sprites/controlpanel_common_0/UI_Menu_BTN_MSG_2_1_png",2],"307":["Spine/EffectWin/mayathanglon",2],"308":["Sprites/Base_Reel_SpeedUp_SS_1/12",2],"309":["Font/BigWin_FNT/1",2],"310":["Font/BigWin_FNT/9",2],"311":["Sprites/preload_group_0/LoadingBar_02_png",2],"312":["Sound/SE_Aquarius_KingKong2_throw",4],"313":["Sound/SE_TS",4],"314":["Sprites/controlpanel_common_0/Confirm_item_01_png",2],"315":["Sound/SE_ScoringEnd",4],"316":["Sprites/controlpanel_vn_0/UI_Menu_MSG_05_vn_png",2],"317":["Font/BigWin_FNT/$",2],"318":["Sound/SE_BigWin",4],"319":["Sprites/game_vn_0/UI_Max_vn_png",2],"320":["Font/JP_FNT/8",2],"321":["Spine/EventBall_ske/EventBall_ske_tex",2],"322":["Sprites/game_vn_0/TS_MSG01_vn_png",2],"323":["Sprites/Base_Reel_SpeedUp_SS/5",2],"324":["Sprites/game2/Free_Xer/36X",2],"325":["Sprites/controlpanel_common_0/UI_BTN_03_01_png",1,1],"326":["Sprites/02",1,1],"327":["Sprites/game2_0/Free_Item02_png",1,1],"328":["Sprites/game2/Free_Item_06_3/2",1,1],"329":["Font/Free_MSG_FNT/5",1,1],"330":["Sprites/controlpanel_vn_0/UI_BTN_01_4_vn_png",1,1],"331":["Spine/Volcano_ske/Volcano_tex_0",1,1],"332":["Sprites/Symbol/11",1,1],"333":["Spine/Symbol_1_ske/Symbol_1_ske_tex",1,1],"334":["Sprites/controlpanel_common_0/UI_Menu_Item01_1_png",1,1],"335":["Spine/Symbol_2_ske/Symbol_2_tex",1,1],"336":["Sprites/common/winboard/BigWin_SS/19",1,1],"338":["Sprites/game2/Free_Item_06_3/4",1,1],"339":["Sprites/Payline/line_2",1,1],"340":["Sprites/game_vn_0/BigWin_MSG03_vn_png",1,1],"341":["Sprites/game_vn_0/Free_MSG_vn_png",1,1],"342":["Sprites/controlpanel_common_0/UI_Menu_BTN_01_1_png",1,1],"343":["Spine/Symbol_2_ske/Symbol_2_tex",6],"344":["Sprites/Base_Reel_SpeedUp_SS/6",1,1],"345":["Spine/Symbol_3_ske/Symbol_3_tex",6],"346":["Sprites/Payline/line_8",1,1],"347":["Sprites/common/winboard/BigWin_SS/8",1,1],"348":["Sprites/Payline/line_6",1,1],"349":["Sprites/common/winboard/BigWin_SS/18",1,1],"350":["Sprites/common/winboard/BigWin_SS/3",1,1],"351":["Sprites/game2/Free_Item_06_2/13",1,1],"352":["Spine/Symbol_3_ske/Symbol_3_ske",5],"353":["Font/JP_FNT/0",1,1],"354":["Sprites/common/JP_SS/13",1,1],"355":["Sprites/common/winboard/BigWin_SS/28",1,1],"356":["Sprites/game2/Free_Item_06_3/3",1,1],"357":["Sprites/common/JP_SS/9",1,1],"358":["Sprites/common/winboard/BigWin_SS/6",1,1],"359":["Sprites/game2/Free_Item_06_2/20",1,1],"360":["Sprites/game_vn_0/TS_MSG03_vn_png",1,1],"361":["Sprites/Base_Reel_SpeedUp_SS_1/8",1,1],"362":["Sprites/common/winboard/BigWin_SS/30",1,1],"363":["Sprites/controlpanel_common_0/UI_BTN_04_png",1,1],"364":["Font/Free_MSG_FNT/7",1,1],"365":["Sprites/Payline/line_4",1,1],"366":["Sprites/game_vn_0/BigWin_MSG03_FX_vn_png",1,1],"367":["Sprites/game2_0/Free_Item01_png",1,1],"368":["Font/Free_MSG_FNT/4",1,1],"369":["Spine/Aquarius_ske/Aquarius_ske",5],"370":["Font/JP_FNT/5",1,1],"371":["Spine/Symbol_3_ske/Symbol_3_tex",1,1],"372":["Font/BigWin_FNT/9",1,1],"373":["Sprites/common/JP_SS/8",1,1],"374":["Sprites/controlpanel_common_0/Menu_Report_png",1,1],"375":["Sprites/common/winboard/BigWin_SS/12",1,1],"376":["Font/BigWin_FNT/1",1,1],"377":["Sprites/Base_Reel_SpeedUp_SS_1/7",1,1],"378":["Font/JP_FNT/4",1,1],"379":["Sprites/controlpanel_common_0/Menu_Home_FX_png",1,1],"380":["Font/Free_MSG_FNT/6",1,1],"381":["Sprites/common/winboard/BigWin_SS/25",1,1],"382":["Sprites/game2/Free_Item_06_2/16",1,1],"383":["Sprites/game2/Free_Xer/6X",1,1],"384":["Sprites/Base_Reel_SpeedUp_SS/5",1,1],"385":["Sprites/game2/Free_Item_06_2/5",1,1],"386":["Sprites/common/JP_SS/6",1,1],"387":["Sprites/game2/Free_Item_06_2/18",1,1],"388":["Sprites/common/winboard/BigWin_SS/16",1,1],"389":["Font/BigWin_FNT/+",1,1],"390":["Spine/Symbol_1_ske/Symbol_1_ske_ske",5],"391":["Sprites/controlpanel_common_0/Menu_Help_png",1,1],"392":["Sprites/controlpanel_common_0/UI_Menu_BTN_02_1_png",1,1],"393":["Sprites/common/winboard/BigWin_SS/29",1,1],"394":["Sprites/common/winboard/BigWin_SS/23",1,1],"395":["Sprites/game2/Free_Item_06_2/9",1,1],"396":["Font/BigWin_FNT/5",1,1],"397":["Sprites/common/winboard/BigWin_SS/7",1,1],"398":["Sprites/game2/Free_Item_06_2/11",1,1],"399":["Sprites/controlpanel_common_0/UI_01_png",1,1],"400":["Font/UI_BTN_02_FNT/UI_BTN_02_FNT",3],"402":["Sprites/game2/Free_Xer/9X",1,1],"403":["Sprites/Symbol/8",1,1],"404":["Sprites/Symbol/1",1,1],"405":["Sprites/Base_Reel_SpeedUp_SS/1",1,1],"406":["Sprites/Payline/line_3",1,1],"407":["Spine/Volcano_ske/Volcano_ske",5],"408":["Sprites/game2_0/Free_Item_06_1_png",1,1],"409":["Spine/EffectWin/mayathanglon",8],"410":["Sprites/common/winboard/BigWin_SS/11",1,1],"411":["Sprites/game2/Free_Item_06_2/8",1,1],"412":["Sprites/controlpanel_common_0/UI_BTN_05_1_png",1,1],"413":["Spine/EffectWin/mayathanglon",1,1],"414":["Sprites/Base_Reel_SpeedUp_SS_1/2",1,1],"415":["Sprites/game2/Free_Item_06_3/1",1,1],"416":["Sprites/game2/Free_Item_06_2/19",1,1],"417":["Sprites/controlpanel_common_0/Menu_User_png",1,1],"418":["Sprites/controlpanel_vn_0/UI_Win_vn_png",1,1],"419":["Sprites/controlpanel_common_0/Confirm_item_01_png",1,1],"420":["Sprites/game1_0/Base_Reel_png",1,1],"421":["Font/BigWin_FNT/-",1,1],"422":["Sprites/Symbol/icon_6",1,1],"423":["Spine/Symbol_1_ske/Symbol_1_ske_tex",6],"424":["Sprites/controlpanel_common_0/UI_03_png",1,1],"425":["Sprites/game2/Free_Item_06_2/6",1,1],"426":["Sprites/Payline/line_14",1,1],"427":["Sprites/controlpanel_common_0/UI_BTN_02_png",1,1],"428":["Sprites/game_vn_0/BigWin_MSG02_FX_vn_png",1,1],"429":["Sprites/controlpanel_common_0/UI_BTN_03_03_png",1,1],"430":["Spine/Symbol_1_FX_ske/Symbol_1_FX_ske",5],"431":["Sprites/Base_Reel_SpeedUp_SS/8",1,1],"432":["Sprites/Payline/line_5",1,1],"433":["Sprites/Symbol/4",1,1],"434":["Sprites/controlpanel_common_0/UI_Menu_BTN_03_2_png",1,1],"435":["Font/BigWin_FNT/3",1,1],"436":["Spine/Symbol_1_FX_ske/Symbol_1_FX_tex",6],"437":["Sprites/common/winboard/BigWin_SS/24",1,1],"438":["Spine/Volcano_ske/Volcano_tex_0",6],"439":["Sprites/controlpanel_common_0/UI_Menu_BTN_MSG_1_5_png",1,1],"440":["Font/TS_FNT02/TS_FNT02",3],"441":["Sprites/common/winboard/BigWin_SS/31",1,1],"442":["Sprites/Base_Reel_SpeedUp_SS/9",1,1],"443":["Sprites/common/JP_SS/15",1,1],"444":["Font/Free_MSG_FNT/9",1,1],"445":["Sprites/Symbol/3",1,1],"446":["Sprites/game2/Free_Item_06_2/1",1,1],"447":["Sprites/Symbol/5",1,1],"448":["Animation/NearFreeSpin",0],"450":["Spine/Symbol_1_FX_ske/Symbol_1_FX_tex",1,1],"451":["Sprites/button",1,1],"452":["Sprites/controlpanel_common_0/UI_Menu_BTN_MSG_1_1_png",1,1],"453":["Sprites/common/winboard/BigWin_SS/22",1,1],"454":["Sprites/controlpanel_vn_0/UI_BTN_02_1_vn_png",1,1],"455":["Font/Free_MSG_FNT/0",1,1],"456":["Sprites/common/winboard/BigWin_SS/15",1,1],"457":["Sprites/controlpanel_vn_0/UI_Menu_MSG_05_vn_png",1,1],"458":["Sprites/controlpanel_common_0/UI_BTN_01_2_png",1,1],"459":["Sprites/Base_Reel_SpeedUp_SS_1/13",1,1],"460":["Font/BigWin_FNT/0",1,1],"461":["Sprites/Symbol/12",1,1],"462":["Font/JP_FNT/2",1,1],"463":["Sprites/controlpanel_common_0/UI_Menu_BTN_MSG_2_1_png",1,1],"464":["Spine/Symbol_0_ske/Symbol_0_ske_tex",1,1],"465":["Font/JP_FNT/comma",1,1],"466":["Sprites/preload_group_0/Dark_Mask_png",1,1],"467":["Sprites/controlpanel_common_0/Menu_OtherGames_FX_png",1,1],"468":["Sprites/common/winboard/BigWin_SS/21",1,1],"469":["Font/BigWin_FNT/4",1,1],"470":["Spine/Volcano_ske/Volcano_tex_1",1,1],"471":["Sprites/controlpanel_common_0/UI_Menu_BTN_03_1_png",1,1],"472":["Sprites/game2/Free_Item_06_2/15",1,1],"473":["Sprites/game2/Free_Item_06_2/12",1,1],"474":["Sprites/Payline/payline",3],"476":["Font/BigWin_FNT/2",1,1],"477":["Sprites/Base_BG",1,1],"478":["Sprites/controlpanel_common_0/Menu_voice_02_png",1,1],"479":["Sprites/game2/Free_Xer/3X",1,1],"480":["Sprites/common/JP_SS/12",1,1],"481":["Sprites/Base_Reel_SpeedUp_SS_1/5",1,1],"482":["Sprites/Base_Reel_SpeedUp_SS/3",1,1],"483":["Sprites/Base_Reel_SpeedUp_SS_1/11",1,1],"484":["Sprites/controlpanel_common_0/UI_BTN_01_1_png",1,1],"485":["Sprites/game_vn_0/TS_MSG01_vn_png",1,1],"486":["Sprites/common/winboard/BigWin_SS/10",1,1],"487":["Sprites/controlpanel_common_0/UI_Menu_BTN_MSG_1_2_png",1,1],"488":["Sprites/Payline/line_15",1,1],"489":["Font/Free_MSG_FNT/Free_MSG_FNT",3],"490":["Sprites/common/JP_SS/5",1,1],"491":["Sprites/game_vn_0/BigWin_MSG02_vn_png",1,1],"492":["Sprites/common/JP_SS/14",1,1],"493":["Sprites/Base_Reel_SpeedUp_SS_1/10",1,1],"494":["Font/BigWin_FNT/dot",1,1],"495":["Sprites/controlpanel_vn_0/UI_Menu_MSG_04_vn_png",1,1],"496":["Sprites/controlpanel_common_0/Menu_Report_FX_png",1,1],"497":["Sprites/controlpanel_vn_0/UI_Menu_MSG_01_vn_png",1,1],"498":["Sprites/controlpanel_vn_0/UI_Credit_vn_png",1,1],"499":["Spine/EventBall_ske/EventBall_ske_tex",1,1],"500":["Spine/Aquarius_ske/Aquarius_tex",1,1],"501":["Sprites/Symbol/9",1,1],"502":["Sprites/common/JP_SS/1",1,1],"503":["Sprites/Payline/line_19",1,1],"504":["Sprites/common/winboard/BigWin_SS/17",1,1],"505":["Sprites/Base_Reel_SpeedUp_SS_1/1",1,1],"506":["Sprites/common/winboard/BigWin_SS/4",1,1],"507":["Sprites/game_vn_0/Base_Item_vn_png",1,1],"508":["Sprites/controlpanel_common_0/Menu_voice_01_png",1,1],"509":["Sprites/controlpanel_common_0/UI_Menu_BTN_MSG_1_3_png",1,1],"510":["Sprites/game_vn_0/BigWin_MSG01_vn_png",1,1],"511":["Font/BigWin_FNT/6",1,1],"512":["Sprites/Base_Reel_SpeedUp_SS_1/4",1,1],"513":["Sprites/common/JP_SS/4",1,1],"514":["Sprites/Base_Reel_SpeedUp_SS/4",1,1],"515":["Sprites/controlpanel_common_0/Menu_Home_png",1,1],"516":["Sprites/Base_Reel_SpeedUp_SS_1/16",1,1],"517":["Sprites/Symbol/icon_4",1,1],"518":["Sprites/Base_Reel_SpeedUp_SS_1/14",1,1],"519":["Sprites/controlpanel_common_0/UI_Menu_BTN_01_3_png",1,1],"521":["Sprites/Symbol/2",1,1],"522":["Sprites/controlpanel_common_0/UI_BTN_01_3_png",1,1],"523":["Sprites/Payline/line_18",1,1],"524":["Sprites/game2/Free_Item_06_2/17",1,1],"525":["Animation/SymbolWin",0],"526":["Sprites/Base_Reel_SpeedUp_SS_1/9",1,1],"527":["Sprites/game2/Free_Item_06_2/3",1,1],"528":["Sprites/Base_Reel_SpeedUp_SS_1/17",1,1],"529":["Sprites/game2/Free_Item_06_2/10",1,1],"530":["Sprites/Payline/line_20",1,1],"531":["Font/Free_MSG_FNT/2",1,1],"532":["Font/Free_MSG_FNT/3",1,1],"533":["Sprites/controlpanel_common_0/UI_Menu_BTN_MSG_2_2_png",1,1],"534":["Sprites/Payline/line_7",1,1],"535":["Sprites/controlpanel_common_0/UI_Menu_BTN_MSG_1_4_png",1,1],"536":["Sprites/game2/Free_Item_06_3/5",1,1],"537":["Spine/EffectWin/mayanohu",1,1],"538":["Sprites/common/winboard/BigWin_SS/2",1,1],"539":["Sprites/Symbol/0",1,1],"540":["Sprites/controlpanel_common_0/UI_Menu_Item01_2_png",1,1],"541":["Spine/EventBall_ske/EventBall_ske_ske",5],"542":["Sprites/controlpanel_common_0/UI_BTN_05_2_png",1,1],"543":["Sprites/game1_0/JP_FX02_png",1,1],"544":["Sprites/controlpanel_common_0/btn_detail",1,1],"545":["Sprites/Base_Reel_SpeedUp_SS/11",1,1],"546":["Sprites/Symbol/10",1,1],"547":["Sprites/game2/Free_Item_06_2/7",1,1],"548":["Font/JP_FNT/7",1,1],"549":["Sprites/common/JP_SS/11",1,1],"550":["Sprites/common/JP_SS/10",1,1],"551":["Font/BigWin_FNT/8",1,1],"552":["Sprites/Base_Reel_SpeedUp_SS_1/12",1,1],"553":["Sprites/controlpanel_common_0/UI_Menu_BTN_01_2_png",1,1],"554":["Sprites/Payline/line_12",1,1],"555":["Sprites/game1_0/JP_FX01_png",1,1],"556":["Sprites/controlpanel_vn_0/UI_Menu_MSG_02_vn_png",1,1],"557":["Sprites/Symbol/symbol",3],"558":["Sprites/Base_Reel_SpeedUp_SS/2",1,1],"559":["Sprites/TS_MSG02_vn",1,1],"560":["Font/JP_FNT/1",1,1],"561":["Sprites/game1_0/Base_Item_008_png",1,1],"562":["Sprites/controlpanel_common_0/UI_BTN_02_FX_png",1,1],"563":["Spine/EventBall_ske/EventBall_ske_tex",6],"564":["Sprites/controlpanel_common_0/Menu_OtherGames_png",1,1],"565":["Sprites/controlpanel_vn_0/UI_Menu_BTN_MSG_4_vn_png",1,1],"566":["Sprites/Payline/line_1",1,1],"567":["Sprites/controlpanel_vn_0/UI_Menu_MSG_03_vn_png",1,1],"568":["Sprites/BigWin_FX",1,1],"569":["Sprites/Payline/line_17",1,1],"570":["Sprites/game2_0/Free_Reel_png",1,1],"571":["Font/TS_FNT03/TS_FNT03",3],"572":["Sprites/common/winboard/BigWin_SS/26",1,1],"573":["Spine/Volcano_ske/Volcano_tex_1",6],"574":["Sprites/Symbol/6",1,1],"575":["Animation/NearFreeSpin2",0],"576":["Sprites/common/JP_SS/3",1,1],"577":["Sprites/preload_group_0/LoadingBar_01_png",1,1],"578":["Sprites/game2/Free_Item_06_2/4",1,1],"579":["Sprites/common/winboard/BigWin_SS/20",1,1],"580":["Font/Free_MSG_FNT/8",1,1],"581":["Sprites/Symbol/symbolTest",1,1],"582":["Sprites/game2/Free_Item_06_2/0",1,1],"583":["Sprites/preload_group_0/preload_group_0",1,1],"584":["Sprites/Base_Reel_SpeedUp_SS_1/15",1,1],"585":["Sprites/controlpanel_common_0/UI_Menu_Item_png",1,1],"586":["Sprites/controlpanel_common_0/Menu_Help_FX_png",1,1],"587":["Sprites/Base_Reel_SpeedUp_SS/12",1,1],"588":["Sprites/Payline/line_10",1,1],"589":["Sprites/Payline/line_13",1,1],"591":["Sprites/common/winboard/BigWin_SS/9",1,1],"592":["Sprites/controlpanel_common_0/btn_back",1,1],"593":["Sprites/Base_Reel_SpeedUp_SS_1/6",1,1],"594":["Sprites/common/winboard/BigWin_SS/5",1,1],"595":["Sprites/common/winboard/BigWin_SS/13",1,1],"596":["Sprites/common/JP_SS/JP_CSS",0],"597":["Sprites/game2/Free_Xer/18X",1,1],"598":["Sprites/Loading_vn",1,1],"599":["Font/BigWin_FNT/7",1,1],"600":["Sprites/game_vn_0/TS_MSG04_vn_png",1,1],"601":["Sprites/common/JP_SS/2",1,1],"602":["Sprites/game_vn_0/JP_MSG_vn_png",1,1],"603":["Font/JP_FNT/9",1,1],"604":["Spine/Symbol_0_ske/Symbol_0_ske_ske",5],"605":["Sprites/game2/Free_Item_06_2/14",1,1],"606":["Sprites/game2/Free_Xer/36X",1,1],"607":["Sprites/preload_group_0/LoadingBar_02_png",1,1],"608":["Spine/Symbol_0_ske/Symbol_0_ske_tex",6],"609":["Spine/Aquarius_ske/Aquarius_tex",6],"610":["Sprites/Base_Reel_SpeedUp_SS_1/18",1,1],"612":["Font/JP_FNT/dot",1,1],"613":["Sprites/bgGame",1,1],"614":["Font/JP_FNT/8",1,1],"615":["Sprites/game_vn_0/UI_Road_vn_png",1,1],"616":["Font/Free_MSG_FNT/1",1,1],"617":["Font/JP_FNT/6",1,1],"618":["Spine/Symbol_2_ske/Symbol_2_ske",5],"619":["Sprites/game_vn_0/TS_MSG02_vn",1,1],"620":["Font/BigWin_FNT/comma",1,1],"621":["Sprites/Base_Reel_SpeedUp_SS/7",1,1],"622":["Font/JP_FNT/3",1,1],"623":["Sprites/Payline/line_11",1,1],"624":["Sprites/controlpanel_common_0/UI_Menu_Board_01_png",1,1],"625":["Sprites/common/JP_SS/7",1,1],"626":["Sprites/game2/Free_Xer/72X",1,1],"627":["Sprites/game2_0/Free_MSG_Board_png",1,1],"628":["Sprites/controlpanel_common_0/UI_BTN_03_02_png",1,1],"629":["Sprites/Payline/line_16",1,1],"630":["Sprites/common/winboard/BigWin_SS/27",1,1],"631":["Sprites/Payline/line_9",1,1],"632":["Sprites/controlpanel_common_0/UI_Menu_Board_png",1,1],"633":["Font/BigWin_FNT/$",1,1],"634":["Sprites/common/winboard/BigWin_SS/chipbay",0],"635":["Sprites/common/winboard/BigWin_SS/14",1,1],"636":["Sprites/controlpanel_common_0/UI_BTN_03_01_FX_png",1,1],"637":["Sprites/Base_Reel_SpeedUp_SS_1/3",1,1],"638":["Sprites/game_vn_0/UI_Max_vn_png",1,1],"639":["Sprites/Symbol/7",1,1],"640":["Sprites/Base_Reel_SpeedUp_SS/10",1,1],"641":["Sprites/common/winboard/BigWin_SS/1",1,1],"642":["Sprites/game2/Free_Item_06_2/2",1,1],"643":["Spine/EffectWin/mayanohu",8],"644":["Sprites/controlpanel_common_0/UI_Menu_BTN_02_2_png",1,1],"645":["Sprites/Symbol/icon_5",1,1],"646":["Sprites/controlpanel_vn_0/UI_Menu_BTN_MSG_3_vn_png",1,1]},"types":["cc.AnimationClip","cc.SpriteFrame","cc.Texture2D","cc.SpriteAtlas","cc.AudioClip","dragonBones.DragonBonesAsset","dragonBones.DragonBonesAtlasAsset","cc.Asset","sp.SkeletonData"],"uuids":["019ciEeEtGx4bSSh8s7fSU","03Qt9HuFhKqKW7aIpOUZGx","04nvYFrYhEGo92FeyqAEpW","04q1+pWH5CvojVok4SzTw9","058FYlaaxOz6d7CbTkRaaK","06G2M3WRlFQbwjn/ImEcCS","06zagBfaJOQLgWdxGGA4lT","07P1FkzBRN950QjceRfnrl","079++h1eNFSL64BSGNoREA","08QEC6Uz1K0oQBgI4LotPc","0bP3IboPhKtYc1MfUieOU0","0b5vgjPVJKxZJJ8Xy6520R","0c5oC5i2ZH8LRQdhKmYDuC","0dd+VisvlCvbFD38u7m/gT","0eA1CnZytC0IInlhjRDxgN","0eOt5/vjNH0IVNdSrXO4I3","0eg08hDXlH96IxDFVyjZJ2","0e+NwYBQBPrrmsZK68cKli","0f4uvuQqpFj6Ze8ZqSrMSS","0f9Cpt5C1AWo4RpTYwoid/","11xGUMsERNFKr7KEel83da","11y8/ov+REZJOl50xpy+RD","12G4IpEvRPVIacLk76NJ2a","12QeVJ2qxOi4sba2khf7Zc","12aO2CjolO0LHFMPiGc/km","122Mig4AlJXKGb8wN83oSB","13gO23s5RK/orrmlKAkdW8","14hYNp9S1LYaDoOIY7kS2g","16gE2peV9Db7ut4z6rIYy7","17qR44F+JBKakpoKB3gV4+","193ARKlw5OY4iHw9/tcZs0","193KZUAAZFS75+8FDB2LSO","1apRFP1e9Bi6Iheh2Ntglq","1d0Cy3C7ZNpaVgOHNuje/l","1d7yXn7PdHOrpZGOLl6GH7","1eWG6omqVHDKSYPkxQLzhX","1fWUgrZCREH7uEgV7j0egD","1fmqt3O1ZB67O29itb6Pi6","20StFtRS5EDqc7gRTm2Dbs","20Vp6Z+JRAAIwQXSHuOXbD","20nroUx3lL5q9dxy/56anb","22G2xewcBEY6HBBf8sO37C","23YJX+fZpAQJZgsgtuHRZk","24mj6lngtGp40GIts5EROL","25Alu5541DlqPUf3sAdVo4","25VF/SZzFBEZy3cPyzDvKR","25jwnIXvZEMpqeLBxgGhz3","25m9WRoixFT5OBaZuqH3tw","25yMwtP3xCvLYnnq/fwTsT","252D1INq1BI7ZbhylxXVNM","26cnYBVeBGsbTGOWGHGiej","27KKD2wohNBaBOy7qrh324","29kFuOfcZInJtboaq1tn1V","2aNFKPJaFAnKDrM3N9sF6Q","2auXG6tzFIR4GFnplsYMG7","2cluZ5XaRCsbnfN1dojLNb","2dvzPUtgBImrERBQDeXCN8","2eU+Bz1o1BY5M/0H2hKpyr","2eWlAYUfhG4KmxANxTHB20","2e0w+uX05JWJpMbfdiwb8G","2fqp7Vv1lKeKy19/40lV8K","30wlmbcnVH852OGDipVltx","32EtHxeE1OZIh7CYg77uYb","320pAHvcFPxpW6hZQI2EaF","33Q7vXEH9JpY7P6AQMDn2s","33t3QQeAtGqZjODNInzztW","332lqosr9ELqAyODbFEFzX","34ELiVg0FNSanOYQ1xl4Bd","34ebfOolZO279pnrVa9WNl","34y4cohzRCj6owWElGuLbH","341HZy3WJFiZHJAfvVt32e","344iE+bIJGFbdcIKpaifsh","35KDsbpg9ASLEyqT/DADXn","37mC+WvyNCqY/DpOTL14ei","382+b0+C9AJJ33HCSlpRJZ","3dbHmcDCZPjYzEWQABgujp","3easu1paVNG5xYX94wKXih","3e/U/Fd+RIaaO4N/GwdnVg","41WZMuL35BvIhG52uzWf7H","41c9NnQxdETLJ5wTa7Ua0J","41yrdO0GZJgZTX3UVtiDAk","416pyQ70ZJYb9oXh+e/g1w","43R5zXgP9C65xkoKYUU24l","435ADQk+lJV6wg7c7GUcyp","44IGjXYadJYIIE6fyAZBCr","44SKykhtRC6IpP1cSUbPG1","44kbG1wvxI5ZNN4IFBwqfX","45HCrrjjBHvJBXQ+YKAE3A","45LnFIZuZMXKkJa3R9jWOY","456VeiOU9Cya3wkF7O5uuF","46eBqrrWlDw7t+FCFTgQj0","47XcqpfcRA7Kd/8pU+uaz0","47clRUtB9FIand6ONRnzqQ","47mEiaGY9JaIQj3txxrNL1","48IXTfYzVNUZ+vS0TId42D","49UzOW5ClLBrZk1e4qB2ib","4bgC8SO9RA4LSNjiTKaMMo","4boabFj0xLZ7aVNNNDKSG2","4b5Lk2+n1MF6sqnFs4+1xZ","4cM4ITDAVAwI0/U+IDeRG8","4dFFHM/51IH6cqQY8LYwVt","4eUcxjhElAOJJV+dRfxsEP","4ekvCw4flJ1Yo/iK0XH49R","4eoDNk8CRK+rZDHhD+mk5R","4fphHQDBZMRovCl8+/Kc91","50c1DJv6BA/5fWLtzbcKY5","50v8EfNpdH8ZYe+HBFB1r0","52MRtpmKFPgZf6fSE0J30q","53hPk4ZvJGw5oBaS8zTPXZ","53lAHx9UlO0JgH1+vx6dd1","54cROJPW1HboQS4FCem+os","54rPu1ZBdJPogOg7LKI8CQ","54wiCIJWZDebgqzJetU1lU","55SyRwTAFPUZTtL6M1nnJU","55XaEtdPpFuL+9Od0kGqN0","55elBUu01EV4prHdz2D3q/","55/x1jgLpP3Y3JtNrYliSg","56vDi+zNlD05nGwskSso7G","58COZ3dwhCjJWS+j4GW55H","590SYtCTBI9ZnY+JhvVsqo","5cOb1hZ/VEqZ7fbZcWdMfo","5cbyRhFsRLH7Qt1sr0GNpP","60BCBWqYdHjJ/39F1sA7IO","60W0nydcFIG7va64Whd/SG","60cPUZ2WxA1IuUk8kbH2pW","61h6PK5Y9Ncb7c/ODw5Y6g","62skhiXrNOL77/W7u7xmTs","64d/vHycNJE4dcTLqbtT9O","6468Kljk5KfbzekFkek7KZ","653FNhsUJNgLpHB0Cf4FYR","66d4I0QE1OxJ1pMjYgSoYr","67oYKEEhdGLY3zIMHBx3To","68XXG2hRxB2budn07xOO4/","68/iKH3RFI8JISQSf5u7XE","69AAYN1DZMK4QsUok1RbRU","69hY0pqkFEsKxITo9eS8IY","6aXJ1sjklHjpi+4ZqVPTiG","6acijp6I1FcInIFKkF3cSf","6apjkVP/5KQbsYT9xR60kD","6dL3+2YYNLOr/x6ah+DI0D","6e0lTLbP1FmaHd7Y+BbPxr","6e8uaVrRtARpA42a4N+xP1","6f6Vw9r/1KKpnIEw96AFj0","70ISufLLZHjJfOnmaGgQNy","70M588KPxDqIBmKDHHtyGS","716qadoYxHp763GOaXj4Q3","72slpfZSZK/oUpI6Z3Jmbr","74xE3mjoFBkYa8jhnxyP8A","748A2WmQ1GlaH336zk5UM4","76XLFupFdFTIB14kylRetk","79nK3MKuJAd5G+FVFINEFR","7bX+ZR50JC+7sTBJDUlaFj","7bjCsKNdJCVo7pFm31DJyR","7cVlcskVNAc4vbZNjzW4jK","7c88303DVOUpucP47ADdlC","7d2A8ppU1OR4N6gUJmk77/","7fMp/hOZdJ1K77IDk5WVOf","80KVuhZaBIX6kwiccm4kyI","80uWSE2HhBsazGqC5eAc0I","81CGKq4ktNtKRYq2e57OA2","81P7Uz8+1AS5BIs6vjjxo0","81woWF+f5J3ZrO4tPjLdEM","82QIl9MMRFbazZnwxvoSIV","82QTUGzGlOI5Fk/fYUosOh","83MOrCyXNHpJHKKRkBpzGj","86aUYUqq5MRK0OPaNSr3JU","86gwarEPtGAowCvjDF1Xb2","87CvgTBlJGV7dvrR7sqjIj","87jaYUPYZM35y1smBAxLbx","88K1z4kp5NKJFpJk8pgePz","88etO+mxJKUrM0SprdZqnL","88h7T6WLNEO5IkaKZhEXrX","89Ie50lOVPC7wd2hIG5wZR","8aJFYgVPpIpLkefeNEUt0i","8aLfPPMw1ONbaytfwZ8Fnu","8bmbqpNzNEspMiRvh+2jFI","8bxOOEkM5ApoCTCm1iIWSa","8b9qkKLp5HT659azvE9js7","8cP2erQtBLJLQETING77oM","8dse6GweBO7JEiDUVt0vIz","8d/sMaUERDsqCkFsjfGXnz","8eKv1HI3ROgrULCdRXHuHe","8f8FjZxhdIgrf9sNK7o/Au","90Mq+QtddFKZehJFspSPFE","90qqwbZH5P6JFO1m3Jeac5","90xL91C6pHwo7tco6Vlikh","916VFGshRGx7IVmPdPpkux","92RW5UOOBBXYKp2TKAR+6Y","92l2GK+DZN4pQjDtm29vCx","92pJEvtEJALLvGcNVNtuVJ","934MSwBTdDSYCPyJy/tLGG","94VjSMamVDY668qHPTBR7h","94ufwz3YlOSrmpXqzU6Uu1","9427yobihA1pq+Wh7JQt4D","96IjdpzE5B5rh8Y2AUziCf","96RMdHh2lEOKJ8O1S++xzL","98RnpAVhdBPLUkfAH5Hhee","98gtuFVAdEKbW0x0iUIBFm","983ipBkL9NmoRAtg9Ayai+","99FUtDuO1PsJBkj3G9fvb9","99F5CUewdL8pJ9IUZzY38l","99Gs/EqxNFqKiQhQNwzd2V","99XRge9HlJZIAXnERfKxfx","9aY8Nbm3dDsbiDJH4xLSZU","9bh2XLaZlIZa5gBNlNumaB","9cuOmTyH5AKbegTqbVJPWf","9dElQYPwNDUYIfZp4Hwgae","9dR/F1Ot9BUJtNHkam0sw3","9dWe2DbupCA57cPf1j9xUC","9di0sodqpEtowP+WVQAaNs","9fdEtasv9CkaC6FLzicGZf","9f4A4fUZ5K/KeEFpwbnAL3","a0p9xQWBVDPKo/hvSXoB7S","a02Xu9BbREz7NtMSqHyEAK","a1IshFHu1AvabWNYbe8zhw","a1ZrHwSoNLcLqzfIkxX8ix","a2Z6PyufpNRIQR1KH6RPV7","a2krJqPYhEabw+J38Knir2","a3l8LvKiNINobnGZ6Ogivn","a5d93DLItLrZ6dWLa9tzWN","a6cmsgJRpGHZ9sCyVDdmHU","a696UaZudCipPPpftr6orn","a74mtWQnVIx7fyyeNRkF07","a8O95GSqlGF5j72t7vPvQl","a8dx/eXBtLuIHXDx+Fbu6y","a8yh6DWIhK46oCPufhHEFn","a9RysB0pFDPbErkNwHmOqA","abpjLGSlNPSKN+UtVRrSN5","acARtxAKdPvaYCMCGjFlz3","ad29/GR3lPUYmi6V2PedkR","aeDgEtHzhImqHD9ohauwFd","aezp37MjlJVKpl0+oQRa+j","b2EKcrCUdJSpeKsGkAPfIZ","b2HWDLB9ZMTpUn2oMsbwRM","b2Ms1crNJIC6R+2Nfcx6jT","b2gxpz5ZRL5b7JmZQA5jVr","b3ir28kuVFNLD/p7dJKRI8","b46k0uS/tFHKNQ2JgPGE4K","b4/x+pY+NCl4dQUh5sJ3Q5","b5Lg1aL9hGHpy1OXdOOOAm","b58MUsNHNIja+E28mHY3JM","b6+j3gPMpONrFCZmpT4NAE","b7LwO13SxFvashyb1y/n8G","b8R9nh7LdLqKpgWwxDrviA","b8o7HL8zRG2rwZ5Au29GsL","b9TphasaFECbFTawaq07gL","b9k4gaqs9C2Jj0ONWZb7HS","baG81jvNJFCo5v5hdQWV7G","baG86FZy9Ecr39CMYWfNbd","baPc1SF0dG3I1iKgkiFp8E","bai5Mw5QhBLJi1/guiS6Ny","ba2gW9sYtFYqxpajI3uY44","bbROMDXzpPZrTTOZ6Cffuo","bceK/ii+RJFpSjuQ6SDqOG","bdJkyLMM1NNZXjyCYARDgs","c0nElCYOJKELurIWdNPq8Z","c2XmMU5KZMu7R8HZHD5zb9","c2seH6MwlEwbUav7HViccN","c6cjbTjmFOxYgCBu1SNmsh","c7BybRqkhDka4h9zfRI4l6","c8DctIDM1DuI1qq74c2sDm","c8Em63Fk9GFJW8slKQhQhV","c9OJUKqvFKiJz4UQMvqJIJ","c9X5raLnpMCbKtK38k7V2D","c95R3xn5BCgpAkzV1A86cG","calThFehdKDbjooDlrRAqI","ca1z9cdX9LZZHVGx1g8qvI","ceC6HK5C5CgZ28wVyX00ms","celAcHp4ZB94RFda0+F5Zs","cfMbmsZNlF9aGgH/T2PLCR","cfWodaYWRFFKUm/+G0wv9f","cfdCPi7npPZ7qU0Pdpm81m","d2KcQccGxOO7VccLnAhE/0","d23iRszzhClbnjXIBkOVEJ","d3O5UqhDRC7Ycr7jZv2cBz","d5KU+8o09DzY9XeN06ypo7","d5P8EGkoBGSJG3lgUmpTYO","d5ScSY+bJJmoJcgL+GOqTJ","d5vOk9HuJKW4Peeuka9hCH","d7LwwXZIZENJuJnhN0TBaS","d8hjl1vKZHpowzdOwsVXQX","d8lYk0/A5HdqB8u/uqyN/9","d8rXRuDQRA76efiWW4sir3","d9g4+WzEBFXrzbzEke7QGi","daEiBJRnRBw5Zc+NxNQpo4","daV59p9Z1E7I81Es84LFj4","dbSg3TYdNI47tVrjEqxiVL","dcSXxwVbxEO6GsiR0lrjlm","ddPadT3GhHd7BhK4Z/1Up/","ddyznzSf5NlKgRJ8CrDRlc","dd7FMiQJNKfbP5BuMBuxPk","dfkKra9H5BUYkR4j/KNBgs","e2xuIj8DlN56slIGWgHI1G","e60PJP1RxHrKTQNEOjq8zz","e7roxMrnlC/pymnmoqf90A","e79q25ZNxN1oh7fuhUoU5n","e8UlEIKyJHQYojWCFSM7wC","eaDggmcmRMGq2tSUaYyorh","eadkfcbstGVZnTNvD2sQdh","ebH2PI6HZA+71SE0hrXYEW","edJ+Orf61CZIlkF3nqR1eB","edliMjdHxGdrnEi0vu3hGQ","eeqdm3aJ9Lj6qpkRMBoda8","ee424SwcVDdrc509QHB6ZF","ef1gJOCfRCS6dMy/QwxCQE","ef7qC2fjlCmaDTDfCFsOZS","f0FjXq21pM7aWnTtMPYaGr","f0F+pswABAgraMRdGINY0S","f210YNT9VNwb3ymC8iOnMy","f4NEJZ/lVDg5fSMS2MaKpG","f4n52513RG3orjoOTJEqdE","f5SWwlYwlBn5n3Z6eXuDI/","f6/Ly7qL5FGpkejRZ7rK06","f7Dk5g4wFCf6lK4z2skafH","f8lgo4qodN8q+QecgL2lYV","f8o7uXdERPoK7kN/NjrsnL","f9chU2jNVIQ41b/+vKHQZe","f9hpGAa6lLIZkH16BDA5Ht","f9+/jrX8VOK7RUZSuCcrZg","faFf85ej1Ix5OF2afxnwnO","faoYCvwsFFn5bzzOXjLpaA","fbSSSKZ8ZLKpN7g2u3j3jL","fdwO7YMRVLi4lGCrdYt0XD","feyi+BgclI+b6xEz5b3VpF","ffaPRPb0pFeKpAt0ddDbM5","00n9vtlSBE7ahQ1d0MEEnu","01OptS2YhPvYCcQvc8k4vt","02HTDydulGB5rLDq8KSgPq","02MjS0kulFXq3pHwhS+Hno","03Z5EnlGJOKKyYEmhMR7fi","03w/8lw8hK0qEOhoUfRDl2","04EtWI6T5Dp68x6vITCvbN","06FYc1sU9EcLnrg0M04uHJ","0856Vhy+ZPY41iiIDpybgM","09xiHIEdpDDKnRAOLTYa8K","093Yu05gdEb6/23uZUCxaZ","0aUUyRQyRCFKPI2G/eAVgP","0amKMobiBOyrwUEJ+W8Jaf","0bRI62SDpDQ5rzi8C785v2","0dUl72/uhEUYESrHXbuqLc","0d6z9B+uNAcKzQw3OfnOpf","101b02PYZHpqGYm44cSjSS","11Unc0tPBLV7TBequDrLqd","11zXlIt2RMjqQFfXaQTr3R","12+zWKs29NOqCjwqtbR1Gv","13SNBo06VHD5VAlMSeFf31","13xbpk+o9OCJWeApg07Qi9","139m0n3rNJ1Z5S8yW4gkma","13+Dr4VBFIvKVQt5JrfZLo","15DNNbpyhIKKJgh8ozqZp3","16mczKMpNPrplz0y/4RkY0","17AGudz8xF7r50xsJ1L0/g","17LXGrWchOMKEeE+ROX0u+","17We/u3XxOWZTv1yx01DOp","18gmPDpelEopnumD9n2zBC","188rkv1DhGfITXDS8Dm28d","19GNhTpD9DlJgsBgqhgh2O","19Pkc8ThZFL5MxAWEBwUQq","1aM9im/HZOcK35ea23zsMz","1a9tPMjqpBg7uLnV0Nr8Z3","1cjLt/KhtGr65KkIFXXZDJ","1e8lL+07xCUqWFLS/4+DDs","20OzwVDctPLJnX/uutuzmI","20P+SBkp1L4IzAxxd8a+dq","202yDr2s5FE7uzzKwFSABZ","22TfaRgGpJNbjAkS0U3CcE","23RZ/vMoFAn5Rd3nJmU+ol","23hJaZeQdEPYFUKDvyqrwW","25KUEOqG5KuL/8ZXfz8Y2b","25fiXv6zRJs6wgK+BOqudi","259GLyNyVF9YY4KOpf9CTP","262EHdDCVPw75Mlhn4j0Xv","28PlfDbK1AUZtCXhm/3oiF","28rRBanhxNzJXzseCLf4UU","28vDiIHj1ClIoUDN7q/3JY","29oIx+QNNOwocbCRjLwtLX","2abPHEK/lJWIappp0ffwq0","2bMBPswetE0rPbqsyQYI+l","2cJJV9l9dH6IgdhqKLEvr4","2cuh6Y91VEJoUw70gc2ejj","2dHtv+9p9J35KAbzVFXlJx","2d4yXF4TZEv4BjBEqRrrfE","2evXAcJ2VKZpNYPy3zSB42","2fTxQPt1pFIJaHV5C7JcO0","30eCm9yklHL6jwhb5ab1fy","302sd2ZYtLmo/TUlLOTBwj","31dQ+hwa1HFLrmxJmDuyc+","312BR5B/FGBYcBSW58TYfM","32MgSjmxNCWa0tU+/Vsfny","33IAsr+a9DUaD5h0IVhKju","33J3F3xCZNzqgJVOZPyyQH","33gI0jYJxJ3IniGZwFxjDQ","3302R0ZhlM4KqetikcHyhk","34F9hebnNJ0oBiAmA1F99C","36KJ2sGTVEjqxTGcnnxqjL","37GvWnDRFDOqmDSsq52Czl","39NrkXCMdLs62jSkQ2X1Iq","39eg23E+tBJ7O9bWrBVjG0","3aRjM2yEdAAadun+nRbSyN","3bX6ezPjdPdIfOGKROTqcA","3bZkZ/AzVAWIhVRbX3BEy3","3bjwsw6LtFzpu1nGop18j8","3b+Rtx3sNPuItsvj8VaTBV","3ccJvVU/NHabitDpYqkGPU","3dz1Mlz61GLobDn7Kyqe/m","3d7wQgJ+JD/422Ac7kzycJ","3ev/+bjJhLPZdBQtLdGjfJ","3fU+xpdgZHCaeJq5uYxlfk","40Yaxf77dH9LNNBfXSE6yU","40i3dcYwNLWonOMTfsVAyF","41pzUDtoVOoqCoHivY3+Ir","43DTaJp6xF5YPVrcOyVHs7","43aEUd5pxOq6ojTB4GhXys","44MusI8IFGqZO9dVyDNWst","44b529c11LJJFa2cdBPVx3","44qWJwj3FMFYW01qQZpGqF","45DWjKXGtCUbv4L497e1Bp","45QURynCdNkqztLeZifyQq","48Xn7arF5P16LDB3mNw7qs","49FpiAXMRAdZivsIz21Tcd","49PEZZQElIn7ZYJ7EqPnDD","4aM+sF/31IJIMSBi1LaCwL","4a0R8SXONNvppGhnmN2Hhf","4cdlCOjYFPc6ZwiydKzK+D","4cnsexWyFGRar+55KhmcrB","4dHyaNILJKtYIRVzr8cSOV","4eC6l+xXBCFprluHzndWBt","4eh7Wo70VAuo9DmDFJbKO7","4fkskp5Z1FM4KP6g01ipHw","4fmHbsWudLa4lyInCuIqsI","52eN6eQrlBRYPmAx1tJmEH","52oydDUq9KAZPlQWo9I4f9","52wgCtwLVB2Z/j0C7bENYf","53Jvs4sudBvasVJTi+AGPJ","55Ua9mvg9Gxo0H3FjGNQeQ","55b9gmN4tCjLXcVU/6cLXe","562Sd1IehEHKkMRg2dqPjm","57tvkeR7pCsqYa0AMrkGtC","58aky6TdJJq64rj6IdtM11","58fVUEGoVBNb6x/ZdSXDPy","59wXqb+KZDIbFCfKmGSIER","5atlgKaBdKdpVEDOaVAd6/","5a27R9Fm1JlI7deWDfj337","5ck1GSlspDa6YNs+P+qkTU","5crOQzw/dC4JXqmNciC1Kn","5eUWP13cJNvb92EXZ96c5c","5fYtv9mkhECK/rkZvwibkp","60GiNF3jhDz6TDLHJBR0yV","60en8noBpNmKzUzh8xZBOW","61cyPdEfRN047sDK9rO0W5","62b6El01ZPf4g432wF/r5n","62zwNGfuNM964jf0N88psw","6286kKBgtFXKOJ40+OVkWq","63IZFY7+FKeqyHkH4j9PCy","63udeaNv1EgacqhcX5fsFV","64EdbL4+NOZKyEVG7nurBm","64w6TWQ5VO74J8/xlXWkep","66KNuEg8RCwKYwJFFMqqyH","66Y9535qBOsbG6tmTGRKwW","67r1gQCtRIEZzrcn/ytNwh","68Cmk5ttFCkpkoYXhRr/bL","68aNRRxlpEdI+JBM4S8MOF","68kpyL19FLBLXVswDItcZT","68rRYT225NDrwPTYaYnN0k","69BfHF0spLxaBo5kkHjYM4","6aYuVM/lFCD4ki6uVW8Zb0","6auaTVDXhPR5Ockn13F8Ap","6cg0uQcRtEZJ2fHWsiHBNd","6drxrob9tDxbJEAm/CZagI","6fheNijIFG+peqZwM65yIU","70hTuKiepKg5zpfsm139p+","7072GveRpDAbwrxc6KKBA+","71CQiY0ghIIL2M2VvmI4UE","73E4y6cn1O1o3NfTSnndCv","73GIDCvMdEb4R+OzqZrl1v","73n1SGnrZA1pyioMXT8EnO","734Rmhy6ZE+pnc/OXX0VTD","74cQ0pbqxFBLqz2Pl+ia6N","766B7GNfVBL6n0MKRr4yrs","76+qLVlQhDzaWzd5ipYtha","78tMuoMppB9bQo4gHLA7T1","794MZvAjBBRpok9lXct4bD","7aNq+HWOlLxZIma/MsdDok","7bbGBX/H9GYoEUxzegJLkt","7bprJ/xelEqKPlaOo/gWqW","7cO8yMCX5JIJoqSVM6pb6E","7dqNrBDbRHM6khT2rXRw5s","7d1GmT0j1H0bV0cyKgJjTB","7e2vDN75hLLqk7WCsETD9k","7e5eKWICtK/L3MXDcNcAMt","7e/WBTZUJLv5T81k4mLM5T","80oJL36QNJ9ZXFnYeIzWjE","808fkKQGpNXJ9MzQyW1yMr","816IZd6vpKo7Nrjx7v61+C","82QETygotFQJDXmhDDivGN","83FcIkuUNDP4FgAd2r19Iv","84X7+9LIhBU4N33sl8af6M","85Mz0Twj9PzJWpryzERTY1","85ZUIJ6OFAS6bnk4tJOQvJ","85bo6PVXpIRa6W0KKja/te","86Zu2w0LBHBZOlY/8wMKWU","86tpbCi91LIoKf6GjTBkAL","87+9+0PW9MzJU660NkkclB","8asVFx/vtBTLPSntRZI5fC","8bknC+p0tJOKQ7ht1if7BD","8cIq8k1KFJnKCBVMbwJKgT","8cUcE0DH9FSpj37wDJ0dMK","8d3RmbLkpLxaOIUBb4xkdV","924vbctu9KSq0x+WMwAp+0","93OO9CHO9LLLqwVVrgVMaC","93ULItVEFI3KSzHHuZM/pc","93zJQUA3pLIKf1nhoW6uFV","95UwmzueVI5ZxpQZ01Ahdj","95d88+pslE97nX4dL4H0SR","9517FyCR5Pu5Gi7iLg4ZJK","96hErMI3tGZqKiY+F2VYd/","97wXDYB3tBUrMfI27EOotp","99JYNJb1FPGb3y+CuFfVKs","99Qz6sO7xDqYvf46D1g8SD","9aWRCaSbFMeJO3GPSzhx+o","9dOJhfRmhAWYX+4Uwo+nos","9dYUxzgCNHrqsTYcY/0pLE","9e+Dvvk4lOQotiOO1H6w4t","9fTjxshmFOAI2GhpGNX1LV","a0WcbK+QtFmqo/vPjUlsyg","a0yxDxbPBLCoi1BWyEquA7","a2FPcJLwZLuI/D26TY8BHw","a36Ax/YO1NZ6XV9Da2oyGr","a5ibMbbMlCya7q9nS7n8es","a53uxMf75Ee6zw0TeRK5/V","a6MbI4ag1E0pLw3aGbIbi1","a6mDVbyzNM7pEOsBG4XuR1","a74gFBH75B24TW89Ezvt3V","a8s9fZiHRFBoE0Pk8V7D0x","a82ldxPjpOv4Nlp1X5LAH5","a9V9v2eghENLLvgxk6qY/w","aa1vfbBoVGj7mfXKs9mh8O","accUmQ4+BADrMJF/EBxoNx","adEcdO5JNMSbIkvQ88I2rm","adwca8LAtDG7OAbD3GYPyB","afAqp7PJ5Kr5WcR+HBbpa8","afeh0v/nJLz7C5NuKxwBsO","b0Pb0OpbRN6I6iwZCWa1rh","b2xY5QO/ZMsr7hC8nCEQ94","b209dmIqpFspPiAtnsUwDD","b3jA/J4UhNj7k7hGGq+iMo","b4P5SLG8JJfJsAkGE+7yD3","b5NUQrbuBD+4aFB9pQqF0V","b5x22iR55C5aiq2md0zh3/","b8wRhGZMZMp5/H6KHlkdjt","b9r8LUW1tA2ZH5FvRfhFwE","baOYcv+DtGRJ7aU6NLcSMI","baVnbT+5NDC6vO95ONeos0","bbbO8wG55DJ7bn7/nm1LBB","bcxb0q2OVGcbU/tA92X8FL","bdda7rZzdN8J303LAf8vWk","bdiXtUHPtD/IrG4ahAilDH","beYhtvaQpIG4BWCxCbH1ZM","c0opDzQP9O+IQ6zmjmI+dT","c2WGyDuWtFQqyytVoHUcxW","c2kBVXopBOeZGmB1L8PTsl","c3BMnju0BI4IcELqOlZ20t","c3m2+S8r5KGqxYnk08rQZA","c4O51TGp9C0bs4FpflgYmM","c45K8rWFJH85O37RHXmZrJ","c5ZS3PJthMaII5hVUz7vlD","c6eIQhD5BJb6R8g3C45Agv","c6/vqn8YZFbp5/UOuXc1sD","c8FfNSa69BILA4B6zNWXdy","c8fHRgtLVB5JQDnsmUbl3L","c8wYi9qBVEApZIG5P2pho0","c9NG6y7s5PqaereQvyBliI","caxYkYp1tH0LD2xzdJ0sOy","cbOk0nHYtGIbbBADqODu6o","cb0IYYEHRG/YhRABpKMDRm","ccOxmgfgNMG5uEdPRRoY1z","ccmmczzDZKuKN5zVcqStBc","cdaagIKeNH35xXOLrSI4+y","cfIQiG1UNGsKbRbCWHOos3","d0A91Zv45DR7GT/5bJCrfs","d0lVBabgNAq4Ygg15GvxEs","d0nXKJY+RIkYUMBfcpk8ZK","d3IzAKasxB7KMnVkNqwvyx","d3Z/97kglKvq5DJvjZix6+","d3xvVCM+RAgZ43KvnJimYp","d4KHmnfftHFoOJHhCxPUO5","d4fkiwExpKsaIzsXUZ6Pxt","d4qD+DrztC6p4jb2SaJSbp","d5DyrMuO1Ni6Y26D7uSTqa","d5Ss+692VKzpDNGWZt3hVk","d608qFRoFHwbXd0Dap056i","d6/UjV+CtNUIv3xWjhZ7VU","d7iOOvGJRCKpKycbSgMwmX","d7lgTOEXdOgbOcXkpP+hrS","d9N9CNYHlKKbYXaelvCJTf","d9ey+2HjZFgay4Pv0notK4","dbFq9PbxVBiqg6V5XyZmCM","ddHNy2/vpEh658t87YMmQb","ddZKmnyGZOS5thcE2G+VaE","deA7cQFxNJnoCvc9y20GOD","dfcrtlBoRNEZhXi9CZp4Y4","e195hHVN9Iq5namRaupSIa","e2vjNkCSRFKaLYTDcIKgE/","e277tK/qhPY56UtMJhBjXH","e3+EwbTQRCBKtrDONPJGfi","e4Il1tjlFMoJLu39sRaKaf","e4MTZk9kpCHaCJI30xjL0s","e5X0VwWytK2KuKtF6QyW4m","e6AKuK0j1Hk5BrR6WeVXaz","e6LVQ64PlJub+pljX+bcwt","e7UQsHH8NFVpSd52sEWRiM","e7nUBaIwxA34fZDCanwTRU","e8rRBiYGdDeom/ikWXWQWk","eajhc3f/hBzbIInefiNc0P","ebu3bGRtxMbZR0aXvldSvz","ec6JXvZYpBAKSpFHOSi1Tl","eeso7m2qxKI5k9tc/2G52i","ee7BjRbh1OH4x9aPWAH+/s","efHeTbkyJIXLHYg1OSNcjW","efMhJcijlCzJzbN0ryjjQy","efO6Ueg01BQa/VNrjcxdWX","f0Q85Ag6pKVbmkA5FVT2gL","f1QxugsHRC+6sn9x7AgM20","f1Q/0tpClG6ZLrIg+oftHs","f1YJ3u7otGSoXKl2jgj14+","f2CnmG4ClFCbTh8uU7OBwF","f21W1LNZRKBpsdsCwv2OzD","f27x6TfkFE3LbVFJ6Py1Me","f3MMsoPpJFs6JNYk2TIp6X","f4KhAF525IB7a8aPqeb728","f49/tzhGxFzYABhvJ7JHqZ","f4/CFUGtZEXq+Qn+kwGkmU","f5SI8MThhIyLixuCThVoRH","f5jjIr76ZK34vXUM7ecsqD","f7668GOMRDIZyBgVSo2t26","f8IRD/vExHZblu6BDXSQki","f8XhwOUeBOTaV+9qoiim4g","f9MlFmMoFBZL4o3+l1CLlX","faQa1NIEZFPI0zqX9J5frv","fbPZLO6VVJ7r7uhOFxJxZ/","fb1PyW5BdFiLDyFe2ZiVTj","fcKuERG5xJ9qm2NEmL/aHe","fc0LXLy7NKk7eUu4krJ5V3","feIoCvfulCm7uAbhCWi55K","ffM+CDY7tCO5kBY1G9E3UJ","ffnnNKdUpIK47o9coO1bxx","ff6DZZGYJO14eFX0sn3ych","02aevJ8m9KSLQW+D5qZtqA","03rDPaHpFAYbw24VWi8DIz","047OBUL6RA17dwC93JWfqN","0adWDp/HlI46Uuh+QYG/OD","0cjxScQP9OkowhmXSiR2xc","0dmZDOZ/lHu6IIYDyouiK2","10NbZdwUtL2p6fddpFSVoS","11GSr8xH1HPY8PJwSBEcvl","11m03rlbxCSq1XoJFHwAz3","12kzkUa85Hu4bZbVx/jHDJ","12phniXPFCXYU0puIXY5s+","16pnsU925HG7RmN+hrj6Bw","19GT1ITydGd617F8B1OIzI","1c5hjLF/FH1LRf+Tu88SZV","1eI6TwDD1Dq5kcp21xpj46","1fSp3uqgFMZrwRL/UGAgm9","20RfNfrGFLVb4o4EO4h3cK","20wJPvGbBOT7Wv4yA4n3D9","21frr+50tKbqTZv/3NXtls","23u3hSAgVGcoHa5HluJB7A","27Bg/vZG9ECa7MnSFM8iGB","29FYIk+N1GYaeWH/q1NxQO","2eVQUMLD5CRpuFZ3+0LJbb","2et0HtSYlHMrSffVXh+91L","2fl3bIFBFD+IiGxIvkMqn/","30L1WVI7RHBpg3iJ8XtSyk","309gxOUCNEOqK7bzcZxRLk","3aA2pTY35Gcr6Tykvg8n1I","3aELvu1l1HAKiwvjHDidir","3ae7efMv1CLq2ilvUY/tQi","42d80IoYJOe5KHIMkADsrA","43ZcPA0lFE7q7jW7oKDlJ/","44ess/qcJCSZA7kt/8pJ/y","48IIoBwElET5qpVpqOq9g2","49eg+/oZVNl5mFW3RMianZ","4afusrqUBG8YEkCinmI/yB","4ay4SlJMBJ97d1HAXWtDRw","4fVMZyYOlGT5P3SZ9o/Onk","4fXjBoV2hLgbeqbhc8IwkM","54eV9wnnBB+YcE20vhZT0V","58IXiARyhJQqbjmuk/8XqG","5axAftzb5P5oqjf/pOqrD5","5cO7kybDxGj4ipyMYdRYZB","5eOBKR9IBGJ42nPGFHfceF","5epiSdwOJL/6U+xeATMXz9","5f5dyqtRNNxaFmVzYns6FZ","64YDC/NA9DS4/COtq7u/vv","664oSTBjtGbb4udYnd5A6R","7342te72REqpnLOoKorj5U","74GmwAEWhF85SXWpluPvL/","7a/QZLET9IDreTiBfRn2PD","7cjU5IaS1KF5hNStG4wEd6","7dKlrLzwlPnLCFE58ZxlOK","7fM6H5PfFAPo5xOlptO4Ry","824Ku4cm5FL66fwln7zyLS","90mAPieytF3Z2M2BNVVi0x","94rGiCnedCyI0Ax8CRpsrX","9bEYplWo1EbpzviEnmB9mX","9cOVrVgC9NxJlp3vNQ7CMx","9c41Wjg+BJjZZiqgfH8xMD","9d8BwZCpBE9LemU1GOzW7X","a2MjXRFdtLlYQ5ouAFv/+R","a3TJMlYupOuor2F9au1hNe","a6LdxZrENHCIN/9jYSUr8u","aaygaYVEBHeK2j0z/WGcJD","b0PgPk6h9BY5CZ7R5mkWwP","b4xks0mMpB26wly04hNYFq","b8OP1G5oZGZZ/Q92upTdVS","b9U/4WdFxGgpOO6M34/Emp","baBpEPSg5AkLcNE+s40W92","c09KT1AfJPFLtwxb9cypSe","c4UFTpBPlG+JQMGn6wxlC0","c9VupEoCxGbIrIXOJwwOth","ccAPf8mQFOPYcG5QvTB3oz","d2G5yDs7ZK0JaEYQHzugh4","d3xc/H6llMaLnCPtwx3UCu","d5MsGETFtOBK7TCsb+WueX","d8F2oT2qlAwZGZXMhKwag7","ddQ6OJac1Hq4zYw6tfXBZf","e013VtlJ5GpqHUvedjqJLt","e7KVE2rpBIeqEfzTgCY7B+","e97GVMl6JHh5Ml5qEDdSGa","ea0g4eBbhMUYPOY7nd9Wl+","ecCTW49kJJYZX+93y4H/Sv","ecpdLyjvZBwrvm+cedCcQy","ec/MJRFktI7J0aSXQxN6g8","f0BIwQ8D5Ml7nTNQbh1YlS","f0h6fijSpL04cbIMvavOO1","f3pCl6RHNF4Kat/YZMj1G/","f7aRTc8NVA37k9ieBma6VS","faeD7ugCJKV5yxOob1DAfl","faqOuy1OBIzp/1zRZNXS1t"],"scenes":{"db://assets/Bundle/KingKong/KingKong.fire":401},"redirect":[668,0,676,1,688,0,697,1,708,0,719,0,728,0,730,0,731,1,733,0],"deps":["resources","internal"],"packs":{"011644c91":[647,655,656,658,666,669,675,680,681,474,695,699,706,709,711,717,720,721,724,725,736],"04da2a9c5":[336,347,349,350,355,358,362,375,381,388,393,394,397,410,437,441,453,456,468,486,504,506,538,572,579,591,594,595,630,634,635,641],"05f3a8d32":[661,670,674,400,682,684,704,713,714,722,727,729,735],"074f61dd0":[326,337,341,342,24,360,363,369,47,374,390,391,392,69,401,407,94,420,683,424,427,429,434,118,439,119,689,692,451,452,454,457,463,466,471,477,478,484,485,487,495,497,507,181,508,509,515,520,522,525,533,225,535,541,544,238,246,251,553,556,562,567,568,570,592,604,611,613,618,619,624,627,628,632,315,318],"0a704e229":[653,654,663,671,672,686,691,698,489,734,738],"0b1576af7":[361,377,414,459,481,483,493,505,512,516,518,526,528,552,575,584,593,610,637],"0bfd5af4a":[648,649,652,657,664,665,685,440,693,700,703,705,732],"0c3f72c93":[650,659,660,662,677,678,694,702,710,715,718,571,737],"0dcdb90bd":[651,667,673,679,687,690,696,701,707,712,716,557,723,726],"0eae77ff5":[0,2,3,4,5,6,7,8,9,10,11,12,13,14,15,16,17,18,19,20,21,22,23,25,26,27,28,29,30,31,32,34,36,37,38,39,40,41,42,43,44,45,46,49,50,51,52,53,54,55,56,57,58,59,60,61,62,63,64,65,66,67,68,70,71,72,74,75,76,77,78,79,80,82,83,84,85,86,87,88,89,90,91,92,93,95,96,97,98,100,101,102,103,104,105,107,108,109,110,111,112,114,115,116,117,120,121,122,123,124,449,125,126,127,128,129,131,132,133,134,135,137,138,139,140,142,143,144,145,146,475,147,148,149,150,151,152,154,155,156,157,159,160,161,162,163,164,165,166,167,168,169,170,171,172,173,174,175,176,177,178,179,180,182,183,184,185,186,187,188,189,190,191,193,194,195,196,197,198,199,200,201,202,203,204,205,206,207,208,209,211,212,213,214,215,216,217,218,219,220,221,222,223,224,226,227,228,229,230,231,232,233,234,235,236,237,239,240,241,242,243,244,245,247,248,249,250,252,254,255,256,257,258,259,260,261,262,263,264,265,266,267,269,270,271,272,273,274,275,276,278,590,279,280,281,282,283,284,285,286,287,288,289,290,291,292,293,294,295,296,297,298,299,300,301,302,303,304,305,306,307,308,309,310,311,314,316,317,319,320,321,322,323,324],"0f6f01934":[354,357,373,386,443,480,490,492,502,513,549,550,576,596,601,625],"0fd3d6815":[344,384,405,431,442,448,482,514,545,558,587,621,640]},"name":"40","importBase":"import","nativeBase":"native","debug":false,"isZip":false,"encrypted":false,"versions":{"import":[325,"89d7d","011644c91","5a1bb",327,"4be63",328,"06541",1,"d6224",329,"3675e",330,"944d6",331,"b0e89","04da2a9c5","c14dc","05f3a8d32","3c8e0",332,"7df8f","074f61dd0","3e0f3",333,"c94d6",334,"af5f5",335,"3bb74","0a704e229","416c4","0b1576af7","e4227",338,"2ff00","0bfd5af4a","f5a2f","0c3f72c93","e55ac",339,"b5992","0dcdb90bd","32b31",340,"0c9d3","0eae77ff5","ae8e8","0f6f01934","1d057","0fd3d6815","0e7cd",343,"f38fc",345,"f7c25",346,"e91ce",348,"f6a30",351,"a7ad9",352,"37787",353,"4a750",356,"e07db",359,"7f957",33,"3c368",35,"0c16f",364,"ebb55",365,"22373",366,"d7224",367,"413b8",368,"f8dcb",48,"b8658",370,"1bacb",371,"1bccf",372,"1fe00",376,"66105",378,"edb2d",379,"20550",380,"3a9a7",382,"f372c",383,"5516d",385,"72c32",387,"ea33e",389,"5b4fe",395,"4d57f",73,"79ce4",396,"5e5a8",398,"82e0a",399,"0216b",402,"787a6",403,"2a562",404,"9ae5d",406,"0653f",408,"56646",409,"25cf2",81,"b06ed",411,"8b5e0",412,"4cec8",413,"545af",415,"bfe58",416,"6e4f7",417,"b985d",418,"145c9",419,"9cdc1",421,"72d40",422,"b9780",99,"a8868",423,"f2ae0",425,"bb787",426,"50999",428,"5382f",106,"87fe9",430,"fc48c",432,"43447",433,"0a9c2",113,"1f882",435,"df5de",436,"3f18e",438,"92e05",444,"82996",445,"57546",446,"6f01d",447,"7c395",450,"b84a4",455,"96848",458,"c1308",130,"e51f4",460,"6a324",461,"36edf",462,"8e35c",464,"0826f",136,"e1add",465,"28ba0",467,"a8c72",141,"6e75c",469,"44b8f",470,"c7fa3",472,"918e6",473,"cdb06",476,"0cc7b",479,"3a5c5",153,"8f4b8",488,"c0cc0",491,"8469e",158,"feb18",494,"849e6",496,"77a63",498,"f8882",499,"02144",500,"05666",501,"0b004",503,"a26ba",510,"3b25c",511,"cf7cc",192,"5de73",517,"9e01d",519,"505d5",521,"546b1",523,"235c4",210,"561f2",524,"c2271",527,"7039f",529,"5e5be",530,"b3c52",531,"5674b",532,"54329",534,"96296",536,"19dde",537,"1fd6f",539,"b5a0c",540,"731bf",542,"882ca",543,"0c213",546,"b7e1e",547,"032a0",548,"e7380",551,"c0ea3",253,"c7184",554,"64fb0",555,"d9f94",559,"e0f1b",560,"04cd7",561,"df3f9",563,"6e805",564,"d4788",565,"6ef66",566,"415d2",569,"0d76f",573,"2db5b",574,"fbbe3",577,"81794",268,"21f9d",578,"236f1",580,"a4ea8",581,"ea899",582,"2704b",583,"ee301",585,"6d4e7",586,"b6182",588,"9334b",277,"36d05",589,"8a6ba",597,"dfd48",598,"0088a",599,"6c630",600,"ea772",602,"f46db",603,"74a7e",605,"09b3a",606,"dff02",607,"0d79c",608,"af7fd",609,"2fa53",612,"032aa",614,"8616d",615,"57e31",616,"13b01",617,"ddbf9",620,"fe5f0",622,"d4f9a",623,"132f4",626,"57d35",629,"49d6c",631,"b8e26",633,"a2326",312,"a643e",313,"a7979",636,"65707",638,"cddc4",639,"2bf2d",642,"38b06",643,"265bf",644,"5d0a5",645,"11cdd",646,"c2480"],"native":[0,"eda6a",1,"7c0d9",2,"afe46",3,"4061e",4,"bd4ad",5,"ca234",6,"e990d",7,"31b9a",8,"d16e3",9,"3ba75",337,"11e68",10,"b9f22",11,"65a41",12,"80997",13,"a5ee2",14,"b5967",15,"a96f5",16,"ba0a1",17,"a07b7",18,"f5604",19,"d7a5a",20,"22dfe",21,"db759",22,"44da7",23,"39c2b",24,"4e524",25,"3e3ca",26,"3d4ca",27,"1a626",28,"fc36c",29,"8296b",30,"dd1b7",31,"1f6d6",32,"1458a",33,"91bf2",34,"e3822",35,"734c8",36,"a7d90",37,"98706",38,"7d52f",39,"7f68c",40,"f9733",41,"355a1",42,"3365f",43,"edcbd",44,"41360",45,"ddddf",46,"e2a28",47,"5bcd5",48,"4cc0d",49,"acc65",50,"63bdd",51,"1afc2",52,"e0226",53,"04105",54,"f2a45",55,"d73d0",56,"0b029",57,"7a9cd",58,"69d94",59,"c62b8",60,"b8021",61,"4e4b8",62,"4cb28",63,"9a77d",64,"363dd",65,"ad89c",66,"2d0fd",67,"0a9cd",68,"3fd3e",69,"0d093",70,"bd886",71,"d950d",72,"66b7a",73,"c5190",74,"441e6",75,"d498c",76,"72c8c",77,"e9ed4",78,"a9c8f",79,"b0566",80,"f2065",81,"8830b",82,"d8a19",83,"a04a7",84,"0e4c8",85,"befb4",86,"6ca95",87,"2defc",88,"3998b",89,"85e4e",90,"d2206",91,"4b400",92,"709d4",93,"8abc0",94,"ca479",95,"bf8b4",96,"eb644",97,"34e7d",98,"82441",99,"66500",100,"4b5a5",101,"d33c1",102,"8e018",103,"25e3d",104,"d8e68",105,"e3504",106,"eb3ab",107,"84393",108,"8c3d4",109,"af901",110,"71084",111,"0b340",112,"feed3",113,"00e7b",114,"52f17",115,"12d10",116,"f6724",117,"3e33e",118,"0ac70",119,"bb585",120,"2506c",121,"1e9b9",122,"586e8",123,"82451",124,"351cb",449,"6d707",125,"999cd",126,"480af",127,"e8615",128,"e6041",129,"009ae",130,"73249",131,"d0ebd",132,"b7346",133,"6812d",134,"42fb7",135,"5c2d6",136,"60e73",137,"6f143",138,"12883",139,"b9521",140,"548d0",141,"8240f",142,"bbd38",143,"f01ed",144,"3121f",145,"ad511",146,"d6978",475,"5c0a2",147,"0b0b4",148,"941fe",149,"6a90a",150,"b2797",151,"57c62",152,"bf266",153,"2806e",154,"12c5c",155,"d494a",156,"c1680",157,"ae8e7",158,"cb4c6",159,"2a8dc",160,"c381f",161,"94524",162,"beb64",163,"42603",164,"0c491",165,"4300a",166,"ebc34",167,"58b22",168,"5bda6",169,"66d01",170,"e8451",171,"1ecf0",172,"4dcc5",173,"0f336",174,"b329c",175,"d3686",176,"c13d7",177,"c2ba2",178,"59aa9",179,"04363",180,"eff59",181,"bb3b5",182,"d174f",183,"27a83",184,"7e363",185,"e2a1a",186,"da65c",187,"4bef0",188,"e87b5",189,"85f17",190,"15e58",191,"65430",192,"c76ce",193,"e0206",194,"6bdf0",195,"7944d",196,"1c075",197,"67799",198,"f45fa",199,"ca16f",200,"9d4fb",201,"b8359",202,"62244",203,"c84cf",204,"d9daf",205,"b4032",206,"31b3c",520,"dc12d",207,"cf146",208,"73ad0",209,"00303",210,"56554",211,"7b623",212,"806c7",213,"ebd0b",214,"fe92e",215,"ece27",216,"94ef1",217,"dec22",218,"ac350",219,"ddaf5",220,"ff1e6",221,"f2aad",222,"9512c",223,"53aa2",224,"e9398",225,"75027",226,"9d1ac",227,"a41e9",228,"9cb98",229,"bced8",230,"a6ecc",231,"0f60d",232,"92ee4",233,"1ddab",234,"a3a78",235,"a96ca",236,"21925",237,"4dc97",238,"0616a",239,"6bb67",240,"c9f56",241,"4381c",242,"f8949",243,"41360",244,"84626",245,"2de4e",246,"d0842",247,"ac849",248,"94b92",249,"c178a",250,"b10e4",251,"2b166",252,"db6f6",253,"f1b04",254,"4fac2",255,"fdf07",256,"1eb83",257,"1e827",258,"bbcfd",259,"61670",260,"b63e4",261,"0443e",262,"2028a",263,"51208",264,"52d73",265,"d276c",266,"3b6b9",267,"1f267",268,"57e65",269,"18906",270,"7aeae",271,"f67ff",272,"f4cf5",273,"3cda1",274,"93318",275,"a3ebb",276,"f4aa0",277,"a2f19",278,"2632c",590,"d55c2",279,"becb2",280,"7ac07",281,"a76f7",282,"493f3",283,"f0894",284,"59dfb",285,"ad193",286,"13404",287,"d53e9",288,"c768d",289,"96dd8",290,"fe1a8",291,"a292f",292,"1f6d6",293,"ed959",611,"c229d",294,"5a52a",295,"870cd",296,"3c208",297,"46740",298,"92ff4",299,"93362",300,"cf42e",301,"62605",302,"44395",303,"7d0e9",304,"116a5",305,"4ac38",306,"1f3c0",307,"ef046",308,"e4164",309,"7e7ed",310,"05292",311,"8ad62",312,"f504d",313,"2c66a",314,"0fc17",315,"65f3b",316,"11d70",317,"410fe",318,"72bc9",319,"6fa53",320,"213ed",321,"11498",322,"d1937",323,"91176",324,"991b8"]}}