[1,["ecpdLyjvZBwrvm+cedCcQy","c4qmWKn6ZL9L6vA0qrJpgy","92ZgVCRVJNB6nyLGqHkFT2","ed80W3L3pL24DRRiIz3l2q","bce3c4WDZDvrvIlpLip9th","bfx7R+c55IVJJQfoxrxwjw","35F2O+qxpLSr0XSnKdSN8z","10QVh9QOBEMY3ml4sBiCxs","878T6z56VLxp2yAJAdNdBx","cfs8YQJ5lHFZKdpyRPTdHX","26mD0+igtC1LXHgvJVa8xI","c3qOBapctB+5hkejIn7PCz","47jrmzj9tPFacfWbXNN2LV","bdLvmG61VKSojKRar10za9","3dlgKKxhlFXIwQPe+UVYAh","2bMVKwiNpFMKqyXRcew+wY","cdjFaxSAtKaqGhNFqi+JnP","11WaoOxzhI4pz8lNIc8Gzl","1dILUKs9FGkZx8K+qiPsGi","f2MnvVqz1Id6rCnfE1nkol","2fxlNFvrFGUZxbjloz/dxl","33Rn7jgGNNg54F4nWEEu/V","e0u0NPV25I9bwZVUYQkOvf","fbsjNdZ79E+IwVSFPjPOWl","eePDJq2mFJ/K2rF7rKSIrh","6cPCKG/t1BNrMoaH0cuKHm","6bLHoU++pFb7gu+JxVS1Qh","243oeTgB9Obr2sw0SWV8Gm","e93HLr6sJPrLDpL5jZI+eP","8dN7eDZQBPOoFwCFfxA0kr"],["node","_spriteFrame","_textureSetter","_defaultClip","root","btnThuThap","particleEnd","label","data","_parent"],[["cc.Node",["_name","_active","_prefab","_contentSize","_parent","_components","_children","_trs","_anchorPoint","_eulerAngles"],1,4,5,1,9,2,7,5,5],["cc.Sprite",["_dstBlendFactor","_sizeMode","_isTrimmedMode","node","_materials","_spriteFrame"],0,1,3,6],"cc.SpriteFrame",["cc.Node",["_name","_components","_prefab","_trs","_children","_contentSize","_parent"],2,2,4,7,2,5,1],["cc.PrefabInfo",["fileId","root","asset"],2,1,1],["cc.Prefab",["_name"],2],["cc.Animation",["playOnLoad","node","_clips","_defaultClip"],2,1,3,6],["51794UTzcpE6IpdQPFnvb9L",["node","label","particleEnd","btnThuThap"],3,1,1,1,1],["cc.Button",["node","clickEvents"],3,1,9],["cc.ClickEvent",["_componentId","handler","target"],1,1],["ef6cdgak0JA7Klp9LwbTgyF",["type","tempReplaceAtlas","_string","_maxWidth","_maxWidthSpecialChar","node","listFS"],-2,1,3],["cc.ParticleSystem",["_dstBlendFactor","_custom","playOnLoad","totalParticles","duration","emissionRate","lifeVar","angle","angleVar","startSizeVar","endSize","endSizeVar","speed","speedVar","tangentialAccel","endRadius","endRadiusVar","rotatePerS","rotatePerSVar","node","_materials","_startColor","_startColorVar","_endColor","_endColorVar"],-16,1,3,8,8,8,8]],[[4,0,1,2,2],[1,3,4,5,1],[0,0,4,6,2,3,8,7,2],[0,0,4,5,2,3,8,2],[0,0,4,5,2,3,7,2],[0,0,4,5,2,3,2],[6,0,1,2,3,2],[1,1,3,4,5,2],[1,0,3,4,5,2],[1,0,2,3,4,5,3],[5,0,2],[0,0,6,5,2,3,2],[0,0,4,6,2,2],[0,0,1,4,6,5,2,3,7,3],[0,0,4,5,2,3,7,9,2],[0,0,4,6,5,2,3,7,2],[3,0,4,1,2,5,3,2],[3,0,6,1,2,3,2],[7,0,1,2,3,1],[4,1,2,1],[1,0,1,2,3,4,5,4],[8,0,1,1],[9,0,1,2,3],[10,0,1,2,3,4,5,6,6],[11,0,1,2,3,4,5,6,7,8,9,10,11,12,13,14,15,16,17,18,19,20,21,22,23,24,20]],[[[{"name":"8c937d3e-9f3c-46ee-8bda-a310a8cd2364","rect":[0,0,216,468],"offset":[0,0],"originalSize":[216,468],"capInsets":[0,0,0,0]}],[2],0,[0],[2],[7]],[[{"name":"166c454e-d50d-48e5-856a-70f5459b9311","rect":[0,0,401,588],"offset":[0,0],"originalSize":[401,588],"capInsets":[0,0,0,0]}],[2],0,[0],[2],[8]],[[{"name":"38f57c43-4ba9-4e30-9b0d-2c8102f174a6","rect":[0,0,432,936],"offset":[0,0],"originalSize":[432,936],"capInsets":[0,0,0,0]}],[2],0,[0],[2],[9]],[[[10,"EndFreeSpin"],[11,"EndFreeSpin",[-7],[[6,true,-2,[58],57],[18,-6,-5,-4,-3]],[19,-1,0],[5,720,1280]],[12,"New Node",1,[-8,-9,-10,-11,-12,-13,-14,-15,-16,-17,-18],[0,"01J+M464ZLRbf64mI4kKkW",1,0]],[16,"lbFreeSpin",[-20,-21,-22,-23,-24,-25,-26,-27,-28,-29],[-19],[0,"8f0IZ9CsRHtbUyHmV6vKX/",1,0],[5,800,50.4],[0,-260.802,0,0,0,0,1,0.95,0.95,0.95]],[13,"43984316-7b8f-45e5-9fe4-a5f28790108a",false,2,[-32],[[1,-30,[54],55],[21,-31,[[22,"51794UTzcpE6IpdQPFnvb9L","onClickRecive",1]]]],[0,"7fAthdRbhLTK9RNTrxs4Tx",1,0],[5,457,212],[0,-441.446,0,0,0,0,1,1,1,1]],[14,"fs_vfx_c_00",2,[[20,1,2,false,-33,[2],3],[6,true,-34,[5],4]],[0,"94L+QN2UdMyZ4/iB36Dkyq",1,0],[5,242,538],[0,0,0,0,0,-0.35836794954530027,0.9335804264972017,2,2,1.564],[1,0,0,-42]],[15,"tw",2,[3],[[1,-35,[46],47]],[0,"edgL4//v9ObqWZ7VBRcHgp",1,0],[5,597,174],[0,530.76,0,0,0,0,1,0.9,0.9,1]],[5,"8c937d3e-9f3c-46ee-8bda-a310a8cd2364",2,[[7,0,-36,[0],1]],[0,"e48tr8TmRPGpMdMnrQLDyx",1,0],[5,720,1280]],[4,"166c454e-d50d-48e5-856a-70f5459b9311",2,[[8,1,-37,[6],7]],[0,"fdpwO7pc5BkpB698pnNpVm",1,0],[5,401,588],[1.831,29.308,0,0,0,0,1,1.6,1.6,1.6]],[4,"a3937d4e-a3bb-419a-8aa9-9913cf72ab2f",2,[[1,-38,[8],9]],[0,"16CcPEP9pMeqTKIFWUbS6A",1,0],[5,626,959],[0,8.287,0,0,0,0,1,1,1,1]],[4,"9bc4bcf2-7ce5-4924-b861-008d3f1870a5",2,[[9,1,false,-39,[10],11]],[0,"80KMHigAdABqAcyeqSrlfD",1,0],[5,756,540],[0,453.814,0,0,0,0,1,1,1,1]],[4,"9bc4bcf2-7ce5-4924-b861-008d3f1870a5 copy",2,[[9,1,false,-40,[12],13]],[0,"35BIhdUutPhLVBN5itAsR1",1,0],[5,756,540],[0,453.814,0,0,0,0,1,1,1,1]],[2,"1",3,[-41],[0,"f4xcBPp3ZOrqdDofa0xsXL",1,0],[5,90,0],[0,0.5,0],[-355,-10,0,0,0,0,1,1,1,1]],[3,"New Node",12,[[1,-42,[14],15]],[0,"d1kJrq/wRIUIXww7dpLsPa",1,0],[5,59,135],[0,0.5,0]],[2,"0",3,[-43],[0,"2abfTxf8hIjpWlDhfyaIOK",1,0],[5,90,0],[0,0.5,0],[-265,-10,0,0,0,0,1,1,1,1]],[3,"New Node",14,[[1,-44,[16],17]],[0,"49q5CwS+hGIKbNVxTAu8ev",1,0],[5,86,138],[0,0.5,0]],[2,".",3,[-45],[0,"98Ub+9FL1Ha7mrePCbhAst",1,0],[5,40,0],[0,0.5,0],[-200,-10,0,0,0,0,1,1,1,1]],[3,"New Node",16,[[1,-46,[18],19]],[0,"efKdLPp/NFYLNunFjoMU2t",1,0],[5,39,44],[0,0.5,0]],[2,"0",3,[-47],[0,"f3gaasqt1BJJuxOyHpYf4S",1,0],[5,90,0],[0,0.5,0],[-135,-10,0,0,0,0,1,1,1,1]],[3,"New Node",18,[[1,-48,[20],21]],[0,"34jVw9IE5BVoLUYlaJWGXg",1,0],[5,86,138],[0,0.5,0]],[2,"0",3,[-49],[0,"33xrfIk4lExK+uyyoXoJmT",1,0],[5,90,0],[0,0.5,0],[-45,-10,0,0,0,0,1,1,1,1]],[3,"New Node",20,[[1,-50,[22],23]],[0,"4d2evm4aVCcKJ3CeLbT5Uu",1,0],[5,86,138],[0,0.5,0]],[2,"0",3,[-51],[0,"5bHK2n7lRFNJBYfyI/VB2Q",1,0],[5,90,0],[0,0.5,0],[45,-10,0,0,0,0,1,1,1,1]],[3,"New Node",22,[[1,-52,[24],25]],[0,"61iqRKsQ1JnZ0b7UtpWcfb",1,0],[5,86,138],[0,0.5,0]],[2,".",3,[-53],[0,"15opX7Y21AwY/0pyxkVlmD",1,0],[5,40,0],[0,0.5,0],[110,-10,0,0,0,0,1,1,1,1]],[3,"New Node",24,[[1,-54,[26],27]],[0,"c9+eCZV8lOjpo9y+ysKeoC",1,0],[5,39,44],[0,0.5,0]],[2,"0",3,[-55],[0,"cesRRk7cBCoIg+58Bq9uFD",1,0],[5,90,0],[0,0.5,0],[175,-10,0,0,0,0,1,1,1,1]],[3,"New Node",26,[[1,-56,[28],29]],[0,"f9TSSh68tL/oD7FJTSIgkG",1,0],[5,86,138],[0,0.5,0]],[2,"0",3,[-57],[0,"f5v8kn7AVDJ4my/iPujkvI",1,0],[5,90,0],[0,0.5,0],[265,-10,0,0,0,0,1,1,1,1]],[3,"New Node",28,[[1,-58,[30],31]],[0,"1db/HaMz5AHbBSle8HmBZP",1,0],[5,86,138],[0,0.5,0]],[2,"0",3,[-59],[0,"a4igfLvY9DPZmvqqurllvf",1,0],[5,90,0],[0,0.5,0],[355,-10,0,0,0,0,1,1,1,1]],[3,"New Node",30,[[1,-60,[32],33]],[0,"dfS2v0JpdNernIpxwDtQN0",1,0],[5,86,138],[0,0.5,0]],[23,1,"ky-ty-replace","10.000.000",90,40,3,[34,35,36,37,38,39,40,41,42,43,44,45]],[4,"sb_vfx_a_01",2,[[8,1,-61,[48],49]],[0,"2fYUPdTc9PS5GNiABDmndk",1,0],[5,212,231],[0,377.174,0,0,0,0,1,0,0,1]],[5,"38f57c43-4ba9-4e30-9b0d-2c8102f174a6",2,[[7,0,-62,[50],51]],[0,"71mkgfqgNBbZEf7e+D8rkz",1,0],[5,720,1280]],[5,"btn_start",4,[[1,-63,[52],53]],[0,"50yEu+Ah5CxY1aE5IpS+IK",1,0],[5,270,78]],[17,"PaticleShow",2,[-64],[0,"18PNFynupBVozExkbPngZS",1,0],[5.193,412.093,0,0,0,0,1,1,1,1]],[24,1,true,false,200,0.2,400,2,360,360,50,50,50,600,0,0,60,50,50,50,36,[56],[4,4294967295],[4,0],[4,4278190080],[4,0]]],0,[0,4,1,0,0,1,0,5,4,0,6,37,0,7,32,0,0,1,0,-1,2,0,-1,7,0,-2,5,0,-3,8,0,-4,9,0,-5,10,0,-6,11,0,-7,6,0,-8,33,0,-9,34,0,-10,4,0,-11,36,0,-1,32,0,-1,12,0,-2,14,0,-3,16,0,-4,18,0,-5,20,0,-6,22,0,-7,24,0,-8,26,0,-9,28,0,-10,30,0,0,4,0,0,4,0,-1,35,0,0,5,0,0,5,0,0,6,0,0,7,0,0,8,0,0,9,0,0,10,0,0,11,0,-1,13,0,0,13,0,-1,15,0,0,15,0,-1,17,0,0,17,0,-1,19,0,0,19,0,-1,21,0,0,21,0,-1,23,0,0,23,0,-1,25,0,0,25,0,-1,27,0,0,27,0,-1,29,0,0,29,0,-1,31,0,0,31,0,0,33,0,0,34,0,0,35,0,-1,37,0,8,1,3,9,6,64],[0,0,0,0,0,0,0,0,0,0,0,0,0,0,0,0,0,0,0,0,0,0,0,0,0,0,0,0,0,0,0,0,0,0,0,0,0,0,0,0,0,0,0,0,0,0,0,0,0,0,0,0,0,0,0,0,0,0,0,37],[-1,1,-1,1,3,-1,-1,1,-1,1,-1,1,-1,1,-1,1,-1,1,-1,1,-1,1,-1,1,-1,1,-1,1,-1,1,-1,1,-1,1,-1,-2,-3,-4,-5,-6,-7,-8,-9,-10,-11,-12,-1,1,-1,1,-1,1,-1,1,-1,1,-1,3,-1,1],[0,10,0,11,3,3,0,12,0,13,0,4,0,4,0,5,0,1,0,2,0,1,0,1,0,1,0,2,0,1,0,1,0,1,1,5,14,15,16,17,18,19,20,21,22,2,0,23,0,24,0,25,0,26,0,27,0,6,6,28]],[[{"name":"a3937d4e-a3bb-419a-8aa9-9913cf72ab2f","rect":[1,1,626,959],"offset":[0.5,-0.5],"originalSize":[627,960],"capInsets":[0,0,0,0]}],[2],0,[0],[2],[29]]]]