[1,["4begKdNV5FFZtTZvZ9f+Gw"],["_textureSetter"],["cc.SpriteFrame"],0,[[[{"name":"fs_vfx_b_11","rect":[345,397,126,104],"offset":[11,-11],"originalSize":[162,142],"capInsets":[0,0,0,0]}],[0],0,[0],[0],[0]],[[{"name":"fs_vfx_b_06","rect":[1,79,140,90],"offset":[0,-4],"originalSize":[162,142],"capInsets":[0,0,0,0]}],[0],0,[0],[0],[0]],[[{"name":"fs_vfx_b_26","rect":[1,373,106,102],"offset":[4,-10],"originalSize":[162,142],"rotated":1,"capInsets":[0,0,0,0]}],[0],0,[0],[0],[0]],[[{"name":"fs_vfx_b_01","rect":[1,171,138,98],"offset":[0,-10],"originalSize":[162,142],"capInsets":[0,0,0,0]}],[0],0,[0],[0],[0]],[[{"name":"fs_vfx_b_08","rect":[105,281,134,102],"offset":[3,-7],"originalSize":[162,142],"capInsets":[0,0,0,0]}],[0],0,[0],[0],[0]],[[{"name":"fs_vfx_b_19","rect":[361,617,126,114],"offset":[8,-3],"originalSize":[162,142],"capInsets":[0,0,0,0]}],[0],0,[0],[0],[0]],[[{"name":"fs_vfx_b_03","rect":[291,1,146,90],"offset":[-2,-12],"originalSize":[162,142],"capInsets":[0,0,0,0]}],[0],0,[0],[0],[0]],[[{"name":"fs_vfx_b_05","rect":[1,1,142,76],"offset":[0,-1],"originalSize":[162,142],"capInsets":[0,0,0,0]}],[0],0,[0],[0],[0]],[[{"name":"fs_vfx_b_28","rect":[1,271,102,100],"offset":[4,-10],"originalSize":[162,142],"capInsets":[0,0,0,0]}],[0],0,[0],[0],[0]],[[{"name":"fs_vfx_b_14","rect":[367,293,118,102],"offset":[11,-15],"originalSize":[162,142],"capInsets":[0,0,0,0]}],[0],0,[0],[0],[0]],[[{"name":"fs_vfx_b_12","rect":[241,293,124,102],"offset":[11,-12],"originalSize":[162,142],"capInsets":[0,0,0,0]}],[0],0,[0],[0],[0]],[[{"name":"fs_vfx_b_20","rect":[371,503,122,112],"offset":[8,-3],"originalSize":[162,142],"capInsets":[0,0,0,0]}],[0],0,[0],[0],[0]],[[{"name":"fs_vfx_b_17","rect":[123,729,134,118],"offset":[6,-4],"originalSize":[162,142],"capInsets":[0,0,0,0]}],[0],0,[0],[0],[0]],[[{"name":"fs_vfx_b_00","rect":[141,179,126,100],"offset":[3,-10],"originalSize":[162,142],"capInsets":[0,0,0,0]}],[0],0,[0],[0],[0]],[[{"name":"fs_vfx_b_27","rect":[393,191,104,100],"offset":[4,-10],"originalSize":[162,142],"capInsets":[0,0,0,0]}],[0],0,[0],[0],[0]],[[{"name":"fs_vfx_b_21","rect":[1,597,120,112],"offset":[8,-2],"originalSize":[162,142],"capInsets":[0,0,0,0]}],[0],0,[0],[0],[0]],[[{"name":"fs_vfx_b_18","rect":[259,733,130,118],"offset":[7,-3],"originalSize":[162,142],"capInsets":[0,0,0,0]}],[0],0,[0],[0],[0]],[[{"name":"fs_vfx_b_22","rect":[249,503,120,110],"offset":[8,-1],"originalSize":[162,142],"capInsets":[0,0,0,0]}],[0],0,[0],[0],[0]],[[{"name":"fs_vfx_b_13","rect":[269,191,122,100],"offset":[11,-12],"originalSize":[162,142],"capInsets":[0,0,0,0]}],[0],0,[0],[0],[0]],[[{"name":"fs_vfx_b_10","rect":[1,489,126,106],"offset":[12,-11],"originalSize":[162,142],"capInsets":[0,0,0,0]}],[0],0,[0],[0],[0]],[[{"name":"fs_vfx_b_16","rect":[391,733,128,120],"offset":[10,-4],"originalSize":[162,142],"rotated":1,"capInsets":[0,0,0,0]}],[0],0,[0],[0],[0]],[[{"name":"fs_vfx_b_09","rect":[217,397,126,104],"offset":[10,-9],"originalSize":[162,142],"capInsets":[0,0,0,0]}],[0],0,[0],[0],[0]],[[{"name":"fs_vfx_b_07","rect":[291,93,138,96],"offset":[1,-6],"originalSize":[162,142],"capInsets":[0,0,0,0]}],[0],0,[0],[0],[0]],[[{"name":"fs_vfx_b_04","rect":[145,1,144,78],"offset":[-1,-19],"originalSize":[162,142],"capInsets":[0,0,0,0]}],[0],0,[0],[0],[0]],[[{"name":"fs_vfx_b_23","rect":[129,503,118,106],"offset":[8,-3],"originalSize":[162,142],"capInsets":[0,0,0,0]}],[0],0,[0],[0],[0]],[[{"name":"fs_vfx_b_15","rect":[1,711,122,120],"offset":[13,-5],"originalSize":[162,142],"rotated":1,"capInsets":[0,0,0,0]}],[0],0,[0],[0],[0]],[[{"name":"fs_vfx_b_25","rect":[243,615,116,112],"offset":[7,-8],"originalSize":[162,142],"capInsets":[0,0,0,0]}],[0],0,[0],[0],[0]],[[{"name":"fs_vfx_b_02","rect":[143,81,146,96],"offset":[-3,-10],"originalSize":[162,142],"capInsets":[0,0,0,0]}],[0],0,[0],[0],[0]],[[{"name":"fs_vfx_b_24","rect":[123,611,118,112],"offset":[8,-7],"originalSize":[162,142],"capInsets":[0,0,0,0]}],[0],0,[0],[0],[0]],[[{"name":"fs_vfx_b_29","rect":[105,385,110,102],"offset":[7,-9],"originalSize":[162,142],"capInsets":[0,0,0,0]}],[0],0,[0],[0],[0]]]]