[1,["29k52/xBxFLLodRL3UgjDD","59snZMZddKXoPO6FWpncEX","59fnEQt65NdZ7+EuUv9mOT","c5LlAwKO1BBYYu/Uw1KEQ0","1e0oSreYlCIIpmVPlZtPHR","2aN3qGzidAkYPMdRKU3siK","91HSwPEelGZ44LvXcY2rrB","1az6I1Si5GYovtrM2q29A1","3fL3w4TP5Db6uWmKbQ5JdH","99u+gYLZNOlpVONufIamCJ","01gbQpF8dAG5KteExVRrZF","20De/VpDpKibI4HTvKxbUR"],["_textureSetter","0_bonus","1_bonus","2_bonus","3_bonus","4_bonus","5_bonus","6_bonus","7_bonus","8_bonus","9_bonus","multiply_bonus"],["cc.SpriteFrame",["cc.SpriteAtlas",["_name","_spriteFrames"],2,11]],[[1,0,1,2]],[[[{"name":"9_bonus","rect":[349,1,83,108],"offset":[0,0],"originalSize":[163,212],"capInsets":[0,0,0,0]}],[0],0,[0],[0],[0]],[[{"name":"6_bonus","rect":[179,1,83,108],"offset":[0,0],"originalSize":[163,212],"capInsets":[0,0,0,0]}],[0],0,[0],[0],[0]],[[{"name":"3_bonus","rect":[434,1,78,108],"offset":[0,0],"originalSize":[152,212],"capInsets":[0,0,0,0]}],[0],0,[0],[0],[0]],[[{"name":"multiply_bonus","rect":[821,1,90,94],"offset":[0,0],"originalSize":[176,184],"capInsets":[0,0,0,0]}],[0],0,[0],[0],[0]],[[{"name":"4_bonus","rect":[514,1,87,107],"offset":[0,0],"originalSize":[171,211],"capInsets":[0,0,0,0]}],[0],0,[0],[0],[0]],[[{"name":"7_bonus","rect":[683,1,77,107],"offset":[0,0],"originalSize":[151,211],"capInsets":[0,0,0,0]}],[0],0,[0],[0],[0]],[[{"name":"1_bonus","rect":[762,1,57,107],"offset":[0,0],"originalSize":[111,211],"capInsets":[0,0,0,0]}],[0],0,[0],[0],[0]],[[{"name":"0_bonus","rect":[1,1,90,109],"offset":[0,0],"originalSize":[176,215],"capInsets":[0,0,0,0]}],[0],0,[0],[0],[0]],[[{"name":"5_bonus","rect":[603,1,78,107],"offset":[0,0],"originalSize":[152,211],"capInsets":[0,0,0,0]}],[0],0,[0],[0],[0]],[[{"name":"8_bonus","rect":[264,1,83,108],"offset":[0,0],"originalSize":[163,212],"capInsets":[0,0,0,0]}],[0],0,[0],[0],[0]],[[{"name":"2_bonus","rect":[93,1,84,108],"offset":[0,0],"originalSize":[164,212],"capInsets":[0,0,0,0]}],[0],0,[0],[0],[0]],[[[0,"Bmf_Red.plist",[{},"0_bonus",6,0,"1_bonus",6,1,"2_bonus",6,2,"3_bonus",6,3,"4_bonus",6,4,"5_bonus",6,5,"6_bonus",6,6,"7_bonus",6,7,"8_bonus",6,8,"9_bonus",6,9,"multiply_bonus",6,10]]],0,0,[0,0,0,0,0,0,0,0,0,0,0],[1,2,3,4,5,6,7,8,9,10,11],[1,2,3,4,5,6,7,8,9,10,11]]]]