[1,["7bRgCJHblMQ7WiC1psIngP"],["_textureSetter"],["cc.SpriteFrame"],0,[[[{"name":"sb_button","rect":[1,1,180,166],"offset":[0,0],"originalSize":[196,196],"capInsets":[0,0,0,0]}],[0],0,[0],[0],[0]],[[{"name":"sb_arrow","rect":[183,149,140,142],"offset":[0,0],"originalSize":[210,210],"rotated":1,"capInsets":[0,0,0,0]}],[0],0,[0],[0],[0]],[[{"name":"sb_auto","rect":[183,1,172,146],"offset":[0,1],"originalSize":[196,196],"capInsets":[0,0,0,0]}],[0],0,[0],[0],[0]],[[{"name":"sb_arrow_blur","rect":[357,1,142,144],"offset":[-1,1],"originalSize":[210,210],"capInsets":[0,0,0,0]}],[0],0,[0],[0],[0]]]]