[1,["a3ImBM/RtAEYYuwsPF9Pfo"],["_textureSetter"],["cc.SpriteFrame"],0,[[[{"name":"ib_mw_vfx_d_screen_02","rect":[618,148,3,3],"offset":[-341,103],"originalSize":[685,209],"capInsets":[0,0,0,0]}],[0],0,[0],[0],[0]],[[{"name":"ib_mw_vfx_d_screen_03","rect":[1,513,539,155],"offset":[-11,2],"originalSize":[685,209],"capInsets":[0,0,0,0]}],[0],0,[0],[0],[0]],[[{"name":"ib_mw_vfx_d_screen_08","rect":[1,291,621,129],"offset":[-1,-10],"originalSize":[685,209],"capInsets":[0,0,0,0]}],[0],0,[0],[0],[0]],[[{"name":"ib_mw_vfx_d_screen_06","rect":[618,148,3,3],"offset":[-341,103],"originalSize":[685,209],"capInsets":[0,0,0,0]}],[0],0,[0],[0],[0]],[[{"name":"ib_mw_vfx_d_screen_01","rect":[650,1,367,155],"offset":[-22,2],"originalSize":[685,209],"rotated":1,"capInsets":[0,0,0,0]}],[0],0,[0],[0],[0]],[[{"name":"ib_mw_vfx_d_screen_11","rect":[1,422,641,89],"offset":[-1,9],"originalSize":[685,209],"capInsets":[0,0,0,0]}],[0],0,[0],[0],[0]],[[{"name":"ib_mw_vfx_d_screen_09","rect":[1,1,647,145],"offset":[-1,5],"originalSize":[685,209],"capInsets":[0,0,0,0]}],[0],0,[0],[0],[0]],[[{"name":"ib_mw_vfx_d_screen_00","rect":[542,513,225,157],"offset":[-16,2],"originalSize":[685,209],"capInsets":[0,0,0,0]}],[0],0,[0],[0],[0]],[[{"name":"ib_mw_vfx_d_screen_05","rect":[807,1,553,137],"offset":[2,-6],"originalSize":[685,209],"rotated":1,"capInsets":[0,0,0,0]}],[0],0,[0],[0],[0]],[[{"name":"ib_mw_vfx_d_screen_07","rect":[1,148,615,141],"offset":[4,-4],"originalSize":[685,209],"capInsets":[0,0,0,0]}],[0],0,[0],[0],[0]],[[{"name":"ib_mw_vfx_d_screen_10","rect":[618,148,3,3],"offset":[-341,103],"originalSize":[685,209],"capInsets":[0,0,0,0]}],[0],0,[0],[0],[0]],[[{"name":"ib_mw_vfx_d_screen_04","rect":[618,148,3,3],"offset":[-341,103],"originalSize":[685,209],"capInsets":[0,0,0,0]}],[0],0,[0],[0],[0]]]]