[1,["1eKgu9K6dMH4pwQdYgfiXb","edvLSWnvlBgogXkzJ3UhfI","56Aath9ZNGkIyizse3pA4R","00UPj/ZulFEawFfE4i/bot","922GGnygJFDLqP+VPzHWYf","81UZpbON5Gla886Lgl9uWO","26niw3+6ZPbYJ0o414b0K7","bfrCTshaRIcr/wqCthOeHM","5eemcTSwpOM4HKkz0vdl0S","e5yukhlJNBF7frxw2Bc0LZ","8bvkcO6jRE5rd1PN0Pkv4r","44Yl9ei/xIlpWcsJgkkYte","f6QrVjXJ5Buq5zByJLX39R"],["_textureSetter","bw_7","bw_decimal","bw_8","bw_comma","bw_4","bw_9","bw_6","bw_3","bw_2","bw_1","bw_0","bw_5"],["cc.SpriteFrame",["cc.SpriteAtlas",["_name","_spriteFrames"],2,11]],[[1,0,1,2]],[[[{"name":"bw_8","rect":[260,1,120,134],"offset":[0,0],"originalSize":[120,134],"capInsets":[0,0,0,0]}],[0],0,[0],[0],[0]],[[{"name":"bw_9","rect":[273,273,120,134],"offset":[0,0],"originalSize":[120,134],"rotated":1,"capInsets":[0,0,0,0]}],[0],0,[0],[0],[0]],[[{"name":"bw_0","rect":[1,273,120,134],"offset":[0,0],"originalSize":[120,134],"rotated":1,"capInsets":[0,0,0,0]}],[0],0,[0],[0],[0]],[[{"name":"bw_decimal","rect":[409,321,46,43],"offset":[0,0],"originalSize":[46,43],"capInsets":[0,0,0,0]}],[0],0,[0],[0],[0]],[[[0,"Alats32.plist",[{},"bw_7",6,0,"bw_decimal",6,1,"bw_8",6,2,"bw_comma",6,3,"bw_4",6,4,"bw_9",6,5,"bw_6",6,6,"bw_3",6,7,"bw_2",6,8,"bw_1",6,9,"bw_0",6,10,"bw_5",6,11]]],0,0,[0,0,0,0,0,0,0,0,0,0,0,0],[1,2,3,4,5,6,7,8,9,10,11,12],[1,2,3,4,5,6,7,8,9,10,11,12]],[[{"name":"bw_3","rect":[137,273,120,134],"offset":[0,0],"originalSize":[120,134],"rotated":1,"capInsets":[0,0,0,0]}],[0],0,[0],[0],[0]],[[{"name":"bw_4","rect":[1,137,124,134],"offset":[0,0],"originalSize":[124,134],"capInsets":[0,0,0,0]}],[0],0,[0],[0],[0]],[[{"name":"bw_1","rect":[374,137,88,134],"offset":[0,0],"originalSize":[88,134],"capInsets":[0,0,0,0]}],[0],0,[0],[0],[0]],[[{"name":"bw_comma","rect":[409,273,46,51],"offset":[0,0],"originalSize":[46,51],"rotated":1,"capInsets":[0,0,0,0]}],[0],0,[0],[0],[0]],[[{"name":"bw_6","rect":[252,137,120,134],"offset":[0,0],"originalSize":[120,134],"capInsets":[0,0,0,0]}],[0],0,[0],[0],[0]],[[{"name":"bw_2","rect":[127,137,123,134],"offset":[0,0],"originalSize":[123,134],"capInsets":[0,0,0,0]}],[0],0,[0],[0],[0]],[[{"name":"bw_7","rect":[1,1,132,134],"offset":[0,0],"originalSize":[132,134],"capInsets":[0,0,0,0]}],[0],0,[0],[0],[0]],[[{"name":"bw_5","rect":[135,1,123,134],"offset":[0,0],"originalSize":[123,134],"capInsets":[0,0,0,0]}],[0],0,[0],[0],[0]]]]