{"paths":{"0":["Atlas/Alats73",1],"1":["Spine/h_bluecocktail_b_atlas_symbols",6],"2":["audio/symWildSpawn",8],"3":["audio/bgm_bigwin_main",8],"4":["Atlas/Alats41",1],"5":["Sprites/6",1],"6":["Atlas/Alats2",1],"7":["Spine/s_wild_b_atlas_specials",6],"8":["Atlas/Alats12",1],"9":["Spine/h_xobottle_c_atlas_symbols",6],"10":["Spine/l_10_atlas_symbols",6],"11":["Atlas/Alats8",1],"12":["Spine/h_bluecocktail_a_atlas_symbols",6],"13":["Atlas/Alats59",1],"14":["audio/symWildActivate",8],"15":["Particle/PaperParticle-003",4],"16":["Sprites/4",1],"17":["audio/heartbeatSlowdrop",8],"18":["Spine/l_j_atlas_symbols",6],"19":["Spine/h_xoglass_c_atlas_symbols",6],"20":["Spine/h_peachcocktail_b_atlas_symbols",6],"21":["audio/list_item_click",8],"22":["audio/shakerStop",8],"23":["Atlas/Alats3",1],"24":["Spine/specials2",1],"25":["Atlas/Alats53",1],"26":["Sprites/3",1],"27":["Spine/s_scatter_b_atlas_specials",6],"28":["audio/uiCollect",8],"29":["Spine/l_k_atlas_symbols",6],"30":["Spine/l_q_atlas_symbols",6],"31":["audio/bgm_fs",8],"32":["audio/prizeSmallwinMultiplied",8],"33":["Atlas/Alats17",1],"34":["Atlas/Alats32",1],"35":["Spine/h_greencocktail_b_atlas_symbols",6],"36":["Atlas/Alats55",1],"37":["audio/multiCombine",8],"38":["Spine/h_xobottle_d_atlas_symbols",6],"39":["audio/prizeInfobarTotalwin",8],"40":["Spine/specials3",1],"41":["Atlas/Alats48",1],"42":["audio/spinActiveLoop",8],"43":["Atlas/Alats15",1],"44":["Atlas/Alats33",1],"45":["Sprites/5",1],"46":["Spine/h_xoglass_d_atlas_symbols",6],"47":["Atlas/Alats18",1],"48":["Atlas/Alats10",1],"49":["Atlas/Alats57",1],"50":["Spine/h_shot_c_atlas_symbols",6],"51":["Sprites/launch",1],"52":["Spine/h_shot_d_atlas_symbols",6],"53":["Atlas/Alats68",1],"54":["audio/fsTrans",8],"55":["Atlas/Alats50",1],"56":["Atlas/Alats45",1],"57":["Spine/h_xoglass_a_atlas_symbols",6],"58":["Atlas/Alats21",1],"59":["audio/fastspinStart",8],"60":["Spine/h_shot_a_atlas_symbols",6],"61":["Atlas/Alats63",1],"62":["Spine/h_xobottle_a_atlas_symbols",6],"63":["audio/uiStart",8],"64":["Atlas/Alats47",1],"65":["audio/heartbeat",8],"66":["audio/prizeSmallwin",8],"67":["audio/shakerMove",8],"68":["Spine/l_a_atlas_symbols",6],"69":["audio/multiActivate",8],"70":["Spine/h_bluecocktail_c_atlas_symbols",6],"71":["Atlas/Alats40",1],"72":["Spine/h_shot_b_atlas_symbols",6],"73":["Spine/symbols",1],"74":["Atlas/Alats35",1],"75":["Atlas/Alats34",1],"76":["Spine/s_wild_a_atlas_specials",6],"77":["Atlas/Alats71",1],"78":["Spine/h_greencocktail_c_atlas_symbols",6],"79":["Atlas/Alats26",1],"80":["Atlas/Alats60",1],"81":["Atlas/Alats70",1],"82":["Atlas/Alats23",1],"83":["Atlas/Alats58",1],"84":["Spine/s_wild_c_atlas_specials",6],"85":["Atlas/Alats64",1],"86":["Spine/h_greencocktail_d_atlas_symbols",6],"87":["Spine/h_xobottle_b_atlas_symbols",6],"88":["audio/fsWonRemainingIncrease",8],"89":["Atlas/Alats19",1],"90":["audio/spinBtn",8],"91":["Atlas/Alats56",1],"92":["audio/scatterWinHighlight",8],"93":["Atlas/Alats42",1],"94":["Atlas/Alats7",1],"95":["Img/0c39eb79-3f45-437e-9438-65b50d8306f5",1],"96":["audio/uiInfo",8],"97":["Atlas/Alats74",1],"98":["Atlas/Alats65",1],"99":["Atlas/Alats67",1],"100":["audio/heartbeatNoise",8],"101":["Atlas/Alats44",1],"102":["Atlas/Alats66",1],"103":["audio/fsWonTitle",8],"104":["Atlas/Alats4",1],"105":["Sprites/1",1],"106":["Atlas/Alats25",1],"107":["Sprites/BottleBar",1],"108":["Atlas/Alats31",1],"109":["audio/symCollapse",8],"110":["audio/prizeInfobarTotalwinMedEnd",8],"111":["audio/slider_effect",8],"112":["Atlas/Alats11",1],"113":["audio/fsSpin",8],"114":["Spine/specials4",1],"115":["audio/bgm_totalwin_main",8],"116":["Atlas/Alats43",1],"117":["Particle/ParticleLigh",4],"118":["Atlas/Alats22",1],"119":["Spine/h_peachcocktail_a_atlas_symbols",6],"120":["Spine/h_peachcocktail_d_atlas_symbols",6],"121":["audio/spinStop",8],"122":["audio/spinStopQuick",8],"123":["audio/bgm_bigwin_end",8],"124":["Atlas/Alats69",1],"125":["Spine/s_scatter_a_atlas_specials",6],"126":["Atlas/Alats24",1],"127":["Sprites/2",1],"128":["Spine/s_wild_d_atlas_specials",6],"129":["Spine/h_bluecocktail_d_atlas_symbols",6],"130":["Spine/specials",1],"131":["Spine/s_scatter_d_atlas_specials",6],"132":["Sprites/bgItem",1],"133":["audio/prizeInfobarTotalwinMedMain",8],"134":["audio/bgm_mg",8],"135":["Spine/h_peachcocktail_c_atlas_symbols",6],"136":["Atlas/Alats46",1],"137":["Atlas/Alats29",1],"138":["Spine/h_xoglass_b_atlas_symbols",6],"139":["audio/bgm_totalwin_end",8],"140":["Spine/h_greencocktail_a_atlas_symbols",6],"141":["Atlas/Alats39",1],"142":["Atlas/Alats61",1],"143":["audio/menu_icon_press",8],"144":["Atlas/Alats27",1],"145":["Atlas/Alats28",1],"146":["Atlas/Alats6",1],"147":["Spine/s_scatter_c_atlas_specials",6],"148":["audio/symScatter",8],"149":["audio/symShrink",8],"150":["Atlas/Alats37",1],"151":["Atlas/Alats2",2],"152":["Spine/l_q_atlas_symbols",7],"153":["Spine/h_xoglass_c_atlas_symbols",7],"154":["Spine/h_peachcocktail_a_atlas_symbols",7],"155":["Atlas/Alats29",2],"156":["Atlas/Alats50",2],"157":["Sprites/BottleBar",3,1],"158":["Atlas/Alats69",2],"159":["Animation/TakeSymbol/TakeSymbol1_End",0],"160":["Animation/TakeSymbol/TakeSymbol2_End",0],"161":["Spine/s_wild_a_atlas_specials",7],"162":["Atlas/Alats22",2],"163":["Atlas/Alats66",2],"164":["Prefabs/TakeSymbol2",5],"165":["Spine/h_greencocktail_d_atlas_symbols",7],"166":["Atlas/Alats71",2],"167":["Animation/BigWin/Bigwin_Loop",0],"168":["Animation/TakeSymbol/TakeSymbol4",0],"169":["Spine/s_scatter_d_atlas_specials",7],"170":["Atlas/Alats27",2],"171":["Spine/s_scatter_b_atlas_specials",7],"172":["Spine/l_k_atlas_symbols",7],"173":["Animation/SuperWin/SuperWin_Show",0],"174":["Prefabs/TakeSymbol3",5],"175":["Prefabs/EffectRemoveItem3",5],"176":["Atlas/Alats59",2],"177":["Spine/h_shot_a_atlas_symbols",7],"178":["Animation/NearFS",0],"179":["Atlas/Alats34",2],"180":["Spine/symbols",3,1],"181":["Spine/h_peachcocktail_c_atlas_symbols",7],"182":["Sprites/3",3,1],"183":["Atlas/Alats41",2],"184":["Prefabs/CachChoi",5],"185":["Animation/BigWin/bw_vfx_f_screen_01_00",0],"186":["Atlas/Alats61",2],"187":["Prefabs/TakeWild",5],"188":["Atlas/Alats58",2],"189":["Spine/h_xoglass_d_atlas_symbols",7],"190":["Prefabs/NearFS",5],"191":["Atlas/Alats26",2],"192":["Animation/InfoBar/Alats9-ib_bar_a_mask",0],"193":["Animation/FreeSpin/LightOnTop",0],"194":["Spine/h_shot_d_atlas_symbols",7],"196":["Atlas/Alats45",2],"197":["Atlas/Alats35",2],"198":["Atlas/Alats57",2],"199":["Sprites/6",3,1],"200":["Animation/InfoBar/BigWin",0],"201":["Atlas/Alats65",2],"202":["Animation/MegaWin/MegaWin_Loop",0],"203":["Atlas/Alats23",2],"204":["Atlas/Alats48",2],"205":["Animation/FreeSpin/fspin_vfx_d_screen_00",0],"206":["Spine/h_xobottle_a_atlas_symbols",7],"207":["Atlas/Alats31",2],"208":["Animation/SuperWin/SuperWin_Loop",0],"209":["Animation/TakeWild/TakeWild",0],"210":["Animation/FreeSpin/ShowFreeSpin",0],"211":["Spine/l_10_atlas_symbols",7],"212":["Atlas/Alats55",2],"213":["Spine/h_bluecocktail_b_atlas_symbols",7],"214":["Atlas/Alats64",2],"215":["Prefabs/TakeSymbol1",5],"216":["Atlas/Alats70",2],"217":["Prefabs/NearFSItem",5],"218":["Spine/h_xoglass_a_atlas_symbols",7],"219":["Prefabs/LichSu",5],"220":["Atlas/Alats28",2],"221":["Spine/l_j_atlas_symbols",7],"222":["Spine/h_greencocktail_c_atlas_symbols",7],"223":["Prefabs/EffectRemoveItem2",5],"224":["Atlas/Alats39",2],"225":["Atlas/Alats53",2],"226":["Atlas/Alats44",2],"227":["Animation/TakeSymbol/TakeSymbol4_End",0],"228":["Atlas/Alats3",2],"229":["Atlas/Alats6",2],"230":["Animation/FreeSpin/EndFreeSpin",0],"231":["Animation/ButtonSpin/ButtonSpin_State_Normal",0],"232":["Spine/s_wild_c_atlas_specials",7],"233":["Atlas/Alats67",2],"234":["Atlas/Alats40",2],"235":["Atlas/Alats7",2],"236":["Animation/AbientLightTop/AmbientTop",0],"237":["Atlas/Alats18",2],"238":["Spine/h_bluecocktail_c_atlas_symbols",7],"239":["Sprites/4",3,1],"240":["Animation/TakeSymbol/TakeSymbol3_End",0],"241":["Atlas/Alats60",2],"242":["Atlas/Alats17",2],"243":["Spine/h_xobottle_d_atlas_symbols",7],"244":["Animation/FreeSpin/FreeSpinLeftBottom",0],"245":["Spine/l_a_atlas_symbols",7],"246":["Atlas/Alats12",2],"247":["Animation/InfoBar/NormalState",0],"248":["Atlas/Alats68",2],"249":["Animation/NearWinNoSap",0],"250":["Atlas/Alats56",2],"251":["Prefabs/NodeAddScatter",5],"252":["Img/0c39eb79-3f45-437e-9438-65b50d8306f5",3,1],"254":["Spine/h_peachcocktail_b_atlas_symbols",7],"255":["Animation/MegaWin/MegaWin_Show",0],"256":["Animation/TakeSymbol/TakeSymbol2",0],"257":["Animation/Symbol/BgScatterHide",0],"258":["Atlas/Alats8",2],"259":["Prefabs/BigWin",5],"260":["Spine/s_scatter_c_atlas_specials",7],"261":["Atlas/Alats15",2],"262":["Sprites/launch",3,1],"263":["Prefabs/EffectRemoveItem4",5],"264":["Animation/Bottle/BottleReset",0],"265":["Atlas/Alats46",2],"266":["Prefabs/EndFreeSpin",5],"267":["Spine/specials3",3,1],"268":["Animation/TakeSymbol/TakeSymbol1",0],"269":["Atlas/Alats25",2],"270":["Prefabs/MultiBottle",5],"271":["Spine/s_scatter_a_atlas_specials",7],"272":["Atlas/Alats4",2],"273":["Prefabs/EffectRemoveItem1",5],"274":["Atlas/Alats32",2],"275":["Spine/h_shot_c_atlas_symbols",7],"276":["Atlas/Alats24",2],"277":["Atlas/Alats33",2],"278":["Animation/TakeSymbol/TakeSymbol3",0],"279":["Atlas/Alats42",2],"280":["Spine/s_wild_b_atlas_specials",7],"281":["Spine/h_shot_b_atlas_symbols",7],"282":["Animation/ButtonSpin/ButtonSpin_Click",0],"283":["Animation/AmbientPurple",0],"284":["Spine/h_xoglass_b_atlas_symbols",7],"285":["Atlas/Alats74",2],"286":["Atlas/Alats21",2],"287":["Animation/BigWin/Bigwin_Show",0],"288":["Spine/h_peachcocktail_d_atlas_symbols",7],"289":["Animation/InfoBar/MegaWin",0],"290":["Spine/s_wild_d_atlas_specials",7],"291":["Animation/CoinFalling/Coin",0],"292":["Atlas/Alats43",2],"293":["Atlas/Alats47",2],"294":["Atlas/Alats37",2],"295":["Spine/h_greencocktail_b_atlas_symbols",7],"296":["Animation/LineContainer",0],"297":["Spine/h_xobottle_c_atlas_symbols",7],"298":["Prefabs/ShowFreeSpin",5],"299":["Sprites/bgItem",3,1],"300":["Spine/specials",3,1],"301":["Atlas/Alats73",2],"302":["Atlas/Alats11",2],"303":["Spine/h_bluecocktail_d_atlas_symbols",7],"304":["Animation/InfoBar/WinNormal",0],"305":["Animation/Symbol/BgScatter",0],"306":["Spine/specials4",3,1],"307":["Spine/h_greencocktail_a_atlas_symbols",7],"308":["Prefabs/TakeSymbol4",5],"309":["Animation/TakeSymbol/wh_vfx_b_screen",0],"310":["Sprites/1",3,1],"311":["Animation/Bottle/BotleNormalGold",0],"312":["Animation/Bottle/BotleNormal",0],"313":["Spine/specials2",3,1],"314":["Animation/Bottle/TakeBotleGold",0],"315":["Atlas/Alats10",2],"317":["Atlas/Alats63",2],"318":["Atlas/Alats19",2],"319":["Sprites/2",3,1],"320":["Spine/h_bluecocktail_a_atlas_symbols",7],"321":["Animation/Bottle/TakeBottle",0],"322":["Spine/h_xobottle_b_atlas_symbols",7],"323":["Prefabs/ItemSymbol",5],"324":["Sprites/5",3,1]},"types":["cc.AnimationClip","cc.Texture2D","cc.SpriteAtlas","cc.SpriteFrame","cc.ParticleAsset","cc.Prefab","cc.Asset","sp.SkeletonData","cc.AudioClip"],"uuids":["017Bsn+TJL+IZEceXRaqe/","0259oh2ppMHbu1pZFu1QQN","041F8NFEFHsoHNkLGcpI77","06oWiLhB1AaarrgDnBf2lM","078TZTU+ZP/qJn7QK0061c","08ZsMbAWRI5ICiu2uKZfdk","0aHb4Tsu5NGIFOvhQPH8hx","0ce6dI3dBEJalPh7EH6Myx","0dj6P+kr1BlITbzmPcyeg+","18JqZMT0BPYYelBoXSAj1U","19a7GXg5VP1ZIy8QZvzC83","19j6iXxVZPe4QZRwAGZ0bN","1dXi+JuLJMEImjNQ9SKG+H","1dXop9RVtJRYf5fKgSzapU","21l2+p9UpP3rVpVBubiHgU","25auqy5tZElJl+XDjghM+9","25bnn2GHhOZKLjyl5c6TRb","29yopnJABKlI5aB/tiEMZB","2cCVpBHFRA9I0q0ZFG6L7k","2dVd1JYl5ESrTI1nF6OXwS","2eoW+xBwdCQrKv1e7f4ghi","30RwHcoJxF4K4LiRUk2h3p","31k8pCNUlFGrF7EtG2mR2m","32vTMnJO9Bb6aOb0EWpZWJ","33xhCCMfVMw5yuVjafex4P","34nPiUfA5A94KmuFDFsRFm","38ckCQ8MdD76U6OqGL9NNt","3a30N3tFpKeIWl4JU3gar8","3cCuslw/pIBJpjq+rw2SNN","3eSsvAWY5BQZjmkRcN3m5M","3ejixWmWdGmqrX/5PygrV5","3eyx615+xMt7vN8bFsf3NH","40Bubhn+NAo637m3wMt5VC","40qqVQfyBMA5+HOKl2Va8l","41ufJRauNGCpVY80qvHiDE","43VGA4My9MuYB5nTaZC2v9","445WfnicxJqrWeKTDkROVh","45imJ0Z0FMCbM5aW1CNBhd","46dMOkENRKQa5/f9zDyZUO","4aJ2G+aW9KrbEqjfFocSjo","4bbVYz6oNBX7v1bTq08vwm","4d7G/wLgxHr52qGatkDUmh","51GlcNFfFMNqZJ0EQqmOXn","56LULd6RhE2JAryqIx2SRF","563Wpw4y9DAo5HB9VVt7nG","573roOjQxHp7oTss12woTa","5bPDR69WJO5oN9K81z240z","5b3XWht+BKw7GR0+FhWwkq","60Of7ahYxBybESqS1tMJop","61gAn4W8FLmohCX7usibjt","62zutW3ixIP5AhE2y1PMdV","64MLxLwchBw6adqgqYycqR","65U2fTNgFPCKrzTkuNXwv/","65gvyYSu9EeaN2PG1TReF5","66BGKWxqlEKZ9RACtXabhc","67Kp1xZMNJeZlwyAgDzgsj","67mHYcaVFIPrGVxGRRY6rM","675hvJsn5Lw5fWbKsi1iJW","68q5QajaVPS6+DSYUjvs+y","68sflpLg1AwZB1azkW2pHu","69BI4mmRJBb5DPGLPn9puJ","6bo1s9YyZLyIYP/c8XZlM0","6d9HCz7rFIr5G96IAAtioT","6f1Bl6lmxK/4rb3kReNuTg","71I83A9p1IiIBYcqYc6u3L","74MVdW8MpGlaff5pDpqC14","74huYaSwJGwpu7lwCySeLN","7498EB7lVFBp60Xc+2FMd6","77j5Y00/dIjKxYswfdHH7c","78SURoaUFAZIiwZlZo34Dr","79DgqwjvhOdL1gEfLhtnqU","7a9csHIzZKG4+1i/6yJ/6Y","7bOk245YlH9ZzD3589XGqp","7dvzkIqcxHJ6kBkhA0AFJM","81xiuM4/xNPaA9S3SfEig1","83NprbnzFPCoIS3imjPU5t","83TwttXhlDZLcGo3Kh32ic","84Dle7x6tDaKT/QNbvg54i","861Alev9ZOcZA5YFLWs5KA","88cfipZFdPm6JI09obQXdr","88vdrhOYNO97gSP21Kl4V+","89HYjK4xNKl6O66vxpOTU3","8af7FaF55OCas12YSp/k9+","8bAbbm8nBNM5M4vtTIczYZ","906OUhX6dHYKUympuRcn1v","93k9tIvMBOd62wLC1Npmrf","96EfFxfy1G0Zc8p6lylcaG","97jdxKwfNKcI+CUgE9oB1h","997SwRJ3hPSKEsgY6EnZk1","9bQPeXU+lLy5J+mfvwyOEc","9bZrdFNj1G/JD2OC3Wjjua","9cUhxcsftNlKFex42Zg3Kt","9dqt6YCT5Mi5jwZpW1lohW","a0tOpoJ+FL050cXu13GaTM","a1cd/dDAlOCokW9tylRMPH","a2F0fvKTBAMKe06nmxGkW9","a212LjMadNTp/PX/DsITg7","a2906+7hJDEZl8coFku84Z","a3hZPQPJhPqLWi2EV4AvbC","a3n/m9aeVAp6DGUbFouJaT","a4GQpBnw5Eao/3+VFfeYCF","a4XqZDJCxLVaeC3c3cbq/b","a8Qh5xUbZIjIN1IOIkz8Lj","a88zlg1E1Khobw6mj+/cYX","ac2Sz6Oh1Mxp+UF3xGsh26","b1nbfGcMBPxoyoNLHAeymJ","b3INhIOXlG05Wwh//kczzV","b7BFHCDZxLdqStaDVoTQmv","b96+mwf+JKq5ojKuHh0AI3","bcGtw2wSxFUZbBh/gsPPH3","bcb4+zoeNFYZo985W/oV+d","c0dBWNWgJJvbfEWWjKCc2c","c1wb0Iw6tOboe0l6Lf3OpM","c2BJQ+FfJCXaYrpGl3i5ri","c2n+Qx77VJbI90tQoYjlhJ","c4hsyOzhNES40/a6tkK15s","c4lnuuEudIJKmw4k6Czme2","c5DT3aQdlPWIhMaeeJJjr0","c5ToQ/V9hL/oVR9jU0OENG","c6ByAtR4xOrq+Xo7+Szd+m","c9M8pDtYtCaK7m5FGoqQPH","cba4Xv+vlAQZGYpcode5NP","cccGD859NOg66EzYlJ0c66","cc9jEERCdBg59mUEwd2B2y","cdaQazU1VHmoV5d5A6sVbT","cdeNVu/+1MgrMXZrqbTDs2","d1QZJXvLtGboPp2q5nMdHS","d5t59ye+5KFp/WsMy+6FiZ","d96YGyMudD/YzWz9DNRDgz","dbBP5k8FdMapznh9/EmsJ/","deV7voNZ5DcKbrek4ud9Ea","den+JdzoxE25foJpAul1GB","dfm8E8JTJLfYOoUkZRZvUi","e2Q1r69V9Ef6ieLGk5sVFg","e6RnQXZ/NM0rizNeZOmfiZ","e6bT8M2BhMf56bjgLegal6","e9u5eYzQ9F7psLjCRnwS+H","edfG/lY+tDobpc8uIm50XN","f0k9uJKYBM8J+ogFWGQTZ2","f0nRg1+CVEF7m8MDGwHxg6","f1nMKp5pBKs70y9yqw2C64","f5UioBBuBJCpPM5Ls3qfw0","f6OvC6c45L2q6rkBSu22S7","f6Zjjm6OZEwp+8aYaSMR+j","f7cGE8aQRHZ4YpOFA5k1eu","faBq7AJsFHHrg1ZVhiGnBA","faF+Trth9G05M+QT5MaiSO","fbY5xPPyRIWrZqjc7JUP50","fdeFV0OldGjKCVdRzUzbi3","feBMarypVNjLbiKGA5rs/M","ff8VSVHfBKa7B0y2TPRGmy","02MK5863pHjoy4cMPgMcNP","06BoIK9k5OU4UlAAGZ/zdR","06eYQ7Id9Dd4V54ohbGdX3","07G3oopp1Oj71priVwKuGC","07R/9fCnhOKJjly4gI58JI","0b4ueFt4BEqLEHbS0DTqR8","0c+atCy1BPvY8PunPijRnV","0etCYgH2pAj4+9lmAnUH7O","0fvm4pvyRPj6Awv8QbdN0d","11jF9xcdtBl7AaWqyzEnVv","14DHDocW5HsqcrRa9drWHk","14LZOxIrtHobMZt0PufT0Y","16fBn0CphG+7Cr5RqimQ/M","183Y43a41Jtq+nwOo0cDhn","1aKm5rXZRN8L3E+WRCXOsh","1dl+pO1u1Czp5BRHFJva7H","1eckag3PJMobhMQLjT2KJs","1es3ok0k1CCZ+IE8rv8GMe","23eGN2sc5BOptYHWEjftBt","23rRxAb7VDkYDmgPle+dHc","27ge6hvmxJL5qahZ/pJ/vT","27kvK5jiNP1ZGzcTtyCVos","29EieM+DFDh7Pi0xBkFv1B","29qxDxA4JJ6YpqOnp6gg5v","2a1L0XMiBNP4j/g484TqDQ","2fYmFZGAxA07XMx3TdHjiC","30c7HvTOxPf63QvWtglgWA","30to+qWHxJoIxph98U6gDe","31IrJfVO9C1416+t0aBL0U","31PKlndqVGXKIbpsqWsQPY","31VtAWibpNPrY3eZYwbw9G","32NnEwI6RACpMv87t7Kra7","33hviAEZBEXLG9WxpwUd2F","34Q/ExV1xMdraCfeh6e7tb","366qZR3e9FsqpOSXMm6NBh","37IrfEmmVDtoEmdFqJ8hsN","37lhu5zpJHirttZvsqBCVj","38VTfIBnZDkYtsi2/0a0kV","38XEBfuJhNtYV7G23+XOlB","399eJLJlFDTbTWg+aa9hzg","3fvoAr6SpItaMm8VuF2Qal","43jMEthQpOZ4cgW5ATHLAR","432/4qO2VBdIzC9wdsVqOr","48E43fuZhPBojt+uI+ewWs","48FzB5HpxPi7Rjom+cygoD","49GigXK1BNgqV4AaU8KFaW","4aBT13cEpPZJN7rqkrFNl+","4cYVtYt5FE2bvEahpTi0rs","4cpBrm/C1MQpH4F7woarZM","4dTDeowrRAQ7xlEd1JLVHE","4fhHMkEsJNEY4T8h9UQ+xD","4frPNy5GdBmoyIuVO3Cqhe","50hTLUvE1EfZzVkPgToSG6","52Am0a9CRMU42ZXE3infjx","52PGQ8cClLU7MgoXtGsQMG","52W3JUd6BOM4QMFhCRrdww","54o/3UFiJKF6HAJujTu7/x","544xGvgddJm53E4BDnyimv","56NjHBlmBDgoACyqubWaZG","57TheScUxGO5ciINw9qfmf","58xJjQotpGQ6OkDaWtfn+X","59GrM5GgBLloQyi/B/yLKO","59eZokO99B8Ixcav2iP7qp","5dp+gjm5ZGtpB4NGD1Vyfu","5eMB1EbxVACodDyJ7n7Z+s","61YHrA5nRK8J+wrr3xA9PM","64Ia+Q47dJmaKDJABRjJge","66x6ZrDvZEBoVObO34drPY","6ct3UEIzNAl69AJMe1jQA/","6dVctOmMpBrJhwxAv6zGNY","6e77JpI19JYoSRqPljpLuL","6e8gyVO8NMuIVI70uM5xUZ","6fUIwomw1FDZSsDsaNy/kp","70b6V7TO9ALalFm47Sjnla","73kcqHxjhGgqp3lRFmi7G6","74InUJlF1HdqT9nbPWZWov","76DYpt/KdDF4tS3gkyHkg6","7a/Tq6dq9A+KigRcLnHcEV","7cPqX3E11Oz5WFDnkQepz8","7dWC8EFopAkJgDYNyHLse8","7ensTjjRZJOY/8Nesj2S7Q","82VmX44NRD/7Z+yS2KwzQR","82t69Fh/lE67pg89guBFhc","84u2bZUcJF2731HI84XCHO","85QA/bdXhGWKjktsfhpOcs","85fTe9ztVIRZi+rjDy+XKL","892B9f6LVIz7U8SRvpYAI/","8a6ScevfRHPKFVsBoCxeLK","8djyNLdYFHgqWuIrSvledp","907z9+WzdAdqbfcovT8Fy/","94UjxbtD1P6IwsbPbiJ/BZ","96W7RqxvhFKqXbDbZ1uj7W","97wi6ahnhIE7xt7s90oiHK","97yoiMAyxG+JdGpoFYqiTx","9aVS0xWmZB9aO9nWDF0754","9ac8CmJbtDloj6mtiJ/BQy","9bra+H1OlEOIMbbP0oI5yu","9dsj+FR3ZDi6UiJAy+qtru","9eVCBVxgZLO712a6bQTs+Z","9e2PDT3/5AzY6aqShnjEaJ","a1l0cn5OBMuoMKsdY7MP1d","a21747ef-2930-4030-a7b4-ea79b11a45bd@6c48a","a2IdNYGRZAyK+/fYbr8ehP","a25OE/GydKBram0lp16ya9","a3gnqltg1Mtpp0l/Sg0ksd","a4EZOlxxFOu60uwtZ1Qzbq","a6BO/m7RNAxZ25rhYYM4rD","a6084SHAZPnp1T/5Ehmbaz","a7i+5AaQ5DZK/f7r/ZnVBj","a7k6WjUB9GQbLUNKZg+sPj","a7qnuyA5ZN7Y5KH3GUCANU","a8IGi1WbNHk6uHS46MzUkz","a9KmGvmExPRYKGnUpgb/gY","a9//s8SMtL6pyobAm/a2F8","aanx4XlwhEDqKPUucPVITU","acp7pZ4z9AfIhzx6kSOoIy","afVw+uUhtPurehhkwXp1Ig","b0bhjsq6tAR6OjPGgbvie8","b0e+kRLF5MQYpAyzkZexgz","b2sBtZZHtDZZaxtIGEi8gr","b3VB+/TYZKJom6YqQwZnQy","b3rmMTB4ZAZpMzIQiRECGj","b30nzdh+BCUIGIYp+oGwEE","b4D/03/UdJyYMJUnefijLa","b4+MtESS9BoY/lpXHpZ/Zz","b5PIQNIXBK5KWwzYvAi5Ok","b6OvA09kxLpJCL9kaMFG4R","b6Ykp0YEpFcaN8878A+gr0","b7IGZRs9hISbVrPZjmdwma","b7s0ckUWNJvZx7z4QzLOsj","b8ZWgm6XVITp8vi7yaywYO","b8j89rvkFJ2p6n++YVc0nM","bcHXx4uNxEnqrLfzx8vgEk","bcj3bZujpIYLEHhO4EUJuN","bc2GqmlulMbaNlScvANMfu","beWpX1l0hGlLsG2d/oCttU","c1uWOW27hDDbdtdRPvVEO6","c17GKCYNNNW5zGbxhla2c9","c2pMZZg7BFO5u8VTJVYahb","c4O8RA+1pPdp/eKS93hvVi","c6AXjgx1xLXp0KX97omkbS","c8MBv/NflMMKjrB8rZW/8f","c9w4VymBNMpqsKZ4Jh13ju","cbCZ94T5FN9KYACxiEOc0t","cfNRXfLZtAEZkeUUTblp7R","d1fr+TJRtGU4dASNfSqzA5","d6Jh/SOdpIbYTV3O0sQgvE","d6REsSMh1JWKn2aKr13Lkz","d68k9be89HY5RYoG8Qubt3","da3QaManlBTL6gNcYEEctk","da4XufWKxEeqVV/jHZGC5o","df4wBZA3JCopRK040WisvX","e0EDblj4lNT6kSQcAGDuRe","e1UEjChXREB43PRw9pCXJQ","e3wTBGuKJHr64vRY4fdi6J","e4cDOOXdZKrI6E07YGKolv","e8R5tyowpMFI1JbNtWIDyc","ebnpjg4RlPVJAAIwbkwB7+","ecKg18b4pK36Tq/oGtLVEH","ec1PM9HahJmIOtXUq0kMf1","edG+jzyYdEOYzFFB1PWl9f","edaczjumlN+5Sul0ZVodOx","eeKO4fTqdGk4p/USvh3u1L","ee/zV9StVF/Y1qsEw6yYNg","f0IyuYBvNCILpC8uuMHiUH","f2+6cAyDFJsbT3BwIjNOWK","f5a28J0QpLJYdJ/8Be832H","f5kT49DEVH3K3aMwHS5Px3","f5vToUbgBE8butwby418hz","f8xGk0WQNE3oMfi1A8jHm7","f9LfE7fgNMJqOZMjD16Ku8","fbnalH4EdAvoGvII2UY3mk","fbzUd56p9HsLH9hK4BlB/L","fdzouQOtxAEZtpWqeDmYNF","00WqBFGilLrZmFxC65kw6e","0035uDyj5DlLmm4MbP8xjy","01BdrvFP5E1p5smUt+N287","01XrRWaYFBK7mZY1bRH34d","01u0i5XrZNbKe8I5Va/V9K","01wk/0qCtEoYT2UCNHFWYO","01+UqynNlAaIEV7xCaoTUR","02QYw5geRIdrzbLx9XxWsD","02QaS5I4NHZZzrt8u9oQwL","021LMrEBJMPqGf6GHMbSZy","0284hmb4JMn4X0jPsJ8K2R","03OTzDUIFK2pTyDKWZmDbk","03Ydz/6ZFG4aDtAqdcaEt9","03ZBtrSMRA8o6dRb2TVYg5","03hhMSfDNL9pX9mafeuAT1","03iELXTLFHv5OXtLYV+/GX","03lEbnggpGsIHwh9CD4p4I","03zsSNtDJBu5Kk4hifDS3r","030vFdjSdLFKcy/BtWSOHR","035fgtMMxJi6qIgFDXdGSR","04MuolEeFPhZ9CxXBiJ5OY","04dkDMwUZLOLvCrM54SIAb","04wmii5aRKxJJhC4g7af89","05KeAPB0RN66xe1aXRYgO0","05YttX1ExG6JYklIIgjEom","05iGUWoqlFFY23GLSN1Gf1","05mqR3iNdIHrwd8knAus2U","05o7O3YopHfZjmWFzlWG6f","06PSaavplAFKQw13ZLUUL1","06fwmQ2RtI+pgyr0/BknwR","06hFsKCBVISo5OkGe9iuad","06ohclwKhJO4yPT/ELkbnb","06wdfnSp9CWZ4QAd6xzN1U","06/E1S5l1KTZqSdij0QGjh","07IMcXUzxPgrdyySUGHOCx","07g1TgPYtM5qvzZodk9oi9","07ll32v1BM/7yvv1XkYcXI","07mKoZWw1As68D48rKVddg","07xRtDaxFNU59eyIU9/B87","077gefFA1LJqypbJJ65eio","077oTOwxlKh4saxYKbsJA+","08abABxXNCuKzdTc0ADVkw","08yr/hcIdIMo9EO3yBjObe","084A0LEoFFlJF2EyBxRk7Y","09HdR70NpHjbEgf7DNAbs5","09U84xiQ9DybxDHyKkDY5u","0aIWRTHVNBK4bRd6I5q6Lb","0blaJ+TXRCW67XXHxMQttl","0b8qVEOv5J7LsTqk5nFkSQ","0dVpZ5/UZNBbaN87K467sb","0d3LwyPP9DPpvqbaLb/7PB","0eFb+lhCNAlJp8TOUtuJ4q","0e4GWbrqFDcpoddRdjHfkV","0fRXN0ZBtDhr9JmcN0xtcH","0fymEouAxNzaTWgmguiOOM","10KPmtO4RP7premnBMosW3","10TFXPAihK2qT7pYQmZjQ4","10q9y9M8RB+7iSBsfIdyZO","1011nBGaNLELpeCJSmqQ+x","11jj+HWCNCQr3fmh1MFcnd","11mM1uCvFEf7ZmtqCzhV/J","11m3cOwypNdZCeUlFQysbq","11qdxgCfJMFbUcPOVsx9FY","11vRWisSRLTIygw0SZDdy5","11+Aw/RGlCCbki73mmhubd","12HKRUaBdIZLFqy6XOLmVp","12II+e5EJKibobKV18Nivw","13i2W4MxBGXKEsao1rsH9e","13klLr+l5DR4z0JYYmYgIR","14h/PFoq9BSKhjVOUe4b5k","14jKXlI0ZOOZHamiHebuwg","148AYxVz5D1YbJb6Jc8u6G","15B/xsOztCSYix4KU7oiX8","154cVFMeBG+olSXV6hgduV","155Qp2JIhEEo98JpnpwHLD","16IFkD8rlEw4E5RgXV6KSd","16IKrAr0lFAIYKj2N45+Zg","16oBa72OBNSrL3Ah3sRVJs","163ShgT7NBXJbnoPhfSBFv","1686xnvplLc7/aIfQtKLQV","17DPCDU81OxYNKti6PPvjp","17a0e4YTlElZTWpq4ATIrN","172N8zPJtKw7ammz00VCI+","174llZHoRFg7PS3FaJRIxq","18KicOdcZBpbjhxv+O1izj","18K+o6gjVJ4LQ4j66mwG2Q","18OqaZk3BNtZr0nnPPFJkA","18U61T1elELq28evzHdhAe","18VbkmxpRNhJMnJviqAEG+","182Of/g0tLqaDt219CUsMx","19AlIX20pJq5cfZZTxiG94","19jYwlQFxMy75vaPV9dqzv","1avNKadcFLiInx9O1vFr6y","1a7SrKSepFkIspU6We+/4w","1a7lRbGmNJAqhtOIGtI0ME","1bLT0eKH1Ho66smEkNhPV7","1b4v+WRpxM8Iyfgqq6Zuxl","1cGuFPu41JoZkvZuU5DguN","1ccl773FJDJqQ+qGnyzXit","1c1tAPs8FL+Y6NPA+S01oc","1dDPuSistFl6kXLAXmsRIc","1dIj2JietDDo98yHqUBYbv","1dXyiMsqZNgYNHdtiEpy/O","1dlNm7G1JBSr3gL6qSnQiX","1d3viYHl9HwrdISaAEdldQ","1d9r3ZVphPNoX5SSq1Q5Sq","1egpKPz6hM1bqo/G1MPMQo","1eiJuGP3pJhIyJi1haWlBB","1fOXZm+WxGwphZVQ0trHAo","1fVcetpgZML4diGW4QxSPP","1fVyquYR5NjKPOZyNz1Ur4","20Ai/G/zNCDKj9viADNqgl","20QIGGBxlCgbpCgUUrED0c","20T8pxWpNKVY6pO/pp63f5","20f21GCbhKsop8keaDqixN","21HNZBbARMZIxo4HYbFhjv","21N9Q4BQhBnpktDzVrTaN0","21ev8cvrhDIo37+H4btcPD","21gV0e+g1Jv7xSJzZphqQN","21hpKKzBJM76rlCkR5YDI0","214c+ym6dBAam6RQK+MhPV","22FD63KtVFa6FXwJ7+q+xy","22FTpE2/9CioBL5dMSqrNT","22czJUD6FFmacSo4rydYzo","22quoJMhBPaKPyI6aQ94fq","229f+PJNpC8JUmGaHx4dRX","23Dculuh5AeKYFH+EgUYAV","23Eh4AiBpLfb955Ae9xAwA","23EmvipaxFOarsmOOL9GiK","25KQlQ69RMgqeAYdUSKlDi","26HPk0IxlFG5T97uM+NOEU","26kqqZyTpNC4qcGPfhrTgM","26lEGL2EFBUYJ5DLdauqUG","266ZY06JZMLbMnx8MAxnfV","27bcOWksFJHrfhbXNAuoXZ","27sD8Hah5Dg4hrVPUPDscD","271DVmXtdLuLN5FAQkXFEG","272phICg5Ej7Lr0/lpzJp9","28PxJ4jdlIirJZhifGG6ON","28lK3EbTpAeLI6cWNQckkG","29FYIk+N1GYaeWH/q1NxQO","29PPRSmB1Ph77t+8GAz1KQ","29wMjpvM9Nd6/NnSiCmJre","29+wSrrepMF7zt/ZiKgiVf","29/hdvwrhAKqcy2Q3TqSX5","2aDRyGhdlJgZi7Dbt1maon","2aE58lLTNIlqXpI/oMt46Z","2aHjs9hi9NUq91cc16o2cY","2ano2aIntOPK6MFqImSjDr","2avYe6FpNDJZhhaToAg4mw","2bH8AsvCRFTbfNocGrDjxG","2bfb8wB1NB/bmyHl4eD+rn","2bmfbQezZJRr2H2xEkxQ3v","2bsSBXonBMspY64ZARbPsV","2bv8AB7XZNFabdUwPrgJ9H","2cSMeTRb1MU5/H8pGSU9kD","2dC15FTMpEpa8CABU9uYoe","2dNXtrVxJNqrLvu5yrbA+5","2d0QQ8weZFGbF8YCxoAbRt","2d58Gv2ZFBCIdTY3aC7s8f","2eyy15/CxNH62zGL6NIOaU","2e9bv+1WhM7IMILqzFXEDv","2fSlMWaXhHK5Kxa+m8zgC7","2fUogYt0hG6KQcZeIrQcQw","2fhIkbxzhDvKeDrYF7PfT9","2fiS4CgNpINKX5/XIHQHup","30Q5npibpKn4dXEk/7iSS8","309YLz4j5DsLfB/LQ1QODk","31GAABX0NKJaAky18iJHVy","31P92/1ExJp5zOC7hZhhcw","31zW5UdIFGn6eIa7SWPs0Z","33B1TnEBxFCJXahY20gNKv","33cQtWMVtEBrAkgYcHCZUf","33eZDgyltBsaWw/2qSj8gX","33nGQvmodDnaxnkfCANU2K","34EwQGikdDhq8GEvbGCQbl","34SU79CE1AAKukYvVUS0V1","341hp9bkVHD6Oed5hQhmrq","345/zHU7VFo6mftfLFLnhv","35YXFeGM9DHqQsURKFE1Bh","35oqv7XQRIOLch3+5JkES6","38TmuTDWdFv7/AGeOdOmKN","39oW2OKDVGXquv595L/4k3","39o2ZkjMZJyJulpqIOKRaT","3aciHnP6dEdK+V7rEMn9lV","3ae7efMv1CLq2ilvUY/tQi","3an8Gea5JLUopEL9WZ5frP","3bGDn2pP1EyaLxlJ+mmOiT","3bREkn/hhA8p0nN1O/Rfyz","3bkqudf1xM7LfdGff6b3uC","3bsggosApB2b/obzWrYFcz","3cauLSONBOdZIPc+Tki1hN","3cbR0LEAxKdadhhRh38WeY","3clJlBC2hL1YDM+sHlnYr5","3dS5XPPdRELoTM3idB0DjQ","3dlk1/wjtHCqniWu2i41nA","3eMhrVuhZBVKzOq7q9Y3x2","3fBGSXYrtFo650XySXC3TD","3fE3epJRBHM68PTZqGqj6F","3fIiNsP5BFwYK3gqTJUh1q","3fliOD0opJW4wUgquTIt4S","3fpHlgfgFO15KE5f/8+WVL","3fzsMLgTBJdJK8oW3mXeND","40Rjt48WRIXLQjPXH5048C","40532YvBBLz6quEjWEoa6s","41UHw3ztlDep0OZCNZnEr2","41w9c6n1hLqJVub99KnMlh","415UAkImBE1IhyCU4IPpXX","42GUuhZeRL+rl8LFDdNLH6","42lApsDhJA6aUtIssxusNA","43Au2DxZNB8KgwstBJvmOU","43CkR3HF9KGJXJ3MH2vyrX","43Kc5dFY1MOZiZCpiKts2t","44GPoJk4FF0a+TGN1kIqD2","44YFKMHWhBKb1aBQxxYVS5","440Dd9VVZFWJZl+9gz96WW","46OJKTncRF4Y4eVE5p62hj","46YwpvA71FCIyxDGhf73X2","46crOxABNHiYSZH2cjx270","47uVewqkhN86xMuIVG2KhU","48DVV/325IqKm065OnPdmg","48NBBY5Q9Hv4oYy9BrSt6I","48iUJ+pGZLT7SWiNgEYbdE","48j+h869BLUKsMXEK4DvEU","48s/AZJB5NHahtCeHSOY7f","49FVR/Th9MtZjGqagiPHC8","49FwNx9K5Hg7ohREn+0/HM","49VVei7HdMcKq3aXUgQQla","49jPUCG0ZHl4PoIHuYC6B/","49tZBxE51LA4qfI+NQGdM7","49t6bz/eFMQJ3aA/xRm2x5","4aMMigaOVE7aTw07//JiL1","4bBykrVQZK9pyLAuDr6zVZ","4bI2p4G4JAv66aJYmCrIcf","4bt/sPCWhFp6tF6jyIazCh","4b0OKIpdlFKbZ38OUcQynB","4b67YCiClHLr0uxGAaHNjw","4b/AZTQ1RNzaqBvUEGBrNj","4c7fdOHhBBKJQZ3vPOqHq5","4dKvdU4J1FUqWL3g3Wa7e3","4dhiEre6lF4qj7xXDHFfOo","4d3xI6HYpHvI1/LnFKLqRO","4d7b9/HM1AlJyH7Lu2kf7J","4eWTbriCBL44s0Zy6EdggB","4elntTVARHFrzh2V1qp+wI","4en1nZUtFPJLNFNokRRhfy","4erWc/3bNKR66U3dgU9mx8","4ew3wh+h1MkarcRunVyF5W","4e7Pb4QBlFTbSozGT1BOxM","4e86tigNBAoofmaXaakLC9","4fKUlmywJIF7zhDyPFFGQr","4fMnInTnVBqpH4dTeR3C9/","4fOYyfxqpGV7cZ+6lCGoUA","4f9qrr9dtFQImEmpcHRNI+","50LSu26a5PFY58JfuAOGTc","502EvqhZlDVo+uoCQXCb8P","51C7AjMl5HPoRdvxGP7eAx","51FQhjGGJNh6v94S7nlSWA","51gRjge65O+6xQKjp1paKz","51jJ9kq5JBKo4wbiPNEYor","51owEBj7FH/r5Iml1ok4Xc","51zSjY8sNJQKmvR9y3MKFf","52NmwV07lP+JNO2PHdWRwe","52UfmYa+hKyI8fRww7W0EE","52aS7tR/tD3ZuXlSYseMV/","521k1GPR1FH6nwfdu8+Rqi","53PlVtG7ZPVLcj9SMzSen5","53QMYZIoRMQrpfVUbcl6My","53kICGjbBLIp4Jky2YsGG6","548DkWb71AE7wVX6k9jw68","55A3NpToxDQoU4r8kemafy","55po4zpfNNgbOH/wQnBKDF","555ZU/hxRPQKmOB6yYNJKB","56uT+9mNhN7aPBqQjsVhZM","575r/GNKFPJYnNw6Z78+Wf","59K7jCy/1H5YkNkWfJSfQA","59RDB/ZsxB249t4G0+Ti3V","59cAU3jXJNjJQlGsCZIHeH","59d8USuLtM3a3o7lmjySg3","59ewNnm7NMMoP84wtzPZbC","5afdjEefdIH7IrHAtY91UD","5a+qzkHEJGUIFY11dhhNn3","5bbCYuLCNOGZRTN/NZSUPB","5bzl+NEYZE3qnfiVaRoE8T","5cCqn6UK1PiKGZpGPkc1/I","5cG64a4MpHFLK7mYDh4YP/","5cJtV5KxRGzqk/2/rqI4SD","5cO7kybDxGj4ipyMYdRYZB","5cqKkiF2VH+5noaUrkwvXd","5dC2VO4jBESKThehZR1YoU","5dXw9ILZtM645USm9P6I4q","5dZ3lwL29G7pvZvcCskliX","5deWRrJyNGq4I4diaY9d12","5dtYcIkTlDAq3uOzwVTQJX","5ezTG0JSdK+4Kn85JPuYZE","5fGvD5VhdH67uXF7dLgbwi","5ffBih3wlEJ5pH86N7v+jb","5fwJ3aCKRD7KsL/rNEwdq7","5f5dyqtRNNxaFmVzYns6FZ","60EOHeUctClbj5B6xM84cc","60gD9S1GFNdZajA1r3mMZi","60oio3tGRIM7szq5uRlL3O","60zDOLPzNHIq7mgqomFfvx","61Acv7NdFH1JZMZmkGLSUt","61Ei3Z4ipOzodDP8ht+cCg","61XDK/z+lMeoBa4L5De34w","62Q5uSo+pCBbt7388RqfZq","62bnSxMXNL8pDCy9UFY3X4","62dTnpcxdNDKI/9ZWN4hLD","6289AIJpRD4oix6ZkJ6h+N","63ZVMNv+NK8o+wfnjmVrbG","63fr50KYNNzKQ0ZpyBoH+0","63jMwsLFFA1bx2lgkumczh","64APpf2rdO4L+pF8hjtxTy","64pPSY/T5LL77rtTFbzk1h","65OA+UxSlOdoIezzpboJBh","65emADQu5LkqF56ELhWEBc","65nnOgiulHOo+/eLb35FND","66Ku+ashdFYKUwSVTtYlSV","666HE1RfVK5K5PIyNyWMnC","66/QRoMf5KWpOeszKtXxw+","67HME+TeBH/6julWUx3raJ","68WaGVvKpNBKqdcjen3JgI","68hOb46HRPjbEtViOwwrQx","68tWO4rv5NeY/IQ2d8cAcn","68+E8u35FE05kHX5Uote6v","69CrmZLSJLrqm67MA6suBB","69YORIibxKBbhu66oCRJ2f","69bignuoJB6YMUzLMDgyBd","69/qdsZhBAO65qNr2L8mIi","6aefXhyYdPnoTt7hNZ5P5e","6ake4/6BxCx4daqeNKYcqY","6albsuQsVH664yAFAMumYu","6auFuckJRMfLCQhsBlcZ/F","6bGhFF+oxHT7pbHADlQOt8","6bPZiZu3dHZrhq6S7Kto/L","6bekqkSMpA8Yy5K9YE5xfl","6cNPbYEUtMWp8CecZsU6Te","6cz5kXGN9M9Ynu1TRs8qPs","6dFEl6e0RDD66AYtOQyJbY","6dFPr+EIFBRIFvQyIP1Hph","6dIKjfcXlIiIZAVtX+G2G1","6dTbGAEhVJMpzR4uVDDNL9","6d1HqbT5BOmrLNvbESSIOY","6eDM9zgjFEw5qjyj71S+Vu","6ebhQcoiZPjJsxyqdbEQVl","6emt7gYLJIgqMc+xX2X0Ki","6eotnvw3ZCOJ427zd8fQcU","6fJy8JQv1JgKorrVOJpkP+","6fj5jZ2xdMboyo/xYYV3Dr","70ggxgQitO1aCNajcQ55Sq","70zHvKexNCsaXyS6rFeKl9","70zxlX1sxPnbqi/gGV+s/q","71DLk6HWlIArZFrMtlX0Wl","71bi4QBotBF64aNFI0Ywe8","71ttFcWyZNqKhuJoOskIF9","72Fr+AmthKv4vmjNW0m+Yd","72p134a1xPraWBtJe3/tvj","72t0KBZwJC5I2J/KgJO+Aq","72u9pvVFhP4J85FMWksirP","73FsvQmWtFmpWwZRyErKNj","73Zx2kD1BKiqcrEefcjG9x","74a2pEQVZEWq7reI2plZDB","74fHLTBMZIObfk5ac2ZOc7","74/6F0F6ZN2aRH43kPmiJJ","75Bl3fj6ZH87bbbPF1WG3c","75RXnxX+pNFputOIvlxZtp","7554I5YfNDP5MpOS2B/6jb","76fhHe5KdF14s4dQlMYkKP","76kk5YyYlEXKwQsadM71d7","77UX9vn59JloGpqXPrkxzA","77ZyMb6L5N2ps4ThG82Tc4","77bavWOcJJmqMeCl/Jksof","77mQmwTZFL/JNz0ujOJPEO","77m+QRjhdF94hfkwSs1PFW","78RPqFwC9PZ7BW1dTWFAc9","78S9AnkGhKbazlKqsGM9D4","78afqviLJO/I4MGimg1+qr","78kIvr9ClPUJhO4JsXDJYv","78uZ+AI6lFcL1vdz49BUkY","78wG4KCa5EDZ+wUlV6/sRQ","787lfzkY1P36QDQsUKn+8d","79IZJEtCRJ9bjRKBVYov/L","79lF3qpZFIfpUo2xtbxtQO","79ylIOkKFLDrYr1J7FnP/v","7aGdam/blMo5UM/MEBXFfW","7a/QZLET9IDreTiBfRn2PD","7a/vhcb0hKqI+vWObtxQkF","7bA3WK8BxNkrIAp90vqIcG","7bUcNXiRNPRJPMrmRoC4pc","7bYMomxttNprv6/sFpj180","7cGkeMSMtPfrxq6ZlQ2JP2","7cTY9zU5hCQ4wc33fKMcci","7cVI0m82tBmJvfzsev/rwr","7cV79Lwf5GgKKsvJFasWMV","7cg67A0nVHaY7bdMKdG340","7dHmZLgxFKnq6IN7/04S/r","7dNpFu6thLwa55f1fSQoCC","7dPcb8tLtLiKtUBaiow4Z5","7eOVvA1kJMgpjC3Dek++vA","7ecn08QZtMga63XOEUbDlK","7e/nJIHddCl5b2w9iJeh97","7fXdlf9MpLTYDbsVP6MIqi","7ffHchhEhEL7ahd7klxRnv","7fh7SvD5tMP6Gl0YEZVc/t","7flc7QVgVIC7cw5G8/3i/v","7fpmNe+mZKILr93rI/yH6u","7fs731QTpHQ6wFIIoKZVxJ","80Stp23AVMb4a0cAOyvtNc","80VTkjW6dJiJIsIkjXc+5Q","80wwC2S8BDUrIwPzHxpNT8","80xd6aVWpB57jq+46RN2aP","803uYZqIZFVrJ5ekbAG3um","8030Q+c0ZFIZQtYUTSV3CZ","8035OYbOlLZbxOLfwT0d5P","81sFogBkhMypDT6IJ/bSbc","818lSsaw1E5Jr+CCyScbKz","82m1h+uNVJMZMqJCxa3Qjv","820zZx381KYb/r5dpJd5BR","83vJR7ZJBBEr3Z3+6yB21Z","837GD/vLRJQpf6pN+bkoTi","84BQiqNFZMV6ZJCX24jRVn","84LDmNQWROPo0Xt5f7F03S","84XnOcPX5Jx6xl99CeaRY4","84eJL5iNtGPbZk5B9OR8DN","847Xf9Jo9Pq4yNBf1tb4va","85C4bsz1ZJkL0wl0f+cipY","85w3GOrcNAaZ7XwBGoLpn1","86Sykwb81FoYD43uCP1k6n","86+p+Od2lF6Z9+/EbXRvhe","87DBohBvNN+Kv54CTqqEsg","87ExKRaoZCraE/sNev3Gm9","87H9ULHRpPX4PjQjkgp49T","88JyNNHANNOoLJeCMEABCF","888mthqQxLUpp3LP5F3JMK","89DLXmPTlAi4MbywpbHxpi","89D2mtn9pNmryB/jKN4YQ8","89QBl+sUVKuZv7WYcYcowE","89bBMXiwRAIYCJ/PYxGtCP","8aNnAGqQFAXLf4QBdncI+8","8asjiRMGpMR5NVLoz65OC6","8auzhJiW1KUqixE1q0osOY","8bEaXOvVNFc6TqiWQBbZfj","8b0d7VB7dO+ILamWhEeJ+i","8cP1WFYTxA2qBH/ahv2QSE","8dQZ17ctNND5UTglqD+8Eu","8dTGMGgM1N+YJjvp37RfF4","8dlonDdppL/7LYVhT8Nyzq","8eepgTCE9DbKOm1HdGToQT","8evMr0HtZC47NQ4ZM61K5y","8fAOO/KSpKsLnRALtnprra","8fgCm2WttJOpbweWkmRj2o","90DSuvJnxOxqAGUQY8H45l","90D/IPNndHOoAQ5qqpdbsD","907MiXkNVPzIDKGbgPiZor","91fAwWl8JALI28gWz1f/+e","918sOSHgZOC7z+hebOI6jK","918xCCY+dJToguSNdVdP9J","92Fz70pJ5HOaBPv3IRMknf","92GySzYRVAAZW5lS/nDyjL","93hnar7M9FP4FE3MptAagm","93kcs5C+FJ9pIlBQ6/RFPw","93zmW8ZW1DZKEryLbQvwBa","935FV8BK5CzoNo/Du1xFel","94MwYBpoJOo4nmjVM9tAHv","94UBNF2IJLpIHfmP3TgZZE","94iNJ3WKNF0pQ2YRMGgBby","95jKxsNp1MKZx+x6mENmKM","96F0RhRwNCh4L8VMxj1XZV","96WsWgltFGbb/rIcruRlUU","96dwyGRfJLULTP5a47YYJX","96vIi4ERxAU4AESHi7+cTj","964xchXpZMbYSavSArvbaN","96/A/3lCdIpqxLxAZWyf48","97KaKawjRPWqIKuvF6xarf","97O1WYcS5MY5HlhA31ucpR","97TIGem8VNxb0NlVB/DlB7","97Xg+d6VlHXKXrQQQrdNSg","97iTqTA+5Pmrr0ew7fVXOW","973RiWGP5O7bYrhQJIQLnL","98HEV4COVOgYhJS2B7T1jY","98W1OK51FJ6YAs/lsH10sL","98o8KFu35MAb+RuHNwlm0A","99AJ64b5tNbIzp5IcFj6TJ","99JYJZQPdJzpLbL0wzKUlq","99N0jhCVNG8J0we1KksRFY","99fNV2fBNEroRxTIVC3lWb","99os+x/StAYriIBDKnvMBV","99wpZvdplHqopWpB9ZS6Mc","99/Dk05TxHuaJdUtUIq9jd","9aQ0MOhgtGqqCLpqt9kQrF","9aewzKtwNMPKeLMP5NobVF","9agFOf5OVK5LJQ/rIzwWgH","9asqPHLoJCMrZ2FkfejMvp","9a06CV7eRJdLMywKGQDNhV","9bMBPvYdZJJZJpYge24XJJ","9bnrlk2sRPcrfeH6RN8uXb","9bs4D2rxdCsa+8QCTCHLgW","9cKeBUVqlNLJpQjM6cmIMi","9cNOlJ8rlPtpW8vues+GHi","9czx7OGcFJqq0jdF3eQfy5","9du+XgeHVKOIAuGeFo0WcA","9dwuXXePVMgY8KyytDeW2J","9eFC2oS+lKs77qBblgI7dM","9eNBna3bZDBpLolGlmHkMW","9eUvMOznhPoq5f5rS/6kGf","9enP1DKg1DEozPsSMJb8y8","9etjSSGIxPKo0vW0ZJxXH+","9euR0QZtdNapuWGApW7LNN","9fMLVgaI5HJYdVXhEY5U3k","9fZfD/9NFL6I5t7Q/DBdGU","a0Wo/VH3FGxLlVJot9Sch0","a0f5xgZatK/pBNet+adF+r","a0h1M7nqVIm73wIcXzpvxM","a09H/vkDZK54ceGUkpzH7L","a1IONCQGhPSoH+r8kHXpnj","a1UgaK7/5OOp5eB3MgLJ2Y","a1ryFH+B9GRaSUfFbCL5E/","a2MjXRFdtLlYQ5ouAFv/+R","a2rIr2PnlK/JDpGsD64Re/","a3Jo4UJ/VA0b0EsWJiF9nB","a3eF1GsR1Olb2LikrugB0e","a3ii62vnJJfKxd41iX8b75","a3rjlc69BCb4F2wbtllTnd","a3wtpT9JVBjrlkQlRZSnlt","a30x6+B41L96HqZV7ryvTy","a4f2SZAStMPYNS/TDjmhV8","a4pXoTOv5GxJ6RR1YwAF5M","a4vUMLr4dGUpW6q17BAu3K","a6FRCg66dMoJjT7WZCiKNN","a62CsoLLpEsKHkfyX98Tcf","a737mMo8NIAIqY0UrRauRb","a8ci0UW+VDS7KYOaDmF8md","a9QZis6gBG96U+P9wz1Uf8","a9c/YO4e5Mh77oNP6d9rud","a97KLEbEJB2a+X2xivyv/B","aa5YAPjxBOF6By2F4WIKzu","aa826Y9RhFBpaYDMIjdYIl","abNBAxHT5OPZXk/E41nGCL","abWNtJ+RtHk7xnzI/ezVQl","abYYI7/epPV7qKjc1nOqb+","abczFzYoJM1riwFSPMrYAU","abeOPcnH5DG4B+5oKxHMB2","abq9zA4JpBGpoTw3G8EcK4","abynUNaSlJM7GV7bZW1Gdr","acIpQ6FRNM/a/UWHwDjaIz","acXPrFX2hDmKx41WzlTLfk","ac+SAFAxRG1ZYIzJmH7Hq9","ac+0RObglBsKsEnLNWyYlk","adAwFgpZFOHaESW/fJMKKM","adEAfi+ZJOf6Jli4Xnn5u1","adGENbjMtPkZGx46sl7bJ6","adsg2E/dtFvIGTy4FQKRGv","ad8+vKU5tMXoht+KYvJeaw","aeDiqiCSJM+arkeFutS0Ym","aeD8vJBWtIe7WJybo6LVSq","aeIH+uAiJPSaPFgP9GFaFN","aewrK7+hhIm5CaXG+zt9eX","afML/9CIZFZ7zYlDEDutOO","afX3YlaGtBpKyPwaDYMyC4","afu3sPxelJE5yVXYAOIogd","b0JugGT2RNuJ8VdVEOCId3","b0NYtziYZGSLvtlmGBjjRf","b0ol0NbYZDho4CJz9AMHoq","b1efzbRpFM8LGdelT3wzvf","b11F9AIXZASqq5xWVGiMOZ","b2ECW60shKW4wyb+H2OAZL","b3Dtzk1sNFwIW0Pyns0GRn","b3XQKNG0pBtYmNFH5MPObr","b3pXVKzRxKx50tp55U7o0r","b4k2hgfp9O7JeGJed95HFO","b4mDIn+QBLE6GMppGn1WUM","b4/cdcDqlKu4ycoBy51nDv","b5MXuYlcVOUoJ0JUnkX5SW","b5Pk7pgJRBxZ1Lc6b6kDf0","b5SgUV4HtMXJrAmmQk4c+T","b5Y6fb5WpO97SSpvxFQqGr","b5m8R0KAJFBKgSuvBxexry","b5m8nIzmBK6Zqrbxf7mSVc","b55hvqPBJFd4izT/jFNSSi","b57MfRdIBAeqivwMCykzun","b6F/5iWsdLCrLFlVlUIFoF","b6TUM9OlxP0r2Oi7n65l7b","b63E/UL0ZLIJwYcVr/KaHF","b6/8lWnylJeYmex7pmIHTg","b7T4WRGw1LYIM3gmyh/FTy","b7c9P8GaxNjIRRiEfu9hmL","b7n6fuCCxIAreLCVC5JMk/","b7xPT7vixB9rWKIQ7MzeA/","b8Ly+URs5FEZDSqC3BHkF7","b88GcM9jFAiIFUBtTK33DR","b88PEollZJz5STVXq6FUQb","b9QeKuOLJJRIylRJD4etaL","ba5ZFtactOtKUC1SmDwcUT","bbG03XH1BFV6wmGKz8jWSK","bbUKHirk1Aqq33Ng4ZYZCH","bb672DbhxPmLOC/ZLJ62fK","bb8x2MHmZNdrllpVWmiFEp","bchByFeUlAJbsl/wz4TO+O","bckMwAvmtF87rW/YTvy1/B","bcqnqXUj1FcrXZF+lKk6bf","bc5r8uGLxEtIAtAgc4taa9","bdizTQJZ9Puo3kKhRCi2Ku","bd7fdcyw5Lq6kz+yFSzCO4","beSCKmNPtIJbb/2bXwJAby","beXk7kd59LQ6XLqQJxzav7","benB2GWfVEgraQWb4LKDEm","be/rL0Fx9BnbxpegFKZfJ1","bfCQxQkDtN9a+0xWMJrwdO","c0ntmf0ARD7pRHI56TK4ZM","c0zKtI/rtNeqb0IAnN0FKX","c1AjGiJjREh6FYRjW5017H","c157Nri1tFCrcZRm/p4fwV","c3P08UDGpHjY3jgr+oLjU+","c3Sccw8GVAVq1c6fKYKOOW","c3gQUHEGpHsZ/+59SwKmea","c33lJHGDxO77dbnfA2gGYd","c33nKjywdG4J4DzVvP1pRB","c38qSQx/FKU7mq/4dhzbEe","c4PzDWrwVFEam1qiQalA9B","c4fnXoGjdC+ro/GZGBZygG","c4rRpfCdBE+rgRDowqnYxv","c4zcFL6tFLQqgCnApJYUdM","c45FyQRY5OsK2oZ5/0WH2C","c5EIvZNKpKs7+lM2F9wwQ4","c5ZksOZwtFkoVnFLCoj64A","c5mEsRpNhN5YPAa9TP0lFl","c50CG8XiFGoauBHe/lcCs2","c7ToPFeWRFrpxpeoV+FX40","c7+lSRfJVLzYfQ1+yKic5A","c8DJWrCDNKQaK4jXLpvRSA","c8HErRx1RFF5QwlzrEGaWX","c8Vvav2IVJ6I21Owj3lB4J","c8YjnY5KVEppgOiXJPfV9k","c8zAs126hJ47fWbMIsZeD8","c81YC54LJIl7ujqzldeGII","c9CpOzXYtIu4DYr29Ewjgb","c9VupEoCxGbIrIXOJwwOth","c9o+X7/9xFiZzdciDpjNKC","c90GwSu3tMOY92LCUM/Sd7","caPxOgi5BAI5YqmoD8pWOA","caRgqWpyRJzbvBBbc9t2uY","caSsB6sepEL4hvhQSUuPhj","cas7Mi2TxNgZWviaCjHfst","cax5zqMhZAoqc01xgxioEL","cbX7GJ8wZGUbco3ditd1h2","ccWXFkkbZLXbmtJDeKwTMw","cc0MkFucZJwYoMTutWLRcZ","cdYY19YHFCFbuBOjJQRSmF","cdZsIbiEhP3a7v8CBBKXgQ","cd1gHTloZHT5TAd7q1+TJS","cd1pLqPo5Bp7FQcTezxmpM","ceE2bz7MJHCZX5SzqAC/cw","ceI5VXzUNBsaF/Eme7XH5c","cecYmh2jtAQo495aWpS5Ru","cekrw9VbZIvqO8AZmonZmL","cfUF0KrktL+IpClMQSCkcb","cfczscPlxJM59vNhD2sjiH","cf31V23sBOV59m3nLDqDm9","cf40vVrhhIxZMAJiaH163I","cf61NBGEtPZbjdwvyJMQP1","cf9JWXqktP0rtX24b9F/nX","d0Si3E31ZIgJRc14Ynpj4G","d0iHAu7F5JnZJnbb4SzFxh","d1WIo2Tu5F3LAfo9ZVQqHI","d1pZg+7FJJHZRHUPRLC/RP","d1q1zwTvhFALBSD/BJpGr5","d1rwRUhQ5Dhrarc2BmtGHX","d1uQ5f5bhAKaGWEUi+0+1M","d170ey1NJLi4JxjSmhsOAe","d2DKDhlatP35+slJ6aAAqd","d2UbUj0pJGEJiKRCISJGrK","d2x4QkwJtParWiiQd+7+FC","d4fXL3pFFKxoBlo4FGr+HA","d4nBWw+6ZBI6EpjY/cgWsV","d4qf5EB+FLHq2Hb3OPwJKP","d5LSJkR+tLTJW02Yhz/Iha","d6AFAd1zdPKpg707WZ53Yh","d6Cqb/eFhJP48uKiJYkGpo","d66JW/1XlJZoQQfed1yBML","d68gbW4GJMSIDKwpbtjmye","d6+ti5B+JCKYmlciHblJfM","d8B7eVcthHPZYs1/znInAl","d8D0zJ+jFMQpvIcdprBlke","d8P5ByCvRNKpSPMej9VRla","d8SFxWxyVOYKKvoQCT2Efp","d9bKhrCRVKaqmnJoKpiIDP","d9d8aPLtRGR6hbEnXsB9Zr","d9mNZLgWNFEKd+6gyyTpcz","d9of7zyBFI35Q4PWRAyPeU","daQDpy8e1OUqdwUyT8wR0z","daaxZ8F15MgJyKJ8ynSxhw","dbKKylenVD7LeEtwZOcQj2","dbo4TGuvNLkaUt+hWvK7rt","db8ml4zUNIRYwYdBng28rN","dcWMrTn51O/J7cuOzxjlmW","dcYCgu779B9bmu7veOoOiq","dcbSeouwtG5rpVyEMEO2yl","dccDHIX/hKgZKOWAhziVUP","dcmHW1v4ZElbwc/FFm0u2x","dcojKzrZ5P7owVsWiN9GCj","dd6VsA1wdJCY04rtYT+zTU","dd/wkFk7BEsoOIu0hKDyxg","dezj9fCRZAdIfPmIQP1WHq","de239S66pJMZ+VGuGagAAS","dfbP8m+wFPdoYcTzshDCIx","dfdCHso5JMToXuvxXhS2dU","e0Y8/q+NZBjKn7GZmNxh6I","e0dAbRcXpMd6+EzM05iupm","e0f2Ftg0lB6r1MK3ky8NJF","e0gVaH8QRMapksXiEK5AbE","e0qsYEA+1ADJ9aZs5wkI/9","e00/zb9bhFMLnN28L/qJxv","e1DtKHQJhG1YQCiHX+jk5R","e1H4BKTp9PSqNK/YlV+/WU","e1RHb67pRAM4TeLqGGQ8eX","e2qSPswbpLq6wjBUAv6Vsm","e2xMIznBVNtIbB74/zhnJ5","e26AkMtFFMTY3EXzah/06j","e3GxdNywRGeqPg1ZkIxYcD","e3U2Ju5bFPEIEpUgnLwa1H","e3ftulE6xHwo4/txkwpHUf","e31VGKNmJBRoZ4kdeK4BUP","e4AiE0GKxKnqn9iQzCbojo","e4WaMQzoNNaJ2K872FtdBa","e5Fos58s1Guaugc3zkkwF5","e5aIDu4gpIRqtJ3luAdW0d","e7BtFJoTxFrJr1EuEb5AMe","e7Ln6PRs5ABYj5srK/EHhD","e7ZAxGefxFGowRp9mshZtr","e7+c0lUYlLmqnzfxN2qHTB","e8NqBHlEtB4aLeIv4t5b7d","e8qpbyzsZM1ZmDopjo5w8U","e9D2LEzVVJwohhI7D07EzG","e9IIUNsRJEbYAHeT8yoZSH","e9Zr6PRSVBgLSLGAA/WJqd","e9k3+mOelAXbpMJbSH8RiD","e97GVMl6JHh5Ml5qEDdSGa","eaMPy685ROhZIBXz6HHgru","eaYEdLP5ZP+7LrxTtlKWpX","eaejyrsVZLpa4XMSqvuTY1","ebHGNC0YxL/IwM778SLZxl","ebsonhLB9I85fsJOecD8Yz","ecCTW49kJJYZX+93y4H/Sv","echbIkaYdK9q81IA9QaxJO","ecnKG9I9hC2ZQcGV0xyfqP","ecpdLyjvZBwrvm+cedCcQy","ecyeql3zZEi7XnlKBRQJL8","ec+ceLTMRH0agsCb1z3O+M","edUAYaGQhHUplvDMt8ft7E","edXcngFndMbK+TJPPXy444","edfCUMrZFCTpYMWhnAy4sW","edniUK0nJHzrASYm+m+ns8","ed83pRK9dDcp5VwhGJDlnk","ed9cwWtDFEnLYcia2P549T","eeutYc5nFGmrtMPkYBDC1R","efcTQFlVhHpKmI7GAKap9o","f0BIwQ8D5Ml7nTNQbh1YlS","f0LeV0QkdPdaajroJV4Kuy","f0z7M2KDtM17h92J9Amy8C","f09lSrrRFGOJSc61NqQPTH","f1gwJA41FEAaJ3z03R91rV","f2CQoID2NJMICfd/hsnBU/","f2I51xp0FFy7En+E03++Kf","f2UX2/O1tCtrUNjrriNrts","f2f6iBjBBG0Z6MyCeTyoJO","f27n03a/BBrJWx5IXHCD6a","f3LEquZqtH0rj5ZZ25zvoU","f3jUmXWXtJ5YoYcqE2VhD4","f3ohW3QrhM/p6Q2FA9G/63","f3wW/bh79ChI8WCQ8UsFXp","f32lOr03xAPbsegToeS78T","f3/S/OELJOI5BogUZe7gJH","f4GHTx9O1MRJvTLHnRf/EL","f4OWISZPZFlLvJIJ8m4RGh","f5FB4q6nRLroMhD/tM8SpN","f5HAFU5UBMobwKt10QIG+i","f5T0hEGDpG1qBDaFMJu/Nm","f5blE+C0dAlbLRNgWselO8","f5kUS/+aNIG6WnAxt1htKG","f506Nmqb5A9IezQX70F0CM","f52s+0d49P+pOxKaJaK6mr","f60GGMj/VHZbym9GPwA0iN","f65xJn33BGmqpLz8qJ+gMJ","f7BFSj4PNNpp40dIvE36b0","f7YEPoSwZJbIXSABtxMJwS","f7haSUh+pEu4XFpTNNiOZU","f7m9PXz6lO8q2kRXdaaEUI","f8RWxLjidOUKqNjuTo1wQH","f882YN2dZAvLFlF7kW0zum","f9F22zCGNOP7EhIccHrMn4","f9nK/BWUBPQ4FBZerf3bOk","fab+gQ5rtMX4Hd9Gw9tega","favZJbm9FIXKFcRVIn1lQF","fa7MJlsiRPv5Y2E8xPDQ+f","fbVi7GIopLAaQcOBkCd1QS","fbVjfJhE1OCJ6P6sFuAYH9","fbd3EM3NhF1YxMw7xrSAef","fbeeaXMPxPJqHyahkzR9VW","fb8/0r9+1PYIC+frpn7HWV","fb96Q2/FBDyZN7vC4GYAjc","fcyJK28sxMrIOjNZAnx+Lm","fdYKUaKmVAn6poXOI1p7If","fd2cqX5QFEhqCEJ8fPUdXZ","fd5A7aLTlCB63Np0bnlPg2","ffVb0RBxxF65hylBP4tWb0","ffgrWO6bRAl7jtT5KbXWN+","ffqw7Jh/BHF6Zapzv0Z5+S","ffw4d4Yo9OfLUAGLsaDVjD"],"scenes":{"db://assets/Bundle/QuyBa/QuyBa.fire":253},"redirect":[465,0,510,1,612,2,623,2,711,1,843,0,962,0,1062,0,1068,0,1071,1,1082,0,1105,2],"deps":["resources","internal","main"],"packs":{"01005fa95":[151,405],"010291320":[453,560,694,831,861,879,885,933,966,1104],"0150e6a25":[550,825],"01610ab04":[356,785,814,908,1102],"01b5642ed":[525,197],"0224770a4":[577,827],"0299cd384":[425,472,533,536,616,794,860,894,972],"03082880b":[157,219,299],"0326b5034":[408,415,416,444,509,576,632,701,745,757,833,888,905,1021,1077,1101],"0329544cf":[230,266],"033a6ba4c":[362,412,489,520,635,663,773,783,853,261,911,919,999,1122],"03425ca14":[225,698],"037ddfd41":[215,268],"040cdc6df":[501,631,862],"04214e9eb":[364,156,427,470,514,548,598,680,684,748,800,818],"0488e5ea3":[257,305],"04e50076a":[367,373,478,484,508,561,651,792,844,845,909,1007,302,1067,1073,1095],"05248aa70":[421,442,477,500,542,624,647,686,690,839,851,865,866,892,914,915,973,995,1120],"054b44aef":[573,638],"055eacd25":[167,173,202,208,255,259,287],"0573590ac":[494,736,974],"05740b0e6":[174,278],"057eb46c7":[378,413,491,504,549,559,776,784,899,294,978,1002,1123],"058a88234":[346,595,721,739],"05c2924a8":[1060,1081],"05c3db1ef":[344,350,381,557,563,586,639,696,237,837,864,903,952],"05f9910a0":[328,486,503,697,960,1117],"06abab17f":[398,619,667,942],"06e81a1bd":[351,390,391,468,471,493,496,526,537,569,581,600,604,605,630,659,749,772,801,875,877,906,971,982,1052,1091,1124],"06eefad31":[214,1069],"0713911c2":[338,361,374,379,411,438,475,490,507,535,580,589,648,656,665,699,719,767,796,829,846,856,931,940,969,979,1013,1022,1024,1027,1029,1035,1039,1046,1055],"0732e23f7":[0,4,5,6,8,11,13,16,23,24,25,26,33,34,36,195,40,41,43,44,45,47,48,49,51,53,55,56,58,61,64,71,73,74,75,77,79,80,81,82,83,85,89,91,93,94,95,97,98,99,101,102,104,105,106,107,108,112,114,116,118,124,126,127,130,132,136,137,316,141,142,144,145,146,150],"077906a06":[359,754,315],"077ae3a89":[439,204,611,993],"077e37f6b":[166,506],"077fbcc3a":[228,802],"07bde3e55":[335,369,420,446,452,457,459,461,482,487,505,517,551,562,587,592,593,609,216,653,662,666,672,733,742,762,777,804,805,807,810,817,821,822,840,842,849,870,884,935,953,983,1087,1092,1096,1097,1110,1126],"0808fbbd8":[456,516,610,615,637,681,781,826,855,857,871,878,898,922,958,961,992,997,1078,1107],"0818e1831":[329,370,394,400,402,429,469,730,779,813,832,873,900,970,987,1008,1057],"0824bc01e":[366,513,691,704,841,990,1094],"085d7efc2":[270,311],"086bf5b0f":[336,339,360,385,397,424,432,673,708,740],"08a2f8752":[358,435,565,591,642,714,277,907,981,1079,1121],"08b31e47e":[330,340,345,387,410,428,434,448,450,451,544,567,634,645,712,717,722,723,724,728,751,918,941,951,1000,1005,1056,1070,1098,1103,1113,1132],"08ed80272":[404,455,186,729,1031,1053,1063],"08f35e020":[352,155,372,376,474,495,584,608,613,674,770,789,1036,1048],"0929bd8ca":[752,920],"095a2fe00":[758,902,1065],"0966ce6ef":[744,923,963],"09679a5b6":[210,298],"09dd8cc00":[333,483,713,913,932],"09fcde223":[343,348,401,422,541,621,644,838,947,1015],"0a23a7106":[383,521,583,585,683,687,234,768,927,1133],"0a529c56b":[601,649,921],"0a59c493d":[337,354,365,377,380,389,396,409,464,466,485,499,515,524,534,543,554,570,571,590,602,617,622,633,652,660,670,675,682,692,703,706,707,709,737,765,775,787,791,828,859,265,881,882,916,925,948,968,986,988,1009,1016,1025,1028,1032,1033,1044,1054,1059,1093,1115,1116],"0a7caa745":[996,1075,1085],"0a9e38633":[327,347,357,399,430,436,529,532,564,654,671,731,741,743,766,778,806,852,874,895,928,954,955,959,975,1023,1084,1088,1127],"0aaffc87f":[168,308],"0ac89d4f7":[233,761,850],"0acbcf821":[395,433,512,661,929,1011],"0ae3e279f":[332,349,441,492,498,502,518,547,578,620,676,725,756,763,889,910,930,943,946,1019,1043,1049,1076],"0afc31ed3":[355,371,460,463,530,539,614,627,685,688,702,727,753,782,820,854,880,934,938,939,945,994,998,1003,1010,1066,1072],"0b125e858":[182,184,199,239,310,319,324],"0bc6c3751":[334,599,689,788,823,1042],"0bfb8d85c":[292,1106],"0cb0e2d7d":[462,700,803],"0cc8b0829":[454,523,669,679,738,771,793,858,967,976],"0cca12bb5":[164,256],"0cd96a965":[388,417,519,540,588,597,643,705,710,716,718,720,735,780,786,797,811,815,869,890,893,896,293,977,1006,1014,1026,1030,1061],"0d16a8b73":[386,607,655,226,693,726,830,867,897,1018,1034,1038],"0d88f17a2":[384,497,1040,1051],"0d8afe367":[418,538,546,964,1001],"0dd52cb31":[179,650],"0ddc50405":[440,447,734,812],"0e5bc1e3f":[353,393,419,449,458,467,479,531,545,568,603,636,646,658,695,715,732,764,769,790,798,848,883,912,944,957,991,1017,1045,1064,1100,1108,1109,1112,1118],"0ea3cc3e1":[326,331,363,368,431,437,488,556,579,582,626,629,641,677,678,759,799,863],"0ed726a41":[382,392,403,414,511,522,553,558,572,640,760,808,819,836,868,924,937,965,1004,1050,1089,1099],"0f3b49061":[476,480,746,755,926,949,984,1090],"0f4388083":[341,423,555,618,625,657,664,809,816,824,835,901,936,980,1012,1037,1041,1047,1125,1129],"0fe0698ed":[528,575,750,872,1074,1128,1131],"0ff1aafcc":[325,2,3,443,14,17,473,21,22,28,31,32,192,193,37,39,574,42,628,54,59,63,65,66,67,69,231,747,236,244,88,90,92,249,834,252,253,96,100,262,103,876,886,891,904,917,109,283,110,111,113,115,121,122,123,985,296,133,134,1080,1083,139,143,1119,148,149]},"name":"58","importBase":"import","nativeBase":"native","debug":false,"isZip":false,"encrypted":false,"versions":{"import":["01005fa95","7b8a4","010291320","a8725","0150e6a25","9f7d3","01610ab04","b5648","01b5642ed","34a64","0224770a4","e4adc","0299cd384","85dad",1,"c2306","03082880b","6c150","0326b5034","8a8c1","0329544cf","11ae2","033a6ba4c","93b77","03425ca14","ff58e","037ddfd41","ecea8",342,"62221","040cdc6df","6fb0e","04214e9eb","1d083","0488e5ea3","8eb61","04e50076a","e505a","05248aa70","ac425","054b44aef","bee71","055eacd25","f8ede","0573590ac","83431","05740b0e6","41b7d","057eb46c7","d11c6","058a88234","b50c4","05c2924a8","30f67","05c3db1ef","8f1fd","05f9910a0","ee2e8",152,"d7bf4",153,"cc08c","06abab17f","0b811","06e81a1bd","987ba","06eefad31","49770","0713911c2","5b947",154,"184d7","0732e23f7","f93d1","077906a06","7c2a2","077ae3a89","aa39e","077e37f6b","50928","077fbcc3a","8aefd","07bde3e55","5ed75","0808fbbd8","b6e06","0818e1831","92087","0824bc01e","9616f","085d7efc2","9ce71","086bf5b0f","3f760","08a2f8752","2a5b5","08b31e47e","8df92","08ed80272","78c9b","08f35e020","cb5d3","0929bd8ca","4665a","095a2fe00","fc2a8","0966ce6ef","d7af9","09679a5b6","4c96a","09dd8cc00","91eb3","09fcde223","41c63","0a23a7106","8dd93","0a529c56b","170b3","0a59c493d","8c2b6","0a7caa745","565a2","0a9e38633","edbdf","0aaffc87f","1b859","0ac89d4f7","8bdc5","0acbcf821","d3a76","0ae3e279f","fb211","0afc31ed3","82045","0b125e858","51a99","0bc6c3751","615b7","0bfb8d85c","5fe53",7,"9931a","0cb0e2d7d","3c977","0cc8b0829","331bc","0cca12bb5","6ee6d","0cd96a965","185c2","0d16a8b73","25bf0","0d88f17a2","cd4f9","0d8afe367","ef350","0dd52cb31","97ca7","0ddc50405","b58a0",375,"01b3b","0e5bc1e3f","fbfec","0ea3cc3e1","6cb36",158,"2f1ab","0ed726a41","65721","0f3b49061","38390","0f4388083","45a91",159,"8e362","0fe0698ed","31305","0ff1aafcc","379ec",160,"058ed",161,"4024e",162,"e0dc5",163,"19754",406,"c07fb",407,"42fd1",9,"4bd45",10,"96565",165,"1c75b",426,"a46a1",12,"a5fff",445,"18a6d",169,"21e09",170,"5c1ff",15,"57fa0",171,"d5b74",172,"4c115",175,"4847c",18,"89818",481,"03367",19,"8a9ee",20,"60968",176,"34a82",177,"29c18",178,"c368a",180,"97ef0",181,"0912b",183,"860d2",185,"a935b",187,"33d0d",188,"11de7",189,"d5250",190,"e24bf",27,"7c5c5",29,"278d8",30,"73f73",191,"703ca",527,"bcf86",35,"d8152",38,"bba2d",194,"a897a",196,"b3233",552,"6ccd1",198,"836d1",200,"36679",566,"4b2c1",201,"6b7a1",203,"052bd",205,"fc5ae",206,"d62e8",207,"0bf57",594,"9bf2f",596,"0b827",209,"d42bf",211,"a164b",212,"3756b",213,"fb5c1",606,"dff6f",46,"461df",50,"25083",217,"78810",52,"69130",218,"6cf1d",57,"1536e",60,"3623a",220,"5f642",668,"d598c",62,"a22fe",221,"445fb",222,"86658",223,"a2377",224,"77292",227,"09347",68,"8e470",70,"7a61b",72,"789b1",229,"aa2d3",232,"2c474",76,"5b13d",235,"90353",78,"b2ef2",238,"e3f2f",774,"de6e9",84,"40ce4",240,"489db",241,"9422b",86,"57457",242,"ca759",795,"3642c",87,"2623e",243,"a198c",245,"1d940",246,"0a782",247,"4164b",248,"fa10d",250,"1aaa3",251,"ca187",254,"05cad",847,"e9dd0",258,"f2527",260,"f8183",263,"ece8d",264,"0d9a8",267,"9130f",887,"3392e",269,"546e0",271,"1d642",272,"0d94b",273,"47f36",274,"b2a61",275,"99dfe",276,"c62e1",279,"cc8c0",280,"38426",281,"60413",282,"42391",284,"cce31",285,"c6d5f",286,"1b33b",288,"7c142",289,"cdb21",290,"19efa",117,"0bd7d",950,"c4bf4",291,"f4c05",119,"e283a",956,"28394",120,"7095f",125,"09808",295,"3f16d",989,"36ea6",297,"da5cf",128,"158df",300,"bb87e",301,"6b7bc",129,"078ac",1020,"b3c2c",131,"e9260",303,"3fbd3",304,"c357b",306,"4156e",135,"07af3",307,"d3412",1058,"73f75",309,"bf528",312,"d8775",313,"9c37e",314,"cd772",138,"fa206",1086,"cf843",140,"e874e",317,"b4465",318,"c8345",1111,"b9e9a",320,"d4c9c",1114,"2d0a0",321,"b7fa2",147,"bdc85",322,"117b1",323,"564ef",1130,"a4513"],"native":[0,"0437e",1,"10075",2,"3d809",3,"dff3d",4,"ce8fb",5,"00b3d",6,"12817",7,"21ce7",8,"71cdf",9,"10075",10,"10075",11,"86b9a",12,"10075",13,"e2fde",14,"a7aa0",15,"9d839",16,"4e02c",17,"dd1ce",18,"10075",19,"10075",20,"10075",21,"0864c",22,"e233a",23,"7fc48",24,"138d1",25,"7ae56",26,"79fb6",27,"21ce7",28,"5a46e",29,"10075",30,"10075",31,"a9ce8",32,"d7a61",33,"238fc",34,"dea3e",35,"10075",36,"c3b9e",37,"98021",38,"10075",195,"4265d",39,"055c5",40,"be2c1",41,"896b3",42,"2cd3c",43,"ed55a",44,"86e08",45,"f7ca1",46,"10075",47,"71255",48,"2728d",49,"7ff68",50,"10075",51,"7d929",52,"10075",53,"44dd6",54,"dc1ba",55,"e79f0",56,"0ff94",57,"10075",58,"d081e",59,"e727e",60,"10075",61,"29969",62,"10075",63,"745f6",64,"cd98b",65,"6550e",66,"d14d7",67,"5cea4",68,"10075",69,"eec29",70,"10075",71,"74810",72,"10075",73,"b4160",74,"a5d32",75,"aa56e",76,"21ce7",77,"92c1d",78,"10075",79,"15074",80,"0f987",81,"d668a",82,"a6109",83,"8afd5",84,"21ce7",85,"dd8b8",86,"10075",87,"10075",88,"64d95",89,"fa92a",90,"08d99",91,"e5d4f",92,"135d2",93,"83adc",94,"7c411",95,"62617",96,"b9fce",97,"dea50",98,"ad25e",99,"16bd4",100,"0a34f",101,"594f2",102,"e1049",103,"10471",104,"977ce",105,"d2916",106,"34c27",107,"32282",108,"84c80",109,"771dd",110,"da0eb",111,"babe8",112,"164dd",113,"3a387",114,"d5328",115,"5b852",116,"8d4f3",117,"64aca",118,"5ec69",119,"10075",120,"10075",121,"99d2a",122,"81149",123,"14a70",124,"21a42",125,"21ce7",126,"c7fb9",127,"5a58c",128,"21ce7",129,"10075",130,"42ab0",131,"21ce7",132,"396f4",133,"25e36",134,"b0ac6",135,"10075",136,"0676b",137,"3265b",138,"10075",139,"18ad1",140,"10075",316,"284a9",141,"3c88d",142,"8082a",143,"c3f38",144,"93a03",145,"df941",146,"f9c3c",147,"21ce7",148,"89110",149,"fecba",150,"0d1e9"]}}