[1,["f6OvC6c45L2q6rkBSu22S7"],["_textureSetter"],["cc.SpriteFrame"],0,[[[{"name":"info_board_ambient_vfx_a_screen_02","rect":[1,847,756,210],"offset":[0,0],"originalSize":[756,210],"capInsets":[0,0,0,0]}],[0],0,[0],[0],[0]],[[{"name":"info_board_ambient_vfx_a_screen_01","rect":[1,635,756,210],"offset":[0,0],"originalSize":[756,210],"capInsets":[0,0,0,0]}],[0],0,[0],[0],[0]],[[{"name":"info_board_ambient_vfx_a_screen_03","rect":[1,1059,756,210],"offset":[0,0],"originalSize":[756,210],"capInsets":[0,0,0,0]}],[0],0,[0],[0],[0]]]]