[1,["ecpdLyjvZBwrvm+cedCcQy","57TheScUxGO5ciINw9qfmf","99/Dk05TxHuaJdUtUIq9jd","f5T0hEGDpG1qBDaFMJu/Nm","59RDB/ZsxB249t4G0+Ti3V","93hnar7M9FP4FE3MptAagm","68tWO4rv5NeY/IQ2d8cAcn","06ohclwKhJO4yPT/ELkbnb","bb672DbhxPmLOC/ZLJ62fK","b63E/UL0ZLIJwYcVr/KaHF","e0qsYEA+1ADJ9aZs5wkI/9","0eFb+lhCNAlJp8TOUtuJ4q","272phICg5Ej7Lr0/lpzJp9","78RPqFwC9PZ7BW1dTWFAc9","97iTqTA+5Pmrr0ew7fVXOW","3fzsMLgTBJdJK8oW3mXeND","07R/9fCnhOKJjly4gI58JI"],["node","_spriteFrame","root","btnBatDau","label","data","_defaultClip","atlas"],[["cc.Node",["_name","_prefab","_contentSize","_components","_parent","_children","_trs","_anchorPoint"],2,4,5,9,1,2,7,5],["cc.Sprite",["_sizeMode","_dstBlendFactor","node","_materials","_spriteFrame"],1,1,3,6],["cc.PrefabInfo",["fileId","root","asset"],2,1,1],["cc.AnimationClip",["_name","_duration","curveData"],1,11],["cc.Prefab",["_name"],2],["cc.Node",["_name","_parent","_children","_components","_prefab","_contentSize","_trs"],2,1,2,2,4,5,7],["cc.Node",["_name","_parent","_children","_components","_prefab","_contentSize","_trs"],2,1,2,12,4,5,7],["cc.Animation",["playOnLoad","node","_clips","_defaultClip"],2,1,3,6],["a5132YuhD9HKbYMJ8po2aBl",["node","label","btnBatDau"],3,1,1,1],["ef6cdgak0JA7Klp9LwbTgyF",["tempReplaceAtlas","isPrefix","_string","_maxWidth","_scale","listFS","node"],-3,1],["cc.Button",["node"],3,1]],[[2,0,1,2,2],[0,0,4,3,1,2,6,2],[1,2,3,4,1],[1,1,2,3,4,2],[0,0,4,5,1,2,7,6,2],[0,0,4,3,1,2,7,2],[3,0,1,2,3],[4,0,2],[0,0,5,3,1,2,2],[0,0,4,5,3,1,2,2],[0,0,4,5,3,1,2,6,2],[5,0,1,2,3,4,5,6,2],[6,0,1,2,3,4,5,6,2],[7,0,1,2,3,2],[8,0,1,2,1],[2,1,2,1],[1,0,2,3,4,2],[9,0,1,2,3,4,5,6,7],[10,0,1]],[[[[6,"ShowFreeSpin",6.666666666666667,[{},"paths",11,[{"bl_bg":{"props":{"opacity":[{"frame":0,"value":0},{"frame":0.5,"value":255}]}},"fs":{"props":{"opacity":[{"frame":0.08333333333333333,"value":0},{"frame":0.5,"value":255}]}}},"bl_bg/bl_e",11,[{},"props",11,[{"angle":[{"frame":0,"value":10},{"frame":0.16666666666666666,"value":-5},{"frame":0.5,"value":0},{"frame":6.666666666666667,"value":15}]},"scale",12,[[[{"frame":0},"value",8,[1,1,1,1]],[{"frame":0.16666666666666666},"value",8,[1,1.5,1.5,1]]],11,11]]],"bl_bg/bl_char",11,[{},"props",11,[{"opacity":[{"frame":0,"value":0},{"frame":0.16666666666666666,"value":255}]},"scale",12,[[[{"frame":0},"value",8,[1,1.1,1.1,1]],[{"frame":0.16666666666666666},"value",8,[1,1,1,1]],[{"frame":6.666666666666667},"value",8,[1,1.1,1.1,1]]],11,11,11]]],"bl_bg/bl_char/bl_b_02",11,[{},"props",11,[{},"scale",12,[[[{"frame":0},"value",8,[1,2.15,2.15,1]],[{"frame":0.3333333333333333},"value",8,[1,2,2,1]]],11,11]]],"lbFreeLeft",11,[{},"props",11,[{"opacity":[{"frame":0,"value":150},{"frame":0.3333333333333333,"value":255}]},"scale",12,[[[{"frame":0},"value",8,[1,0.7,0.7,1]],[{"frame":0.08333333333333333},"value",8,[1,0.8,0.8,1]],[{"frame":0.3333333333333333},"value",8,[1,0.7,0.7,1]]],11,11,11]]]]]]],0,0,[],[],[]],[[[7,"ShowFreeSpin"],[8,"ShowFreeSpin",[-6,-7,-8,-9,-10],[[13,true,-2,[29],28],[14,-5,-4,-3]],[15,-1,0],[5,720,1280]],[9,"bl_bg",1,[-12,-13,-14,-15,-16],[[16,0,-11,[14],15]],[0,"22enyiODxGTYebZoZK72dk",1,0],[5,720.0982,1559.9961]],[10,"bl_char",2,[-18,-19],[[2,-17,[12],13]],[0,"608KdP93pLl634dkT2fCd3",1,0],[5,746,1086],[-7.389,-333.237,0,0,0,0,1,1,1,1]],[11,"lbFreeLeft",1,[-21,-22],[-20],[0,"41LHz6sMVKKIYbhLCMYKx7",1,0],[5,260,0],[-19.426,364.294,0,0,0,0,1,0.7,0.7,1]],[12,"btnSkip",1,[-25],[[[2,-23,[26],27],-24],4,1],[0,"2f1OjsIrRNL47JvCkbENpM",1,0],[5,396,127],[0,-515.111,0,0,0,0,1,1,1,1]],[1,"bl_e",2,[[3,1,-26,[0],1]],[0,"c49Yb++9NDM7kbtDLsLBz5",1,0],[5,672,568],[30.126,361.914,0,0,0,0,1,1.5,1.5,1]],[1,"bl_vfx_a_screen",2,[[3,1,-27,[2],3]],[0,"3ayeipCypPvoakcQuzw7b+",1,0],[5,371,371],[2.372,436.446,0,0,0,0,1,2,2,1]],[1,"bl_a",2,[[2,-28,[4],5]],[0,"a0XOKVZdJB4aqc8nhhb83q",1,0],[5,756,820],[0,-229.417,0,0,0,0,1,1,1,1]],[1,"bl_b",2,[[3,1,-29,[6],7]],[0,"41FUea5+xKHLH2+O+xRDGD",1,0],[5,324,342],[-15.466,-43.821,0,0,0,0,1,2,2,1]],[1,"bl_d",3,[[2,-30,[8],9]],[0,"7e7sRX3hRDeKmft3wXEHQR",1,0],[5,141,204],[-232.455,524.209,0,0,0,0,1,1,1,1]],[1,"bl_b_02",3,[[3,1,-31,[10],11]],[0,"0bNAv1h+RHCar2KN7EtDpN",1,0],[5,324,476],[-0.891,175.623,0,0,0,0,1,2,2,1]],[4,"1",4,[-32],[0,"5bjAYmqURJQ5gxbb8f0hyY",1,0],[5,130,0],[0,0.5,0],[-65,-10,0,0,0,0,1,1.4,1.4,1.4]],[5,"New Node",12,[[2,-33,[16],17]],[0,"9cMw1BslZL5JCheU42xuPx",1,0],[5,117,176],[0,0.5,0]],[4,"0",4,[-34],[0,"697IDPYzJOI6tSP57JT2UD",1,0],[5,130,0],[0,0.5,0],[65,-10,0,0,0,0,1,1.4,1.4,1.4]],[5,"New Node",14,[[2,-35,[18],19]],[0,"34+lE8EINIM7/lUS4a4sVF",1,0],[5,135,179],[0,0.5,0]],[17,"red_",true,"10",130,1.4,[null,null,null,null,null,null,null,null,null,null,null,null],4],[1,"fs",1,[[2,-36,[20],21]],[0,"8bveEh+YxGVrShHElWTS2u",1,0],[5,585,368],[0,220.791,0,0,0,0,1,1,1,1]],[1,"bl_desc",1,[[2,-37,[22],23]],[0,"99/NJKLXxLa4WctYgtZtNQ",1,0],[5,669,225],[-7.389,-263.391,0,0,0,0,1,1,1,1]],[1,"start",5,[[2,-38,[24],25]],[0,"7dG3K32bNO6oOPo0HV2/X7",1,0],[5,274,78],[-2.439,1.219,0,0,0,0,1,1,1,1]],[18,5]],0,[0,2,1,0,0,1,0,3,20,0,4,16,0,0,1,0,-1,2,0,-2,4,0,-3,17,0,-4,18,0,-5,5,0,0,2,0,-1,6,0,-2,7,0,-3,8,0,-4,9,0,-5,3,0,0,3,0,-1,10,0,-2,11,0,-1,16,0,-1,12,0,-2,14,0,0,5,0,-2,20,0,-1,19,0,0,6,0,0,7,0,0,8,0,0,9,0,0,10,0,0,11,0,-1,13,0,0,13,0,-1,15,0,0,15,0,0,17,0,0,18,0,0,19,0,5,1,38],[0,0,0,0,0,0,0,0,0,0,0,0,0,0,0,0,0,0,0,0,0,0,0,0,0,0,0,0,0,0,16],[-1,1,-1,1,-1,1,-1,1,-1,1,-1,1,-1,1,-1,1,-1,1,-1,1,-1,1,-1,1,-1,1,-1,1,6,-1,7],[0,2,0,3,0,4,0,5,0,6,0,7,0,8,0,9,0,10,0,11,0,12,0,13,0,14,0,15,1,1,16]]]]