[1,["81xiuM4/xNPaA9S3SfEig1"],["_textureSetter"],["cc.SpriteFrame"],0,[[[{"name":"bw_vfx_i_screen_02","rect":[536,1,378,819],"offset":[0,0],"originalSize":[378,819],"capInsets":[0,0,0,0]}],[0],0,[0],[0],[0]],[[{"name":"bw_vfx_h_screen_02","rect":[513,822,350,350],"offset":[0,0],"originalSize":[350,350],"capInsets":[0,0,0,0]}],[0],0,[0],[0],[0]],[[{"name":"mw_a","rect":[1,1,533,766],"offset":[0,0],"originalSize":[533,766],"capInsets":[0,0,0,0]}],[0],0,[0],[0],[0]],[[{"name":"bw_vfx_b_screen_02","rect":[599,1174,281,317],"offset":[0,0],"originalSize":[281,317],"capInsets":[0,0,0,0]}],[0],0,[0],[0],[0]],[[{"name":"mw_b","rect":[1,769,510,708],"offset":[0,0],"originalSize":[510,708],"capInsets":[0,0,0,0]}],[0],0,[0],[0],[0]]]]