[1,["159W4BrExMaaZukv16zTYo","53XSMnkD9JmYe2bKqwRtz1","e8J5tbWs1B+I4MLFVyDnSE","13A8bnA+9J76Ou/kdXgLrK","2cZeDv1yNDUaHKhUhXyjk5","d51lwdTppCYZPhwcHZPB4r","3eEvAKhkxGg72v7C365dY/","58KDTU2V9OYKwTra/AzEUB","fclS2NV4BIoKw4dAe17/74","a0LwCydHJH+bEooARVXJEU","daEVye831AwKDfYF8a1v3L","400M2QXINNmK24w3ZcNC8r","d2lLRwTZJGAKPytrZx+6L5","7fopECGWVCj66MnYK0LuVI","00yiqSyDVBbY/mjFAUsl4W","fdpsvraJ5Iz6j+3ZppvSdn","daDBSv1iVD5qQ8lqnPcz0b","fdo/juRBtLCYCTAjFrGc5a","11ZdW20B5PJovoSr9IUfb7","25Vb0mYMJI9rXeMVcWCENN","3aRsiHLWNL9rSraiun8nKi","bcdTmNCL5ALJDsOdnY1kE3","06ST3rncJOFpwcA+i4H7pz","44caDL1XtLn7hZzJb1j6E0","67jXKzoUFCwLwU90xBiH6F","b2xsZGGZ9DpoScwk36hODk","43TcFk2INA0KDmeTs7qx4z","35U7isZXlLsKOFp7KWLbVr","5bTTeeNSVBiYnQBGTIUPjn","f8Ya2DLcJCU6QR/GioOwF6","a9HkrsF8RNY6eaVMIVwxNw","20irEHSBNEyqYnHNUFa7Z5","edCZC1vYxHaagx+/MN6Tpi","affshlmqZDgrSoTCRTArW4","a9ahE1Z1FLzp2CK+Ua24oI","dfAqjg6v1MyrY9Vck8hux+","6a+cpgTo5LxKUXxZm0Bhj4","edGIPAylBMuq3cDCfj68Hv"],["_textureSetter","value"],["cc.SpriteFrame",["cc.AnimationClip",["_name","_duration","sample","wrapMode","curveData"],-1,11]],[[1,0,1,2,3,4,5]],[[[{"name":"bw_vfx_e_add_03","rect":[0,0,378,424],"offset":[0,0],"originalSize":[378,424],"capInsets":[0,0,0,0]}],[0],0,[0],[0],[0]],[[{"name":"bw_vfx_e_add_11","rect":[0,0,378,424],"offset":[0,0],"originalSize":[378,424],"capInsets":[0,0,0,0]}],[0],0,[0],[0],[1]],[[{"name":"bw_vfx_e_add_07","rect":[0,0,378,424],"offset":[0,0],"originalSize":[378,424],"capInsets":[0,0,0,0]}],[0],0,[0],[0],[2]],[[{"name":"bw_vfx_e_add_08","rect":[0,0,378,424],"offset":[0,0],"originalSize":[378,424],"capInsets":[0,0,0,0]}],[0],0,[0],[0],[3]],[[{"name":"bw_vfx_e_add_16","rect":[0,0,378,424],"offset":[0,0],"originalSize":[378,424],"capInsets":[0,0,0,0]}],[0],0,[0],[0],[4]],[[{"name":"bw_vfx_e_add_09","rect":[0,0,378,424],"offset":[0,0],"originalSize":[378,424],"capInsets":[0,0,0,0]}],[0],0,[0],[0],[5]],[[{"name":"bw_vfx_e_add_00","rect":[0,0,378,424],"offset":[0,0],"originalSize":[378,424],"capInsets":[0,0,0,0]}],[0],0,[0],[0],[6]],[[{"name":"bw_vfx_e_add_15","rect":[0,0,378,424],"offset":[0,0],"originalSize":[378,424],"capInsets":[0,0,0,0]}],[0],0,[0],[0],[7]],[[{"name":"bw_vfx_e_add_12","rect":[0,0,378,424],"offset":[0,0],"originalSize":[378,424],"capInsets":[0,0,0,0]}],[0],0,[0],[0],[8]],[[{"name":"bw_vfx_e_add_17","rect":[0,0,378,424],"offset":[0,0],"originalSize":[378,424],"capInsets":[0,0,0,0]}],[0],0,[0],[0],[9]],[[{"name":"bw_vfx_e_add_13","rect":[0,0,378,424],"offset":[0,0],"originalSize":[378,424],"capInsets":[0,0,0,0]}],[0],0,[0],[0],[10]],[[[0,"PhunNuoc",1.9,10,2,[{},"comps",11,[{},"cc.Sprite",11,[{},"spriteFrame",12,[[[{"frame":0},"value",6,0],[{"frame":0.1},"value",6,1],[{"frame":0.2},"value",6,2],[{"frame":0.3},"value",6,3],[{"frame":0.4},"value",6,4],[{"frame":0.5},"value",6,5],[{"frame":0.6},"value",6,6],[{"frame":0.7},"value",6,7],[{"frame":0.8},"value",6,8],[{"frame":0.9},"value",6,9],[{"frame":1},"value",6,10],[{"frame":1.1},"value",6,11],[{"frame":1.2},"value",6,12],[{"frame":1.3},"value",6,13],[{"frame":1.4},"value",6,14],[{"frame":1.5},"value",6,15],[{"frame":1.6},"value",6,16],[{"frame":1.7},"value",6,17],[{"frame":1.8},"value",6,18]],11,11,11,11,11,11,11,11,11,11,11,11,11,11,11,11,11,11,11]]]]]],0,0,[0,0,0,0,0,0,0,0,0,0,0,0,0,0,0,0,0,0,0],[1,1,1,1,1,1,1,1,1,1,1,1,1,1,1,1,1,1,1],[11,12,13,14,15,16,17,18,19,20,21,22,23,24,25,26,27,28,29]],[[{"name":"bw_vfx_e_add_02","rect":[0,0,378,424],"offset":[0,0],"originalSize":[378,424],"capInsets":[0,0,0,0]}],[0],0,[0],[0],[30]],[[{"name":"bw_vfx_e_add_14","rect":[0,0,378,424],"offset":[0,0],"originalSize":[378,424],"capInsets":[0,0,0,0]}],[0],0,[0],[0],[31]],[[{"name":"bw_vfx_e_add_10","rect":[0,0,378,424],"offset":[0,0],"originalSize":[378,424],"capInsets":[0,0,0,0]}],[0],0,[0],[0],[32]],[[{"name":"bw_vfx_e_add_01","rect":[0,0,378,424],"offset":[0,0],"originalSize":[378,424],"capInsets":[0,0,0,0]}],[0],0,[0],[0],[33]],[[{"name":"bw_vfx_e_add_05","rect":[0,0,378,424],"offset":[0,0],"originalSize":[378,424],"capInsets":[0,0,0,0]}],[0],0,[0],[0],[34]],[[{"name":"bw_vfx_e_add_18","rect":[0,0,378,424],"offset":[0,0],"originalSize":[378,424],"capInsets":[0,0,0,0]}],[0],0,[0],[0],[35]],[[{"name":"bw_vfx_e_add_06","rect":[0,0,378,424],"offset":[0,0],"originalSize":[378,424],"capInsets":[0,0,0,0]}],[0],0,[0],[0],[36]],[[{"name":"bw_vfx_e_add_04","rect":[0,0,378,424],"offset":[0,0],"originalSize":[378,424],"capInsets":[0,0,0,0]}],[0],0,[0],[0],[37]]]]