[1,["cc1qU9eGdFkqcHhxfrUp3M","bbn5sth/NCgLmPAEHm4fhx","catgDBZohEQInnHYR21fcE","d0IZP58WNKEYGsPhbA4a6t","aedLHUoP9Hw57pxF0GdupK","94P98G/tROAJyDl/X0QQvm","3009PpkgxC0JtFWrjI0k3z","adRoHe5T1IZpjrs06ou4NT","f8Zvur9+dE67OrzL0PnRkv","63ftui+dhPOabQoZ1RWQgq","d6nnb3LqVAV5TD31SU7Imh","6aykngXQRLjIJ4qw/RHlKS","2crVqmqChPo5IMSY0dxlzN","3erjBaKr1AQqLvJm9pAyD5","61Dw1ko0FF95W9a0IMCaUV","7bNslJQgpIgrVf77ftBXXD","ffpcYujopBy6zmAXQcrP/A"],["value"],[["cc.AnimationClip",["_name","_duration","sample","curveData"],0,11]],[[0,0,1,2,3,4]],[[0,"EffectRemoveSymbol_3",0.4,35,[{},"paths",11,[{"ps_vfx_a_a_00":{"props":{"opacity":[{"frame":0,"value":255},{"frame":0.11428571428571428,"value":0}]}}},"ps_vfx_e_screen_00",11,[{},"comps",11,[{},"cc.Sprite",11,[{},"spriteFrame",12,[[[{"frame":0.08571428571428572},"value",6,0],[{"frame":0.11428571428571428},"value",6,1],[{"frame":0.14285714285714285},"value",6,2],[{"frame":0.17142857142857143},"value",6,3],[{"frame":0.2},"value",6,4],[{"frame":0.22857142857142856},"value",6,5],[{"frame":0.2571428571428571},"value",6,6],[{"frame":0.2857142857142857},"value",6,7]],11,11,11,11,11,11,11,11]]]],"ps_border_a_screen_00",11,[{},"props",11,[{"opacity":[{"frame":0,"value":255},{"frame":0.17142857142857143,"value":0}]},"scale",12,[[[{"frame":0},"value",8,[1,1,1,1]],[{"frame":0.17142857142857143},"value",8,[1,0,0,1]]],11,11]]],"ps_vfx_d_add",11,[{},"comps",11,[{},"cc.Sprite",11,[{},"spriteFrame",12,[[{"frame":0,"value":null},[{"frame":0.11428571428571428},"value",6,8],[{"frame":0.14285714285714285},"value",6,9],[{"frame":0.17142857142857143},"value",6,10],[{"frame":0.2},"value",6,11],[{"frame":0.22857142857142856},"value",6,12],[{"frame":0.2571428571428571},"value",6,13],[{"frame":0.2857142857142857},"value",6,14],[{"frame":0.3142857142857143},"value",6,15],[{"frame":0.34285714285714286},"value",6,16],{"frame":0.37142857142857144,"value":null}],0,11,11,11,11,11,11,11,11,11,0]]]]]]]],0,0,[0,0,0,0,0,0,0,0,0,0,0,0,0,0,0,0,0],[0,0,0,0,0,0,0,0,0,0,0,0,0,0,0,0,0],[0,1,2,3,4,5,6,7,8,9,10,11,12,13,14,15,16]]