[1,["e6mWAY101MfJqqX0TU05vb"],["_textureSetter"],["cc.SpriteFrame"],0,[[[{"name":"icXingau1","rect":[990,329,27,27],"offset":[0,0],"originalSize":[27,27],"capInsets":[0,0,0,0]}],[0],0,[0],[0],[0]],[[{"name":"14","rect":[251,409,23,23],"offset":[0,0],"originalSize":[23,23],"capInsets":[0,0,0,0]}],[0],0,[0],[0],[0]],[[{"name":"lineLSP","rect":[1,166,954,151],"offset":[0,0],"originalSize":[954,151],"capInsets":[0,0,0,0]}],[0],0,[0],[0],[0]],[[{"name":"17","rect":[792,386,23,23],"offset":[0,0],"originalSize":[23,23],"capInsets":[0,0,0,0]}],[0],0,[0],[0],[0]],[[{"name":"6","rect":[51,409,23,23],"offset":[0,0],"originalSize":[23,23],"capInsets":[0,0,0,0]}],[0],0,[0],[0],[0]],[[{"name":"btnXingau1","rect":[957,166,161,65],"offset":[0,0],"originalSize":[161,65],"rotated":1,"capInsets":[0,0,0,0]}],[0],0,[0],[0],[0]],[[{"name":"bgSoiCau","rect":[662,386,128,42],"offset":[0,0],"originalSize":[128,42],"capInsets":[0,0,0,0]}],[0],0,[0],[0],[0]],[[{"name":"4","rect":[1,409,23,23],"offset":[0,0],"originalSize":[23,23],"capInsets":[0,0,0,0]}],[0],0,[0],[0],[0]],[[{"name":"15","rect":[276,409,23,23],"offset":[0,0],"originalSize":[23,23],"capInsets":[0,0,0,0]}],[0],0,[0],[0],[0]],[[{"name":"lineBoder2","rect":[1,1,1039,163],"offset":[0,0],"originalSize":[1039,163],"capInsets":[0,0,0,0]}],[0],0,[0],[0],[0]],[[{"name":"btnXingau2Unsellect","rect":[164,342,161,65],"offset":[0,0],"originalSize":[161,65],"capInsets":[0,0,0,0]}],[0],0,[0],[0],[0]],[[{"name":"btnXingau3","rect":[552,319,161,65],"offset":[0,0],"originalSize":[161,65],"capInsets":[0,0,0,0]}],[0],0,[0],[0],[0]],[[{"name":"btnXingau2","rect":[1,342,161,65],"offset":[0,0],"originalSize":[161,65],"capInsets":[0,0,0,0]}],[0],0,[0],[0],[0]],[[{"name":"3","rect":[934,411,23,23],"offset":[0,0],"originalSize":[23,23],"capInsets":[0,0,0,0]}],[0],0,[0],[0],[0]],[[{"name":"13","rect":[226,409,23,23],"offset":[0,0],"originalSize":[23,23],"capInsets":[0,0,0,0]}],[0],0,[0],[0],[0]],[[{"name":"16","rect":[301,409,23,23],"offset":[0,0],"originalSize":[23,23],"capInsets":[0,0,0,0]}],[0],0,[0],[0],[0]],[[{"name":"12","rect":[201,409,23,23],"offset":[0,0],"originalSize":[23,23],"capInsets":[0,0,0,0]}],[0],0,[0],[0],[0]],[[{"name":"btnXingau1Unsellect","rect":[389,319,161,65],"offset":[0,0],"originalSize":[161,65],"capInsets":[0,0,0,0]}],[0],0,[0],[0],[0]],[[{"name":"8","rect":[101,409,23,23],"offset":[0,0],"originalSize":[23,23],"capInsets":[0,0,0,0]}],[0],0,[0],[0],[0]],[[{"name":"btnXingau3Unsellect","rect":[715,319,161,65],"offset":[0,0],"originalSize":[161,65],"capInsets":[0,0,0,0]}],[0],0,[0],[0],[0]],[[{"name":"cauden","rect":[792,411,23,23],"offset":[0,0],"originalSize":[23,23],"capInsets":[0,0,0,0]}],[0],0,[0],[0],[0]],[[{"name":"icXingau3","rect":[994,399,27,27],"offset":[0,0],"originalSize":[27,27],"capInsets":[0,0,0,0]}],[0],0,[0],[0],[0]],[[{"name":"5","rect":[26,409,23,23],"offset":[0,0],"originalSize":[23,23],"capInsets":[0,0,0,0]}],[0],0,[0],[0],[0]],[[{"name":"icoNext","rect":[965,337,23,35],"offset":[0,0],"originalSize":[23,35],"capInsets":[0,0,0,0]}],[0],0,[0],[0],[0]],[[{"name":"10","rect":[151,409,23,23],"offset":[0,0],"originalSize":[23,23],"capInsets":[0,0,0,0]}],[0],0,[0],[0],[0]],[[{"name":"18","rect":[817,386,23,23],"offset":[0,0],"originalSize":[23,23],"capInsets":[0,0,0,0]}],[0],0,[0],[0],[0]],[[{"name":"icXingau2","rect":[965,399,27,27],"offset":[0,0],"originalSize":[27,27],"capInsets":[0,0,0,0]}],[0],0,[0],[0],[0]],[[{"name":"9","rect":[126,409,23,23],"offset":[0,0],"originalSize":[23,23],"capInsets":[0,0,0,0]}],[0],0,[0],[0],[0]],[[{"name":"cautrang","rect":[817,411,23,23],"offset":[0,0],"originalSize":[23,23],"capInsets":[0,0,0,0]}],[0],0,[0],[0],[0]],[[{"name":"7","rect":[76,409,23,23],"offset":[0,0],"originalSize":[23,23],"capInsets":[0,0,0,0]}],[0],0,[0],[0],[0]],[[{"name":"11","rect":[176,409,23,23],"offset":[0,0],"originalSize":[23,23],"capInsets":[0,0,0,0]}],[0],0,[0],[0],[0]]]]