{"paths":{"0":["ImgNew/CardPoker",1],"1":["Img/Btn_Next",1],"2":["MiniPokerOld/MpImageNew/btn_sieutoc",1],"3":["MiniPokerOld/images/result/1",1],"4":["ImgNew/ShadowCard",1],"5":["MiniPokerOld/MpImageNew/Popup/title_lichsu",1],"6":["MiniPokerOld/MpImage/help-icon",1],"7":["ImgNew/effect",1],"8":["Img/Bg_4",1],"9":["MiniPokerOld/MpImageNew/btn_sieutoc_on",1],"10":["SOund/WinLine",9],"11":["MiniPokerOld/MpImage/bg",1],"12":["MiniPokerOld/MpImageNew/title_minipoker",1],"13":["ImgNew/QUAY",1],"14":["MiniPokerOld/MpImageNew/btn_tudong_on",1],"15":["SOund/Spin",9],"16":["MiniPokerOld/MpImageNew/Popup/title_guide",1],"17":["Img/bghu",1],"18":["ImgNew/Blur",1],"19":["MiniPokerOld/MpFonts/font-export",1],"20":["Img/bkgSieuToc",1],"21":["ImgNew/nohu",1],"22":["ImgNew/thanglon",1],"23":["MiniPokerOld/MpImage/scale-icon-2",1],"24":["SOund/StopSpin",9],"25":["MiniPokerOld/MpFonts/UTM_Avo",5],"26":["MiniPokerOld/MpImageNew/Popup/bg_danhsach",1],"27":["MiniPokerOld/MpImageNew/Popup/bt_close",1],"28":["MiniPokerOld/MpImageNew/shadows_1",1],"29":["ImgNew/tex7",1],"30":["MiniPokerOld/MpImageNew/btn_tudong",1],"31":["MiniPokerOld/MpFonts/UTM_AvoBold_Italic",5],"32":["MiniPokerOld/MpImageNew/Popup/title_vinhdanh",1],"33":["MiniPokerOld/MpResCode/anim/cangat/cangat",1],"34":["ImgNew/tex1",1],"35":["MiniPokerOld/MpImage/bxh-icon",1],"36":["MiniPokerOld/MpImage/scale-icon-1",1],"37":["MiniPokerOld/MpImageNew/Popup/bg_popup",1],"38":["MiniPokerOld/MpImage/huongdan-minipoker",1],"39":["MiniPokerOld/MpImageNew/Popup/line",1],"40":["ImgNew/tex3",1],"41":["MiniPokerOld/MpImageNew/mnpk_btnmoney_active",1],"42":["ImgNew/tex8",1],"43":["MiniPokerOld/MpImageNew/main-cards",1],"44":["MiniPokerOld/MpImage/hu-bg",1],"45":["SOund/loopSPin",9],"46":["MiniPokerOld/MpImage/lsgd-icon",1],"47":["MiniPokerOld/MpImageNew/line",1],"48":["Img/btn_room",1],"49":["MiniPokerOld/MpImage/close-btn",1],"50":["ImgNew/SIEUTOC",1],"51":["MiniPokerOld/MpImageNew/mnpk_btnmoney_inactive",1],"52":["ImgNew/Card",1],"53":["MiniPokerOld/MpFonts/UTM_AvoBold",5],"54":["MiniPokerOld/MpFonts/UTM_Sharnay",5],"55":["MiniPokerOld/images/quanbai/card3",1],"56":["ImgNew/tex6",1],"57":["Img/BkbMiniCard",1],"58":["MiniPokerOld/MpImage/mnpk_btn_rule",1],"59":["ImgNew/tex5",1],"60":["ImgNew/tex2",1],"61":["MiniPokerOld/MpImage/bg-ketqua",1],"62":["MiniPokerOld/MpResCode/anim/cangat/cangat",8],"63":["ImgNew/tex4",1],"64":["ImgNew/tex1",2,1],"65":["Prefabs/HistoryMiniPoker",4],"66":["ImgNew/SIEUTOC",2,1],"67":["ImgNew/thanglon",2,1],"68":["Prefabs/minipokerHelpView",4],"69":["MiniPokerOld/MpFonts/font-export",2,1],"70":["MiniPokerOld/MpImage/lsgd-icon",2,1],"71":["ImgNew/tex3",2,1],"72":["MiniPokerOld/MpImageNew/Popup/title_vinhdanh",2,1],"73":["MiniPoker",4],"74":["ImgNew/tex7",2,1],"75":["Animation/SpinCard",0],"76":["ImgNew/tex6",2,1],"77":["MiniPokerOld/MpImageNew/Popup/bg_danhsach",2,1],"78":["MiniPokerOld/MpImageNew/btn_tudong_on",2,1],"79":["MiniPokerOld/MpImage/mnpk_btn_rule",2,1],"80":["Img/bkgSieuToc",2,1],"81":["ImgNew/ShadowCard",2,1],"82":["Animation/Message",0],"83":["ImgNew/tex5",2,1],"84":["MiniPokerOld/MpImage/bxh-icon",2,1],"85":["ImgNew/tex2",2,1],"86":["MiniPokerOld/MpImageNew/Popup/bt_close",2,1],"87":["MiniPokerOld/MpImage/hu-bg",2,1],"88":["Img/bghu",2,1],"89":["ImgNew/QUAY",2,1],"90":["MiniPokerOld/MpImage/scale-icon-1",2,1],"91":["Img/BkbMiniCard",2,1],"92":["MiniPokerOld/MpImageNew/Popup/title_guide",2,1],"93":["ImgNew/tex8",2,1],"94":["MiniPokerOld/MpImageNew/btn_sieutoc",2,1],"95":["MiniPokerOld/MpImage/huongdan-minipoker",2,1],"96":["MiniPokerOld/MpImage/bg",2,1],"97":["ImgNew/tex4",2,1],"98":["ImgNew/CardPoker",3],"99":["MiniPokerOld/MpFonts/font-export",6],"100":["ImgNew/nohu",2,1],"101":["MiniPokerOld/MpImageNew/Popup/title_lichsu",2,1],"102":["MiniPokerOld/MpResCode/anim/cangat/cangat",7],"103":["MiniPokerOld/MpImageNew/btn_sieutoc_on",2,1],"104":["MiniPokerOld/MpImageNew/shadows_1",2,1],"105":["ImgNew/effect",2,1],"106":["MiniPokerOld/MpImageNew/mnpk_btnmoney_active",2,1],"107":["MiniPokerOld/MpImage/close-btn",2,1],"108":["MiniPokerOld/images/result/1",2,1],"109":["MiniPokerOld/MpImage/scale-icon-2",2,1],"110":["MiniPokerOld/images/quanbai/card3",3],"111":["ImgNew/Blur",2,1],"112":["Img/Btn_Next",2,1],"113":["MiniPokerOld/MpImage/help-icon",2,1],"114":["MiniPokerOld/MpImage/bg-ketqua",2,1],"115":["MiniPokerOld/MpImageNew/main-cards",2,1],"116":["Animation/SpinRun",0],"118":["MiniPokerOld/MpImageNew/mnpk_btnmoney_inactive",2,1],"119":["Animation/ShowText",0],"120":["Img/Bg_4",2,1],"121":["Img/btn_room",2,1],"122":["MiniPokerOld/MpImageNew/Popup/bg_popup",2,1],"123":["Animation/StopCard",0],"124":["Animation/AniSpin",0],"125":["ImgNew/Card",2,1],"126":["MiniPokerOld/MpResCode/anim/cangat/cangat",2,1],"127":["Animation/ShowJackpot",0],"128":["MiniPokerOld/MpImageNew/line",2,1],"129":["MiniPokerOld/MpImageNew/Popup/line",2,1],"130":["MiniPokerOld/MpImageNew/title_minipoker",2,1],"131":["MiniPokerOld/MpImageNew/btn_tudong",2,1]},"types":["cc.AnimationClip","cc.Texture2D","cc.SpriteFrame","cc.SpriteAtlas","cc.Prefab","cc.TTFFont","cc.BitmapFont","sp.SkeletonData","cc.Asset","cc.AudioClip"],"uuids":["03MY9+YU1HWq4qFivJc3EQ","06EDD8/pZJdrcMLBDP7fdQ","07VdN6CqxIg4Gfq19JJgWO","0bZAXYJchOTJf4ORFKHmRC","10sIiQfdhBGYyzyvBwPy9x","11IwSYegBD45uZ/In62eU5","1aEsOLqthKD6ZS6l0KIRUb","1eWw3wJkxMgJ2Mg6scZTEj","204LQuIF5P8pq9uoRq9MmH","27w0BTS0FIQoVqBFXPG5hm","289O1cR6VDjoAYFWKxA//3","2ewRh3LxlG7reHQBcfREa2","32baNp/vVLqq+SsTHnUaZ6","362PDu6vhARJUFJ1VOIEBj","49KQZESM9HcrhoP4jcLYV2","4956rWiLhBoL/hwDi9Nn1d","4aJefQI8pK2plExRGmlB7w","51l2vvyRtA6aDC0FHh/Zfh","57Z51vajpB6YR8W6QS51mk","5f5HyMazJGOKLINtYLhssm","68ibX7tUlHxqZfsXrfd4kx","69b7pTfw9ItrcA5A++IA4L","6c1VctL89GoJpW6rdCOm3F","736eNSuQ1Oxb+SP0Fi55i9","7dBqoGxTlNp46hkX/ZyQhe","7eF4JKgnVOAZzZ5cWWWlzh","80h/4U+KFLyLCTHZPdiTjJ","86KFrxgdBPepTGoDZW6E5n","8agJa2gbZGkLcttIH21sPl","8a2ofxjTdJaaXTsROOcquy","8dDRgRVEhPsaUVVthbQQ84","8drxr1BrVHMIx3wcWK2Omn","8eRM5i3gtIoq4OnDzq2Btu","902g7+z3xCe53YIlIJmJ/j","91BYU5ztFIo47c67QCIKh0","a3flwlLNdEkKqf7CrlRda8","a4JiP+1kRObKR3CnRRRbcN","a7KDKirB5PH6RPJOfvOYSf","a7iFCT8EBHG5OOV/ysl8W4","afMCbII0JMqrO82Z8zYTlh","b9REo8bktMGpL2BJUxs4Tp","b9asBfFcpFk4zvdKoVkvy3","beYEUnYXFCoIqmy6kMGPWU","c5/iK+GJdMbZKHZZXxUOQN","cbVbAyWt9NnZe75hQCstiH","d0Z3IPlg9IeIiCxVlGM1+a","d0loqnLjtKXJ9W+JEbdnUG","d1fkBjrPBDxZg/g44BIcjl","d1yK/gfCREkIH5OzbhOQaa","d4AqKtfgBNtIT7KNQFbWuS","d7xF1/8XVKxIFYGZ0VtwHt","daZvWMfoRGzLFP4IxmK5sW","e0FJGiwO9NzaSYeb0ICrkS","e0wjNpSGtN/6zMOkzjq4lN","e3HAS7I25Bm7tzVD06xvjK","e3JsyHhw1Or6WlbJ6JB8/2","e3Rca7kdhGcZTH0gfJVl4S","e5RMM2c7JFDoAXds7sTA9E","e5g5i898dF3KB3rPKbSyle","f1m+BshGRJTZMRkMjBNSX6","f7p1pSdDJGcrO2LBqTmapG","f73jESWANO9pnBJQYhdge+","fdUCRCPsJAGKn4XHKAyJT6","fdWkBtXABNT61TvAFN1HAI","00p5dP1t5AwL3Kr4s3ZB2i","02RFBbNpxP7a7mriazx6sI","0abhIRAM1FU60JDTXNe4T5","0eIx+J3pVHUqtWnBycVZ12","11sMkUp+tPUqq3ghEoQ4Bk","13XKTGOUFBToQQLTMcFwah","1a5o5/J4ZCFpHQccR14UUg","2ceoupneFIToUvdmBweanV","2eW2tO4PpDhbqNA+2q7nAF","2fk1f7RdVLwLLaRcfxhkC4","30HYcu/iNGULu67d54zrHB","33Ht7OjkpOebm5R08aEXRm","33aaMB2v5DP7qrOR60I2iQ","33iN/UrGZNiIhdlSjkpRj8","36KjnXHDhBfZJEVz8rXGAC","3aRaRnF/pIRLZ19bmicyXU","3fPyKKk5hIFahBDcwJpfIw","4am8ngLzFElpYNbrTjK1fU","4eyF8blldMnrNNKJjFcE7T","4fWWpstNdCMJAppEuj7bgM","55Nw8xi59P6pfJNwlKWoph","564WvbVX9OUqKWNR7qKfGv","59BR/3Lf5J/Zhag3zjFWxw","62whxKznxM6bP2gicQ/KIO","67LZNG5thI/JRnw68IkA3Z","6bx4G/CD5F+qEPAP8CSaAC","6dRkhuXkxKeYXQjcXZfTs8","70B6dDVe5DqK+fVJW8fMcx","70tYWDC0BJC5tKkvsd4VJ6","76OpLVLIhMor1llr7x/NMW","760E6nVTRI1YPIV3QZShaB","78Ygvz73RKM5Achw68JCVm","79DC3lfM1BaZqBi+DPhAMS","79cnytxdJDVrFojK9M5lUP","7dazFo9NpPC7PHJr8Eljij","82xH47sP1Om4yrrndgmyux","86H/vPCQZJFIk5TjVgveLO","86IctJB25GObThVOn+09h4","8aEjqqP3tIHYCRwMfmtQWZ","8dNhm5PLhLCLLSxdeBZQj2","8dq7kn5plAQ5iEmMydPf1x","98qyQELrVFdIVbp9+mMSnI","9e3Fvw0X5HqaXTQl77xt1/","9fguWsBS1CcoDWOhbRxVRi","a9Z6PjFIpGOK21hJdG5iCC","b3AhY1WdFL2b9ZhfjSIJG/","b3LfE7eSdN8rO2XiS5kv33","bd+6piRJVGZKhOUR6wakca","c31eZWbGNHq7PJx0seyaa5","c9HtrEpcJBJIHWZDhUaaiZ","ca2dQla+pAk5JwBtvcBLng","cbAqsj1YZB+7awqK5EcvAI","d2P3W6/npN+JGfFc9MSf4W","d8HsitJHxOYqo801xBk8ev","dcOjYfNQJAIIKt4tKRFMmW","deQG4WvxRIrofHlnV2G85y","dewUmWuPVOKo6J87WqoDa9","dffX07bxdCU5z0tRxN8jQi","e2fe+84jVPVISi34jyZZaa","e5R/qoto1CmrW35mZ8CvBL","e6C+qKuSpFD5O1LjVMT2IV","e7fm5fzMdGfoIe0WtHr646","ebhQOYGYhAKLGf3D+hiRXA","f25HMFQVZHAouRo/Jpirol","f53PdQhDpDbLGpRMQYpkmv","fbuVLcwqdKmZQCEbY/isnr","feeVLzMQZGarMn+eVCg2w6","ffac7IdQFKi5FFOMYJVSm+","03YCljVCNLzYL6qm7o4ILY","08UD+9XOJERZ0vFm7Wy5Q1","08WumwsXJMVISMxPUOEDD+","0aklCkp01HJri1FFp0/VBZ","0fgGOiO9FF2p2gnkiB9JzB","12DR69EIZFaJSmbrrEI2oD","12OwyTmT5LN6s812dUtwAx","13z60kt41NtoJF3+apOtMo","14/jOQc6pGw6TqrKqDmme+","18fgX5z6BF9KuQ4E/fUjIw","1bqLJCUvhNer5PAbw3zqi8","1egbxtbQRLvJQ9daybIFe8","216ViOjKRAGYOI9j4wAOZM","22EC9ydZRJ060mT4JDKiNx","222/9xEFpBQLqrtJFpe0yV","24EJw/I75Kl4K8g1LdrGRp","24b7MREEhEMaJm6tvZXtmx","24qQsktkxLKrXQmWHSqD3P","25Xsxn8h1LDozfww3s912s","26Uu2JTC5Ny4p4MYR5+N1A","26Y6ps9DNFhpk0a8EC7FHw","27aVILD8RGg40uxBKghIdD","29FYIk+N1GYaeWH/q1NxQO","2aEQKH4bZEtbBwl09Hy7Mg","2bxnu5G3tBvJepjiYPZuME","31YIVnX2lEV7V4DU1JGUw5","31//H3KeFNKKLhWW7sI3UU","32L3ntZJVDP4K+ZL5/ygxs","356DoMcS5AC4xtMXRoj58H","378gMPCulHTp0pKughkOd5","39I3K+hKVBx686D4CCrFR5","3dWgpcbw9Is7LMjFzq+4BD","40GPPYepFGNprdq5W3EQS7","40WNOuQDxCN7SybYsv9KUn","41te2kLPFE7Ymu2P09GNcz","42EgVCIAdPZo5SdmSyv+GW","44qcxdPbdFUbLCBamDsWvi","48V02yWHJLWbDravzclthi","48wLcXJBNG6oXnB7vpalc5","49AjOgSkFMcaQpqY0dtwQ8","4adodi34VBFaWba9m06Ldh","4beLxoKkxA7686WfJuW4qE","4cxP+NdtRC+aX9wU8Ly7G+","4docuhFzVP1ZA04fXFDx3k","4fladOBa9KsLFUyOjw8YmU","52qxKzyYdIiqTFurFTrOAC","55YzQQpIBG34q8PGJvcbDB","59uhNv6+NCbZneFAkryJsQ","5aRcfCGvJBvJ0QllaUgmfq","5axAftzb5P5oqjf/pOqrD5","60PytTrc1D3bDELUsIRwzN","63mgfGzmBEALh7kK8Ibyr0","64s2EO5GdEU6t7kLf1YFjf","67OwedxlFH5LN2ILzAYpSb","69YWqPbG5Fqqq2R0WW2I8O","6anGYMLUxKO5evAibZ12Po","6bdbg0ZDZEOpbC1Y7xEliA","6fPyHi8dlKJaT/xo/Y0Byx","747roTnXtGIpAmDXbR3R9O","75JCQoLT9C3ZdD7PVyTBLH","76Oo+hdZBIC58PkmtS6Hpa","79eWKSqXhGP6VT+3Wx0IOP","79pjIl+QxP3KMwDnF+8hIL","7a/QZLET9IDreTiBfRn2PD","7cGF2UQJxJlrkcW38/o5bD","7ft2nuJg5BE7PfMhD4Qfnp","8bZWw+pJpLwqo03M4BgtSz","8djO43yUJPvqXxh/hamJoB","8ebB+Dm/dOKZE2sF+9tE/H","91n4tcRgBINZ0CySANFuha","99DjGu9r1FQI1CtEBbYT8L","9bRmMcB4dCP5jK34gXHEY2","9bUqkw7lNH8IQ4dXpwilaw","9bvaMerUlDyary99mJa6xp","9cnRPqn3ZNsLCVMce7VAfm","9dE72CsYxKqosux5eppw02","9d3TF7PIFDvLzK/KJ0tNNv","9fcR7mx79LDqdAqBNrngfp","a2MjXRFdtLlYQ5ouAFv/+R","a3FRx62QZFjJeQQO01jrMB","a92x7uzfROIpvzbnUSEYE2","adjfv47bNMGIChZDyE33F1","b8dObzfnlJc6GSSBLsT7kJ","b8/fza4J9F4p1i01GAIydE","bcZaxHZCpP7KPRSSZwcNzC","bcgRIP/PJCTIbDgzlycp4u","bdUYTRiJlCZqBBwy41hVyA","c2cZEe82VCralO1390YDH/","c2tpo/s99BpZY1OlYoq+4n","c6und0ekpJ+7w+LKIsCVkf","c9VupEoCxGbIrIXOJwwOth","caD5tlaK1Odrw3u/u4qi8e","caKEhS0+1Oe4mPG41xoRMD","cbE8IVBn5Bz6wdO1PpXe1Z","cbfB6Mo9tFk7vP1INTc4ez","ccYMY8g+5EXJ5MXuZY8u2Z","cdQNjcASJFJ7Ev3AojCaDv","ce9fjQ3HpMVJNM5mw1RLdo","d0hA15tV5F34WuoV13DzAO","d3HBZgTB5PppUBsjQnaMjo","d48pRPMoNI3Z8tRewXp/QO","d5L6w2wnNFWrB4T/RJbxCd","dbQ34zMqlGw4g/rkOmrwDv","dbxt640oNIia2vaZulFYpm","dcDR+7PGZIj7q37MkybFhV","deiU3oD2BNrqVLwF4DY23x","df+a8DpL1ILr30wLCVIuX3","e1M4dVdwNOCqD69gLCBDJ5","e22LlJEDlBBaqno1N2V1sb","e3HxI9kipGl44F1yjvQHvv","e8WDk29JJLrZnuN7Eaj21G","e97GVMl6JHh5Ml5qEDdSGa","ebMKvJnzBKqa48PWXJqBYv","ebxbcNKIxHz5tneLhI1aN3","ecCTW49kJJYZX+93y4H/Sv","ecpdLyjvZBwrvm+cedCcQy","ed10xkSdJPq54pnq2R3e+R","f0BIwQ8D5Ml7nTNQbh1YlS","f1rOmPi1VDpZAE0KKQZzz/","f6B76gadZHLpmt2vcMcR3I"],"scenes":{},"redirect":[154,0,181,0,192,0,195,1,210,0,213,0,222,0,239,0,243,0,246,0,247,1,249,0],"deps":["resources","internal"],"packs":{"04296ec67":[134,136,137,138,141,143,144,145,147,152,153,155,156,157,158,160,161,163,165,167,170,171,172,173,175,180,184,187,190,191,196,199,206,208,209,110,215,216,217,220,221,223,224,227,229,232,234,235,236,237,238,240,242,244,248,251],"0570ae83e":[132,133,135,139,140,142,146,148,149,150,151,159,162,164,166,168,169,174,176,177,178,179,182,183,185,186,188,189,193,194,98,197,198,200,201,202,203,204,207,211,212,214,218,219,225,226,228,230,231,233,241,245,250],"07be486b9":[64,67,70,71,73,74,75,76,78,82,83,85,88,93,96,97,100,106,107,113,116,118,120,123,125,130,131],"0888b330b":[69,99],"093bf60cb":[68,92,95,205],"09b8b8d35":[0,1,2,3,4,5,6,7,8,9,11,12,13,14,16,17,18,19,20,21,22,23,26,27,28,29,30,32,33,34,35,36,37,38,39,40,41,42,43,44,46,47,48,49,50,117,51,52,55,56,57,58,59,60,61,63],"0ca39d28b":[86,122],"0d28635a3":[65,101]},"name":"43","importBase":"import","nativeBase":"native","debug":false,"isZip":false,"encrypted":false,"versions":{"import":["04296ec67","c5b5f","0570ae83e","5aff5","07be486b9","e6705","0888b330b","35f25","093bf60cb","21a8a","09b8b8d35","a1f69",66,"1f435","0ca39d28b","d167d","0d28635a3","4220e",10,"2836e",72,"bf41b",77,"b983b",79,"116fb",80,"154e6",15,"8e0b0",81,"e3055",84,"570db",87,"69720",89,"bb2e3",90,"32173",91,"04ab8",94,"dc16f",24,"121ed",25,"01b1d",102,"abff4",103,"3fee1",104,"0760f",31,"5e454",105,"8f025",108,"feb08",109,"eb870",111,"ae4cd",112,"8c9b7",114,"1ef7a",115,"21c54",45,"83d1f",119,"eb1f5",121,"5db46",53,"e6f71",54,"77f2d",124,"b2ade",126,"cd385",127,"735cf",128,"a7f92",129,"685a8",62,"aa417"],"native":[0,"eb31c",1,"b1793",2,"5f0b3",3,"7f872",4,"41fa1",5,"d621e",6,"05aeb",7,"36356",8,"34392",9,"8bc92",10,"5401c",11,"45804",12,"d2649",13,"8dc56",14,"84bd2",15,"26cbd",16,"1798f",17,"e16d0",18,"7190e",19,"36923",20,"d5523",21,"1f5f4",22,"6ebd3",23,"02fcb",24,"3144d",25,"5b5fc",26,"458e2",27,"2058a",28,"01cb5",29,"ec34f",30,"911ff",31,"9ffe3",32,"b96ec",33,"8f7d6",34,"20dd7",35,"7af63",36,"a1efe",37,"5ccd2",38,"3115a",39,"4e891",40,"5e4d6",41,"6cdba",42,"ae0a4",43,"2513b",44,"2ef2a",45,"8b789",46,"e65cd",47,"4e891",48,"46d0e",49,"0dfbc",50,"cbdd9",117,"cdbc9",51,"534e2",52,"8c5b2",53,"a48e2",54,"b25b5",55,"54257",56,"11e9d",57,"16254",58,"05aeb",59,"9a3ef",60,"f48eb",61,"120df",62,"0e991",63,"40fb2"]}}