[1,["87/zs6lSFP3a8kl6zzH4KW","f2+6cAyDFJsbT3BwIjNOWK","acXg0Y7NFAjYn+E6Y7PwBr"],["_textureSetter"],["cc.SpriteFrame"],0,[[[{"name":"0b5ab3b3-7bac-437d-b141-68007f8ec546","rect":[0,0,87,696],"offset":[0,0],"originalSize":[87,696],"capInsets":[0,0,0,0]}],[0],0,[0],[0],[0]],[[{"name":"Button-center_autoplay","rect":[0,1025,90,90],"offset":[0,0],"originalSize":[90,90],"capInsets":[0,0,0,0]}],[0],0,[0],[0],[1]],[[{"name":"ic_nav_return","rect":[128,227,56,44],"offset":[0,3],"originalSize":[108,108],"capInsets":[0,0,0,0]}],[0],0,[0],[0],[2]]]]