[1,["47XQJZuadAEJfhw9rjUYnu"],["_textureSetter"],["cc.SpriteFrame"],0,[[[{"name":"ib_vfx_b_loop_08","rect":[1,409,432,100],"offset":[0,0],"originalSize":[432,100],"capInsets":[0,0,0,0]}],[0],0,[0],[0],[0]],[[{"name":"ib_vfx_b_loop_12","rect":[1,613,432,100],"offset":[0,0],"originalSize":[432,100],"capInsets":[0,0,0,0]}],[0],0,[0],[0],[0]],[[{"name":"ib_vfx_b_loop_09","rect":[435,409,432,100],"offset":[0,0],"originalSize":[432,100],"capInsets":[0,0,0,0]}],[0],0,[0],[0],[0]],[[{"name":"ib_vfx_b_loop_11","rect":[435,511,432,100],"offset":[0,0],"originalSize":[432,100],"capInsets":[0,0,0,0]}],[0],0,[0],[0],[0]],[[{"name":"ib_vfx_b_loop_14","rect":[1,715,432,100],"offset":[0,0],"originalSize":[432,100],"capInsets":[0,0,0,0]}],[0],0,[0],[0],[0]],[[{"name":"ib_vfx_b_loop_18","rect":[869,413,410,100],"offset":[11,0],"originalSize":[432,100],"rotated":1,"capInsets":[0,0,0,0]}],[0],0,[0],[0],[0]],[[{"name":"ib_vfx_b_loop_01","rect":[413,1,410,100],"offset":[11,0],"originalSize":[432,100],"capInsets":[0,0,0,0]}],[0],0,[0],[0],[0]],[[{"name":"ib_vfx_b_loop_13","rect":[435,613,432,100],"offset":[0,0],"originalSize":[432,100],"capInsets":[0,0,0,0]}],[0],0,[0],[0],[0]],[[{"name":"ib_vfx_b_loop_10","rect":[1,511,432,100],"offset":[0,0],"originalSize":[432,100],"capInsets":[0,0,0,0]}],[0],0,[0],[0],[0]],[[{"name":"ib_vfx_b_loop_15","rect":[435,715,432,100],"offset":[0,0],"originalSize":[432,100],"capInsets":[0,0,0,0]}],[0],0,[0],[0],[0]],[[{"name":"ib_vfx_b_loop_02","rect":[1,103,410,100],"offset":[11,0],"originalSize":[432,100],"capInsets":[0,0,0,0]}],[0],0,[0],[0],[0]],[[{"name":"ib_vfx_b_loop_19","rect":[435,817,410,100],"offset":[11,0],"originalSize":[432,100],"capInsets":[0,0,0,0]}],[0],0,[0],[0],[0]],[[{"name":"ib_vfx_b_loop_07","rect":[435,307,432,100],"offset":[0,0],"originalSize":[432,100],"capInsets":[0,0,0,0]}],[0],0,[0],[0],[0]],[[{"name":"ib_vfx_b_loop_16","rect":[1,817,432,100],"offset":[0,0],"originalSize":[432,100],"capInsets":[0,0,0,0]}],[0],0,[0],[0],[0]],[[{"name":"ib_vfx_b_loop_03","rect":[413,103,432,100],"offset":[0,0],"originalSize":[432,100],"capInsets":[0,0,0,0]}],[0],0,[0],[0],[0]],[[{"name":"ib_vfx_b_loop_06","rect":[1,307,432,100],"offset":[0,0],"originalSize":[432,100],"capInsets":[0,0,0,0]}],[0],0,[0],[0],[0]],[[{"name":"ib_vfx_b_loop_05","rect":[435,205,432,100],"offset":[0,0],"originalSize":[432,100],"capInsets":[0,0,0,0]}],[0],0,[0],[0],[0]],[[{"name":"ib_vfx_b_loop_00","rect":[1,1,410,100],"offset":[11,0],"originalSize":[432,100],"capInsets":[0,0,0,0]}],[0],0,[0],[0],[0]],[[{"name":"ib_vfx_b_loop_04","rect":[1,205,432,100],"offset":[0,0],"originalSize":[432,100],"capInsets":[0,0,0,0]}],[0],0,[0],[0],[0]],[[{"name":"ib_vfx_b_loop_17","rect":[869,1,410,100],"offset":[11,0],"originalSize":[432,100],"rotated":1,"capInsets":[0,0,0,0]}],[0],0,[0],[0],[0]]]]