[1,["40YYMaaNVBcp/HBMzDEOqL"],["_textureSetter"],["cc.SpriteFrame"],0,[[[{"name":"bw_vfx_d_01_12","rect":[545,1119,270,176],"offset":[0,-7],"originalSize":[270,190],"capInsets":[0,0,0,0]}],[0],0,[0],[0],[0]],[[{"name":"bw_vfx_d_01_29","rect":[273,1,270,190],"offset":[0,0],"originalSize":[270,190],"capInsets":[0,0,0,0]}],[0],0,[0],[0],[0]],[[{"name":"bw_vfx_d_01_30","rect":[359,1297,270,176],"offset":[0,-7],"originalSize":[270,190],"rotated":1,"capInsets":[0,0,0,0]}],[0],0,[0],[0],[0]],[[{"name":"bw_vfx_d_01_00","rect":[817,817,270,180],"offset":[0,-5],"originalSize":[270,190],"rotated":1,"capInsets":[0,0,0,0]}],[0],0,[0],[0],[0]],[[{"name":"bw_vfx_d_01_04","rect":[809,1361,270,172],"offset":[0,-9],"originalSize":[270,190],"rotated":1,"capInsets":[0,0,0,0]}],[0],0,[0],[0],[0]],[[{"name":"bw_vfx_d_01_23","rect":[1,193,270,188],"offset":[0,-1],"originalSize":[270,190],"capInsets":[0,0,0,0]}],[0],0,[0],[0],[0]],[[{"name":"bw_vfx_d_01_15","rect":[545,571,270,182],"offset":[0,-4],"originalSize":[270,190],"capInsets":[0,0,0,0]}],[0],0,[0],[0],[0]],[[{"name":"bw_vfx_d_01_14","rect":[273,569,270,182],"offset":[0,-4],"originalSize":[270,190],"capInsets":[0,0,0,0]}],[0],0,[0],[0],[0]],[[{"name":"bw_vfx_d_01_07","rect":[817,273,270,182],"offset":[0,-4],"originalSize":[270,190],"rotated":1,"capInsets":[0,0,0,0]}],[0],0,[0],[0],[0]],[[{"name":"bw_vfx_d_01_27","rect":[545,381,270,188],"offset":[0,-1],"originalSize":[270,190],"capInsets":[0,0,0,0]}],[0],0,[0],[0],[0]],[[{"name":"bw_vfx_d_01_03","rect":[545,939,270,178],"offset":[0,-6],"originalSize":[270,190],"capInsets":[0,0,0,0]}],[0],0,[0],[0],[0]],[[{"name":"bw_vfx_d_01_08","rect":[537,1473,270,172],"offset":[0,-9],"originalSize":[270,190],"capInsets":[0,0,0,0]}],[0],0,[0],[0],[0]],[[{"name":"bw_vfx_d_01_17","rect":[273,753,270,182],"offset":[0,-4],"originalSize":[270,190],"capInsets":[0,0,0,0]}],[0],0,[0],[0],[0]],[[{"name":"bw_vfx_d_01_21","rect":[545,191,270,188],"offset":[0,-1],"originalSize":[270,190],"capInsets":[0,0,0,0]}],[0],0,[0],[0],[0]],[[{"name":"bw_vfx_d_01_13","rect":[1,569,270,182],"offset":[0,-4],"originalSize":[270,190],"capInsets":[0,0,0,0]}],[0],0,[0],[0],[0]],[[{"name":"bw_vfx_d_01_05","rect":[817,1,270,182],"offset":[0,-4],"originalSize":[270,190],"rotated":1,"capInsets":[0,0,0,0]}],[0],0,[0],[0],[0]],[[{"name":"bw_vfx_d_01_26","rect":[273,193,270,188],"offset":[0,-1],"originalSize":[270,190],"capInsets":[0,0,0,0]}],[0],0,[0],[0],[0]],[[{"name":"bw_vfx_d_01_25","rect":[1,937,270,180],"offset":[0,-5],"originalSize":[270,190],"capInsets":[0,0,0,0]}],[0],0,[0],[0],[0]],[[{"name":"bw_vfx_d_01_24","rect":[1,1,270,190],"offset":[0,0],"originalSize":[270,190],"capInsets":[0,0,0,0]}],[0],0,[0],[0],[0]],[[{"name":"bw_vfx_d_01_09","rect":[817,545,270,182],"offset":[0,-4],"originalSize":[270,190],"rotated":1,"capInsets":[0,0,0,0]}],[0],0,[0],[0],[0]],[[{"name":"bw_vfx_d_01_11","rect":[817,1089,270,178],"offset":[0,-6],"originalSize":[270,190],"rotated":1,"capInsets":[0,0,0,0]}],[0],0,[0],[0],[0]],[[{"name":"bw_vfx_d_01_22","rect":[273,383,270,184],"offset":[0,-3],"originalSize":[270,190],"capInsets":[0,0,0,0]}],[0],0,[0],[0],[0]],[[{"name":"bw_vfx_d_01_01","rect":[1,1119,270,176],"offset":[0,-7],"originalSize":[270,190],"capInsets":[0,0,0,0]}],[0],0,[0],[0],[0]],[[{"name":"bw_vfx_d_01_06","rect":[537,1297,270,174],"offset":[0,-8],"originalSize":[270,190],"capInsets":[0,0,0,0]}],[0],0,[0],[0],[0]],[[{"name":"bw_vfx_d_01_16","rect":[1,753,270,182],"offset":[0,-4],"originalSize":[270,190],"capInsets":[0,0,0,0]}],[0],0,[0],[0],[0]],[[{"name":"bw_vfx_d_01_28","rect":[273,937,270,180],"offset":[0,-5],"originalSize":[270,190],"capInsets":[0,0,0,0]}],[0],0,[0],[0],[0]],[[{"name":"bw_vfx_d_01_20","rect":[545,1,270,188],"offset":[0,-1],"originalSize":[270,190],"capInsets":[0,0,0,0]}],[0],0,[0],[0],[0]],[[{"name":"bw_vfx_d_01_10","rect":[273,1119,270,176],"offset":[0,-7],"originalSize":[270,190],"capInsets":[0,0,0,0]}],[0],0,[0],[0],[0]],[[{"name":"bw_vfx_d_01_18","rect":[1,1361,270,178],"offset":[0,-6],"originalSize":[270,190],"rotated":1,"capInsets":[0,0,0,0]}],[0],0,[0],[0],[0]],[[{"name":"bw_vfx_d_01_31","rect":[545,755,270,182],"offset":[0,-4],"originalSize":[270,190],"capInsets":[0,0,0,0]}],[0],0,[0],[0],[0]],[[{"name":"bw_vfx_d_01_02","rect":[181,1297,270,176],"offset":[0,-7],"originalSize":[270,190],"rotated":1,"capInsets":[0,0,0,0]}],[0],0,[0],[0],[0]],[[{"name":"bw_vfx_d_01_19","rect":[1,383,270,184],"offset":[0,-3],"originalSize":[270,190],"capInsets":[0,0,0,0]}],[0],0,[0],[0],[0]]]]