[1,["79Dr+wVYBLM4s6Y+RIfdA6"],["_textureSetter"],["cc.SpriteFrame"],0,[[[{"name":"dragon_aura_screen_mode_15","rect":[125,694,110,229],"offset":[-18,32],"originalSize":[194,421],"capInsets":[0,0,0,0]}],[0],0,[0],[0],[0]],[[{"name":"dragon_aura_screen_mode_08","rect":[380,680,12,15],"offset":[-12,-75],"originalSize":[194,421],"rotated":1,"capInsets":[0,0,0,0]}],[0],0,[0],[0],[0]],[[{"name":"dragon_aura_screen_mode_36","rect":[509,1,94,229],"offset":[0,32],"originalSize":[194,421],"capInsets":[0,0,0,0]}],[0],0,[0],[0],[0]],[[{"name":"dragon_aura_screen_mode_11","rect":[801,648,86,123],"offset":[-15,-21],"originalSize":[194,421],"capInsets":[0,0,0,0]}],[0],0,[0],[0],[0]],[[{"name":"dragon_aura_screen_mode_45","rect":[800,381,112,99],"offset":[0,96],"originalSize":[194,421],"rotated":1,"capInsets":[0,0,0,0]}],[0],0,[0],[0],[0]],[[{"name":"dragon_aura_screen_mode_24","rect":[265,232,112,229],"offset":[-3,32],"originalSize":[194,421],"capInsets":[0,0,0,0]}],[0],0,[0],[0],[0]],[[{"name":"dragon_aura_screen_mode_39","rect":[457,488,94,213],"offset":[-1,40],"originalSize":[194,421],"rotated":1,"capInsets":[0,0,0,0]}],[0],0,[0],[0],[0]],[[{"name":"dragon_aura_screen_mode_26","rect":[251,463,110,229],"offset":[-4,32],"originalSize":[194,421],"capInsets":[0,0,0,0]}],[0],0,[0],[0],[0]],[[{"name":"dragon_aura_screen_mode_20","rect":[135,1,130,229],"offset":[-13,32],"originalSize":[194,421],"capInsets":[0,0,0,0]}],[0],0,[0],[0],[0]],[[{"name":"dragon_aura_screen_mode_29","rect":[716,232,82,229],"offset":[10,32],"originalSize":[194,421],"capInsets":[0,0,0,0]}],[0],0,[0],[0],[0]],[[{"name":"dragon_aura_screen_mode_21","rect":[1,463,130,229],"offset":[-13,32],"originalSize":[194,421],"capInsets":[0,0,0,0]}],[0],0,[0],[0],[0]],[[{"name":"dragon_aura_screen_mode_28","rect":[485,404,82,229],"offset":[8,32],"originalSize":[194,421],"rotated":1,"capInsets":[0,0,0,0]}],[0],0,[0],[0],[0]],[[{"name":"dragon_aura_screen_mode_37","rect":[363,463,92,215],"offset":[-1,39],"originalSize":[194,421],"capInsets":[0,0,0,0]}],[0],0,[0],[0],[0]],[[{"name":"dragon_aura_screen_mode_43","rect":[697,669,102,165],"offset":[0,63],"originalSize":[194,421],"capInsets":[0,0,0,0]}],[0],0,[0],[0],[0]],[[{"name":"dragon_aura_screen_mode_18","rect":[267,1,126,229],"offset":[-15,32],"originalSize":[194,421],"capInsets":[0,0,0,0]}],[0],0,[0],[0],[0]],[[{"name":"dragon_aura_screen_mode_07","rect":[363,680,12,15],"offset":[-12,-75],"originalSize":[194,421],"rotated":1,"capInsets":[0,0,0,0]}],[0],0,[0],[0],[0]],[[{"name":"dragon_aura_screen_mode_12","rect":[770,495,92,151],"offset":[-17,-7],"originalSize":[194,421],"capInsets":[0,0,0,0]}],[0],0,[0],[0],[0]],[[{"name":"dragon_aura_screen_mode_41","rect":[601,678,94,193],"offset":[-1,49],"originalSize":[194,421],"capInsets":[0,0,0,0]}],[0],0,[0],[0],[0]],[[{"name":"dragon_aura_screen_mode_30","rect":[331,694,72,229],"offset":[3,32],"originalSize":[194,421],"capInsets":[0,0,0,0]}],[0],0,[0],[0],[0]],[[{"name":"dragon_aura_screen_mode_42","rect":[672,488,96,179],"offset":[0,57],"originalSize":[194,421],"capInsets":[0,0,0,0]}],[0],0,[0],[0],[0]],[[{"name":"dragon_aura_screen_mode_25","rect":[395,1,112,229],"offset":[-2,32],"originalSize":[194,421],"capInsets":[0,0,0,0]}],[0],0,[0],[0],[0]],[[{"name":"dragon_aura_screen_mode_19","rect":[1,232,130,229],"offset":[-14,32],"originalSize":[194,421],"capInsets":[0,0,0,0]}],[0],0,[0],[0],[0]],[[{"name":"dragon_aura_screen_mode_13","rect":[501,678,98,201],"offset":[-19,18],"originalSize":[194,421],"capInsets":[0,0,0,0]}],[0],0,[0],[0],[0]],[[{"name":"dragon_aura_screen_mode_33","rect":[485,232,86,229],"offset":[-2,32],"originalSize":[194,421],"rotated":1,"capInsets":[0,0,0,0]}],[0],0,[0],[0],[0]],[[{"name":"dragon_aura_screen_mode_47","rect":[405,887,108,47],"offset":[0,122],"originalSize":[194,421],"capInsets":[0,0,0,0]}],[0],0,[0],[0],[0]],[[{"name":"dragon_aura_screen_mode_32","rect":[697,1,86,229],"offset":[-3,32],"originalSize":[194,421],"capInsets":[0,0,0,0]}],[0],0,[0],[0],[0]],[[{"name":"dragon_aura_screen_mode_44","rect":[800,232,108,147],"offset":[0,72],"originalSize":[194,421],"capInsets":[0,0,0,0]}],[0],0,[0],[0],[0]],[[{"name":"dragon_aura_screen_mode_40","rect":[405,680,94,205],"offset":[-1,43],"originalSize":[194,421],"capInsets":[0,0,0,0]}],[0],0,[0],[0],[0]],[[{"name":"dragon_aura_screen_mode_10","rect":[801,773,76,99],"offset":[-18,-33],"originalSize":[194,421],"rotated":1,"capInsets":[0,0,0,0]}],[0],0,[0],[0],[0]],[[{"name":"dragon_aura_screen_mode_31","rect":[785,1,84,229],"offset":[-3,32],"originalSize":[194,421],"capInsets":[0,0,0,0]}],[0],0,[0],[0],[0]],[[{"name":"dragon_aura_screen_mode_35","rect":[237,694,92,229],"offset":[-1,32],"originalSize":[194,421],"capInsets":[0,0,0,0]}],[0],0,[0],[0],[0]],[[{"name":"dragon_aura_screen_mode_23","rect":[1,1,132,229],"offset":[-13,32],"originalSize":[194,421],"capInsets":[0,0,0,0]}],[0],0,[0],[0],[0]],[[{"name":"dragon_aura_screen_mode_14","rect":[379,232,104,223],"offset":[-19,29],"originalSize":[194,421],"capInsets":[0,0,0,0]}],[0],0,[0],[0],[0]],[[{"name":"dragon_aura_screen_mode_17","rect":[1,694,122,229],"offset":[-16,32],"originalSize":[194,421],"capInsets":[0,0,0,0]}],[0],0,[0],[0],[0]],[[{"name":"dragon_aura_screen_mode_34","rect":[605,1,90,229],"offset":[-2,32],"originalSize":[194,421],"capInsets":[0,0,0,0]}],[0],0,[0],[0],[0]],[[{"name":"dragon_aura_screen_mode_22","rect":[133,232,130,229],"offset":[-13,32],"originalSize":[194,421],"capInsets":[0,0,0,0]}],[0],0,[0],[0],[0]],[[{"name":"dragon_aura_screen_mode_38","rect":[457,584,92,213],"offset":[-1,39],"originalSize":[194,421],"rotated":1,"capInsets":[0,0,0,0]}],[0],0,[0],[0],[0]],[[{"name":"dragon_aura_screen_mode_27","rect":[485,320,82,229],"offset":[7,32],"originalSize":[194,421],"rotated":1,"capInsets":[0,0,0,0]}],[0],0,[0],[0],[0]],[[{"name":"dragon_aura_screen_mode_09","rect":[697,836,72,83],"offset":[-19,-41],"originalSize":[194,421],"rotated":1,"capInsets":[0,0,0,0]}],[0],0,[0],[0],[0]],[[{"name":"dragon_aura_screen_mode_16","rect":[133,463,116,229],"offset":[-17,32],"originalSize":[194,421],"capInsets":[0,0,0,0]}],[0],0,[0],[0],[0]]]]