[1,["82npaM/5hK3If5FvnRqZKp"],["_textureSetter"],["cc.SpriteFrame"],0,[[[{"name":"ingot_shine_09","rect":[133,1,6,6],"offset":[-47,7],"originalSize":[512,512],"capInsets":[0,0,0,0]}],[0],0,[0],[0],[0]],[[{"name":"ingot_shine_26","rect":[33,115,3,3],"offset":[-254.5,254.5],"originalSize":[512,512],"capInsets":[0,0,0,0]}],[0],0,[0],[0],[0]],[[{"name":"ingot_shine_23","rect":[33,115,3,3],"offset":[-254.5,254.5],"originalSize":[512,512],"capInsets":[0,0,0,0]}],[0],0,[0],[0],[0]],[[{"name":"ingot_shine_38","rect":[33,115,3,3],"offset":[-254.5,254.5],"originalSize":[512,512],"capInsets":[0,0,0,0]}],[0],0,[0],[0],[0]],[[{"name":"ingot_shine_03","rect":[33,115,3,3],"offset":[-254.5,254.5],"originalSize":[512,512],"capInsets":[0,0,0,0]}],[0],0,[0],[0],[0]],[[{"name":"ingot_shine_01","rect":[33,115,3,3],"offset":[-254.5,254.5],"originalSize":[512,512],"capInsets":[0,0,0,0]}],[0],0,[0],[0],[0]],[[{"name":"ingot_shine_07","rect":[33,115,3,3],"offset":[-254.5,254.5],"originalSize":[512,512],"capInsets":[0,0,0,0]}],[0],0,[0],[0],[0]],[[{"name":"ingot_shine_13","rect":[43,37,36,34],"offset":[-22,-6],"originalSize":[512,512],"capInsets":[0,0,0,0]}],[0],0,[0],[0],[0]],[[{"name":"ingot_shine_16","rect":[39,107,38,32],"offset":[7,-9],"originalSize":[512,512],"capInsets":[0,0,0,0]}],[0],0,[0],[0],[0]],[[{"name":"ingot_shine_35","rect":[33,115,3,3],"offset":[-254.5,254.5],"originalSize":[512,512],"capInsets":[0,0,0,0]}],[0],0,[0],[0],[0]],[[{"name":"ingot_shine_33","rect":[33,115,3,3],"offset":[-254.5,254.5],"originalSize":[512,512],"capInsets":[0,0,0,0]}],[0],0,[0],[0],[0]],[[{"name":"ingot_shine_06","rect":[33,115,3,3],"offset":[-254.5,254.5],"originalSize":[512,512],"capInsets":[0,0,0,0]}],[0],0,[0],[0],[0]],[[{"name":"ingot_shine_31","rect":[33,115,3,3],"offset":[-254.5,254.5],"originalSize":[512,512],"capInsets":[0,0,0,0]}],[0],0,[0],[0],[0]],[[{"name":"ingot_shine_36","rect":[33,115,3,3],"offset":[-254.5,254.5],"originalSize":[512,512],"capInsets":[0,0,0,0]}],[0],0,[0],[0],[0]],[[{"name":"ingot_shine_10","rect":[79,111,26,30],"offset":[-44,4],"originalSize":[512,512],"rotated":1,"capInsets":[0,0,0,0]}],[0],0,[0],[0],[0]],[[{"name":"ingot_shine_21","rect":[1,115,24,30],"offset":[45,3],"originalSize":[512,512],"rotated":1,"capInsets":[0,0,0,0]}],[0],0,[0],[0],[0]],[[{"name":"ingot_shine_37","rect":[33,115,3,3],"offset":[-254.5,254.5],"originalSize":[512,512],"capInsets":[0,0,0,0]}],[0],0,[0],[0],[0]],[[{"name":"ingot_shine_39","rect":[33,115,3,3],"offset":[-254.5,254.5],"originalSize":[512,512],"capInsets":[0,0,0,0]}],[0],0,[0],[0],[0]],[[{"name":"ingot_shine_30","rect":[33,115,3,3],"offset":[-254.5,254.5],"originalSize":[512,512],"capInsets":[0,0,0,0]}],[0],0,[0],[0],[0]],[[{"name":"ingot_shine_27","rect":[33,115,3,3],"offset":[-254.5,254.5],"originalSize":[512,512],"capInsets":[0,0,0,0]}],[0],0,[0],[0],[0]],[[{"name":"ingot_shine_00","rect":[33,115,3,3],"offset":[-254.5,254.5],"originalSize":[512,512],"capInsets":[0,0,0,0]}],[0],0,[0],[0],[0]],[[{"name":"ingot_shine_34","rect":[33,115,3,3],"offset":[-254.5,254.5],"originalSize":[512,512],"capInsets":[0,0,0,0]}],[0],0,[0],[0],[0]],[[{"name":"ingot_shine_12","rect":[1,79,36,34],"offset":[-32,-3],"originalSize":[512,512],"capInsets":[0,0,0,0]}],[0],0,[0],[0],[0]],[[{"name":"ingot_shine_15","rect":[43,73,38,32],"offset":[-3,-9],"originalSize":[512,512],"capInsets":[0,0,0,0]}],[0],0,[0],[0],[0]],[[{"name":"ingot_shine_25","rect":[33,115,3,3],"offset":[-254.5,254.5],"originalSize":[512,512],"capInsets":[0,0,0,0]}],[0],0,[0],[0],[0]],[[{"name":"ingot_shine_24","rect":[33,115,3,3],"offset":[-254.5,254.5],"originalSize":[512,512],"capInsets":[0,0,0,0]}],[0],0,[0],[0],[0]],[[{"name":"ingot_shine_18","rect":[1,41,40,36],"offset":[25,-5],"originalSize":[512,512],"capInsets":[0,0,0,0]}],[0],0,[0],[0],[0]],[[{"name":"ingot_shine_19","rect":[1,1,40,38],"offset":[35,-1],"originalSize":[512,512],"capInsets":[0,0,0,0]}],[0],0,[0],[0],[0]],[[{"name":"ingot_shine_32","rect":[33,115,3,3],"offset":[-254.5,254.5],"originalSize":[512,512],"capInsets":[0,0,0,0]}],[0],0,[0],[0],[0]],[[{"name":"ingot_shine_22","rect":[125,1,6,12],"offset":[47,2],"originalSize":[512,512],"capInsets":[0,0,0,0]}],[0],0,[0],[0],[0]],[[{"name":"ingot_shine_08","rect":[33,115,3,3],"offset":[-254.5,254.5],"originalSize":[512,512],"capInsets":[0,0,0,0]}],[0],0,[0],[0],[0]],[[{"name":"ingot_shine_02","rect":[33,115,3,3],"offset":[-254.5,254.5],"originalSize":[512,512],"capInsets":[0,0,0,0]}],[0],0,[0],[0],[0]],[[{"name":"ingot_shine_14","rect":[85,1,38,32],"offset":[-13,-8],"originalSize":[512,512],"capInsets":[0,0,0,0]}],[0],0,[0],[0],[0]],[[{"name":"ingot_shine_29","rect":[33,115,3,3],"offset":[-254.5,254.5],"originalSize":[512,512],"capInsets":[0,0,0,0]}],[0],0,[0],[0],[0]],[[{"name":"ingot_shine_20","rect":[83,73,34,36],"offset":[40,1],"originalSize":[512,512],"capInsets":[0,0,0,0]}],[0],0,[0],[0],[0]],[[{"name":"ingot_shine_05","rect":[33,115,3,3],"offset":[-254.5,254.5],"originalSize":[512,512],"capInsets":[0,0,0,0]}],[0],0,[0],[0],[0]],[[{"name":"ingot_shine_11","rect":[81,37,34,34],"offset":[-40,1],"originalSize":[512,512],"capInsets":[0,0,0,0]}],[0],0,[0],[0],[0]],[[{"name":"ingot_shine_28","rect":[33,115,3,3],"offset":[-254.5,254.5],"originalSize":[512,512],"capInsets":[0,0,0,0]}],[0],0,[0],[0],[0]],[[{"name":"ingot_shine_17","rect":[43,1,40,34],"offset":[16,-8],"originalSize":[512,512],"capInsets":[0,0,0,0]}],[0],0,[0],[0],[0]],[[{"name":"ingot_shine_04","rect":[33,115,3,3],"offset":[-254.5,254.5],"originalSize":[512,512],"capInsets":[0,0,0,0]}],[0],0,[0],[0],[0]]]]