[1,["d6EudmCIBCb5N68Avws7qd","8diYKQvy9LToxApw3WDBXe","ff84UKQgpEB4o5pBqZ66BV","01hzgzLQpFqoDDs2QWtB0w","6dcuZMW5BCVbB8SYZ3MKAs","4eGjwjhGlK/JO7GCuqL8Nj","a5XlenRGtKk6mzhRnKkzSP","bf3BeBNPBOd68IaYT96Mqk","d1Px+agrNJy4BBYlrxZhFd","96ai6GtPdLW735pLRDuOuN","2fyELBSdpBjpq9Ffcq+DWJ","dczj6P+51EfYVCBslDw2fn","5e0KRu6X5LCq2CiUbu2AKY","26mO6GzQFEDYAfNPUGDmVG","83DiqgCr5DF5L8RKkg6oLW","9f1pa+3IpPILRKZSLNZiDa","fdm8SQh51HYbulSdYmUG/J","d0ybjKI0xEL564M/OGwvbK","9e875FRttDZLzjb5rv86Kg","13WnrKaQFPc4/v91OYdNvV","86fcKhQFtM05TZ2QWTICzx","66nQzkG6JGYY2JUwc1Ch4K","2fJ8PrYd9CeZRLjaH8xqY7","ef8WzABclBa40DBIQwTVaK","c6N9ca6TxJZrZGFF3pXaWr","351SIzCEJM95qKFtKTwBIq","6a6O1U9htJvqvDH8sien3R","86QLNRjytLY7PCN7XuPW2d","d3+E6o96RLA7VHQS1PZGCq","2awx/7iAlC+qdgz2lHU8kR","f4mjYLrztPiLXr9A3DyX7a","dexHIVC45Ld7QvKumKHeqC","64NLy7ysBFTILQVizjwG3A","86N/HgZ1lCY5tgSbKMfUKF","416xC8BJZGmI9NstUjU40d","48+6BE4W1Ji7U36XyLR32Z","ecClTKAXRDG6y+MMuyLOO3","d3ys7qOE1Baru5r3/Y25Yb","37qYQQ45FPSK+4YQaKm/n2","85HumZ7eJMeZxeq72IA9RK","3bn7LwE9lBd6VKnZOfKyZm","edVoWuzE9HeImhALWYRGID","4bnI4XIvZLnKYb6jduiIxN","44oj0shbVHOpStC58+i+Iu","77ddI3X0dOWrCFL8aMT8Bs","d182MU1BZEHK3HHI+DTusb","9bxx7rKqlJ7pBrB4Uzns1k","8enMTfA6dP+5XTyUoBgWWa","e0x4jH8t9GwbBg6tx9OoE2","d2htedOTFFtKEkIRz2kGzp","35ISp1jl1H3JQ9M2YlGjUz","5ajCdrptlC+4N3FhzzntCD","ec34oNigdEQKKGOfCX1rdp","38ihwR08pJyK8HVEsiXEDo","b00lJfC1RLH5TfaYMalRVD","75ruu2WIBOvo4czFu9knum","7baeloEeZLlIc3ITq7i26R","5fG++kCRpNkKWSY00pPJpC","9eDu3jv7hCNqLsrAYV+bNV","37Pr7s3PFJ+4jVYzaVa1cl","92775+w8lOMJJ3Whxivqmp","c3GlkdsfBH+4+5YzQR8Dui","82ZLpdZBNEXLHt4ypcX7YR","f2D9MWAx9A8ZNO16ytEa+w","18sghod0JLDpLllu8yESJE","24+Zn/hpBKwbYfG3jk8Rrz","56UjHD3yxD9qtHh5ace4is","b33TmMub1BFZAaDWkpnwXH","3boKjO7JhEi7BDk8vehubo","bfOMEMuTdH/6mtumtWMLwX","d08ED8r7dPo58tLUMc5ml2","dbW7Ndd5VKvLTu041yBWP4","5aFZiTyLBKgaMsXguaxWZ2","bfh2ct1OxDCIHLejR1RErS","35NaKpOORFRZicH6HOWMJP","bfOSLfhUZKeZoxgfyBQ9rf","48R1lzHvZHwZ7QlfwxLyTZ","7c/UvWv4dPVbIJB7W7bf7Q","d47uwzEWZDrZyVYTYMrA/d","52d/n/kRFCRLwaxHodY2nu","4184WUORBJIpGY6nd8IstJ","ddNsiSY+pNW50DrvOvBduv","3fkwXgHK1KZooP04PEyXem","8cpMBxfLJISbdXneG6hd3u","1595AUSoVCDJqbqEjI/Y5K","2cmXaV0ORGRrSt5N//cSyV","05NjARiZZGmL2pwjN9tkSh","9c8Vt8n1BHrJ5swJm8XGJP","65ewCmZcJBE5lEysrK0LGk","4a1bZ0kNNBG6xveVfI86m8","53JVeLaxpGwpx0Ei92t83n","628EN5mIlBHL3NJta265g2","14nltPOkRFM5ZfXsINYOg9","034Y3bKs9E+KYT9aLARvSC","18r6ObVtxN1rXbQYSHSZJJ","1ePDb6RYNOB56krbk6QNbk","0eqpb2PCJFDokQZHRkf77W","5c95ekUHdGIqxu2jF+Zmy7","ecL83ZjSpDQadY2Z2CPk06","bdbSukA5dJiKf/QQiFW+Du","efgou8nXFEVI5Gx0ySdatZ","71Z1zVewtDoqHTeQujE5vY","52zpXGNT9KKKWg9Lk2aOqd","46TPYO6KdFPoDn/ETlu1l1","beEYk6Uh5GJIYatfgMQPcR","e41OfP9mFMWZPmiqwUvAs3","85bs0E2ZZBdbEjNnsa9gcq","499bV75EVIUqqylEWs9QX/","49ikVuqPdIa56m5MfWLNQy","03yAYfb4NKpKGyPygG0qJZ","29ATeUIp5Pj5WzF56OcTMZ","4fICmXQ1NACpVnkvL3nFWO","b92h9Se8xNuIkhLU4m4SSC","12HL3zINxOeq6vVM+bjz24","c3Ehse7H1E6LGm6qvmfxDu","67004ncBZIeIp80yWGbEmT","281F9Q8ytD6ppTiq7pWm3n","b2vMKwA85IPoml8HMmkNq+","24xO7rGhxMmKb+iAMcHKQ6","9by65N8SRLeLW9cbGDkedr","62pv6+GRRP2bYjA/DpO6xb","26ht6jXW5NrY+BuJVZo2lc"],["value"],[["cc.AnimationClip",["_name","_duration","sample","curveData"],0,11]],[[0,0,1,2,3,4]],[[0,"dragon",3.6666666666666665,18,[{},"paths",11,[{"3":{"props":{"opacity":[{"frame":0,"value":0},{"frame":0.9444444444444444,"value":255},{"frame":3.6666666666666665,"value":0}],"active":[{"frame":0,"value":true}]}},"nodeLight":{"props":{"opacity":[{"frame":0,"value":0},{"frame":0.7222222222222222,"value":0},{"frame":0.8333333333333334,"value":255}]}}},"dragon_particle_screen_mode_05",11,[{"props":{"opacity":[{"frame":0,"value":0},{"frame":0.9444444444444444,"value":255},{"frame":2.111111111111111,"value":255},{"frame":2.2222222222222223,"value":0}],"active":[{"frame":0.9444444444444444,"value":true}]}},"comps",11,[{},"cc.Sprite",11,[{},"spriteFrame",12,[[[{"frame":0.9444444444444444},"value",6,0],[{"frame":1},"value",6,1],[{"frame":1.0555555555555556},"value",6,2],[{"frame":1.1111111111111112},"value",6,3],[{"frame":1.1666666666666667},"value",6,4],[{"frame":1.2222222222222223},"value",6,5],[{"frame":1.2777777777777777},"value",6,6],[{"frame":1.3333333333333333},"value",6,7],[{"frame":1.3888888888888888},"value",6,8],[{"frame":1.4444444444444444},"value",6,9],[{"frame":1.5},"value",6,10],[{"frame":1.5555555555555556},"value",6,11],[{"frame":1.6111111111111112},"value",6,12],[{"frame":1.6666666666666667},"value",6,13],[{"frame":1.7222222222222223},"value",6,14],[{"frame":1.7777777777777777},"value",6,15],[{"frame":1.8333333333333333},"value",6,16],[{"frame":1.8888888888888888},"value",6,17],[{"frame":1.9444444444444444},"value",6,18],[{"frame":2},"value",6,19],[{"frame":2.0555555555555554},"value",6,20]],11,11,11,11,11,11,11,11,11,11,11,11,11,11,11,11,11,11,11,11,11]]]],"dragon_aura_screen_mode_07",11,[{},"comps",11,[{},"cc.Sprite",11,[{},"spriteFrame",12,[[[{"frame":0.16666666666666666},"value",6,21],[{"frame":0.2222222222222222},"value",6,22],[{"frame":0.2777777777777778},"value",6,23],[{"frame":0.3333333333333333},"value",6,24],[{"frame":0.3888888888888889},"value",6,25],[{"frame":0.4444444444444444},"value",6,26],[{"frame":0.5},"value",6,27],[{"frame":0.5555555555555556},"value",6,28],[{"frame":0.6111111111111112},"value",6,29],[{"frame":0.6666666666666666},"value",6,30],[{"frame":0.7222222222222222},"value",6,31],[{"frame":0.7777777777777778},"value",6,32],[{"frame":0.8333333333333334},"value",6,33],[{"frame":0.8888888888888888},"value",6,34],[{"frame":0.9444444444444444},"value",6,35],[{"frame":1},"value",6,36],[{"frame":1.0555555555555556},"value",6,37],[{"frame":1.1111111111111112},"value",6,38],[{"frame":1.1666666666666667},"value",6,39],[{"frame":1.2222222222222223},"value",6,40],[{"frame":1.2777777777777777},"value",6,41],[{"frame":1.3333333333333333},"value",6,42],[{"frame":1.3888888888888888},"value",6,43],[{"frame":1.4444444444444444},"value",6,44],[{"frame":1.5},"value",6,45],[{"frame":1.5555555555555556},"value",6,46],[{"frame":1.6111111111111112},"value",6,47],[{"frame":1.6666666666666667},"value",6,48],[{"frame":1.7222222222222223},"value",6,49],[{"frame":1.7777777777777777},"value",6,50],[{"frame":1.8333333333333333},"value",6,51],[{"frame":1.8888888888888888},"value",6,52],[{"frame":1.9444444444444444},"value",6,53],[{"frame":2},"value",6,54],[{"frame":2.0555555555555554},"value",6,55],[{"frame":2.111111111111111},"value",6,56],[{"frame":2.1666666666666665},"value",6,57],[{"frame":2.2222222222222223},"value",6,58],[{"frame":2.2777777777777777},"value",6,59],[{"frame":2.3333333333333335},"value",6,60]],11,11,11,11,11,11,11,11,11,11,11,11,11,11,11,11,11,11,11,11,11,11,11,11,11,11,11,11,11,11,11,11,11,11,11,11,11,11,11,11]]]],"dragon_particle_screen_mode_08",11,[{"props":{"opacity":[{"frame":0,"value":0},{"frame":1,"value":0},{"frame":1.0555555555555556,"value":255},{"frame":2,"value":255},{"frame":2.0555555555555554,"value":0}]}},"comps",11,[{},"cc.Sprite",11,[{},"spriteFrame",12,[[[{"frame":1.0555555555555556},"value",6,61],[{"frame":1.1111111111111112},"value",6,62],[{"frame":1.1666666666666667},"value",6,63],[{"frame":1.2222222222222223},"value",6,64],[{"frame":1.2777777777777777},"value",6,65],[{"frame":1.3333333333333333},"value",6,66],[{"frame":1.3888888888888888},"value",6,67],[{"frame":1.4444444444444444},"value",6,68],[{"frame":1.5},"value",6,69],[{"frame":1.5555555555555556},"value",6,70],[{"frame":1.6111111111111112},"value",6,71],[{"frame":1.6666666666666667},"value",6,72],[{"frame":1.7222222222222223},"value",6,73],[{"frame":1.7777777777777777},"value",6,74],[{"frame":1.8333333333333333},"value",6,75],[{"frame":1.8888888888888888},"value",6,76],[{"frame":1.9444444444444444},"value",6,77]],11,11,11,11,11,11,11,11,11,11,11,11,11,11,11,11,11]]]],"dragon_trail_screen_mode_04",11,[{"props":{"position":[{"frame":0,"value":[2.007,87.504997,0]},{"frame":1.3333333333333333,"value":[1.412,66.543999,0]}],"opacity":[{"frame":0,"value":120},{"frame":1.2777777777777777,"value":120},{"frame":1.3333333333333333,"value":0}]}},"comps",11,[{},"cc.Sprite",11,[{},"spriteFrame",12,[[[{"frame":0},"value",6,78],[{"frame":0.05555555555555555},"value",6,79],[{"frame":0.1111111111111111},"value",6,80],[{"frame":0.16666666666666666},"value",6,81],[{"frame":0.2222222222222222},"value",6,82],[{"frame":0.2777777777777778},"value",6,83],[{"frame":0.3333333333333333},"value",6,84],[{"frame":0.3888888888888889},"value",6,85],[{"frame":0.4444444444444444},"value",6,86],[{"frame":0.5},"value",6,87],[{"frame":0.5555555555555556},"value",6,88],[{"frame":0.6111111111111112},"value",6,89],[{"frame":0.6666666666666666},"value",6,90],[{"frame":0.7222222222222222},"value",6,91],[{"frame":0.7777777777777778},"value",6,92],[{"frame":0.8333333333333334},"value",6,93],[{"frame":0.8888888888888888},"value",6,94],[{"frame":0.9444444444444444},"value",6,95],[{"frame":1},"value",6,96],[{"frame":1.0555555555555556},"value",6,97],[{"frame":1.1111111111111112},"value",6,98],[{"frame":1.1666666666666667},"value",6,99]],11,11,11,11,11,11,11,11,11,11,11,11,11,11,11,11,11,11,11,11,11,11]]]],"dragon_normal_mode_04",11,[{},"comps",11,[{},"cc.Sprite",11,[{},"spriteFrame",12,[[[{"frame":0},"value",6,100],[{"frame":0.05555555555555555},"value",6,101],[{"frame":0.1111111111111111},"value",6,102],[{"frame":0.16666666666666666},"value",6,103],[{"frame":0.2222222222222222},"value",6,104],[{"frame":0.2777777777777778},"value",6,105],[{"frame":0.3333333333333333},"value",6,106],[{"frame":0.3888888888888889},"value",6,107],[{"frame":0.4444444444444444},"value",6,108],[{"frame":0.5},"value",6,109],[{"frame":0.5555555555555556},"value",6,110],[{"frame":0.6111111111111112},"value",6,111],[{"frame":0.6666666666666666},"value",6,112],[{"frame":0.7222222222222222},"value",6,113],[{"frame":0.7777777777777778},"value",6,114],[{"frame":0.8333333333333334},"value",6,115],[{"frame":0.8888888888888888},"value",6,116],[{"frame":0.9444444444444444},"value",6,117],[{"frame":1},"value",6,118],[{"frame":1.0555555555555556},"value",6,119],[{"frame":1.1111111111111112},"value",6,120],[{"frame":1.1666666666666667},"value",6,121]],11,11,11,11,11,11,11,11,11,11,11,11,11,11,11,11,11,11,11,11,11,11]]]]]]]],0,0,[0,0,0,0,0,0,0,0,0,0,0,0,0,0,0,0,0,0,0,0,0,0,0,0,0,0,0,0,0,0,0,0,0,0,0,0,0,0,0,0,0,0,0,0,0,0,0,0,0,0,0,0,0,0,0,0,0,0,0,0,0,0,0,0,0,0,0,0,0,0,0,0,0,0,0,0,0,0,0,0,0,0,0,0,0,0,0,0,0,0,0,0,0,0,0,0,0,0,0,0,0,0,0,0,0,0,0,0,0,0,0,0,0,0,0,0,0,0,0,0,0,0],[0,0,0,0,0,0,0,0,0,0,0,0,0,0,0,0,0,0,0,0,0,0,0,0,0,0,0,0,0,0,0,0,0,0,0,0,0,0,0,0,0,0,0,0,0,0,0,0,0,0,0,0,0,0,0,0,0,0,0,0,0,0,0,0,0,0,0,0,0,0,0,0,0,0,0,0,0,0,0,0,0,0,0,0,0,0,0,0,0,0,0,0,0,0,0,0,0,0,0,0,0,0,0,0,0,0,0,0,0,0,0,0,0,0,0,0,0,0,0,0,0,0],[0,1,2,3,4,5,6,7,8,9,10,11,12,13,14,15,16,17,18,19,20,21,22,23,24,25,26,27,28,29,30,31,32,33,34,35,36,37,38,39,40,41,42,43,44,45,46,47,48,49,50,51,52,53,54,55,56,57,58,59,60,61,62,63,64,65,66,67,68,69,70,71,72,73,74,75,76,77,78,79,80,81,82,83,84,85,86,87,88,89,90,91,92,93,94,95,96,97,98,99,100,101,102,103,104,105,106,107,108,109,110,111,112,113,114,115,116,117,118,119,120,121]]