[1,["beXNlj9yBFHL1okRGJXZvB","4aq9KII3lPxrsc+scjzEkP","7a8aGAj5tERbFVNQV6+DMy","ca3yC0msNPNbnmbRnYYJ/2","642iYqGRhHeZ+dGg3xdQ/n"],["_textureSetter","wild_vfx_e_01","wild_vfx_e","wild_vfx_a","wild_vfx_b"],["cc.SpriteFrame",["cc.SpriteAtlas",["_name","_spriteFrames"],2,11]],[[1,0,1,2]],[[[{"name":"wild_vfx_e_01","rect":[281,956,105,302],"offset":[0,0],"originalSize":[105,302],"capInsets":[0,0,0,0]}],[0],0,[0],[0],[0]],[[[0,"Alats10.plist",[{},"wild_vfx_e_01",6,0,"wild_vfx_e",6,1,"wild_vfx_a",6,2,"wild_vfx_b",6,3]]],0,0,[0,0,0,0],[1,2,3,4],[1,2,3,4]]]]