[1,["ecpdLyjvZBwrvm+cedCcQy","40GZfBiAlNvIe8ntboxGXK","b5PusO1PdNtLdts7oQ4P7G","9eXodM2jNPOIYYTgEFK7Bc","ce6Lpaa+JDeawl5i6B3lRM","3aHHfGfeFD1aBy8LBLsJT/","7aah/GojpISIDZ+HZeAdqb","4eu7WaGWFM5aFWTmdfuzMf","dep60NszBELZLAY1a713xU","edl0T2q5dDlaswLW60aid9","e5HpvRxlZK4pF/fSVrCSGM","86Z8C7M5BLs4M+1Y1KHpJd","e16cjocjFCc6sEuSsIoRe7","09ci2nzqlJcac3DdHi5tkW","d8i1FPFmlO2b/CLFe19vQJ","30Qb7C+ElHrbJd2UsvHlyO","f6OCH/PdZIfY88CGWz5Le8","2frEZ/DgdAK6RJgbXmGlKh","fbWtKH17xKF73encyUssxF","bblKwYDHdJ2JkoEKeVHZas","9756fV8LFI/L50uvoEy8YZ","202YgNceRGsIs2uSjgkTqk","0exWrm6LlN2JroyWH3WWMn","28NtUDrStKbZ7DxPL9IhQZ","c4sZrVKSFL15AT+nE5eJad","cbyostN4BEO4ogLfDsq6Bg"],["node","_spriteFrame","_textureSetter","root","_N$file","_parent","data"],["cc.SpriteFrame",["cc.Node",["_name","_opacity","_prefab","_components","_parent","_trs","_contentSize","_children"],1,4,9,1,7,5,12],["cc.Sprite",["_dstBlendFactor","_sizeMode","node","_materials","_spriteFrame"],1,1,3,6],["cc.Node",["_name","_parent","_children","_prefab","_components","_contentSize","_trs"],2,1,2,4,9,5,7],["cc.PrefabInfo",["fileId","root","asset"],2,1,1],["cc.Label",["_string","_fontSize","_isSystemFontUsed","_spacingX","node","_materials","_N$file"],-1,1,3,6],["cc.Prefab",["_name"],2],["cc.Animation",["node","_clips"],3,1,3],["51285Z3WLtLkq3nj7qtpTPH",["node"],3,1]],[[4,0,1,2,2],[1,0,4,3,2,6,5,2],[2,2,3,4,1],[2,0,2,3,4,2],[1,0,1,4,3,2,6,5,3],[6,0,2],[1,0,7,3,2,2],[1,0,4,2,5,2],[1,0,4,3,2,6,2],[3,0,1,2,3,2],[3,0,1,2,4,3,5,6,2],[4,1,2,1],[7,0,1,1],[2,1,2,3,4,2],[5,0,1,2,3,4,5,6,5],[5,0,1,2,4,5,6,4],[8,0,1]],[[[{"name":"tw_vfx_j_03_normal","rect":[1,0,287,498],"offset":[0.5,0],"originalSize":[288,498],"capInsets":[0,0,0,0]}],[0],0,[0],[2],[2]],[[{"name":"tw_vfx_j_01_normal","rect":[0,0,293,382],"offset":[-0.5,0],"originalSize":[294,382],"capInsets":[0,0,0,0]}],[0],0,[0],[2],[3]],[[{"name":"tw","rect":[1,1,623,149],"offset":[0,0],"originalSize":[625,151],"capInsets":[0,0,0,0]}],[0],0,[0],[2],[4]],[[{"name":"tw_vfx_j_05_normal","rect":[0,0,236,259],"offset":[0,0],"originalSize":[236,259],"capInsets":[0,0,0,0]}],[0],0,[0],[2],[5]],[[{"name":"tw_vfx_a_normal","rect":[0,0,540,840],"offset":[0,0],"originalSize":[540,840],"capInsets":[0,0,0,0]}],[0],0,[0],[2],[6]],[[{"name":"tw_vfx_j_02_normal","rect":[0,0,347,297],"offset":[0,0.5],"originalSize":[347,298],"capInsets":[0,0,0,0]}],[0],0,[0],[2],[7]],[[[5,"EndFreeSpin"],[6,"EndFreeSpin",[[-3,-4,-5,-6,-7,-8,-9,-10,-11,-12,[7,"ParentXu",-14,[0,"6daL3CmDZJ1pM1o5Ysn/UX",-13,0],[0,-177.035,0,0,0,0,1,1,1,1]],-15,-16],1,1,1,1,1,1,1,1,1,1,4,1,1],[[12,-2,[32]]],[11,-1,0]],[9,"ParentLabel",1,[-17,-18,-19,-20],[0,"3e/49CTm9M57tzmY7/E1PX",1,0]],[10,"bl_vfx_g_add",1,[-22],[[3,1,-21,[20],21]],[0,"19hDZ6cL5AALVahhWb0e1E",1,0],[5,378,378],[0,-150.103,0,0,0,0,1,3,2,1]],[1,"freeFont",2,[[14,"10.000.000",25,false,-5,-23,[28],29],[16,-24]],[0,"7eLhXlZZhPvrei+FpUSh5L",1,0],[5,687.03,40],[0,-119.04,0,0,0,0,1,1,1,1]],[8,"tw_vfx_a_normal",1,[[13,0,-25,[0],1]],[0,"c5sEoK13ROQaNiovE3fLaQ",1,0],[5,720,1280]],[1,"tw_vfx_b_normal",1,[[2,-26,[2],3]],[0,"37FdeXW01FhbxxCGtc17Bp",1,0],[5,756,1169],[0,97.329,0,0,0,0,1,1,1,1]],[1,"tw_vfx_d_normal",1,[[2,-27,[4],5]],[0,"be4tb8zvhJj5w9JbaoqO9f",1,0],[5,756,512],[0,-389.316,0,0,0,0,1,1,1,1]],[1,"tw_vfx_j_01_normal",1,[[2,-28,[6],7]],[0,"14zRadqldIHakei9R5/ckw",1,0],[5,293,382],[-216.287,-299.196,0,0,0,0,1,1,1,1]],[1,"tw_vfx_j_02_normal",1,[[2,-29,[8],9]],[0,"80T4y2lexBSKweqqH7lxFW",1,0],[5,347,297],[-183.843,-144.191,0,0,0,0,1,1,1,1]],[1,"tw_vfx_j_03_normal",1,[[2,-30,[10],11]],[0,"b41DUOzDtN0a8oFVB0SDuk",1,0],[5,287,498],[140.586,-93.724,0,0,0,0,1,1,1,1]],[1,"tw_vfx_j_05_normal",1,[[2,-31,[12],13]],[0,"6a2fBvzmJKLr0sL2W/D4nj",1,0],[5,236,259],[-237.915,508.273,0,0,0,0,1,1,1,1]],[4,"bl_vfx_c_add_00",100,1,[[3,1,-32,[14],15]],[0,"c4BZSMnVxGY6spfdk8QSVz",1,0],[5,216,248],[0,-534.553,0,0,0,0,1,3.5,3.5,1]],[4,"bl_vfx_c_add_00 copy",100,1,[[3,1,-33,[16],17]],[0,"48qa1Px2VOMKOVrhLnu5KW",1,0],[5,216,248],[0,229.663,0,0,0,0,1,3.5,-3.5,1]],[4,"bw_vfx_i_add",50,3,[[3,1,-34,[18],19]],[0,"83/reIZ59DzYjhGnte7JcK",1,0],[5,537,469],[0,13.0585,0,0,0,0,1,0.66667,0.75,0.66667]],[1,"numFS",2,[[15,"8",35,false,-35,[22],23]],[0,"bb1PzZmmxFBpdDaEYmpnWk",1,0],[5,78.75,40],[-176.075,223.082,0,0,0,0,1,1,1,1]],[1,"fs_s",2,[[2,-36,[24],25]],[0,"06aNEZTKJDUpYhiLlCliUw",1,0],[5,271,46],[85.466,186.192,0,0,0,0,1,1.3,1.3,1.3]],[1,"tw",2,[[2,-37,[26],27]],[0,"d3MTGERI1LmYF8SEHwYgH2",1,0],[5,623,149],[0,36.628,0,0,0,0,1,1,1,1]],[1,"scale",1,[[3,1,-38,[30],31]],[0,"b4qZFOXZBFdaBLpzrdc2vV",1,0],[5,328,340],[0,-161.773,0,0,0,0,1,0,0,1]]],0,[0,3,1,0,0,1,0,-1,5,0,-2,6,0,-3,7,0,-4,8,0,-5,9,0,-6,10,0,-7,11,0,-8,12,0,-9,13,0,-10,3,0,3,1,0,5,1,0,-12,2,0,-13,18,0,-1,15,0,-2,16,0,-3,17,0,-4,4,0,0,3,0,-1,14,0,0,4,0,0,4,0,0,5,0,0,6,0,0,7,0,0,8,0,0,9,0,0,10,0,0,11,0,0,12,0,0,13,0,0,14,0,0,15,0,0,16,0,0,17,0,0,18,0,6,1,38],[0,0,0,0,0,0,0,0,0,0,0,0,0,0,0,0,0,0,0,0,0,0,0,0,0,0,0,0,0,0,0,0,0],[-1,1,-1,1,-1,1,-1,1,-1,1,-1,1,-1,1,-1,1,-1,1,-1,1,-1,1,-1,4,-1,1,-1,1,-1,4,-1,1,-1],[0,8,0,9,0,10,0,11,0,12,0,13,0,14,0,1,0,1,0,15,0,16,0,17,0,18,0,19,0,20,0,21,22]],[[{"name":"tw_vfx_d_normal","rect":[0,19,756,512],"offset":[0,-9.5],"originalSize":[756,531],"capInsets":[0,0,0,0]}],[0],0,[0],[2],[23]],[[{"name":"tw_vfx_b_normal","rect":[0,8,756,1169],"offset":[0,-3],"originalSize":[756,1179],"capInsets":[0,0,0,0]}],[0],0,[0],[2],[24]],[[{"name":"fs_s","rect":[5,5,271,46],"offset":[0.5,0],"originalSize":[280,56],"capInsets":[0,0,0,0]}],[0],0,[0],[2],[25]]]]