[1,["d43jIOjjJGIKxIdGXlIBoQ"],["_textureSetter"],["cc.SpriteFrame"],0,[[[{"name":"infoboard_lv02_vfx_c_add","rect":[544,435,432,66],"offset":[0,0],"originalSize":[432,66],"rotated":1,"capInsets":[0,0,0,0]}],[0],0,[0],[0],[0]],[[{"name":"infoboard_lv02_vfx_e_add","rect":[678,435,352,50],"offset":[0,0],"originalSize":[352,50],"rotated":1,"capInsets":[0,0,0,0]}],[0],0,[0],[0],[0]],[[{"name":"infoboard_lv02_vfx_b_add","rect":[366,377,432,94],"offset":[0,0],"originalSize":[432,94],"rotated":1,"capInsets":[0,0,0,0]}],[0],0,[0],[0],[0]],[[{"name":"infoboard_lv02_vfx_c_add_2","rect":[1,1,756,116],"offset":[0,0],"originalSize":[756,116],"rotated":1,"capInsets":[0,0,0,0]}],[0],0,[0],[0],[0]],[[{"name":"infoboard_vfx_a_screen_bonus","rect":[612,435,432,64],"offset":[0,0],"originalSize":[432,64],"rotated":1,"capInsets":[0,0,0,0]}],[0],0,[0],[0],[0]],[[{"name":"infoboard_vfx_a_screen","rect":[1,939,420,62],"offset":[0,0],"originalSize":[420,62],"capInsets":[0,0,0,0]}],[0],0,[0],[0],[0]]]]