[1,["ecpdLyjvZBwrvm+cedCcQy","4eFdukDYJEQYXLqgEHAchr","81gotNhsFJ4oG7ZOVuq57C","3e4kaLf7lCWJHMQ4yIhsJg","3ee2468b-7fb9-4258-91cc-438c8886c260@6c48a","d6EudmCIBCb5N68Avws7qd","66nQzkG6JGYY2JUwc1Ch4K","c3GlkdsfBH+4+5YzQR8Dui","efgou8nXFEVI5Gx0ySdatZ","d47uwzEWZDrZyVYTYMrA/d"],["node","_spriteFrame","_textureSetter","root","dragonAnim","data","_defaultClip"],[["cc.Node",["_name","_opacity","_active","_prefab","_contentSize","_components","_trs","_parent","_children","_anchorPoint","_eulerAngles"],0,4,5,9,7,1,2,5,5],["cc.PrefabInfo",["fileId","root","asset"],2,1,1],["cc.Sprite",["_dstBlendFactor","_sizeMode","_isTrimmedMode","node","_materials","_spriteFrame"],0,1,3,6],"cc.SpriteFrame",["cc.Prefab",["_name"],2],["cc.Node",["_name","_parent","_children","_components","_prefab","_contentSize","_trs"],2,1,2,2,4,5,7],["d1c2eYXxEZHEIK0yqVnpNzU",["node","dragonAnim"],3,1,1],["cc.Animation",["node","_clips"],3,1,3]],[[1,0,1,2,2],[2,0,1,2,3,4,5,4],[0,0,1,7,5,3,4,6,3],[2,0,3,4,5,2],[0,0,2,7,5,3,4,6,3],[0,0,7,5,3,4,9,6,10,2],[4,0,2],[0,0,8,5,3,4,6,2],[0,0,1,7,8,3,4,3],[0,0,7,5,3,4,6,2],[5,0,1,2,3,4,5,6,2],[6,0,1,1],[1,1,2,1],[7,0,1,1]],[[[{"name":"3","rect":[0,0,363,626],"offset":[0,0],"originalSize":[363,626],"capInsets":[0,0,0,0]}],[3],0,[0],[2],[3]],[[[6,"DragonFreeSpin"],[7,"DragonFreeSpin",[-4],[[11,-3,-2]],[12,-1,0],[5,600,505],[0,0,0,0,0,0,1,1.3,1.3,1]],[10,"dragon_normal_mode_04",1,[-6,-7,-8,-9,-10,-11,-12],[-5],[0,"9blFWPrHVOxJezO6tS1O7V",1,0],[5,270,585],[0,-152,0,0,0,0,1,1,1,1]],[8,"nodeLight",0,2,[-13,-14],[0,"94d2iL9ixDebdTjxIj/Nsx",1,0],[5,100,100]],[4,"3",false,2,[[3,1,-15,[0],1]],[0,"89AdhLcjJEC5A1Jm2hcwJW",1,0],[5,363,626],[0,141.169,0,0,0,0,1,1.5,1.1,1]],[4,"dragon_particle_screen_mode_05",false,2,[[1,1,2,false,-16,[2],3]],[0,"b4DLv/lxZGCJSjeoUlhsJA",1,0],[5,194,421],[0,0,0,0,0,0,1,2,2,1]],[2,"dragon_aura_screen_mode_07",150,2,[[1,1,2,false,-17,[4],5]],[0,"8ayDuCDXBKSbwVSQMbFoHZ",1,0],[5,194,421],[4.66,31,0,0,0,0,1,3,3,1]],[2,"dragon_particle_screen_mode_08",200,2,[[1,1,2,false,-18,[6],7]],[0,"851utkvBlGyohBtYiMBwOQ",1,0],[5,194,421],[0,0,0,0,0,0,1,2,2,1]],[2,"dragon_trail_screen_mode_04",120,2,[[1,1,2,false,-19,[8],9]],[0,"e6shT2CFxMvIzJMwxpOH5g",1,0],[5,270,585],[2.571,90.133,0,0,0,0,1,4,4,1]],[9,"dragon_normal_mode_04",2,[[1,1,2,false,-20,[10],11]],[0,"09w3jd5PpL1owprdrkK4am",1,0],[5,140,304],[0,78.265,0,0,0,0,1,2,2.1,1]],[5,"bonus_glow_d",3,[[3,1,-21,[12],13]],[0,"5fiCilN4BGR7EoHhbrGhMD",1,0],[5,324,284],[0,1,0.5],[-46,464,0,0,0,0.7071067811865475,0.7071067811865476,2,-0.05,1],[1,0,0,90]],[5,"bonus_glow_d-001",3,[[3,1,-22,[14],15]],[0,"9b0oux2YhI7quC1bsyQ0nJ",1,0],[5,324,284],[0,1,0.5],[-46,464,0,0,0,0.7071067811865475,0.7071067811865476,2,0.05,1],[1,0,0,90]],[13,2,[16]]],0,[0,3,1,0,4,12,0,0,1,0,-1,2,0,-1,12,0,-1,4,0,-2,5,0,-3,6,0,-4,7,0,-5,8,0,-6,9,0,-7,3,0,-1,10,0,-2,11,0,0,4,0,0,5,0,0,6,0,0,7,0,0,8,0,0,9,0,0,10,0,0,11,0,5,1,22],[0,0,0,0,0,0,0,0,0,0,0,0,0,0,0,0,0,12],[-1,1,-1,1,-1,1,-1,1,-1,1,-1,1,-1,1,-1,1,-1,6],[0,4,0,5,0,6,0,7,0,8,0,9,0,1,0,1,2,2]]]]