[1,["8aqyfVRhVGA5THyvZeHcrS"],["_textureSetter"],["cc.SpriteFrame"],0,[[[{"name":"fast_vfx_a_06","rect":[231,1,113,574],"offset":[-23,0],"originalSize":[199,616],"capInsets":[0,0,0,0]}],[0],0,[0],[0],[0]],[[{"name":"fast_vfx_a_08","rect":[461,1,113,574],"offset":[-23,0],"originalSize":[199,616],"capInsets":[0,0,0,0]}],[0],0,[0],[0],[0]],[[{"name":"fast_vfx_a_09","rect":[576,1,113,574],"offset":[-23,0],"originalSize":[199,616],"capInsets":[0,0,0,0]}],[0],0,[0],[0],[0]],[[{"name":"fast_vfx_a_07","rect":[346,1,113,574],"offset":[-23,0],"originalSize":[199,616],"capInsets":[0,0,0,0]}],[0],0,[0],[0],[0]],[[{"name":"fast_vfx_a_10","rect":[1,692,113,574],"offset":[-23,0],"originalSize":[199,616],"rotated":1,"capInsets":[0,0,0,0]}],[0],0,[0],[0],[0]],[[{"name":"fast_vfx_a_12","rect":[691,1,113,574],"offset":[-23,0],"originalSize":[199,616],"capInsets":[0,0,0,0]}],[0],0,[0],[0],[0]],[[{"name":"fast_vfx_a_11","rect":[1,807,113,574],"offset":[-23,0],"originalSize":[199,616],"rotated":1,"capInsets":[0,0,0,0]}],[0],0,[0],[0],[0]],[[{"name":"fast_vfx_a_05","rect":[116,1,113,574],"offset":[-23,0],"originalSize":[199,616],"capInsets":[0,0,0,0]}],[0],0,[0],[0],[0]]]]