[1,["4c+aeRvzZH7oi/UyunpD3Y","20gvMcRvtLCrrjbLxeLS3b","24y9Txg39J4aCCyWqyV7Ca","05Q1VEW3JMEJ+uB3v2d35Y","48GjUZ+bVD4Ke9AqIDEsOF","82DsdoU65KVKsP5jLeUlaD","e9vjPiwDFAI4fZ2VG+V+Tt","deCwtmXKNJnYbYhWRYRSng","b89wzkeIlBTqPTmol9vAtB","05mpPrPx9OM6RrUPZSs6bA","96+KT9Pj9K2JtUIUHUt44m","69NCTltppG7rcOIcyF9yM+","94zNppqnFAp5jn+bnhPZN1","91Eu4hRF1Pjo1Z/st1gAse","04tbTzY55E9qzkUynDax1t","bbQsWFDApI0a3fvRyLvNW0","32uFxe7yRLgJcMJfsejbU3","9dimYALrVKt5eg8x+VnK4D","7fhsAiLTRJBLiKt/AEZIlh"],["value"],[["cc.AnimationClip",["_name","_duration","sample","curveData"],0,11]],[[0,0,1,2,3,4]],[[0,"takeSymbol2",1.16,50,[{},"paths",11,[{"win_glow_c":{"props":{"opacity":[{"frame":0,"value":0}]}},"win_flare_a":{"props":{"opacity":[{"frame":0,"value":255},{"frame":0.56,"value":0}]}},"win_flare_b":{"props":{"scale":[],"opacity":[{"frame":0,"value":255},{"frame":0.44,"value":255},{"frame":0.8,"value":0}]}},"win_vfx_a_1x1_00":{"props":{"opacity":[{"frame":0,"value":0}]}}},"bkg",11,[{},"props",11,[{"opacity":[],"position":[{"frame":0,"value":[0,-15,0]},{"frame":0.24,"value":[0,0,0]},{"frame":1.14,"value":[-2.373,-11.791,0]}]},"scale",12,[[[{"frame":0},"value",8,[1,1,1,1]],[{"frame":1.14},"value",8,[1,0.93,0.93,1]]],11,11]],"comps",11,[{},"cc.Sprite",11,[{},"spriteFrame",12,[[[{"frame":0},"value",6,0],[{"frame":0.1},"value",6,1],[{"frame":0.18},"value",6,2],[{"frame":0.24},"value",6,3],[{"frame":0.3},"value",6,4],[{"frame":0.36},"value",6,5],[{"frame":0.42},"value",6,6],[{"frame":0.48},"value",6,7],[{"frame":0.54},"value",6,8],[{"frame":0.6},"value",6,9],[{"frame":0.66},"value",6,10],[{"frame":0.72},"value",6,11],[{"frame":0.78},"value",6,12],[{"frame":0.84},"value",6,13],[{"frame":0.9},"value",6,14],[{"frame":0.96},"value",6,15],[{"frame":1.02},"value",6,16],[{"frame":1.08},"value",6,17],[{"frame":1.14},"value",6,18]],11,11,11,11,11,11,11,11,11,11,11,11,11,11,11,11,11,11,11]]]],"win_glow_b",11,[{},"props",11,[{"opacity":[{"frame":0,"value":0},{"frame":0.5,"value":0}]},"scale",12,[[[{"frame":0},"value",8,[1,3,3,1]],[{"frame":0.5},"value",8,[1,3.5,4,1]]],11,11]]],"item",11,[{},"props",11,[{},"scale",12,[[[{"frame":0.06},"value",8,[1,1,1,1]],[{"frame":0.34},"value",8,[1,0,1,1]]],11,11]]],"wild_b",11,[{},"props",11,[{"opacity":[{"frame":0,"value":0},{"frame":0.56,"value":0},{"frame":0.58,"value":255}]},"scale",12,[[[{"frame":0},"value",8,[1,1,1,1]],[{"frame":0.56},"value",8,[1,1.25,1,1]],[{"frame":0.76},"value",8,[1,1,1,1]]],11,11,11]]],"takeSymbol",11,[{},"props",11,[{"opacity":[{"frame":0,"value":255},{"frame":0.06,"value":255},{"frame":0.5,"value":0}]},"scale",12,[[[{"frame":0},"value",8,[1,1.666667,1.666667,1]],[{"frame":0.5},"value",8,[1,2.4,2.4,1]]],11,11]]]]]]],0,0,[0,0,0,0,0,0,0,0,0,0,0,0,0,0,0,0,0,0,0],[0,0,0,0,0,0,0,0,0,0,0,0,0,0,0,0,0,0,0],[0,1,2,3,4,5,6,7,8,9,10,11,12,13,14,15,16,17,18]]