[1,["7dHmZLgxFKnq6IN7/04S/r","04dkDMwUZLOLvCrM54SIAb","8035OYbOlLZbxOLfwT0d5P","55A3NpToxDQoU4r8kemafy","38TmuTDWdFv7/AGeOdOmKN","84Dle7x6tDaKT/QNbvg54i"],["freespin_ambient_vfx_b_add","freespin_bg","freespin_ambient_vfx_d_screen","freespin_ambient_vfx_c_add","freespin_ambient_vfx_a_screen","_textureSetter"],["cc.SpriteFrame",["cc.SpriteAtlas",["_name","_spriteFrames"],2,11]],[[1,0,1,2]],[[[[0,"Alats71.plist",[{},"freespin_ambient_vfx_b_add",6,0,"freespin_bg",6,1,"freespin_ambient_vfx_d_screen",6,2,"freespin_ambient_vfx_c_add",6,3,"freespin_ambient_vfx_a_screen",6,4]]],0,0,[0,0,0,0,0],[0,1,2,3,4],[0,1,2,3,4]],[[{"name":"freespin_ambient_vfx_a_screen","rect":[1,1641,400,266],"offset":[0,0],"originalSize":[400,266],"capInsets":[0,0,0,0]}],[0],0,[0],[5],[5]]]]