[1,["95mTwKV6BGxp3xaa9Rj4di"],["_textureSetter"],["cc.SpriteFrame"],0,[[[{"name":"snow_01","rect":[1,297,144,144],"offset":[4,6],"originalSize":[160,160],"capInsets":[0,0,0,0]}],[0],0,[0],[0],[0]],[[{"name":"snow_06","rect":[273,151,34,130],"offset":[0,0],"originalSize":[160,160],"capInsets":[0,0,0,0]}],[0],0,[0],[0],[0]],[[{"name":"snow_08","rect":[149,283,62,128],"offset":[2,-2],"originalSize":[160,160],"rotated":1,"capInsets":[0,0,0,0]}],[0],0,[0],[0],[0]],[[{"name":"snow_00","rect":[1,1,148,148],"offset":[0,3],"originalSize":[160,160],"capInsets":[0,0,0,0]}],[0],0,[0],[0],[0]],[[{"name":"snow_12","rect":[1,151,146,144],"offset":[3,-6],"originalSize":[160,160],"capInsets":[0,0,0,0]}],[0],0,[0],[0],[0]],[[{"name":"snow_10","rect":[309,137,110,126],"offset":[6,-6],"originalSize":[160,160],"capInsets":[0,0,0,0]}],[0],0,[0],[0],[0]],[[{"name":"snow_04","rect":[147,347,88,124],"offset":[4,5],"originalSize":[160,160],"rotated":1,"capInsets":[0,0,0,0]}],[0],0,[0],[0],[0]],[[{"name":"snow_11","rect":[289,1,130,134],"offset":[7,-10],"originalSize":[160,160],"capInsets":[0,0,0,0]}],[0],0,[0],[0],[0]],[[{"name":"snow_09","rect":[279,329,86,124],"offset":[4,-5],"originalSize":[160,160],"rotated":1,"capInsets":[0,0,0,0]}],[0],0,[0],[0],[0]],[[{"name":"snow_07","rect":[151,139,10,140],"offset":[0,-4],"originalSize":[160,160],"rotated":1,"capInsets":[0,0,0,0]}],[0],0,[0],[0],[0]],[[{"name":"snow_05","rect":[309,265,62,126],"offset":[2,2],"originalSize":[160,160],"rotated":1,"capInsets":[0,0,0,0]}],[0],0,[0],[0],[0]],[[{"name":"snow_03","rect":[149,151,122,130],"offset":[6,8],"originalSize":[160,160],"capInsets":[0,0,0,0]}],[0],0,[0],[0],[0]]]]