[1,["f7xL6TPTNHdrHpnDr0ESva"],["_textureSetter"],["cc.SpriteFrame"],0,[[[{"name":"wh_vfx_d_26","rect":[182,641,181,162],"offset":[-2,1],"originalSize":[217,190],"capInsets":[0,0,0,0]}],[0],0,[0],[0],[0]],[[{"name":"wh_vfx_d_09","rect":[733,641,189,164],"offset":[-2,-1],"originalSize":[217,190],"capInsets":[0,0,0,0]}],[0],0,[0],[0],[0]],[[{"name":"wh_vfx_d_08","rect":[546,641,185,164],"offset":[1,0],"originalSize":[217,190],"capInsets":[0,0,0,0]}],[0],0,[0],[0],[0]],[[{"name":"wh_vfx_d_07","rect":[735,159,183,158],"offset":[1,0],"originalSize":[217,190],"capInsets":[0,0,0,0]}],[0],0,[0],[0],[0]],[[{"name":"wh_vfx_d_21","rect":[568,807,187,164],"offset":[1,-3],"originalSize":[217,190],"capInsets":[0,0,0,0]}],[0],0,[0],[0],[0]],[[{"name":"wh_vfx_d_23","rect":[600,319,179,158],"offset":[-1,-1],"originalSize":[217,190],"capInsets":[0,0,0,0]}],[0],0,[0],[0],[0]],[[{"name":"wh_vfx_d_19","rect":[375,807,191,164],"offset":[3,1],"originalSize":[217,190],"capInsets":[0,0,0,0]}],[0],0,[0],[0],[0]],[[{"name":"wh_vfx_d_10","rect":[1,475,193,160],"offset":[-3,-3],"originalSize":[217,190],"capInsets":[0,0,0,0]}],[0],0,[0],[0],[0]],[[{"name":"wh_vfx_d_11","rect":[196,479,193,160],"offset":[-3,-3],"originalSize":[217,190],"capInsets":[0,0,0,0]}],[0],0,[0],[0],[0]],[[{"name":"wh_vfx_d_13","rect":[586,479,197,160],"offset":[-2,-2],"originalSize":[217,190],"capInsets":[0,0,0,0]}],[0],0,[0],[0],[0]],[[{"name":"wh_vfx_d_24","rect":[196,157,179,156],"offset":[-1,0],"originalSize":[217,190],"capInsets":[0,0,0,0]}],[0],0,[0],[0],[0]],[[{"name":"wh_vfx_d_06","rect":[363,1,185,154],"offset":[1,1],"originalSize":[217,190],"capInsets":[0,0,0,0]}],[0],0,[0],[0],[0]],[[{"name":"wh_vfx_d_00","rect":[550,1,179,156],"offset":[-1,-1],"originalSize":[217,190],"capInsets":[0,0,0,0]}],[0],0,[0],[0],[0]],[[{"name":"wh_vfx_d_18","rect":[182,805,191,164],"offset":[3,3],"originalSize":[217,190],"capInsets":[0,0,0,0]}],[0],0,[0],[0],[0]],[[{"name":"wh_vfx_d_12","rect":[391,479,193,160],"offset":[-3,-3],"originalSize":[217,190],"capInsets":[0,0,0,0]}],[0],0,[0],[0],[0]],[[{"name":"wh_vfx_d_04","rect":[1,1,175,154],"offset":[-1,1],"originalSize":[217,190],"capInsets":[0,0,0,0]}],[0],0,[0],[0],[0]],[[{"name":"wh_vfx_d_27","rect":[1,801,179,164],"offset":[-1,0],"originalSize":[217,190],"capInsets":[0,0,0,0]}],[0],0,[0],[0],[0]],[[{"name":"wh_vfx_d_22","rect":[757,807,185,164],"offset":[2,-3],"originalSize":[217,190],"capInsets":[0,0,0,0]}],[0],0,[0],[0],[0]],[[{"name":"wh_vfx_d_03","rect":[731,1,175,156],"offset":[-1,0],"originalSize":[217,190],"capInsets":[0,0,0,0]}],[0],0,[0],[0],[0]],[[{"name":"wh_vfx_d_28","rect":[365,641,179,162],"offset":[-1,1],"originalSize":[217,190],"capInsets":[0,0,0,0]}],[0],0,[0],[0],[0]],[[{"name":"wh_vfx_d_02","rect":[556,159,177,158],"offset":[-2,0],"originalSize":[217,190],"capInsets":[0,0,0,0]}],[0],0,[0],[0],[0]],[[{"name":"wh_vfx_d_15","rect":[200,319,199,158],"offset":[2,-1],"originalSize":[217,190],"capInsets":[0,0,0,0]}],[0],0,[0],[0],[0]],[[{"name":"wh_vfx_d_05","rect":[178,1,183,154],"offset":[2,1],"originalSize":[217,190],"capInsets":[0,0,0,0]}],[0],0,[0],[0],[0]],[[{"name":"wh_vfx_d_16","rect":[401,319,197,158],"offset":[3,-1],"originalSize":[217,190],"capInsets":[0,0,0,0]}],[0],0,[0],[0],[0]],[[{"name":"wh_vfx_d_20","rect":[785,479,187,160],"offset":[2,2],"originalSize":[217,190],"capInsets":[0,0,0,0]}],[0],0,[0],[0],[0]],[[{"name":"wh_vfx_d_01","rect":[377,159,177,158],"offset":[-1,0],"originalSize":[217,190],"capInsets":[0,0,0,0]}],[0],0,[0],[0],[0]],[[{"name":"wh_vfx_d_25","rect":[1,637,179,162],"offset":[-1,1],"originalSize":[217,190],"capInsets":[0,0,0,0]}],[0],0,[0],[0],[0]],[[{"name":"wh_vfx_d_17","rect":[1,157,193,156],"offset":[3,2],"originalSize":[217,190],"capInsets":[0,0,0,0]}],[0],0,[0],[0],[0]],[[{"name":"wh_vfx_d_14","rect":[1,315,197,158],"offset":[1,-1],"originalSize":[217,190],"capInsets":[0,0,0,0]}],[0],0,[0],[0],[0]],[[{"name":"wh_vfx_d_29","rect":[781,319,181,158],"offset":[-2,0],"originalSize":[217,190],"capInsets":[0,0,0,0]}],[0],0,[0],[0],[0]]]]