{"paths":{"0":["Sprites/headerXoSo",2],"1":["Font/font_chat",2],"2":["Sprites/bg",2],"3":["Sprites/borderCuoc",2],"4":["Sprites/bgBox",2],"5":["Sprites/lb_list_pointer",2],"6":["Sprites/btn_ghi_so",2],"7":["Sprites/setting_line",2],"8":["Sound/bgSoundSoxo",4],"9":["Sprites/tab_ketqua_off",2],"10":["Sprites/ic_close",2],"11":["Sprites/buttonChonOff",2],"12":["Sprites/boderHeaderCopy",2],"13":["Sprites/popup_6",2],"14":["Sprites/popup_1",2],"15":["Sprites/bgNumber",2],"16":["Spines/EffectLode/EFFECT_LODE",2],"17":["Sprites/tab_thongke_on",2],"18":["Font/SVN-Zero-Gradient",2],"19":["Sprites/bg_ghi_so",2],"20":["Sprites/line",2],"21":["Sprites/iconUP",2],"22":["Sprites/boderTenTien",2],"23":["Sprites/btn_main_mode",2],"24":["Sprites/lb_popup_title_bg_1",2],"25":["Spines/EffectLode/EFFECT_LODE",6],"26":["Sprites/inboxMienBacCopy2",2],"27":["Sprites/bpdere",2],"28":["Sprites/buttonBackCopy",2],"29":["Sprites/boderChonNgay",2],"30":["Sprites/btn_lsgd",2],"31":["Sprites/boderNhoCopy",2],"32":["Sprites/btn_dat_cuoc",2],"33":["Sprites/btn_huy",2],"34":["Sprites/btn_dropdown",2],"35":["Sprites/tab_ketqua_on",2],"36":["Sprites/bgTabGame",2],"37":["Sprites/bgTab",2],"38":["Sprites/header",2],"39":["Sprites/ct_btn_luatchoi",2],"40":["Sprites/thongBao",2],"41":["Sprites/boderToDay",2],"42":["Sprites/bgSetting",2],"43":["Sprites/tab_thongke_off",2],"44":["Sprites/btn_out_table",2],"45":["Sprites/popup_5",2],"46":["Sprites/bg_dropdown",2],"47":["Sprites/iconDown",2],"48":["Font/font_chat",1,1],"49":["Sprites/btn_dat_cuoc",1,1],"50":["Sprites/borderCuoc",1,1],"51":["Sprites/line",1,1],"52":["Sprites/tab_ketqua_on",1,1],"54":["Font/SVN-Zero-Gradient",1,1],"55":["Sprites/iconUP",1,1],"56":["Sprites/buttonBackCopy",1,1],"57":["Sprites/bgTabGame",1,1],"58":["Sprites/ic_close",1,1],"59":["Sprites/bg_ghi_so",1,1],"60":["Sprites/buttonChonOff",1,1],"61":["Spines/EffectLode/EFFECT_LODE",5],"62":["Sprites/setting_line",1,1],"63":["Sprites/thongBao",1,1],"64":["Sprites/tab_ketqua_off",1,1],"65":["Sprites/bgTab",1,1],"66":["Sprites/tab_thongke_off",1,1],"67":["Sprites/bg",1,1],"68":["Sprites/iconDown",1,1],"69":["Sprites/btn_lsgd",1,1],"70":["Sprites/boderTenTien",1,1],"71":["Sprites/bpdere",1,1],"72":["Sprites/popup_1",1,1],"73":["Sprites/boderToDay",1,1],"74":["Sprites/btn_huy",1,1],"75":["Sprites/bgBox",1,1],"76":["Sprites/btn_dropdown",1,1],"77":["Sprites/bgNumber",1,1],"78":["Sprites/bg_dropdown",1,1],"79":["Sprites/lb_popup_title_bg_1",1,1],"80":["Sprites/tab_thongke_on",1,1],"81":["Sprites/lb_list_pointer",1,1],"82":["Sprites/boderNhoCopy",1,1],"83":["Sprites/headerXoSo",1,1],"84":["Sprites/bgSetting",1,1],"85":["Sprites/btn_ghi_so",1,1],"86":["Sprites/inboxMienBacCopy2",1,1],"87":["Sprites/ct_btn_luatchoi",1,1],"88":["Sprites/header",1,1],"89":["Sprites/boderHeaderCopy",1,1],"90":["Sprites/popup_6",1,1],"91":["Sprites/boderChonNgay",1,1],"93":["Font/font_chat",3],"94":["Sprites/popup_5",1,1],"95":["Sprites/btn_out_table",1,1],"96":["Animation/TextNoteRun",0],"97":["Sprites/btn_main_mode",1,1],"98":["Font/SVN-Zero-Gradient",3],"99":["Spines/EffectLode/EFFECT_LODE",1,1]},"types":["cc.AnimationClip","cc.SpriteFrame","cc.Texture2D","cc.BitmapFont","cc.AudioClip","sp.SkeletonData","cc.Asset"],"uuids":["01nx1TujRPLqbzPSG95l8o","056cmiiMVPGp7j/1o8/iRf","07UZSgUJVGGpwPKsDcCmc9","09kWfufnJCGozX7+enIn3W","0bvFAqNrpBE59eTxYyGFsb","18aZ3S0NFMt68u6R06/Pup","21NaGxJa1F4rpsy3tmSjrM","28QBibp+JB1ZO2C4UREpkZ","36AroR4fNAL77QbXMizQ9e","3a8rmSwolFkLbinPj6I+xr","3co9IvAPdMFozeI6MGE1vR","3dFJFAAWBCd4YHPHnGc1cT","3eFZ70xn1IgYZ2sTjSpsle","3ezYd7WalMTLPa/bPtyIQ2","47CJyIzrlKaqTCCy61gWJF","4elcKh7fBAU7VNAsoaW3+G","58LdlT1nhDgrLsB3nCOhCm","59J/goEEhGkq2z9+vYj16h","613ydsu0ZKR5MlbnuPHuZu","61+DpyETxMF5gbsrgc/07j","676hszmVRIk5+jmNTd/9Hb","6d2T4gjg9F7algNlU9fKGO","6eqCwyFd9Gs5eX2be++z7F","75HlYHCXpKq7HBtxfVJ6NP","7crk703CRNUKUsxD4Hr4Br","7dvVsJh7JBG61/QdlCVGOj","84LwDfB1FEkYx80xT9d2G7","909uxWjA9FqaAQEnt8rZ38","9fpM4hR9dHeqI6LVrF/0ej","a0XtKAp8JCXaGjrM3aS7DY","a1IIREGvRF8ocx53nh64/9","a4DUCTkt9Mm5ObqgZiAeRB","a5YKRWZsVG8ae7XRYz6enL","abkZ78fehMAqaHl344p6lL","b5IwKwJCdNMITJ/lP3/Ggl","bdhws1511OkIWRFw5D6d4I","bdpHPI/0RO3510yxGwwhRF","c0TnDtR9BK07H7na3jX/pI","c1xzVO435OrbbvVLisHfQk","cee/WV6KlKn6Mn39/SOZ7m","d1Cs9SHxxEg7+TKmkR6p4W","d2pdje0S5NYZaBPFQRvWhW","d5ezhxQBhOOp38XTDCDkf/","e108S5dEdAipvsp2fXUnv1","e23wvSdM5AMp9IHfD70Cse","eawdyLnVhPrYwvhQ4fW2pH","f5MIKkW/FI/r9OOoV12N/G","faLKSANbhKDrqY2z7BsOn3","03AfPM9h1EcLHZV/aPc6Ji","0bUaZFempMo7M0OYfVRThR","0fWHpPCH9BopFHM2zrqDLI","0fc0SOADhN+pBQUXM6Dkog","14zrgZm7lEzKkyPBn2kMRa","1elBuvyUpJ+IwemzroP61U","1fOmZLgipANbAJlCxKRhCC","21kjCr+ixNj6qvskr0CNRz","23Cd6LKZVB3qlZF4QC2iaj","243JN9Xz9NfpReo/0opW1V","29GgSNRHlPAoi5J1paOpEQ","2bp6QlntBCAauk+Q4QY2vY","30Ey0NkGtA7bBRzWgr/KlU","35hm3kutlKUqJMxrKiaZZw","3an5kHGR5Dh4nK6xwEkd5Z","3eYSBwCCdJ3rcvMr4gk619","43Unyf+JNEgbOMYSmaEH8q","46YcXBr2tKn6vPOCe56r1P","48nI3gU9RGYqEV//q2liv3","49/qjgXs5KdapABInywdg3","4ac93dPClFj4pwoo6fI5yi","4b7EY4hR9B567L1TxjsucX","4eyelDGatLTJFJKg/9Dy7S","59iovRkjFEsrQhhg5M4/WW","5cfoip99pLupxswBLSk2uB","5fzutuZ5RDMqJdzg99ZEIp","60TsjKO0FL65GDmI7hE2IR","64E14Y0pRM+bZz3sV9zGDC","67C3noLzRK55Eb4Q6nK9Lp","72/ud1cD5AYpBr0wiZ/3XN","7eo0/kQxVMVJEnJRkMke/O","84GkDU0w9IXLi8ZdsYmUgl","88wGUWmDtEqLoUk3exoOZj","8ddyK+BXFDBbSbe/24i5d0","8dhSfywERNy4O+3yGkLjkZ","8e5XSZgs5L8qsbHuaUFBWe","94L5Co/rRGNqqviri3jiB6","951lgzrMJNtaOBV66DxXjU","977h3fW3hENqh0/ylZq6DM","993Usk48lMfpHfxYt8nf36","a2abl8CgtFqIwq9wQICGXc","a6r3s5X1FLyb33fdR0mx8q","aaC5+l6pJK5qLMdISDEkIl","acB01SD3JJ97jLc+/goG1B","adm92+pZdBh7jJQkr3Vwyg","b3RWTpWN9NCb/ifG/zCfZh","b7qZbTcqxF+4IqInUeTOO6","d5kkaebbJOCZRYnmRlGSRl","e1h0abCJBOzKXXBhzVoMc9","e4Z+CaQ6tBU4ft55WFy2A3","fbU00UosRFuq04ofs98fT3","feh7V/LOJJZrcbnhpKEMCb","29FYIk+N1GYaeWH/q1NxQO","2dOdEixkhKEotFsPtUNC/Q","3cpOaQTJlJZafJMUweeNn9","4dP8Mlnc9Ga5zkNVIZ5byd","5axAftzb5P5oqjf/pOqrD5","76Oo+hdZBIC58PkmtS6Hpa","7a/QZLET9IDreTiBfRn2PD","a2MjXRFdtLlYQ5ouAFv/+R","adjfv47bNMGIChZDyE33F1","c9VupEoCxGbIrIXOJwwOth","dbEWUhTHtFM5Z8RPMIoG/u","e1M4dVdwNOCqD69gLCBDJ5","e97GVMl6JHh5Ml5qEDdSGa","ecCTW49kJJYZX+93y4H/Sv","ecpdLyjvZBwrvm+cedCcQy","f0BIwQ8D5Ml7nTNQbh1YlS","f506Nmqb5A9IezQX70F0CM"],"scenes":{"db://assets/Bundle/LoDe/Lode.fire":53},"redirect":[100,0,101,0,103,0,104,0,105,0,106,1,107,0,108,0,109,0,110,0,111,0,112,0,113,0,114,1,115,0,116,2],"deps":["resources","internal","main"],"packs":{"050f56acd":[48,93],"0c1ca2daa":[54,98],"0d100e5b3":[0,1,2,3,4,5,6,7,9,10,11,12,13,14,15,16,17,18,19,20,21,22,23,24,26,27,28,29,30,31,32,33,34,35,36,37,38,39,40,41,42,43,44,45,46,47],"0fd06e774":[49,50,51,52,53,55,56,57,58,59,60,8,62,102,63,64,65,66,67,68,69,70,71,72,73,74,75,76,77,78,79,80,81,82,83,84,85,86,87,88,89,90,91,92,94,95,96,97]},"name":"60","importBase":"import","nativeBase":"native","debug":false,"isZip":false,"encrypted":false,"versions":{"import":["050f56acd","dd461","0c1ca2daa","9d883","0d100e5b3","6b277","0fd06e774","afc08",61,"a96df",25,"4a5c5",99,"71979"],"native":[0,"6a619",1,"a3ae4",2,"9c344",3,"f03b7",4,"ea2ca",5,"99b74",6,"77c8d",7,"bae82",8,"75de9",9,"b03f1",10,"25066",11,"c9487",12,"d8d82",13,"07a0d",14,"6983d",15,"97d32",16,"b6922",17,"c8893",18,"80283",19,"1bc53",20,"87450",21,"f175c",22,"97150",23,"b732e",24,"23ca9",25,"0ea6a",26,"17fff",27,"d73c5",28,"91d9a",29,"b601a",30,"6c5d2",31,"0e32d",32,"b10b6",33,"1d045",92,"1a001",34,"a83de",35,"919d3",36,"a89e7",37,"9495f",38,"29b8c",39,"5711f",40,"71343",41,"1849a",42,"fc9b3",43,"87b8b",44,"0b859",45,"26787",46,"b8d9a",47,"80d9e"]}}