[1,["0aTNpwLHVMeZ/n7bTWG4Go","b5L9cKHTtA2qO5hO/tP3me","cbXBzMIx5CHLKk4XpJlqsD","79eblEQ2lFap7Pd/OqFTS9","445x/UrdVL3r98v9xlPGYF","35RuefLS5H8bK+yYCT5kr2","33dD1KP5ZOpZ6lmQG4B+F4","6eNArCNolI654JG3B7wb0J","d0svnHkJpMDr45qzgHxXUh","01xb2Wf/9AG4deildCfkBi","92G0Wz1LNA8bzXoblkPCTr","c59i9XBBtHQ7srW5Bij1z6","36srKe9uxOzozgsKxk4EUA","0381jhPSxFm41srnzzueW8","3cj0Bsv81MU6wiDPKqsqdc","fc6skxAcJMMp/l5UZ51cNe","1f9QZD/E1FALPyBw2FiQAg","5aEMkjcVhM0IigwM2b32/+","e7K38GHoNEfr4mqWbO0hMh","76TZoOQT5CvY5StrkwzEbX","6cYdQBsohKoY4EdqfcKmwA","420UAMze1MiYG+G9FmiWTp","ba/Un8uCpExZ05Lky/AWH+","26H2aQ4FNHnaw5yWlLrAMr","b9m/SbPhJKzqRlrhftYqS0","e3tDaklt9KzI3ynCEOXcFb","3eQyDyzN1KRonJIHE07k6s","e35q+i9uRFG78oZxnLkyxT","a1ZdI6x6tPy7cHCG6OEM6f","d7twrRZhxBtJTIXd4zWADe","910OfddatLh7FwTv3ei7WG","5foYkwxXFJWowLuPUhlv7c","1828KnmvxMqJh5otxvi3Cu","12l6iHSV1PvLdTfbDfQzE2","73Tuszm/tKlYy7Q+lgUcVn","bdQY8KHQhFJrPSZdb1bJ6p","2f0kFGql5GuotdsBxTSkma","45OAbqyodB6pbsi6lk0C6C","babXwOJjNLhpsvHixGPzO1","d8u6EZidxNPquHrW59R/sp","70QpUqbVtMSp53CxksDqSY","78LCzL831Jv5LvOZgmz2u5","9ePimg0SNPGrtoh8etp6BW","d6g/tXX5VJQq0NlWTV2prE","1eX7OlFVBOFa8kLknGy55N","8eeDvGSS9I9rjvTZBA2qCQ","a4Qdk++eFLJa1NHZ2M89Sm","61Im2v2LBJrohDTIh1I7F0","d2PQIXykFGYqu83yfOXi/V","9agjm2FxZKr6tYcnChAvmS","37riShmeFHBqihGsdHIkZS","b5QAjzHYZLOYcJ4m70VZbZ","ecXoj2uftIJ4xJU72tF6bj","c1cratdiZL0b7YO120lpPF","3drUszfMZJnqlgCVmmT5rS","2bVjSik91Nt6UA4o8fWm0E","4bsQjF5uVNFpc5MxpN8oOx","baBP19csNL8YrC5k9fV9RH","c4NafCj4hHz4mGaHWplhAe","d2TEzEIZNHt4K9VNq99dOR","eaWuVaJvRCe6vOncUxT0y2","e3Djze2wVNwIWOaHpyl9O8","9fj7evLxFODLvQG7+bB8+1","6es9gAMJpCoYsf0Gnuat4U","7bDu6okUdOCq37kwk2Hh0W","53x2II5hVEvpm+76zZM4LL","b4b2kWK2pFpJ0srWP5zQJs","d2JWS1IPBOGK+bC7woPHjs","75QoEHmiRFIaYDwLOTzLBB","d6jimv99FJXbsS9BEvg4Cl","c5WkUV6RlDi6n7mTYeG/Bh","75QKgFQNlCl459VvVumjr6","ecPXVuNWxHH6Neg/fb/BZ6","81hPTNeiVB5L5Gzc5pQv+/","0bEx/2JU5BhJv7kbbfjLbu","f3GKMnu7VODrAhuFqq6MLi","38F8c/93dF3pMuk+nf+IER","43LyjZ09dAEr4WQ8bc1dwg","abDaxVyflPN6+Y1xpBPRjb","1c2I6b/p1LorjzJH+uH2dc","d6w2sjD3tHi6P7bPTZbkPx","02uZB72QFCKrJhWsxZRszT","aeRwmUrXZFsZ2nK0OeYU6a","14QTlkt+1MWYHZ/JPZsJ3o","927mvyJQ1GZpbKYeVNd1pp","caBEhB31ZCdqWHuqJv3jf/","55mwsSN8JM1qPa8c18F+ZV","8113i5RIBCZqphkTLLjhiK","2b+Lx6VFpB3rG5ToLVcGbq","99VG3+17BJ9Z/4hTZ0NmLM","3fEyDyndlE8qA35r4r/ZOC","fdfZm5FYRJu62IRrTYVLIL"],["value"],[["cc.AnimationClip",["_name","_duration","sample","curveData"],0,11]],[[0,0,1,2,3,4]],[[0,"showBigWild",1.64,25,[{},"paths",11,[{"wild_vfx_a":{"props":{"opacity":[{"frame":0,"value":0},{"frame":0.28,"value":255},{"frame":0.48,"value":0}]}},"wild_vfx_b":{"props":{"opacity":[{"frame":0.6,"value":0},{"frame":0.88,"value":255},{"frame":1.36,"value":0}]}},"wild_vfx_e2":{"props":{"opacity":[{"frame":0,"value":0},{"frame":0.44,"value":255},{"frame":1.12,"value":0}]}}},"wild_vfx_d_01_00",11,[{},"comps",11,[{},"cc.Sprite",11,[{},"spriteFrame",12,[[[{"frame":0.48},"value",6,0],[{"frame":0.52},"value",6,1],[{"frame":0.56},"value",6,2],[{"frame":0.6},"value",6,3],[{"frame":0.64},"value",6,4],[{"frame":0.68},"value",6,5],[{"frame":0.72},"value",6,6],[{"frame":0.76},"value",6,7],[{"frame":0.8},"value",6,8],[{"frame":0.84},"value",6,9],[{"frame":0.88},"value",6,10],[{"frame":0.92},"value",6,11],[{"frame":0.96},"value",6,12],[{"frame":1},"value",6,13],[{"frame":1.04},"value",6,14],[{"frame":1.08},"value",6,15],[{"frame":1.12},"value",6,16],[{"frame":1.16},"value",6,17],[{"frame":1.2},"value",6,18],[{"frame":1.24},"value",6,19],[{"frame":1.28},"value",6,20],[{"frame":1.32},"value",6,21],[{"frame":1.36},"value",6,22]],11,11,11,11,11,11,11,11,11,11,11,11,11,11,11,11,11,11,11,11,11,11,11]]]],"wild_vfx_c_00",11,[{"props":{"active":[{"frame":0,"value":false},{"frame":0.8,"value":true}]}},"comps",11,[{},"cc.Sprite",11,[{},"spriteFrame",12,[[[{"frame":0.8},"value",6,23],[{"frame":0.84},"value",6,24],[{"frame":0.88},"value",6,25],[{"frame":0.92},"value",6,26],[{"frame":0.96},"value",6,27],[{"frame":1},"value",6,28],[{"frame":1.04},"value",6,29],[{"frame":1.08},"value",6,30],[{"frame":1.12},"value",6,31],[{"frame":1.16},"value",6,32],[{"frame":1.2},"value",6,33],[{"frame":1.24},"value",6,34],[{"frame":1.28},"value",6,35],[{"frame":1.32},"value",6,36],[{"frame":1.36},"value",6,37],[{"frame":1.4},"value",6,38],[{"frame":1.44},"value",6,39],[{"frame":1.48},"value",6,40],[{"frame":1.52},"value",6,41],[{"frame":1.56},"value",6,42],[{"frame":1.6},"value",6,43]],11,11,11,11,11,11,11,11,11,11,11,11,11,11,11,11,11,11,11,11,11]]]],"wild_vfx_c_00 copy",11,[{"props":{"active":[{"frame":0,"value":false},{"frame":0.8,"value":true}]}},"comps",11,[{},"cc.Sprite",11,[{},"spriteFrame",12,[[[{"frame":0.8},"value",6,44],[{"frame":0.84},"value",6,45],[{"frame":0.88},"value",6,46],[{"frame":0.92},"value",6,47],[{"frame":0.96},"value",6,48],[{"frame":1},"value",6,49],[{"frame":1.04},"value",6,50],[{"frame":1.08},"value",6,51],[{"frame":1.12},"value",6,52],[{"frame":1.16},"value",6,53],[{"frame":1.2},"value",6,54],[{"frame":1.24},"value",6,55],[{"frame":1.28},"value",6,56],[{"frame":1.32},"value",6,57],[{"frame":1.36},"value",6,58],[{"frame":1.4},"value",6,59],[{"frame":1.44},"value",6,60],[{"frame":1.48},"value",6,61],[{"frame":1.52},"value",6,62],[{"frame":1.56},"value",6,63],[{"frame":1.6},"value",6,64]],11,11,11,11,11,11,11,11,11,11,11,11,11,11,11,11,11,11,11,11,11]]]],"s_wild_b",11,[{},"props",11,[{"opacity":[{"frame":0.32,"value":0},{"frame":0.8,"value":255}],"active":[{"frame":0,"value":false},{"frame":0.32,"value":true}]},"scale",12,[[[{"frame":0.32,"curve":[0.18,0.89,0.31,1.21]},"value",8,[1,0.2,0.2,1]],[{"frame":0.8},"value",8,[1,0.5,0.5,1]]],11,11]]],"reel_vfx_b_17 copy",11,[{},"comps",11,[{},"cc.Sprite",11,[{},"spriteFrame",12,[[[{"frame":0.12},"value",6,65],[{"frame":0.16},"value",6,66],[{"frame":0.2},"value",6,67],[{"frame":0.24},"value",6,68],[{"frame":0.28},"value",6,69],[{"frame":0.32},"value",6,70],[{"frame":0.36},"value",6,71],[{"frame":0.4},"value",6,72],[{"frame":0.44},"value",6,73],[{"frame":0.48},"value",6,74],[{"frame":0.52},"value",6,75],[{"frame":0.56},"value",6,76],[{"frame":0.6},"value",6,77],[{"frame":0.64},"value",6,78],[{"frame":0.68},"value",6,79],[{"frame":0.72},"value",6,80],[{"frame":0.76},"value",6,81],[{"frame":0.8},"value",6,82],[{"frame":0.84},"value",6,83],[{"frame":0.88},"value",6,84],[{"frame":0.92},"value",6,85],[{"frame":0.96},"value",6,86],[{"frame":1},"value",6,87],[{"frame":1.04},"value",6,88],[{"frame":1.08},"value",6,89],[{"frame":1.12},"value",6,90],[{"frame":1.16},"value",6,91]],11,11,11,11,11,11,11,11,11,11,11,11,11,11,11,11,11,11,11,11,11,11,11,11,11,11,11]]]],"reel_vfx_b_17",11,[{},"comps",11,[{},"cc.Sprite",11,[{},"spriteFrame",12,[[[{"frame":0.12},"value",6,92],[{"frame":0.16},"value",6,93],[{"frame":0.2},"value",6,94],[{"frame":0.24},"value",6,95],[{"frame":0.28},"value",6,96],[{"frame":0.32},"value",6,97],[{"frame":0.36},"value",6,98],[{"frame":0.4},"value",6,99],[{"frame":0.44},"value",6,100],[{"frame":0.48},"value",6,101],[{"frame":0.52},"value",6,102],[{"frame":0.56},"value",6,103],[{"frame":0.6},"value",6,104],[{"frame":0.64},"value",6,105],[{"frame":0.68},"value",6,106],[{"frame":0.72},"value",6,107],[{"frame":0.76},"value",6,108],[{"frame":0.8},"value",6,109],[{"frame":0.84},"value",6,110],[{"frame":0.88},"value",6,111],[{"frame":0.92},"value",6,112],[{"frame":0.96},"value",6,113],[{"frame":1},"value",6,114],[{"frame":1.04},"value",6,115],[{"frame":1.08},"value",6,116],[{"frame":1.12},"value",6,117],[{"frame":1.16},"value",6,118]],11,11,11,11,11,11,11,11,11,11,11,11,11,11,11,11,11,11,11,11,11,11,11,11,11,11,11]]]],"wild_vfx_d_00",11,[{},"comps",11,[{},"cc.Sprite",11,[{},"spriteFrame",12,[[[{"frame":0.24},"value",6,119],[{"frame":0.28},"value",6,120],[{"frame":0.32},"value",6,121],[{"frame":0.36},"value",6,122],[{"frame":0.4},"value",6,123],[{"frame":0.44},"value",6,124],[{"frame":0.48},"value",6,125],[{"frame":0.52},"value",6,126],[{"frame":0.56},"value",6,127],[{"frame":0.6},"value",6,128],[{"frame":0.64},"value",6,129],[{"frame":0.68},"value",6,130],[{"frame":0.72},"value",6,131],[{"frame":0.76},"value",6,132],[{"frame":0.8},"value",6,133],[{"frame":0.84},"value",6,134],[{"frame":0.88},"value",6,135],[{"frame":0.92},"value",6,136],[{"frame":0.96},"value",6,137],[{"frame":1},"value",6,138],[{"frame":1.04},"value",6,139]],11,11,11,11,11,11,11,11,11,11,11,11,11,11,11,11,11,11,11,11,11]]]]]]]],0,0,[0,0,0,0,0,0,0,0,0,0,0,0,0,0,0,0,0,0,0,0,0,0,0,0,0,0,0,0,0,0,0,0,0,0,0,0,0,0,0,0,0,0,0,0,0,0,0,0,0,0,0,0,0,0,0,0,0,0,0,0,0,0,0,0,0,0,0,0,0,0,0,0,0,0,0,0,0,0,0,0,0,0,0,0,0,0,0,0,0,0,0,0,0,0,0,0,0,0,0,0,0,0,0,0,0,0,0,0,0,0,0,0,0,0,0,0,0,0,0,0,0,0,0,0,0,0,0,0,0,0,0,0,0,0,0,0,0,0,0,0],[0,0,0,0,0,0,0,0,0,0,0,0,0,0,0,0,0,0,0,0,0,0,0,0,0,0,0,0,0,0,0,0,0,0,0,0,0,0,0,0,0,0,0,0,0,0,0,0,0,0,0,0,0,0,0,0,0,0,0,0,0,0,0,0,0,0,0,0,0,0,0,0,0,0,0,0,0,0,0,0,0,0,0,0,0,0,0,0,0,0,0,0,0,0,0,0,0,0,0,0,0,0,0,0,0,0,0,0,0,0,0,0,0,0,0,0,0,0,0,0,0,0,0,0,0,0,0,0,0,0,0,0,0,0,0,0,0,0,0,0],[48,49,50,51,52,53,54,55,56,57,58,59,60,61,62,63,64,65,66,67,68,69,70,0,1,2,3,4,5,6,7,8,9,10,11,12,13,14,15,16,17,18,19,20,0,1,2,3,4,5,6,7,8,9,10,11,12,13,14,15,16,17,18,19,20,21,22,23,24,25,26,27,28,29,30,31,32,33,34,35,36,37,38,39,40,41,42,43,44,45,46,47,47,46,45,44,43,42,41,40,39,38,37,36,35,34,33,32,31,30,29,28,27,26,25,24,23,22,21,71,72,73,74,75,76,77,78,79,80,81,82,83,84,85,86,87,88,89,90,91]]