[1,["8cKvOrZstHU5HDjr4IafvF"],["_textureSetter"],["cc.SpriteFrame"],0,[[[{"name":"scatter_vfx_d_03","rect":[503,467,205,213],"offset":[13,-5],"originalSize":[325,325],"capInsets":[0,0,0,0]}],[0],0,[0],[0],[0]],[[{"name":"scatter_vfx_d_09","rect":[1,1,247,253],"offset":[17,-3],"originalSize":[325,325],"capInsets":[0,0,0,0]}],[0],0,[0],[0],[0]],[[{"name":"scatter_vfx_d_11","rect":[1,503,239,245],"offset":[21,-4],"originalSize":[325,325],"capInsets":[0,0,0,0]}],[0],0,[0],[0],[0]],[[{"name":"scatter_vfx_d_07","rect":[250,1,241,249],"offset":[18,-3],"originalSize":[325,325],"rotated":1,"capInsets":[0,0,0,0]}],[0],0,[0],[0],[0]],[[{"name":"scatter_vfx_d_04","rect":[501,240,225,235],"offset":[17,-2],"originalSize":[325,325],"rotated":1,"capInsets":[0,0,0,0]}],[0],0,[0],[0],[0]],[[{"name":"scatter_vfx_d_08","rect":[1,256,245,251],"offset":[17,-3],"originalSize":[325,325],"rotated":1,"capInsets":[0,0,0,0]}],[0],0,[0],[0],[0]],[[{"name":"scatter_vfx_d_05","rect":[501,1,229,237],"offset":[17,-3],"originalSize":[325,325],"capInsets":[0,0,0,0]}],[0],0,[0],[0],[0]],[[{"name":"scatter_vfx_d_10","rect":[254,244,245,247],"offset":[18,-4],"originalSize":[325,325],"capInsets":[0,0,0,0]}],[0],0,[0],[0],[0]],[[{"name":"scatter_vfx_d_06","rect":[254,493,237,247],"offset":[18,-2],"originalSize":[325,325],"rotated":1,"capInsets":[0,0,0,0]}],[0],0,[0],[0],[0]],[[{"name":"scatter_vfx_d_02","rect":[503,682,181,187],"offset":[10,-10],"originalSize":[325,325],"rotated":1,"capInsets":[0,0,0,0]}],[0],0,[0],[0],[0]],[[{"name":"scatter_vfx_d_01","rect":[692,682,155,181],"offset":[18,-1],"originalSize":[325,325],"capInsets":[0,0,0,0]}],[0],0,[0],[0],[0]]]]