[1,["4bI56vw29OdYw7e0gMi4s9"],["_textureSetter"],["cc.SpriteFrame"],0,[[[{"name":"payline_b_7","rect":[237,165,150,40],"offset":[0,0],"originalSize":[150,40],"rotated":1,"capInsets":[0,0,0,0]}],[0],0,[0],[0],[0]],[[{"name":"payline_b_4","rect":[1,291,150,40],"offset":[0,0],"originalSize":[150,40],"capInsets":[0,0,0,0]}],[0],0,[0],[0],[0]],[[{"name":"payline_b_3","rect":[1,249,150,40],"offset":[0,0],"originalSize":[150,40],"capInsets":[0,0,0,0]}],[0],0,[0],[0],[0]],[[{"name":"payline_b_8","rect":[279,165,150,40],"offset":[0,0],"originalSize":[150,40],"rotated":1,"capInsets":[0,0,0,0]}],[0],0,[0],[0],[0]],[[{"name":"payline_b_6","rect":[195,165,150,40],"offset":[0,0],"originalSize":[150,40],"rotated":1,"capInsets":[0,0,0,0]}],[0],0,[0],[0],[0]],[[{"name":"payline_b_10","rect":[1,165,150,40],"offset":[0,0],"originalSize":[150,40],"capInsets":[0,0,0,0]}],[0],0,[0],[0],[0]],[[{"name":"payline_b_9","rect":[153,317,150,40],"offset":[0,0],"originalSize":[150,40],"capInsets":[0,0,0,0]}],[0],0,[0],[0],[0]],[[{"name":"payline_b_2","rect":[1,207,150,40],"offset":[0,0],"originalSize":[150,40],"capInsets":[0,0,0,0]}],[0],0,[0],[0],[0]],[[{"name":"payline_b_5","rect":[153,165,150,40],"offset":[0,0],"originalSize":[150,40],"rotated":1,"capInsets":[0,0,0,0]}],[0],0,[0],[0],[0]],[[{"name":"payline_b_1","rect":[303,1,150,40],"offset":[0,0],"originalSize":[150,40],"rotated":1,"capInsets":[0,0,0,0]}],[0],0,[0],[0],[0]]]]