[1,["2agSUKBGFPZbQZWLUPW95c"],["_textureSetter"],["cc.SpriteFrame"],0,[[[{"name":"x10","rect":[301,194,286,183],"offset":[0,0],"originalSize":[288,183],"rotated":1,"capInsets":[0,0,0,0]}],[0],0,[0],[0],[0]],[[{"name":"x30","rect":[184,484,286,186],"offset":[-1,0],"originalSize":[288,188],"capInsets":[0,0,0,0]}],[0],0,[0],[0],[0]],[[{"name":"top_multiplier_mask","rect":[184,252,115,114],"offset":[0,0],"originalSize":[115,114],"capInsets":[0,0,0,0]}],[0],0,[0],[0],[0]],[[{"name":"x5","rect":[301,1,191,184],"offset":[0,0],"originalSize":[193,184],"rotated":1,"capInsets":[0,0,0,0]}],[0],0,[0],[0],[0]],[[{"name":"top_multiplier_ring","rect":[184,368,115,114],"offset":[0,0],"originalSize":[115,114],"capInsets":[0,0,0,0]}],[0],0,[0],[0],[0]],[[{"name":"x3","rect":[1,482,192,181],"offset":[0,0],"originalSize":[194,183],"rotated":1,"capInsets":[0,0,0,0]}],[0],0,[0],[0],[0]],[[{"name":"x2","rect":[1,252,201,181],"offset":[0,0],"originalSize":[203,181],"rotated":1,"capInsets":[0,0,0,0]}],[0],0,[0],[0],[0]]]]