[1,["bfLI4J665OoafMeAV6uLQx"],["_textureSetter"],["cc.SpriteFrame"],0,[[[{"name":"firework_a_26","rect":[1181,697,382,345],"offset":[0,0],"originalSize":[382,345],"capInsets":[0,0,0,0]}],[0],0,[0],[0],[0]],[[{"name":"firework_a_15","rect":[1,1,392,369],"offset":[0,0],"originalSize":[392,369],"capInsets":[0,0,0,0]}],[0],0,[0],[0],[0]],[[{"name":"firework_a_29","rect":[1565,779,218,231],"offset":[0,0],"originalSize":[218,231],"capInsets":[0,0,0,0]}],[0],0,[0],[0],[0]],[[{"name":"firework_a_19","rect":[789,354,390,351],"offset":[0,0],"originalSize":[390,351],"capInsets":[0,0,0,0]}],[0],0,[0],[0],[0]],[[{"name":"firework_a_21","rect":[789,1,392,351],"offset":[0,0],"originalSize":[392,351],"capInsets":[0,0,0,0]}],[0],0,[0],[0],[0]],[[{"name":"firework_a_20","rect":[789,707,390,347],"offset":[0,0],"originalSize":[390,347],"capInsets":[0,0,0,0]}],[0],0,[0],[0],[0]],[[{"name":"firework_a_17","rect":[395,1,392,351],"offset":[0,0],"originalSize":[392,351],"capInsets":[0,0,0,0]}],[0],0,[0],[0],[0]],[[{"name":"firework_a_27","rect":[1575,387,390,331],"offset":[0,0],"originalSize":[390,331],"rotated":1,"capInsets":[0,0,0,0]}],[0],0,[0],[0],[0]],[[{"name":"firework_a_24","rect":[1575,1,384,341],"offset":[0,0],"originalSize":[384,341],"rotated":1,"capInsets":[0,0,0,0]}],[0],0,[0],[0],[0]],[[{"name":"firework_a_22","rect":[1183,1,390,349],"offset":[0,0],"originalSize":[390,349],"capInsets":[0,0,0,0]}],[0],0,[0],[0],[0]],[[{"name":"firework_a_16","rect":[1,372,392,369],"offset":[0,0],"originalSize":[392,369],"capInsets":[0,0,0,0]}],[0],0,[0],[0],[0]],[[{"name":"firework_a_23","rect":[1183,352,390,343],"offset":[0,0],"originalSize":[390,343],"capInsets":[0,0,0,0]}],[0],0,[0],[0],[0]],[[{"name":"firework_a_18","rect":[395,354,392,351],"offset":[0,0],"originalSize":[392,351],"capInsets":[0,0,0,0]}],[0],0,[0],[0],[0]],[[{"name":"firework_a_28","rect":[395,707,392,347],"offset":[0,0],"originalSize":[392,347],"capInsets":[0,0,0,0]}],[0],0,[0],[0],[0]],[[{"name":"firework_a_25","rect":[1,743,390,321],"offset":[0,0],"originalSize":[390,321],"capInsets":[0,0,0,0]}],[0],0,[0],[0],[0]]]]