[1,["dfsiqadYdFqZ5pw5Lbtbja"],["_textureSetter"],["cc.SpriteFrame"],0,[[[{"name":"firework_a_04","rect":[1,743,374,347],"offset":[0,0],"originalSize":[374,347],"capInsets":[0,0,0,0]}],[0],0,[0],[0],[0]],[[{"name":"firework_a_02","rect":[1569,737,330,301],"offset":[0,0],"originalSize":[330,301],"rotated":1,"capInsets":[0,0,0,0]}],[0],0,[0],[0],[0]],[[{"name":"firework_a_10","rect":[395,372,392,367],"offset":[0,0],"originalSize":[392,367],"capInsets":[0,0,0,0]}],[0],0,[0],[0],[0]],[[{"name":"firework_a_07","rect":[1181,370,388,365],"offset":[0,0],"originalSize":[388,365],"capInsets":[0,0,0,0]}],[0],0,[0],[0],[0]],[[{"name":"firework_a_13","rect":[1,372,392,369],"offset":[0,0],"originalSize":[392,369],"capInsets":[0,0,0,0]}],[0],0,[0],[0],[0]],[[{"name":"firework_a_06","rect":[1181,737,386,361],"offset":[0,0],"originalSize":[386,361],"capInsets":[0,0,0,0]}],[0],0,[0],[0],[0]],[[{"name":"firework_a_01","rect":[1575,1,282,267],"offset":[0,0],"originalSize":[282,267],"capInsets":[0,0,0,0]}],[0],0,[0],[0],[0]],[[{"name":"firework_a_03","rect":[789,739,360,329],"offset":[0,0],"originalSize":[360,329],"capInsets":[0,0,0,0]}],[0],0,[0],[0],[0]],[[{"name":"firework_a_09","rect":[1183,1,390,367],"offset":[0,0],"originalSize":[390,367],"capInsets":[0,0,0,0]}],[0],0,[0],[0],[0]],[[{"name":"firework_a_05","rect":[395,741,382,357],"offset":[0,0],"originalSize":[382,357],"capInsets":[0,0,0,0]}],[0],0,[0],[0],[0]],[[{"name":"firework_a_11","rect":[789,1,392,367],"offset":[0,0],"originalSize":[392,367],"capInsets":[0,0,0,0]}],[0],0,[0],[0],[0]],[[{"name":"firework_a_08","rect":[789,370,390,367],"offset":[0,0],"originalSize":[390,367],"capInsets":[0,0,0,0]}],[0],0,[0],[0],[0]],[[{"name":"firework_a_12","rect":[1,1,392,369],"offset":[0,0],"originalSize":[392,369],"capInsets":[0,0,0,0]}],[0],0,[0],[0],[0]],[[{"name":"firework_a_14","rect":[395,1,392,369],"offset":[0,0],"originalSize":[392,369],"capInsets":[0,0,0,0]}],[0],0,[0],[0],[0]]]]