[1,["39V7ui+UhKsIC9HR/3zXW1","adftwK2shHy4DCqxBfo2fa","c2FrBeU/RAmInpqLY9K+Lf","eccBMky8hJeahBzVsg+YPp","barwkMdxhPfbUcyAEximXH","d6HiduPcFIwqx2rVdQA4iu","1193/r8UVIH53VE3GG6zS6","d3j9XuObFFioeiobkItu9+","71Xaauor9BprKib/WmJetS","57sabS3XdFiqXwTvgX9vro","3dFOiq20NFJotDZRAzTvAR","eeXpRqSM1CX773rITQrJml","6eobdoN7hLIYoTeyX35GAt","1a4eStZrtLYYK92Demcs7g","69qxGfFsRMpIxRFUqAGdRV","45WaihYyVHcKwdOgcM4ruj","20b3JzPQFGV7zbB01JCWOx","1asNe8K39JKo8Jf9v8xOsz","976fTecdpFya7hcebjxSQG","a7wx9nZa5Mz4cgKRq7CT9J","34JUZZDj1FTrNKQaYejeqz","d9l2rXaupHqpM3gXzGLEWu","2eExTnzcRDb6aWumscrBLK","3d8erXpxVCdrMJSdQ6uwO7","6bgNQ+QyhGn7qypoROBNRb","65Jb8SFvpPgZffQljQeqrs","33sOXalqRP+LeKQE7BKW4y","68Qye0BCtHzbhAGC5rcx4P","c3HdbG6CFNSpkAPwAkUxVw","6c38wPO+VECaHtod8N8GkF","1eHU2h7jdCKIc/2Qvm3/qz","4eSw9KWTdI6YaJwnzen4T9","68TVTCgotEM40UKVhnotBi","14MvKZl71GMqEGkMD5du1l","30ODiwccVLA7/eCJvDUws9","0ebiLXwsZBsL9sKOsJAtLo","876qPwSvRM5bdhh5yr6fto","8877+giK5BELNdCBOEzNpW","42wzajQx1Dx7fedH8Ep/Wx","1cZediJLlBwJjCYqIZaVyy","5b7fXS3lJKppf5+6+CHH6A","ecC8vFugtEuI1iF38u5KrK","eb7u8WK/FJho/7Zi4EQ3dc","3ftRD4iENOOaeyup1amN8N","4eW7vitVdHCpITH6CRW7TJ","62KWLBNsVJuJxsqLiCp6aa","8dli8+V8ZIvYxOqO7+aoUG","77fml70hRORLzVvp8qMo1I","f32rNBX2tBa4O9zrUA4ZlP","17Dxq4UXlN9JbOJ7ok5LZm","07pjxWlE5N4KV2S0QE/O7W","15dvz91ddCKpgwPWRY5K2Z","12ZSv612VHIJ+yrsTdcq+Y","8dv/rp31NE5Lh6zITQcS9H","bbS8Uzr31AQq0w8PuG4Bi9","baFSHYvflCRqkBj6Hl36Z/","26BoX/VI9HXZGArocCgLlX","96OfXqnP5E9qcY0XeFUXGY","6eSohLj1NIDIQuhJFHxK2M","bbLDJrL4RGcqiXSe/C85v+","73zxTEhmREaLIeVt/inxRc","b1vpOW919GZ7ElfVbRclek","c44LNqBxJFDaiEStsrlEbB","72h4wmJp5OdaRvOPad2Cq9"],["_textureSetter","h_block_a","h_block_a_blur","h_block_b","h_block_b_blur","h_block_c","h_block_c_blur","h_block_d","h_block_d_blur","h_cracker","h_cracker_blur","h_cymbal","h_cymbal_blur","h_dragon","h_dragon_blur","h_gold_frame_b","h_gold_frame_b_blur","h_gold_frame_c","h_gold_frame_c_blur","h_gold_frame_d","h_gold_frame_d_blur","h_koi","h_koi_blur","h_purse","h_purse_blur","h_silver_frame_b","h_silver_frame_b_blur","h_silver_frame_c","h_silver_frame_c_blur","h_silver_frame_d","h_silver_frame_d_blur","h_toad","h_toad_blur","l_10","l_10_blur","l_a","l_a_blur","l_block_a","l_block_a_blur","l_block_b","l_block_b_blur","l_block_c","l_block_c_blur","l_block_d","l_block_d_blur","l_j","l_j_blur","l_k","l_k_blur","l_q","l_q_blur","s_pattern_a_b","s_pattern_a_c","s_pattern_a_d","s_pattern_b_b","s_pattern_b_c","s_pattern_b_d","s_pattern_b_glow","s_scatter_a","s_scatter_a_blur","s_wild","s_wild_blur","s_wild_long","s_wild_long_blur"],["cc.SpriteFrame",["cc.SpriteAtlas",["_name","_spriteFrames"],2,11]],[[1,0,1,2]],[[[{"name":"l_q_blur","rect":[705,1247,56,80],"offset":[0,-3],"originalSize":[112,166],"rotated":1,"capInsets":[0,0,0,0]}],[0],0,[0],[0],[0]],[[[0,"symbol.plist",[{},"h_block_a",6,0,"h_block_a_blur",6,1,"h_block_b",6,2,"h_block_b_blur",6,3,"h_block_c",6,4,"h_block_c_blur",6,5,"h_block_d",6,6,"h_block_d_blur",6,7,"h_cracker",6,8,"h_cracker_blur",6,9,"h_cymbal",6,10,"h_cymbal_blur",6,11,"h_dragon",6,12,"h_dragon_blur",6,13,"h_gold_frame_b",6,14,"h_gold_frame_b_blur",6,15,"h_gold_frame_c",6,16,"h_gold_frame_c_blur",6,17,"h_gold_frame_d",6,18,"h_gold_frame_d_blur",6,19,"h_koi",6,20,"h_koi_blur",6,21,"h_purse",6,22,"h_purse_blur",6,23,"h_silver_frame_b",6,24,"h_silver_frame_b_blur",6,25,"h_silver_frame_c",6,26,"h_silver_frame_c_blur",6,27,"h_silver_frame_d",6,28,"h_silver_frame_d_blur",6,29,"h_toad",6,30,"h_toad_blur",6,31,"l_10",6,32,"l_10_blur",6,33,"l_a",6,34,"l_a_blur",6,35,"l_block_a",6,36,"l_block_a_blur",6,37,"l_block_b",6,38,"l_block_b_blur",6,39,"l_block_c",6,40,"l_block_c_blur",6,41,"l_block_d",6,42,"l_block_d_blur",6,43,"l_j",6,44,"l_j_blur",6,45,"l_k",6,46,"l_k_blur",6,47,"l_q",6,48,"l_q_blur",6,49,"s_pattern_a_b",6,50,"s_pattern_a_c",6,51,"s_pattern_a_d",6,52,"s_pattern_b_b",6,53,"s_pattern_b_c",6,54,"s_pattern_b_d",6,55,"s_pattern_b_glow",6,56,"s_scatter_a",6,57,"s_scatter_a_blur",6,58,"s_wild",6,59,"s_wild_blur",6,60,"s_wild_long",6,61,"s_wild_long_blur",6,62]]],0,0,[0,0,0,0,0,0,0,0,0,0,0,0,0,0,0,0,0,0,0,0,0,0,0,0,0,0,0,0,0,0,0,0,0,0,0,0,0,0,0,0,0,0,0,0,0,0,0,0,0,0,0,0,0,0,0,0,0,0,0,0,0,0,0],[1,2,3,4,5,6,7,8,9,10,11,12,13,14,15,16,17,18,19,20,21,22,23,24,25,26,27,28,29,30,31,32,33,34,35,36,37,38,39,40,41,42,43,44,45,46,47,48,49,50,51,52,53,54,55,56,57,58,59,60,61,62,63],[1,2,3,4,5,6,7,8,9,10,11,12,13,14,15,16,17,18,19,20,21,22,23,24,25,26,27,28,29,30,31,32,33,34,35,36,37,38,39,40,41,42,43,44,45,46,47,48,49,50,51,52,53,54,55,56,57,58,59,60,61,62,63]],[[{"name":"h_block_c_blur","rect":[1381,487,128,253],"offset":[0,0],"originalSize":[128,253],"capInsets":[0,0,0,0]}],[0],0,[0],[0],[0]],[[{"name":"s_pattern_a_c","rect":[367,819,154,430],"offset":[3,1],"originalSize":[314,862],"capInsets":[0,0,0,0]}],[0],0,[0],[0],[0]],[[{"name":"s_pattern_a_b","rect":[1729,195,156,268],"offset":[1,2],"originalSize":[314,540],"rotated":1,"capInsets":[0,0,0,0]}],[0],0,[0],[0],[0]],[[{"name":"l_q","rect":[1413,1101,110,132],"offset":[-1,-7],"originalSize":[222,278],"rotated":1,"capInsets":[0,0,0,0]}],[0],0,[0],[0],[0]],[[{"name":"h_gold_frame_c","rect":[1,819,182,484],"offset":[-1,0],"originalSize":[366,968],"capInsets":[0,0,0,0]}],[0],0,[0],[0],[0]],[[{"name":"h_dragon","rect":[1821,449,172,188],"offset":[-3,-9],"originalSize":[350,394],"capInsets":[0,0,0,0]}],[0],0,[0],[0],[0]],[[{"name":"h_silver_frame_d_blur","rect":[1285,487,94,338],"offset":[0,0],"originalSize":[188,672],"capInsets":[0,0,0,0]}],[0],0,[0],[0],[0]],[[{"name":"h_gold_frame_b_blur","rect":[1805,975,92,179],"offset":[0,0],"originalSize":[184,359],"rotated":1,"capInsets":[0,0,0,0]}],[0],0,[0],[0],[0]],[[{"name":"h_koi_blur","rect":[1547,1101,88,102],"offset":[-3,-1],"originalSize":[182,206],"capInsets":[0,0,0,0]}],[0],0,[0],[0],[0]],[[{"name":"l_10_blur","rect":[1711,1195,70,74],"offset":[-1,-2],"originalSize":[142,152],"rotated":1,"capInsets":[0,0,0,0]}],[0],0,[0],[0],[0]],[[{"name":"h_silver_frame_b_blur","rect":[1175,912,92,179],"offset":[0,0],"originalSize":[184,359],"capInsets":[0,0,0,0]}],[0],0,[0],[0],[0]],[[{"name":"h_gold_frame_d_blur","rect":[1189,539,94,338],"offset":[0,0],"originalSize":[188,672],"capInsets":[0,0,0,0]}],[0],0,[0],[0],[0]],[[{"name":"h_cracker_blur","rect":[1285,827,76,94],"offset":[-1,-3],"originalSize":[154,194],"rotated":1,"capInsets":[0,0,0,0]}],[0],0,[0],[0],[0]],[[{"name":"h_purse","rect":[1801,1069,144,174],"offset":[1,-5],"originalSize":[290,358],"rotated":1,"capInsets":[0,0,0,0]}],[0],0,[0],[0],[0]],[[{"name":"l_block_a_blur","rect":[1529,1215,92,94],"offset":[0,0],"originalSize":[92,94],"capInsets":[0,0,0,0]}],[0],0,[0],[0],[0]],[[{"name":"h_toad","rect":[1808,639,188,170],"offset":[-1,-1],"originalSize":[378,342],"capInsets":[0,0,0,0]}],[0],0,[0],[0],[0]],[[{"name":"l_block_d_blur","rect":[985,921,92,334],"offset":[0,0],"originalSize":[92,334],"capInsets":[0,0,0,0]}],[0],0,[0],[0],[0]],[[{"name":"l_block_b_blur","rect":[1619,925,92,173],"offset":[0,0],"originalSize":[92,173],"capInsets":[0,0,0,0]}],[0],0,[0],[0],[0]],[[{"name":"l_j","rect":[1715,761,88,126],"offset":[-3,-5],"originalSize":[182,262],"capInsets":[0,0,0,0]}],[0],0,[0],[0],[0]],[[{"name":"h_toad_blur","rect":[1427,1215,94,100],"offset":[0,0],"originalSize":[188,200],"rotated":1,"capInsets":[0,0,0,0]}],[0],0,[0],[0],[0]],[[{"name":"h_dragon_blur","rect":[1713,993,86,106],"offset":[0,-3],"originalSize":[172,218],"capInsets":[0,0,0,0]}],[0],0,[0],[0],[0]],[[{"name":"h_purse_blur","rect":[1637,1100,72,102],"offset":[1,-2],"originalSize":[146,208],"capInsets":[0,0,0,0]}],[0],0,[0],[0],[0]],[[{"name":"s_scatter_a","rect":[1605,449,214,184],"offset":[0,10],"originalSize":[428,388],"capInsets":[0,0,0,0]}],[0],0,[0],[0],[0]],[[{"name":"h_cymbal_blur","rect":[1715,889,88,102],"offset":[-1,-2],"originalSize":[178,208],"capInsets":[0,0,0,0]}],[0],0,[0],[0],[0]],[[{"name":"h_block_d_blur","rect":[889,923,94,334],"offset":[0,0],"originalSize":[94,334],"capInsets":[0,0,0,0]}],[0],0,[0],[0],[0]],[[{"name":"s_wild_long_blur","rect":[1101,539,371,86],"offset":[0,0],"originalSize":[743,172],"rotated":1,"capInsets":[0,0,0,0]}],[0],0,[0],[0],[0]],[[{"name":"s_wild","rect":[1805,811,180,162],"offset":[0,0],"originalSize":[360,324],"capInsets":[0,0,0,0]}],[0],0,[0],[0],[0]],[[{"name":"l_k","rect":[1079,1187,110,122],"offset":[-3,-5],"originalSize":[226,254],"capInsets":[0,0,0,0]}],[0],0,[0],[0],[0]],[[{"name":"l_a_blur","rect":[367,1251,54,76],"offset":[-1,-2],"originalSize":[110,156],"rotated":1,"capInsets":[0,0,0,0]}],[0],0,[0],[0],[0]],[[{"name":"l_j_blur","rect":[1203,487,44,78],"offset":[-1,-2],"originalSize":[90,160],"rotated":1,"capInsets":[0,0,0,0]}],[0],0,[0],[0],[0]],[[{"name":"s_pattern_a_d","rect":[735,1,154,596],"offset":[3,0],"originalSize":[314,1192],"capInsets":[0,0,0,0]}],[0],0,[0],[0],[0]],[[{"name":"h_gold_frame_c_blur","rect":[1729,353,94,259],"offset":[-1,0],"originalSize":[190,519],"rotated":1,"capInsets":[0,0,0,0]}],[0],0,[0],[0],[0]],[[{"name":"h_gold_frame_d","rect":[1,173,182,644],"offset":[0,0],"originalSize":[364,1288],"capInsets":[0,0,0,0]}],[0],0,[0],[0],[0]],[[{"name":"s_wild_blur","rect":[1711,1101,92,86],"offset":[0,0],"originalSize":[184,172],"rotated":1,"capInsets":[0,0,0,0]}],[0],0,[0],[0],[0]],[[{"name":"h_block_b_blur","rect":[1605,635,124,201],"offset":[0,0],"originalSize":[124,201],"rotated":1,"capInsets":[0,0,0,0]}],[0],0,[0],[0],[0]],[[{"name":"s_scatter_a_blur","rect":[1317,1213,108,96],"offset":[0,5],"originalSize":[216,202],"capInsets":[0,0,0,0]}],[0],0,[0],[0],[0]],[[{"name":"h_block_a_blur","rect":[1175,1093,92,92],"offset":[0,0],"originalSize":[92,92],"capInsets":[0,0,0,0]}],[0],0,[0],[0],[0]],[[{"name":"h_silver_frame_c_blur","rect":[1079,921,94,259],"offset":[-1,0],"originalSize":[190,519],"capInsets":[0,0,0,0]}],[0],0,[0],[0],[0]],[[{"name":"s_wild_long","rect":[1,1,732,170],"offset":[0,1],"originalSize":[1464,342],"capInsets":[0,0,0,0]}],[0],0,[0],[0],[0]],[[{"name":"h_block_d","rect":[369,173,182,642],"offset":[-1,0],"originalSize":[366,1284],"capInsets":[0,0,0,0]}],[0],0,[0],[0],[0]],[[{"name":"h_block_c","rect":[185,819,180,482],"offset":[-1,0],"originalSize":[362,964],"capInsets":[0,0,0,0]}],[0],0,[0],[0],[0]],[[{"name":"h_koi","rect":[1443,925,174,174],"offset":[-4,-4],"originalSize":[356,356],"capInsets":[0,0,0,0]}],[0],0,[0],[0],[0]],[[{"name":"l_block_c_blur","rect":[1511,485,92,253],"offset":[0,0],"originalSize":[92,253],"capInsets":[0,0,0,0]}],[0],0,[0],[0],[0]],[[{"name":"h_cymbal","rect":[1269,905,174,172],"offset":[-3,-5],"originalSize":[354,354],"rotated":1,"capInsets":[0,0,0,0]}],[0],0,[0],[0],[0]],[[{"name":"l_k_blur","rect":[787,1247,56,76],"offset":[-1,-2],"originalSize":[114,156],"rotated":1,"capInsets":[0,0,0,0]}],[0],0,[0],[0],[0]]]]