[1,["f2i8hxq49FD5+ccQf7uG1i"],["_textureSetter"],["cc.SpriteFrame"],0,[[[{"name":"f_particle_11","rect":[555,1,296,340],"offset":[0,0],"originalSize":[296,340],"rotated":1,"capInsets":[0,0,0,0]}],[0],0,[0],[0],[0]],[[{"name":"f_particle_07","rect":[1,687,280,312],"offset":[0,0],"originalSize":[280,312],"capInsets":[0,0,0,0]}],[0],0,[0],[0],[0]],[[{"name":"f_particle_10","rect":[1,345,296,340],"offset":[0,0],"originalSize":[296,340],"capInsets":[0,0,0,0]}],[0],0,[0],[0],[0]],[[{"name":"f_particle_08","rect":[851,639,290,324],"offset":[0,0],"originalSize":[290,324],"capInsets":[0,0,0,0]}],[0],0,[0],[0],[0]],[[{"name":"f_particle_00","rect":[505,509,152,190],"offset":[0,0],"originalSize":[152,190],"rotated":1,"capInsets":[0,0,0,0]}],[0],0,[0],[0],[0]],[[{"name":"f_particle_03","rect":[299,289,218,250],"offset":[0,0],"originalSize":[218,250],"rotated":1,"capInsets":[0,0,0,0]}],[0],0,[0],[0],[0]],[[{"name":"f_particle_12","rect":[1,1,296,342],"offset":[0,0],"originalSize":[296,342],"capInsets":[0,0,0,0]}],[0],0,[0],[0],[0]],[[{"name":"f_particle_13","rect":[851,299,296,338],"offset":[0,0],"originalSize":[296,338],"capInsets":[0,0,0,0]}],[0],0,[0],[0],[0]],[[{"name":"f_particle_02","rect":[551,299,198,228],"offset":[0,0],"originalSize":[198,228],"rotated":1,"capInsets":[0,0,0,0]}],[0],0,[0],[0],[0]],[[{"name":"f_particle_05","rect":[299,1,254,286],"offset":[0,0],"originalSize":[254,286],"capInsets":[0,0,0,0]}],[0],0,[0],[0],[0]],[[{"name":"f_particle_06","rect":[283,687,270,304],"offset":[0,0],"originalSize":[270,304],"capInsets":[0,0,0,0]}],[0],0,[0],[0],[0]],[[{"name":"f_particle_04","rect":[897,1,240,268],"offset":[0,0],"originalSize":[240,268],"capInsets":[0,0,0,0]}],[0],0,[0],[0],[0]],[[{"name":"f_particle_01","rect":[299,509,164,204],"offset":[0,0],"originalSize":[164,204],"rotated":1,"capInsets":[0,0,0,0]}],[0],0,[0],[0],[0]],[[{"name":"f_particle_09","rect":[555,663,294,332],"offset":[0,0],"originalSize":[294,332],"capInsets":[0,0,0,0]}],[0],0,[0],[0],[0]]]]