[1,["f3aUL6M9tDSoJmHnMLATes"],["_textureSetter"],["cc.SpriteFrame"],0,[[[{"name":"ps_line_b_06","rect":[209,663,206,329],"offset":[0,0],"originalSize":[206,329],"capInsets":[0,0,0,0]}],[0],0,[0],[0],[0]],[[{"name":"ps_line_b_03","rect":[1,663,206,329],"offset":[0,0],"originalSize":[206,329],"capInsets":[0,0,0,0]}],[0],0,[0],[0],[0]],[[{"name":"ps_line_b_05","rect":[417,1,206,329],"offset":[0,0],"originalSize":[206,329],"capInsets":[0,0,0,0]}],[0],0,[0],[0],[0]],[[{"name":"ps_line_b_12","rect":[625,663,206,329],"offset":[0,0],"originalSize":[206,329],"capInsets":[0,0,0,0]}],[0],0,[0],[0],[0]],[[{"name":"ps_line_b_02","rect":[209,1,206,329],"offset":[0,0],"originalSize":[206,329],"capInsets":[0,0,0,0]}],[0],0,[0],[0],[0]],[[{"name":"ps_line_b_07","rect":[417,332,206,329],"offset":[0,0],"originalSize":[206,329],"capInsets":[0,0,0,0]}],[0],0,[0],[0],[0]],[[{"name":"ps_line_b_01","rect":[1,332,206,329],"offset":[0,0],"originalSize":[206,329],"capInsets":[0,0,0,0]}],[0],0,[0],[0],[0]],[[{"name":"ps_line_b_09","rect":[417,663,206,329],"offset":[0,0],"originalSize":[206,329],"capInsets":[0,0,0,0]}],[0],0,[0],[0],[0]],[[{"name":"ps_line_b_13","rect":[833,332,206,329],"offset":[0,0],"originalSize":[206,329],"capInsets":[0,0,0,0]}],[0],0,[0],[0],[0]],[[{"name":"ps_line_b_11","rect":[833,1,206,329],"offset":[0,0],"originalSize":[206,329],"capInsets":[0,0,0,0]}],[0],0,[0],[0],[0]],[[{"name":"ps_line_b_04","rect":[209,332,206,329],"offset":[0,0],"originalSize":[206,329],"capInsets":[0,0,0,0]}],[0],0,[0],[0],[0]],[[{"name":"ps_line_b_14","rect":[1041,1,206,329],"offset":[0,0],"originalSize":[206,329],"capInsets":[0,0,0,0]}],[0],0,[0],[0],[0]],[[{"name":"ps_line_b_00","rect":[1,1,206,329],"offset":[0,0],"originalSize":[206,329],"capInsets":[0,0,0,0]}],[0],0,[0],[0],[0]],[[{"name":"ps_line_b_10","rect":[625,332,206,329],"offset":[0,0],"originalSize":[206,329],"capInsets":[0,0,0,0]}],[0],0,[0],[0],[0]],[[{"name":"ps_line_b_08","rect":[625,1,206,329],"offset":[0,0],"originalSize":[206,329],"capInsets":[0,0,0,0]}],[0],0,[0],[0],[0]],[[{"name":"ps_line_b_15","rect":[833,663,206,329],"offset":[0,0],"originalSize":[206,329],"capInsets":[0,0,0,0]}],[0],0,[0],[0],[0]]]]