[1,["67Kp1xZMNJeZlwyAgDzgsj","97O1WYcS5MY5HlhA31ucpR","1dXyiMsqZNgYNHdtiEpy/O","3bkqudf1xM7LfdGff6b3uC","9asqPHLoJCMrZ2FkfejMvp","2aDRyGhdlJgZi7Dbt1maon","077gefFA1LJqypbJJ65eio","72u9pvVFhP4J85FMWksirP","48j+h869BLUKsMXEK4DvEU","71ttFcWyZNqKhuJoOskIF9","56uT+9mNhN7aPBqQjsVhZM","84XnOcPX5Jx6xl99CeaRY4"],["_textureSetter","mul_2","mul_4","mul_multiply","mul_1","mul_8","mul_7","mul_9","mul_3","mul_5","mul_6","mul_0"],["cc.SpriteFrame",["cc.SpriteAtlas",["_name","_spriteFrames"],2,11]],[[1,0,1,2]],[[[{"name":"mul_7","rect":[1,166,61,80],"offset":[0,0],"originalSize":[61,80],"capInsets":[0,0,0,0]}],[0],0,[0],[0],[0]],[[[0,"Alats50.plist",[{},"mul_2",6,0,"mul_4",6,1,"mul_multiply",6,2,"mul_1",6,3,"mul_8",6,4,"mul_7",6,5,"mul_9",6,6,"mul_3",6,7,"mul_5",6,8,"mul_6",6,9,"mul_0",6,10]]],0,0,[0,0,0,0,0,0,0,0,0,0,0],[1,2,3,4,5,6,7,8,9,10,11],[1,2,3,4,5,6,7,8,9,10,11]],[[{"name":"mul_4","rect":[137,84,63,79],"offset":[0,0],"originalSize":[65,79],"capInsets":[0,0,0,0]}],[0],0,[0],[0],[0]],[[{"name":"mul_8","rect":[137,1,65,81],"offset":[0,0],"originalSize":[65,81],"capInsets":[0,0,0,0]}],[0],0,[0],[0],[0]],[[{"name":"mul_multiply","rect":[194,165,60,61],"offset":[0,0],"originalSize":[60,61],"capInsets":[0,0,0,0]}],[0],0,[0],[0],[0]],[[{"name":"mul_3","rect":[69,165,60,81],"offset":[0,0],"originalSize":[60,81],"capInsets":[0,0,0,0]}],[0],0,[0],[0],[0]],[[{"name":"mul_6","rect":[70,1,65,81],"offset":[0,0],"originalSize":[65,81],"capInsets":[0,0,0,0]}],[0],0,[0],[0],[0]],[[{"name":"mul_5","rect":[69,84,66,79],"offset":[0,0],"originalSize":[66,79],"capInsets":[0,0,0,0]}],[0],0,[0],[0],[0]],[[{"name":"mul_9","rect":[1,1,67,81],"offset":[0,0],"originalSize":[67,81],"capInsets":[0,0,0,0]}],[0],0,[0],[0],[0]],[[{"name":"mul_0","rect":[131,165,61,79],"offset":[0,0],"originalSize":[63,81],"capInsets":[0,0,0,0]}],[0],0,[0],[0],[0]],[[{"name":"mul_2","rect":[1,84,66,80],"offset":[0,0],"originalSize":[66,80],"capInsets":[0,0,0,0]}],[0],0,[0],[0],[0]],[[{"name":"mul_1","rect":[202,84,53,78],"offset":[0,0],"originalSize":[53,78],"capInsets":[0,0,0,0]}],[0],0,[0],[0],[0]]]]