[1,["c3qOBapctB+5hkejIn7PCz","d0Wph/AJ1IQobbDHYnc7yt","fcGRTj+dVPD6smSHyOTMAZ","bfhrJ9IsJJBre39ihYk8jZ","5c659AVmBHfIV9I4zEvYoi","cd092PksRCn4w5DoTF/Ked","85hS+2ctBJlbFyMgJGvaTZ","28IUlJncFNUJVcbdp3u5j4","6d0/+o3HdIZb6kl+cbIlPb","8amwi82sJI55ivVqIO0rKG","009gz8RJFA7bqpLYnPn/wl","7fK/vAmKhJi5rY+7qG6Dlu","74Dx7NbjJBmJxs9LYefN0j","47a9Iz4fhAQ4bk/tA/glI6","e4FscLz6FKtac+9KGZZvyT","d2sj8aPApMPrsl4BprmNhx","70VcMJhLJCUoDLCPr3AzvU","0fBDylCQ1IUp1EDMq/ilgD","d35x/ICJdMOZWwDCZVqHo/","87D4fyrFFDhbDSfRT+egfl","d4oGBGCKBECaFeDelopziJ","d7HAeHIVVOB6EcrEo04st5","74SldsZf5E/ppdVThgRkGP","5byAgo44tGOIVjPPJ21unj","7eeSoCx/tOdraQtHTe4KPC","3fDV3C8ZFHHYHv2U0gG++C","b7FyBajUdJvp1UK7lWQ+c5","6dWz+EmZpFBJ/5PYfMapob","cfMrZ324dOZK9jt4vsy3uk","71tkw7k1pKipL19BIjrFFn","51m1N1cMtN0Z4IOFkQqChK"],["value"],[["cc.AnimationClip",["_name","_duration","sample","curveData"],0,11]],[[0,0,1,2,3,4]],[[0,"tw",15.933333333333334,15,[{},"paths",11,[{"New Node":{"props":{"opacity":[{"frame":0,"value":0},{"frame":1,"value":255}]}}},"New Node/sb_vfx_a_01",11,[{},"props",11,[{"opacity":[{"frame":0.3333333333333333,"value":255},{"frame":1.8,"value":0}]},"scale",12,[[[{"frame":0.3333333333333333},"value",8,[1,0,0,1]],[{"frame":1.2666666666666666},"value",8,[1,8,8,1]]],11,11]]],"New Node/9bc4bcf2-7ce5-4924-b861-008d3f1870a5 copy",11,[{},"props",11,[{"opacity":[{"frame":0.3333333333333333,"value":255},{"frame":1.8,"value":0}]},"scale",12,[[[{"frame":0.3333333333333333},"value",8,[1,1,1,1]],[{"frame":1.2666666666666666},"value",8,[1,2,2,1]]],11,11]]],"New Node/8c937d3e-9f3c-46ee-8bda-a310a8cd2364",11,[{},"props",11,[{},"scale",12,[[[{"frame":0},"value",8,[1,1,1,1]],[{"frame":15.933333333333334},"value",8,[1,1.3,1.3,1]]],11,11]]],"New Node/38f57c43-4ba9-4e30-9b0d-2c8102f174a6",11,[{},"props",11,[{},"scale",12,[[[{"frame":0},"value",8,[1,1,1,1]],[{"frame":15.933333333333334},"value",8,[1,1.3,1.3,1]]],11,11]]],"New Node/fs_vfx_c_00",11,[{},"comps",11,[{},"cc.Sprite",11,[{},"spriteFrame",12,[[[{"frame":0.06666666666666667},"value",6,0],[{"frame":0.13333333333333333},"value",6,1],[{"frame":0.2},"value",6,2],[{"frame":0.26666666666666666},"value",6,3],[{"frame":0.3333333333333333},"value",6,4],[{"frame":0.4},"value",6,5],[{"frame":0.4666666666666667},"value",6,6],[{"frame":0.5333333333333333},"value",6,7],[{"frame":0.6},"value",6,8],[{"frame":0.6666666666666666},"value",6,9],[{"frame":0.7333333333333333},"value",6,10],[{"frame":0.8},"value",6,11],[{"frame":0.8666666666666667},"value",6,12],[{"frame":0.9333333333333333},"value",6,13],[{"frame":1},"value",6,14],[{"frame":1.0666666666666667},"value",6,15],[{"frame":1.1333333333333333},"value",6,16],[{"frame":1.2},"value",6,17],[{"frame":1.2666666666666666},"value",6,18],[{"frame":1.3333333333333333},"value",6,19],[{"frame":1.4},"value",6,20],[{"frame":1.4666666666666666},"value",6,21],[{"frame":1.5333333333333334},"value",6,22],[{"frame":1.6},"value",6,23],[{"frame":1.6666666666666667},"value",6,24],[{"frame":1.7333333333333334},"value",6,25],[{"frame":1.8},"value",6,26],[{"frame":1.8666666666666667},"value",6,27],[{"frame":1.9333333333333333},"value",6,28],[{"frame":2},"value",6,29],[{"frame":2.066666666666667},"value",6,30]],11,11,11,11,11,11,11,11,11,11,11,11,11,11,11,11,11,11,11,11,11,11,11,11,11,11,11,11,11,11,11]]]]]]]],0,0,[0,0,0,0,0,0,0,0,0,0,0,0,0,0,0,0,0,0,0,0,0,0,0,0,0,0,0,0,0,0,0],[0,0,0,0,0,0,0,0,0,0,0,0,0,0,0,0,0,0,0,0,0,0,0,0,0,0,0,0,0,0,0],[0,1,2,3,4,5,6,7,8,9,10,11,12,13,14,15,16,17,18,19,20,21,22,23,24,25,26,27,28,29,30]]