[1,["6fSkBvQC5Kc7v5g4jfVNrv","86yma4q9hOOpf4w1zRftzP","034uOVnJ5OhYCo8dvuZf9v","10qliR1bFFuazrGrrfACQG","9dSqDSoe5MRoRL+2SWx8LD","bd5kaSRyJLOLZghVEm4Cx0","b2V7tJD4JP4LJ3MaN/RQri","0e6Ugw0y9KGY+tv98ci/l7","d1UhIBxVBKCJHwvNIgXIEj","14VkuvpiFMArh9K+6Cii5P","73IOig4mVF3aA+F2JmaisY","57ai5XLGNOfZRxFugz7tc2","b27ZpC6fVPvKJMGhg0tt/5","38yYYpXslBuK4MXWNSeG5b","98cylCa8ZKG4ZJYQq/gNni","78JiBP12pP0pkAF/5I7alr","91clKkvGZCw5uiI5QWi5X1","6cfgJV8ItPIa03J2F0fkvy","43BvtkA+dHqZ/qcDSoa8Xw"],["value"],[["cc.AnimationClip",["_name","_duration","sample","wrapMode","curveData"],-1,11]],[[0,0,1,2,3,4,5]],[[0,"EffectBgMult1",0.7916666666666666,24,2,[{},"paths",11,[{},"mtp_sym_bg_a_screen_00",11,[{},"comps",11,[{},"cc.Sprite",11,[{},"spriteFrame",12,[[[{"frame":0},"value",6,0],[{"frame":0.041666666666666664},"value",6,1],[{"frame":0.08333333333333333},"value",6,2],[{"frame":0.125},"value",6,3],[{"frame":0.16666666666666666},"value",6,4],[{"frame":0.20833333333333334},"value",6,5],[{"frame":0.25},"value",6,6],[{"frame":0.2916666666666667},"value",6,7],[{"frame":0.3333333333333333},"value",6,8],[{"frame":0.375},"value",6,9],[{"frame":0.4166666666666667},"value",6,10],[{"frame":0.4583333333333333},"value",6,11],[{"frame":0.5},"value",6,12],[{"frame":0.5416666666666666},"value",6,13],[{"frame":0.5833333333333334},"value",6,14],[{"frame":0.625},"value",6,15],[{"frame":0.6666666666666666},"value",6,16],[{"frame":0.7083333333333334},"value",6,17],[{"frame":0.75},"value",6,18]],11,11,11,11,11,11,11,11,11,11,11,11,11,11,11,11,11,11,11]]]]]]]],0,0,[0,0,0,0,0,0,0,0,0,0,0,0,0,0,0,0,0,0,0],[0,0,0,0,0,0,0,0,0,0,0,0,0,0,0,0,0,0,0],[0,1,2,3,4,5,6,7,8,9,10,11,12,13,14,15,16,17,18]]