[1,["19j6iXxVZPe4QZRwAGZ0bN"],["_textureSetter"],["cc.SpriteFrame"],0,[[[{"name":"fspin_vfx_b_add_01","rect":[1,445,98,442],"offset":[26,0],"originalSize":[150,450],"capInsets":[0,0,0,0]}],[0],0,[0],[0],[0]],[[{"name":"fspin_vfx_b_add_14","rect":[601,445,98,442],"offset":[26,0],"originalSize":[150,450],"capInsets":[0,0,0,0]}],[0],0,[0],[0],[0]],[[{"name":"fspin_vfx_b_add_00","rect":[1,1,98,442],"offset":[26,0],"originalSize":[150,450],"capInsets":[0,0,0,0]}],[0],0,[0],[0],[0]],[[{"name":"fspin_vfx_b_add_09","rect":[401,445,98,442],"offset":[26,0],"originalSize":[150,450],"capInsets":[0,0,0,0]}],[0],0,[0],[0],[0]],[[{"name":"fspin_vfx_b_add_08","rect":[401,1,98,442],"offset":[26,0],"originalSize":[150,450],"capInsets":[0,0,0,0]}],[0],0,[0],[0],[0]],[[{"name":"fspin_vfx_b_add_03","rect":[101,445,98,442],"offset":[26,0],"originalSize":[150,450],"capInsets":[0,0,0,0]}],[0],0,[0],[0],[0]],[[{"name":"fspin_vfx_b_add_06","rect":[301,1,98,442],"offset":[26,0],"originalSize":[150,450],"capInsets":[0,0,0,0]}],[0],0,[0],[0],[0]],[[{"name":"fspin_vfx_b_add_13","rect":[701,1,98,442],"offset":[26,0],"originalSize":[150,450],"capInsets":[0,0,0,0]}],[0],0,[0],[0],[0]],[[{"name":"fspin_vfx_b_add_15","rect":[701,445,98,442],"offset":[26,0],"originalSize":[150,450],"capInsets":[0,0,0,0]}],[0],0,[0],[0],[0]],[[{"name":"fspin_vfx_b_add_12","rect":[601,1,98,442],"offset":[26,0],"originalSize":[150,450],"capInsets":[0,0,0,0]}],[0],0,[0],[0],[0]],[[{"name":"fspin_vfx_b_add_04","rect":[201,1,98,442],"offset":[26,0],"originalSize":[150,450],"capInsets":[0,0,0,0]}],[0],0,[0],[0],[0]],[[{"name":"fspin_vfx_b_add_02","rect":[101,1,98,442],"offset":[26,0],"originalSize":[150,450],"capInsets":[0,0,0,0]}],[0],0,[0],[0],[0]],[[{"name":"fspin_vfx_b_add_05","rect":[201,445,98,442],"offset":[26,0],"originalSize":[150,450],"capInsets":[0,0,0,0]}],[0],0,[0],[0],[0]],[[{"name":"fspin_vfx_b_add_11","rect":[501,445,98,442],"offset":[26,0],"originalSize":[150,450],"capInsets":[0,0,0,0]}],[0],0,[0],[0],[0]],[[{"name":"fspin_vfx_b_add_10","rect":[501,1,98,442],"offset":[26,0],"originalSize":[150,450],"capInsets":[0,0,0,0]}],[0],0,[0],[0],[0]],[[{"name":"fspin_vfx_b_add_07","rect":[301,445,98,442],"offset":[26,0],"originalSize":[150,450],"capInsets":[0,0,0,0]}],[0],0,[0],[0],[0]]]]