[1,["56LULd6RhE2JAryqIx2SRF","8eepgTCE9DbKOm1HdGToQT","bbG03XH1BFV6wmGKz8jWSK","a4vUMLr4dGUpW6q17BAu3K","b7c9P8GaxNjIRRiEfu9hmL","3dlk1/wjtHCqniWu2i41nA","07mKoZWw1As68D48rKVddg","2fhIkbxzhDvKeDrYF7PfT9","d4nBWw+6ZBI6EpjY/cgWsV","92Fz70pJ5HOaBPv3IRMknf","6cz5kXGN9M9Ynu1TRs8qPs","63ZVMNv+NK8o+wfnjmVrbG","18U61T1elELq28evzHdhAe","fbd3EM3NhF1YxMw7xrSAef"],["_textureSetter","s_block_gold_d","l_a","l_j","s_block_gold_a","l_block_a","s_block_gold_c","l_q","l_k","l_block_c","l_10","l_block_b","s_block_gold_b","l_block_d"],["cc.SpriteFrame",["cc.SpriteAtlas",["_name","_spriteFrames"],2,11]],[[1,0,1,2]],[[[{"name":"s_block_gold_c","rect":[443,1,240,558],"offset":[-4,-21],"originalSize":[350,1004],"capInsets":[0,0,0,0]}],[0],0,[0],[0],[0]],[[{"name":"s_block_gold_b","rect":[443,561,202,398],"offset":[0,-18],"originalSize":[350,598],"capInsets":[0,0,0,0]}],[0],0,[0],[0],[0]],[[{"name":"l_q","rect":[829,513,124,152],"offset":[-4,-2],"originalSize":[350,598],"capInsets":[0,0,0,0]}],[0],0,[0],[0],[0]],[[{"name":"l_block_a","rect":[261,683,180,172],"offset":[0,1],"originalSize":[350,598],"capInsets":[0,0,0,0]}],[0],0,[0],[0],[0]],[[{"name":"l_block_b","rect":[647,561,180,342],"offset":[0,1],"originalSize":[350,598],"capInsets":[0,0,0,0]}],[0],0,[0],[0],[0]],[[{"name":"l_10","rect":[829,813,148,142],"offset":[0,0],"originalSize":[350,598],"capInsets":[0,0,0,0]}],[0],0,[0],[0],[0]],[[{"name":"s_block_gold_d","rect":[1,1,258,688],"offset":[4,-1],"originalSize":[350,1004],"capInsets":[0,0,0,0]}],[0],0,[0],[0],[0]],[[{"name":"l_block_c","rect":[685,1,180,510],"offset":[0,1],"originalSize":[350,1004],"capInsets":[0,0,0,0]}],[0],0,[0],[0],[0]],[[{"name":"l_j","rect":[867,1,112,152],"offset":[0,0],"originalSize":[350,598],"capInsets":[0,0,0,0]}],[0],0,[0],[0],[0]],[[[0,"Alats15.plist",[{},"s_block_gold_d",6,0,"l_a",6,1,"l_j",6,2,"s_block_gold_a",6,3,"l_block_a",6,4,"s_block_gold_c",6,5,"l_q",6,6,"l_k",6,7,"l_block_c",6,8,"l_10",6,9,"l_block_b",6,10,"s_block_gold_b",6,11,"l_block_d",6,12]]],0,0,[0,0,0,0,0,0,0,0,0,0,0,0,0],[1,2,3,4,5,6,7,8,9,10,11,12,13],[1,2,3,4,5,6,7,8,9,10,11,12,13]],[[{"name":"s_block_gold_a","rect":[1,691,236,238],"offset":[6,-11],"originalSize":[350,598],"capInsets":[0,0,0,0]}],[0],0,[0],[0],[0]],[[{"name":"l_a","rect":[239,857,158,144],"offset":[-5,-1],"originalSize":[350,598],"capInsets":[0,0,0,0]}],[0],0,[0],[0],[0]],[[{"name":"l_k","rect":[829,667,142,144],"offset":[-5,-1],"originalSize":[350,598],"capInsets":[0,0,0,0]}],[0],0,[0],[0],[0]],[[{"name":"l_block_d","rect":[261,1,180,680],"offset":[-1,0],"originalSize":[350,1004],"capInsets":[0,0,0,0]}],[0],0,[0],[0],[0]]]]