[1,["74/6F0F6ZN2aRH43kPmiJJ","021LMrEBJMPqGf6GHMbSZy","935FV8BK5CzoNo/Du1xFel","9cKeBUVqlNLJpQjM6cmIMi","77mQmwTZFL/JNz0ujOJPEO","e2xMIznBVNtIbB74/zhnJ5","575r/GNKFPJYnNw6Z78+Wf","34nPiUfA5A94KmuFDFsRFm"],["ways_bar_vfx_a_screen_02","ways_bar_vfx_a_screen_01","main_bg","main_ambient_vfx_b_screen_03","main_ambient_vfx_a_screen","main_ambient_vfx_b_screen_01","main_ambient_vfx_b_screen_02","_textureSetter"],["cc.SpriteFrame",["cc.SpriteAtlas",["_name","_spriteFrames"],2,11]],[[1,0,1,2]],[[[[0,"Alats53.plist",[{},"ways_bar_vfx_a_screen_02",6,0,"ways_bar_vfx_a_screen_01",6,1,"main_bg",6,2,"main_ambient_vfx_b_screen_03",6,3,"main_ambient_vfx_a_screen",6,4,"main_ambient_vfx_b_screen_01",6,5,"main_ambient_vfx_b_screen_02",6,6]]],0,0,[0,0,0,0,0,0,0],[0,1,2,3,4,5,6],[0,1,2,3,4,5,6]],[[{"name":"main_ambient_vfx_a_screen","rect":[759,1,378,819],"offset":[0,0],"originalSize":[378,819],"capInsets":[0,0,0,0]}],[0],0,[0],[7],[7]]]]