[1,["d91kNWv0lMObX159uNyJQU"],["_textureSetter"],["cc.SpriteFrame"],0,[[[{"name":"spin_light_c","rect":[526,615,47,361],"offset":[0,0],"originalSize":[47,361],"rotated":1,"capInsets":[0,0,0,0]}],[0],0,[0],[0],[0]],[[{"name":"spin_light_b","rect":[873,203,47,361],"offset":[0,0],"originalSize":[47,361],"capInsets":[0,0,0,0]}],[0],0,[0],[0],[0]],[[{"name":"spin_glow_a","rect":[1,1,456,347],"offset":[0,0],"originalSize":[456,347],"rotated":1,"capInsets":[0,0,0,0]}],[0],0,[0],[0],[0]],[[{"name":"hover_glow_b","rect":[350,273,161,164],"offset":[0,0],"originalSize":[161,164],"rotated":1,"capInsets":[0,0,0,0]}],[0],0,[0],[0],[0]],[[{"name":"hover_glow_a","rect":[1,459,264,268],"offset":[0,0],"originalSize":[264,268],"rotated":1,"capInsets":[0,0,0,0]}],[0],0,[0],[0],[0]]]]