[1,["a8Qh5xUbZIjIN1IOIkz8Lj"],["_textureSetter"],["cc.SpriteFrame"],0,[[[{"name":"sb_vfx_d_screen","rect":[248,1,234,234],"offset":[0,0],"originalSize":[234,234],"capInsets":[0,0,0,0]}],[0],0,[0],[0],[0]],[[{"name":"sb_vfx_a_screen","rect":[1,1,245,245],"offset":[0,0],"originalSize":[245,245],"capInsets":[0,0,0,0]}],[0],0,[0],[0],[0]],[[{"name":"sb_hover_screen","rect":[681,1,150,150],"offset":[0,0],"originalSize":[150,150],"capInsets":[0,0,0,0]}],[0],0,[0],[0],[0]],[[{"name":"sb_vfx_c_screen","rect":[484,1,195,195],"offset":[0,0],"originalSize":[195,195],"capInsets":[0,0,0,0]}],[0],0,[0],[0],[0]]]]