[1,["93k9tIvMBOd62wLC1Npmrf"],["_textureSetter"],["cc.SpriteFrame"],0,[[[{"name":"info_board_c","rect":[1,1,756,213],"offset":[0,0],"originalSize":[756,213],"capInsets":[0,0,0,0]}],[0],0,[0],[0],[0]],[[{"name":"info_board_a_02","rect":[759,155,140,140],"offset":[0,0],"originalSize":[140,140],"capInsets":[0,0,0,0]}],[0],0,[0],[0],[0]],[[{"name":"info_board_b_02","rect":[759,1,168,152],"offset":[0,0],"originalSize":[168,152],"capInsets":[0,0,0,0]}],[0],0,[0],[0],[0]],[[{"name":"info_board_b","rect":[1,333,756,115],"offset":[0,0],"originalSize":[756,115],"capInsets":[0,0,0,0]}],[0],0,[0],[0],[0]],[[{"name":"info_board_a","rect":[1,216,756,115],"offset":[0,0],"originalSize":[756,115],"capInsets":[0,0,0,0]}],[0],0,[0],[0],[0]]]]