[1,["c3rF91hgZKsaLo3p7Y2myw","dbVPjdiQNC6ayx3D04guDJ","62CP8aYOpJYqmtMCLWquYP","eeND0ZeUJM87fkknh4I5fL","96/m5VNC1Nv5TWSoMBlcS0","a5Hs4NqoxPFYGOvc4K/bHK","95cGMQM+FEqYLyY3k51ODc","156UQi64dD5LP9dfdBheRM","d1I3talNJPD48G7WJeL4ng","f2XNqA0m1EkLjSQYFrCFqL","62QgK8JKpMOICQ0uunqGZQ","19HHF364VKCbzbRjmcGE5c","d1bihw0YxKmLS/x8Fi4y7t","711ZXy3ptCKLpVa5Y1K7EH","a1/s1ZStdFc5ZP9kC5tm75","ceK5sp5ndGpYBCHpUKoXq6","39yA/ZxYhBwYV8i438FFtS","1cz8re5zpHrJ9CZppjCUE0","50Nbs7rzJKwKJUZsZTfRGT","96Rl2S3DVHj5C2d6TLSPac","e7CorP3lBJTLqKFjKFeL2g","7fP83hZv9PkK2WPP8cWCSt","0fa+RwY9hIob30GsnZWnFT","70oSWx0IFLhrePZ2esC98q","efRYNEkOVBp54RC67db6ch","4cyQbZmrFKcrr0PZu/nqhN","125RVKZfZKh4EuEgdXn1CL","30grvu9tVEkphUKnU6dtSi","42XgDzgPhGzqMT2MqT1va6","41d40kAPdBYa0JfARbUZgc","c43Qsul5ZDe4MDVqYCzcnC","458LFbsrFB6YI2of/+9i4y","6dOmC/h+1C2b4O4+T2+IZ8","9aLwZLIChM1rr5p4HH9kVN","e7fB2MFABGXoc0yM9+mKXS","cb73K5kMRAgYeFUt8iNROv","92CWXFjwBGIJVxzJ0Md9U9","44atkb8pdLALuVJt0jqqUR","a0iQBQkDBOnZrkuAjtiIxd","399aaPlgpEDK7ekq6IXndo","8bSBWHRxdM9IGd078Qwfzk","42DsE8CatLILRBOAT0oFX7","8fJ3PDA2FC1acfDy6FDgD5","49x/TDRQVDA4+K0KY/cH2M","bb5v0oHLZE2Y1JeohFAAaa","56JAF5r05P6bdv7Evof+M9","75TZnpLBBP8JYZADwUjftS","f3zXt2Wf1AZKAhlMx5VCA1"],["value"],[["cc.AnimationClip",["_name","_duration","sample","wrapMode","curveData"],-1,11]],[[0,0,1,2,3,4,5]],[[0,"laplanh",2.4,20,2,[{},"comps",11,[{},"cc.Sprite",11,[{},"spriteFrame",12,[[[{"frame":0},"value",6,0],[{"frame":0.05},"value",6,1],[{"frame":0.1},"value",6,2],[{"frame":0.15},"value",6,3],[{"frame":0.2},"value",6,4],[{"frame":0.25},"value",6,5],[{"frame":0.3},"value",6,6],[{"frame":0.35},"value",6,7],[{"frame":0.4},"value",6,8],[{"frame":0.45},"value",6,9],[{"frame":0.5},"value",6,10],[{"frame":0.55},"value",6,11],[{"frame":0.6},"value",6,12],[{"frame":0.65},"value",6,13],[{"frame":0.7},"value",6,14],[{"frame":0.75},"value",6,15],[{"frame":0.8},"value",6,16],[{"frame":0.85},"value",6,17],[{"frame":0.9},"value",6,18],[{"frame":0.95},"value",6,19],[{"frame":1},"value",6,20],[{"frame":1.05},"value",6,21],[{"frame":1.1},"value",6,22],[{"frame":1.15},"value",6,23],[{"frame":1.2},"value",6,24],[{"frame":1.25},"value",6,25],[{"frame":1.3},"value",6,26],[{"frame":1.35},"value",6,27],[{"frame":1.4},"value",6,28],[{"frame":1.45},"value",6,29],[{"frame":1.5},"value",6,30],[{"frame":1.55},"value",6,31],[{"frame":1.6},"value",6,32],[{"frame":1.65},"value",6,33],[{"frame":1.7},"value",6,34],[{"frame":1.75},"value",6,35],[{"frame":1.8},"value",6,36],[{"frame":1.85},"value",6,37],[{"frame":1.9},"value",6,38],[{"frame":1.95},"value",6,39],[{"frame":2},"value",6,40],[{"frame":2.05},"value",6,41],[{"frame":2.1},"value",6,42],[{"frame":2.15},"value",6,43],[{"frame":2.2},"value",6,44],[{"frame":2.25},"value",6,45],[{"frame":2.3},"value",6,46],[{"frame":2.35},"value",6,47]],11,11,11,11,11,11,11,11,11,11,11,11,11,11,11,11,11,11,11,11,11,11,11,11,11,11,11,11,11,11,11,11,11,11,11,11,11,11,11,11,11,11,11,11,11,11,11,11]]]]]],0,0,[0,0,0,0,0,0,0,0,0,0,0,0,0,0,0,0,0,0,0,0,0,0,0,0,0,0,0,0,0,0,0,0,0,0,0,0,0,0,0,0,0,0,0,0,0,0,0,0],[0,0,0,0,0,0,0,0,0,0,0,0,0,0,0,0,0,0,0,0,0,0,0,0,0,0,0,0,0,0,0,0,0,0,0,0,0,0,0,0,0,0,0,0,0,0,0,0],[0,1,2,3,4,5,6,7,8,9,10,11,12,13,14,15,16,17,18,19,20,21,22,23,24,25,26,27,28,29,30,31,32,33,34,35,36,37,38,39,40,41,42,43,44,45,46,47]]