[1,["b3INhIOXlG05Wwh//kczzV"],["_textureSetter"],["cc.SpriteFrame"],0,[[[{"name":"wh_vfx_f_add_02_08","rect":[1,185,186,303],"offset":[1,0],"originalSize":[210,315],"rotated":1,"capInsets":[0,0,0,0]}],[0],0,[0],[0],[0]],[[{"name":"wh_vfx_f_add_02_02","rect":[613,203,200,271],"offset":[1,-3],"originalSize":[210,315],"capInsets":[0,0,0,0]}],[0],0,[0],[0],[0]],[[{"name":"wh_vfx_f_add_02_07","rect":[302,373,190,303],"offset":[1,0],"originalSize":[210,315],"rotated":1,"capInsets":[0,0,0,0]}],[0],0,[0],[0],[0]],[[{"name":"wh_vfx_f_add_02_06","rect":[1,373,190,299],"offset":[1,-1],"originalSize":[210,315],"rotated":1,"capInsets":[0,0,0,0]}],[0],0,[0],[0],[0]],[[{"name":"wh_vfx_f_add_02_05","rect":[1,565,194,299],"offset":[1,-1],"originalSize":[210,315],"rotated":1,"capInsets":[0,0,0,0]}],[0],0,[0],[0],[0]],[[{"name":"wh_vfx_f_add_02_04","rect":[302,565,196,295],"offset":[1,-1],"originalSize":[210,315],"rotated":1,"capInsets":[0,0,0,0]}],[0],0,[0],[0],[0]],[[{"name":"wh_vfx_f_add_02_11","rect":[315,1,182,307],"offset":[1,0],"originalSize":[210,315],"rotated":1,"capInsets":[0,0,0,0]}],[0],0,[0],[0],[0]],[[{"name":"wh_vfx_f_add_02_03","rect":[607,476,198,287],"offset":[1,-1],"originalSize":[210,315],"capInsets":[0,0,0,0]}],[0],0,[0],[0],[0]],[[{"name":"wh_vfx_f_add_02_10","rect":[6,1,182,307],"offset":[1,0],"originalSize":[210,315],"rotated":1,"capInsets":[0,0,0,0]}],[0],0,[0],[0],[0]],[[{"name":"wh_vfx_f_add_02_09","rect":[306,185,186,305],"offset":[0,-1],"originalSize":[210,315],"rotated":1,"capInsets":[0,0,0,0]}],[0],0,[0],[0],[0]]]]