[1,["993mnX9FBEwoabF6CysQM4","15wrdiGfFIn5ieMAYJb9GS","efbxQbifFAzYOj/S21Ehmn","2cy6dMt95CXLjgrQwSmU/5","cea3s43qNJ3YxDvo1Pj6j3","ae5G5hmWBM1blrZ6GcKCMk","37MXJyyGtK6LkiIWa8GUm+","e1Ue0ZNdlC8oLB0DcLTHk6","eazCFLeoNPyJiknseppn5I","39jcgWV4lGha9cFPt0Gl3l","68LzTOBpFNI5q81Odh0jTg","f85zdgdddE16p7rvejPVjE","91LtUcwllCSpcyeR9MCxZI","2dIm1eyqRP/YoBTiW2D5yB","53WqFAn85J+4I8rGfHFY5h","27pTjl1tpEOYb2ihwFVNZM","43Bkep2/ZJ05IpieKqjRV8","e3OjCDRvlEQp4MLgHHibtB"],["value"],[["cc.AnimationClip",["_name","_duration","sample","curveData"],0,11]],[[0,0,1,2,3,4]],[[0,"TakeMoney",1.2,20,[{},"paths",11,[{},"anhsang",11,[{},"props",11,[{},"scale",12,[[[{"frame":0},"value",8,[1,0,0,1]],[{"frame":0.1},"value",8,[1,0,0,1]],[{"frame":0.25},"value",8,[1,2,2,1]],[{"frame":0.55},"value",8,[1,0,0,1]]],11,11,11,11]]],"infoboard_vfx_f_add",11,[{"props":{"opacity":[{"frame":0,"value":0},{"frame":0.25,"value":0},{"frame":0.35,"value":255}]}},"comps",11,[{},"cc.Sprite",11,[{},"spriteFrame",12,[[[{"frame":0.35},"value",6,0],[{"frame":0.4},"value",6,1],[{"frame":0.45},"value",6,2],[{"frame":0.5},"value",6,3],[{"frame":0.55},"value",6,4],[{"frame":0.6},"value",6,5],[{"frame":0.65},"value",6,6],[{"frame":0.7},"value",6,7],[{"frame":0.75},"value",6,8],[{"frame":0.8},"value",6,9],[{"frame":0.85},"value",6,10],[{"frame":0.9},"value",6,11],[{"frame":0.95},"value",6,12],[{"frame":1},"value",6,13],[{"frame":1.05},"value",6,14],[{"frame":1.1},"value",6,15],[{"frame":1.15},"value",6,16]],11,11,11,11,11,11,11,11,11,11,11,11,11,11,11,11,11]]]],"infoboard_vfx_f_add-001",11,[{"props":{"opacity":[{"frame":0,"value":0},{"frame":0.25,"value":0},{"frame":0.35,"value":255}]}},"comps",11,[{},"cc.Sprite",11,[{},"spriteFrame",12,[[[{"frame":0.35},"value",6,17],[{"frame":0.4},"value",6,18],[{"frame":0.45},"value",6,19],[{"frame":0.5},"value",6,20],[{"frame":0.55},"value",6,21],[{"frame":0.6},"value",6,22],[{"frame":0.65},"value",6,23],[{"frame":0.7},"value",6,24],[{"frame":0.75},"value",6,25],[{"frame":0.8},"value",6,26],[{"frame":0.85},"value",6,27],[{"frame":0.9},"value",6,28],[{"frame":0.95},"value",6,29],[{"frame":1},"value",6,30],[{"frame":1.05},"value",6,31],[{"frame":1.1},"value",6,32],[{"frame":1.15},"value",6,33]],11,11,11,11,11,11,11,11,11,11,11,11,11,11,11,11,11]]]],"infoboard_lv02_vfx_d_add_00",11,[{"props":{"opacity":[{"frame":0,"value":0}]}},"comps",11,[{},"cc.Sprite",11,[{},"spriteFrame",12,[[[{"frame":0},"value",6,34]],11]]]]]]]],0,0,[0,0,0,0,0,0,0,0,0,0,0,0,0,0,0,0,0,0,0,0,0,0,0,0,0,0,0,0,0,0,0,0,0,0,0],[0,0,0,0,0,0,0,0,0,0,0,0,0,0,0,0,0,0,0,0,0,0,0,0,0,0,0,0,0,0,0,0,0,0,0],[0,1,2,3,4,5,6,7,8,9,10,11,12,13,14,15,16,0,1,2,3,4,5,6,7,8,9,10,11,12,13,14,15,16,17]]