{"paths":{"0":["Spites/Atlas2/btn_detail",6],"1":["Spine/dt_idle/dc_idle",6],"2":["Spine/lb_header_slash_1/lb_header_slash_1",6],"3":["Spine/dc_header_sbody/dc_header_sbody",4],"4":["Spites/Atlas2/Alats7",6],"5":["Spites/Atlas2/Alats8",6],"6":["Spine/dc_header_head/dc_header_head",6],"7":["Spites/TestAlats/Alats52",6],"8":["Sound/lv_bu_slash_two",3],"9":["Sound/lv_bu_slash_four",3],"10":["Animation/atack",1],"11":["Sound/five_kind",3],"12":["Spites/Atlas2/Alats33",6],"13":["Spine/lb_run/lb_run",6],"14":["Sound/lv_bu_horse_neigh",3],"15":["Spites/b26c5c27-dec9-45d7-9c12-d2bf3cc4497b",6],"16":["Spine/SymbolSpineDZ/SymbolSpineDZ",4],"17":["Spites/TestAlats/Alats53",6],"18":["font/font1-export_cyrillic",6],"19":["Spites/Line/payline_b_07",6],"20":["Spine/DieuThuyenWild/dc_expanding",4],"21":["Sound/infobar_uplifter",3],"22":["Spites/TestAlats/Alats17",6],"23":["Spites/Atlas2/Alats5",6],"24":["Spites/e7bfb71d-81e4-4624-ad3d-f420fac0ee6a",6],"25":["Spine/dt_idle/dc_idle",4],"26":["Spites/cef5b54e-eef7-4c8f-930d-8366d8308927",6],"27":["Spine/dz_header_money/dz_header_money",6],"28":["Sound/lv_bu_symbol_start",3],"29":["Spine/lb_head_idle/lb_head_idle",4],"30":["Spites/1191713a-5032-4c5b-aee2-55d87dbba047",6],"31":["Spites/TestAlats/Alats19",6],"32":["Sound/scatter_explosion",3],"33":["Sound/bonus_multiple_hide",3],"34":["Spites/4880da50-1751-4a0f-9d19-6b86e3bc0bcd",6],"35":["Spites/Atlas2/Alats30",6],"36":["Sound/load_coins",3],"37":["Spites/TestAlats/Alats23",6],"38":["Spites/Atlas2/Alats18",6],"39":["Spites/TestAlats/Alats22",6],"40":["Sound/scatter_scrolling_long",3],"41":["Sound/dong_zhuo_bg",3],"42":["Sound/list_item_click",3],"43":["Spites/TestAlats/Alats20",6],"44":["Spites/Atlas2/Alats11",6],"45":["Spites/Line/payline_a_07",6],"46":["Spites/51fdb64b-2152-453a-86f2-04a6c89e6ddf",6],"47":["Spine/SymbolSpineSD/SymbolSpineSD",4],"48":["Sound/feature_exchange",3],"49":["Spine/dc_header_dancing/dc_header_dancing",6],"50":["Sound/wallet_counting_above",3],"51":["Spites/Line/payline_c_05",6],"52":["Sound/diao_chan_expand",3],"53":["Spine/lb_head_idle/lb_head_idle",6],"54":["Spites/0275e94c-56a7-410f-bd1a-fc7483f7d14a",6],"55":["Sound/small_win",3],"56":["Spites/Atlas2/Alats28",6],"57":["Spine/SymbolSpineSD/SymbolSpineSD",6],"58":["Sound/big_win_start",3],"59":["Spine/lb_idle/lb_idle",4],"60":["Spites/Atlas2/Alats3",6],"61":["Spine/SymbolSpineLB/SymbolSpineLB",6],"62":["Spites/Atlas2/Alats2",6],"63":["Spine/dz_idle/dz_idle",6],"64":["Spine/dc_header_emerging/dc_header_emerging",4],"65":["Sound/win_rolling",3],"66":["Spites/TestAlats/Alats7",6],"67":["Spine/lb_idle/lb_idle",6],"68":["Spine/lb_header_slash_1/lb_header_slash_1",4],"69":["Sound/dong_zhuo_four_times",3],"70":["Spine/dc_header_emerging/dc_header_emerging",6],"71":["Spine/lb_header_showing/lb_header_showing",6],"72":["Sound/mega_win_end",3],"73":["Spites/Atlas2/Alats31",6],"74":["Spites/4d976c66-a1f6-44db-8c5f-6affdcc96af3",6],"75":["Spites/a1746ee1-0f49-45af-a137-72bb9d61dff9",6],"76":["Sound/diao_chan_bg",3],"77":["Spine/dc_portrait/dc_portrait",6],"78":["Spites/Atlas2/Alats38",6],"79":["Spites/01e33586-c97a-482c-b0f5-465f29c3ca4d",6],"80":["Spine/lb_header_slash_2/lb_header_slash_2",6],"81":["Spites/Atlas2/Alats6",6],"82":["Sound/menu_icon_press",3],"83":["Spites/8a46f7ce-5b89-4820-befc-a8d6f484e62b",6],"84":["Sound/result_counting",3],"85":["Spites/Atlas2/Alats34",6],"86":["Spites/Atlas2/Alats24",6],"87":["Spine/dc_header_dancing/dc_header_dancing",4],"88":["Spites/Atlas2/Alats10",6],"89":["Sound/lv_bu_attacked",3],"90":["Spites/c0b95305-4017-462d-89ae-6e584d4198df",6],"91":["Spites/4c9be897-376a-4338-a151-e0b9a8116fd8",6],"92":["Spites/c0ef2473-ba30-4fff-aef2-89ff9582954c",6],"93":["Spites/e4ea7edc-f296-475e-97a3-e05a30c365eb",6],"94":["Sound/result_count_end",3],"95":["Spine/SymbolSpineDC/SymbolSpineDC",6],"96":["Spites/HuongDan/huognDanDieuThuyen",6],"97":["Spites/Atlas2/Alats1",6],"98":["Spites/Atlas2/Alats29",6],"99":["Sound/medium_win",3],"100":["Spites/TestAlats/Alats31",6],"101":["Spites/TestAlats/Alats38",6],"102":["Spine/lb_header_showing/lb_header_showing",4],"103":["Spites/934516d8-11f1-4bf8-852d-a4f323409183",6],"104":["Spites/TestAlats/Alats37",6],"105":["Sound/lv_bu_slash_three",3],"106":["Spites/HuongDan/line",6],"107":["Sound/selector_bgm",3],"108":["Sound/scatter_scrolling_short",3],"109":["Sound/slider_effect",3],"110":["Sound/dong_zhuo_money_fall",3],"111":["Sound/slot_scrolling",3],"112":["Spine/lb_run/lb_run",4],"113":["Spites/HuongDan/Screenshot 2022-01-07 183805",6],"114":["Sound/mega_win_start",3],"115":["Sound/lv_bu_bg",3],"116":["Spites/bf11e2cd-e13d-4063-b0cb-b3bd4a3d02b3",6],"117":["Spites/Atlas2/Alats36",6],"118":["Sound/slot_scrolling_two",3],"119":["Sound/infobar_uplifter_highlight",3],"120":["Spites/d34ae2a9-83dd-4dc0-9437-089e73303f4e",6],"121":["Spites/3bc3a74b-4d9f-4bd2-be38-6ea4558b1aa5",6],"122":["Sound/dong_zhuo_laughing",3],"123":["Spine/DieuThuyenWild/dc_expanding",6],"124":["Spites/Atlas2/btn_back",6],"125":["Spites/7f49c73f-2928-47f8-8f49-d7ed9760f34b",6],"126":["Spites/Atlas2/Alats12",6],"127":["Sound/feng_yi_ting_bg",3],"128":["Spites/Atlas2/Alats26",6],"129":["Spites/033a414e-a02d-43a7-bd88-982b3f042a1f",6],"130":["Spine/dz_header_money/dz_header_money",4],"131":["Sound/small_win_coins",3],"132":["Sound/multiple_free_spin_effect",3],"133":["Spites/Atlas2/Alats17",6],"134":["Spites/TestAlats/Alats4",6],"135":["Spine/SymbolSpineLB/SymbolSpineLB",4],"136":["Spites/Atlas2/Alats35",6],"137":["Sound/lv_bu_slash_one",3],"138":["Spine/SymbolSpineDZ/SymbolSpineDZ",6],"139":["Sound/medium_win_coins",3],"140":["Spites/Atlas2/Alats20",6],"141":["Spites/8ae9579f-459b-4bde-8d1c-43d1e252febb",6],"142":["Spites/TestAlats/DCQuardruple_30",6],"143":["Spine/lb_header_slash_2/lb_header_slash_2",4],"144":["Spites/Atlas2/Alats13",6],"145":["Sound/slot_end_scroll",3],"146":["Spites/Atlas2/Alats21",6],"147":["Spites/splash",6],"148":["Sound/spin_click",3],"149":["Sound/luboChemGio",3],"150":["Spine/SymbolSpineDC/SymbolSpineDC",4],"151":["Spine/dc_header_sbody/dc_header_sbody",6],"152":["Spites/Atlas2/Alats14",6],"153":["Spites/Atlas2/Alats4",6],"154":["Spites/Atlas2/Alats37",6],"155":["Spine/dc_portrait/dc_portrait",4],"156":["Spites/Atlas2/Alats39",6],"157":["Spites/launch (1)",6],"158":["Spites/TestAlats/Alats2",6],"159":["Spine/dz_idle/dz_idle",4],"160":["Spites/TestAlats/Alats3",6],"161":["Spites/TestAlats/Alats6",6],"162":["Spine/dc_header_head/dc_header_head",4],"163":["Spites/Atlas2/Alats25",6],"164":["Spites/HuongDan/Screenshot 2022-01-07 183643",6],"165":["Spine/dz_idle/dz_idle",5],"166":["Animation/clound",0],"167":["Animation/ActiveIcon",0],"168":["Spites/Atlas2/Alats35",8],"169":["Animation/NearWin/Main1",0],"170":["Spites/1191713a-5032-4c5b-aee2-55d87dbba047",7,1],"171":["Spine/lb_idle/lb_idle",7,1],"172":["Animation/DTEffectWild",0],"173":["Spites/Atlas2/btn_detail",7,1],"174":["Spine/dt_idle/dc_idle",5],"175":["Spites/Atlas2/Alats7",8],"176":["Spites/Atlas2/Alats13",8],"177":["Spites/Line/payline_c_05",7,1],"178":["Spites/01e33586-c97a-482c-b0f5-465f29c3ca4d",7,1],"179":["Animation/FireBigWin",0],"180":["Spites/TestAlats/DCQuardruple_30",7,1],"181":["Animation/Bkg",0],"182":["Spites/TestAlats/Alats20",8],"183":["Spites/Atlas2/Alats38",8],"184":["Spites/TestAlats/Alats3",8],"185":["Spites/Atlas2/Alats12",8],"186":["Spites/Atlas2/Alats1",8],"187":["Spine/lb_run/lb_run",7,1],"188":["Animation/Fire",0],"189":["Spites/Atlas2/Alats34",8],"190":["Spites/a1746ee1-0f49-45af-a137-72bb9d61dff9",7,1],"191":["Spine/dc_header_emerging/dc_header_emerging",7,1],"192":["Spine/dc_header_head/dc_header_head",7,1],"193":["Animation/ActiLubo",0],"194":["Spites/TestAlats/Alats52",8],"195":["Spine/lb_header_slash_2/lb_header_slash_2",5],"196":["Spites/Atlas2/Alats29",8],"197":["Spine/lb_header_showing/lb_header_showing",7,1],"198":["Spites/Atlas2/Alats16",8],"199":["Spites/Atlas2/Alats18",8],"200":["Spites/Atlas2/Alats10",8],"201":["Spites/8a46f7ce-5b89-4820-befc-a8d6f484e62b",7,1],"202":["Spites/TestAlats/Alats22",8],"203":["Animation/NearWin/NearWinFS",0],"204":["Spites/Atlas2/Alats20",8],"205":["Spites/TestAlats/Alats2",8],"206":["Spine/SymbolSpineDZ/SymbolSpineDZ",5],"207":["Spites/Atlas2/Alats2",8],"208":["Spine/SymbolSpineDC/SymbolSpineDC",5],"209":["Spites/Atlas2/Alats25",8],"210":["Spites/4d976c66-a1f6-44db-8c5f-6affdcc96af3",7,1],"211":["Animation/sen1",0],"212":["Spites/TestAlats/Alats7",8],"213":["Spine/dc_header_dancing/dc_header_dancing",5],"214":["Spites/7f49c73f-2928-47f8-8f49-d7ed9760f34b",7,1],"215":["Spites/c0ef2473-ba30-4fff-aef2-89ff9582954c",7,1],"216":["Spites/TestAlats/Alats31",8],"217":["Spine/SymbolSpineDC/SymbolSpineDC",7,1],"218":["Spites/0275e94c-56a7-410f-bd1a-fc7483f7d14a",7,1],"219":["Animation/Bo5",0],"220":["Spine/dc_header_dancing/dc_header_dancing",7,1],"221":["Spites/HuongDan/huognDanDieuThuyen",7,1],"222":["Animation/ItemBlur",0],"223":["Spites/HuongDan/Screenshot 2022-01-07 183643",7,1],"224":["Spine/lb_head_idle/lb_head_idle",5],"226":["Animation/BtnChoosFS",0],"227":["Spites/033a414e-a02d-43a7-bd88-982b3f042a1f",7,1],"228":["Spites/Atlas2/Alats24",8],"230":["Spites/Atlas2/Alats26",8],"231":["Spites/bf11e2cd-e13d-4063-b0cb-b3bd4a3d02b3",7,1],"232":["Spine/SymbolSpineLB/SymbolSpineLB",7,1],"233":["Spine/lb_header_showing/lb_header_showing",5],"234":["Spites/Atlas2/Alats6",8],"235":["Spites/8ae9579f-459b-4bde-8d1c-43d1e252febb",7,1],"236":["Spites/TestAlats/Alats23",8],"237":["Animation/LuBuChem",0],"238":["Spites/d34ae2a9-83dd-4dc0-9437-089e73303f4e",7,1],"239":["Spites/TestAlats/Alats6",8],"240":["Spine/SymbolSpineSD/SymbolSpineSD",5],"241":["Spites/e7bfb71d-81e4-4624-ad3d-f420fac0ee6a",7,1],"242":["Spine/DieuThuyenWild/dc_expanding",5],"243":["Spites/Atlas2/Alats23",8],"244":["Spine/dc_header_sbody/dc_header_sbody",5],"245":["Animation/mulltikill",0],"246":["Spine/dc_header_sbody/dc_header_sbody",7,1],"247":["Spites/TestAlats/Alats19",8],"248":["Animation/TakeX4",0],"249":["Spites/Atlas2/Alats8",8],"250":["Spites/TestAlats/Alats38",8],"251":["Spine/lb_run/lb_run",5],"252":["Spites/Atlas2/Alats3",8],"253":["Animation/flower",0],"254":["Spites/b26c5c27-dec9-45d7-9c12-d2bf3cc4497b",7,1],"255":["Spites/Atlas2/Alats39",8],"256":["Animation/BkgBtnSpin",0],"257":["Spine/dz_header_money/dz_header_money",5],"258":["font/font1-export_cyrillic",9],"259":["Spites/cef5b54e-eef7-4c8f-930d-8366d8308927",7,1],"260":["Spites/Atlas2/Alats5",8],"261":["Spine/lb_header_slash_1/lb_header_slash_1",5],"262":["Spine/lb_idle/lb_idle",5],"263":["Animation/NearWinFS",0],"264":["Spites/Atlas2/Alats17",8],"265":["Spine/dc_portrait/dc_portrait",7,1],"266":["Spites/4880da50-1751-4a0f-9d19-6b86e3bc0bcd",7,1],"267":["Spites/e4ea7edc-f296-475e-97a3-e05a30c365eb",7,1],"268":["Spites/Atlas2/Alats37",8],"269":["Spine/dz_idle/dz_idle",7,1],"270":["Spine/lb_head_idle/lb_head_idle",7,1],"271":["Spites/splash",7,1],"272":["Spites/Line/payline_b_07",7,1],"273":["Spites/HuongDan/Screenshot 2022-01-07 183805",7,1],"274":["Animation/ZoomLuBu",0],"275":["Animation/sen2",0],"276":["Spine/SymbolSpineLB/SymbolSpineLB",5],"277":["Spine/dc_header_emerging/dc_header_emerging",5],"278":["Spites/51fdb64b-2152-453a-86f2-04a6c89e6ddf",7,1],"279":["Spites/Atlas2/Alats4",8],"280":["Spites/4c9be897-376a-4338-a151-e0b9a8116fd8",7,1],"281":["Spites/Atlas2/Alats11",8],"282":["Prefabs/ChacterFS",2],"283":["Spites/HuongDan/line",8],"284":["Spites/Atlas2/Alats33",8],"285":["Animation/CanhHoa",0],"286":["Spites/Atlas2/btn_back",7,1],"287":["Animation/ScaterIdle",0],"288":["Spites/Atlas2/Alats30",8],"289":["Spites/934516d8-11f1-4bf8-852d-a4f323409183",7,1],"290":["Spine/dt_idle/dc_idle",7,1],"291":["Animation/lakeDace",0],"292":["Spites/Line/payline_a_07",7,1],"293":["Animation/BkgSpinTab",0],"294":["Spine/lb_header_slash_1/lb_header_slash_1",7,1],"295":["Animation/LubuChem2",0],"296":["Spites/TestAlats/Alats37",8],"297":["Animation/NoLuBo",0],"298":["Animation/ScaterShow",0],"299":["Spites/c0b95305-4017-462d-89ae-6e584d4198df",7,1],"300":["Animation/DongXu",0],"301":["Spine/DieuThuyenWild/dc_expanding",7,1],"303":["Animation/lakeShikl",0],"304":["Animation/BtnSpinTab",0],"305":["Spites/Atlas2/Alats36",8],"306":["font/font1-export_cyrillic",7,1],"307":["Spites/Atlas2/Alats31",8],"308":["Spine/dc_portrait/dc_portrait",5],"309":["Spine/SymbolSpineDZ/SymbolSpineDZ",7,1],"310":["Spine/dz_header_money/dz_header_money",7,1],"311":["Spites/TestAlats/Alats53",8],"312":["Spites/Atlas2/Alats28",8],"313":["Spites/TestAlats/Alats4",8],"314":["Spites/3bc3a74b-4d9f-4bd2-be38-6ea4558b1aa5",7,1],"315":["Animation/Line/1",0],"316":["Spites/launch (1)",7,1],"317":["Spites/TestAlats/Alats17",8],"318":["Spites/Atlas2/Alats14",8],"319":["Spine/lb_header_slash_2/lb_header_slash_2",7,1],"320":["Spine/SymbolSpineSD/SymbolSpineSD",7,1],"321":["Spine/dc_header_head/dc_header_head",5],"322":["Prefabs/NodeChooseFS",2],"323":["Animation/lake",0]},"types":["cc.AnimationClip","cc.ParticleAsset","cc.Prefab","cc.AudioClip","cc.Asset","sp.SkeletonData","cc.Texture2D","cc.SpriteFrame","cc.SpriteAtlas","cc.BitmapFont"],"uuids":["00Snjvie5O6bW+wF+z3m50","01JWiTWBtPDrFcfDJZ4PrZ","02ayRNe9BA764/INtFPR2e","03kVmnrMBONpfrFOyHbJFr","03xsvZT01AOalbMztu7b7V","04B78QsCtIRa9EWfxn68rS","04aGSMJBRMEKHDva6cAImo","04bTIljGFHEq53oQp4OV6y","08Z4hVNPdMGJnUs0C/0w9x","0b8ZERnnxOZITvPuWSNiO/","0cwq+ZlOdG0Lu1ioBXC1zy","10DLtGrCxHvrKYSnq2pu3t","14y/FfzKtE76JVGjeK0hC7","146CXTmYRDEJul/KphtAl2","15fSnk3atPupBNv/KRT3NN","16vxRb7ARFl6xM3ZX79AJl","17KnuK41NN+ZIntAubyFvM","18Vh58tN5Coo7xwRMcD8zz","19i2hYHOROY5hyu/PFOw35","1c9sJHoOhOcLjQi1Nqyhff","1eVSmtZQpMQqsGR77sHPyQ","1fgQ8diotMc6T3Y7Lujt6l","1f7jAYHYRLlaNoEkMf44dA","21tuPH9GhOWqKTtABX+O69","22BMPsbFdAgpxtgMOxJ7MQ","27e2St9HtJRLGvXhQH74bb","276qOaJMZA9raAR55UU4l8","28Kaki7KVOR41Iys6ehR0j","2f8bw6GhhFeahpZkFyNzt8","32NGofbJRAcZfwrYO6pYX1","33BfOKOtNDSoKcqPnoowzI","34vtCkz0lFi7zahBM7szY2","354CpGLsJL+I8lqxTqQ4TF","3aESHHrKZB0o67D4dzjWUz","3b5ABUBk9MELklMPoTdiaO","3b/xkrfChJFY6jt+vkWJvN","3feytSWeNNbJ3KK6aUWtm3","40Ol/gBk1EgoL5OeVFMu4x","40hvxqyVdNgaptbiA6RVLI","40xJcl939LCYzz/lACj32t","410UnA3hRImo6i1fm8XcNn","433NUaSzJJBpeLCyXHEm7Q","45wDEHAWpF6793HnSLPHlQ","457oI5ALRGtap1Nzy/Qsnh","4b5CSB7ElJtb3hQVmEwAxG","4cpUuXqLpMh4vXP5VMkZ5V","4fRl0LbjdA+LJa+RKP3+s7","50dZ37WftNML8gaPzQNNle","501bXITZxI54zO6JYCGC5u","54wc+p7lJIto+blX83ASjN","561FoylhVO0ISX52NtJtd7","5aIljqvHNIFqdoENtBAjOQ","5b+V+IwW5F2bhShCEXphIr","5coHHEbEhIwpKnihnXiAW7","5c3ARQOHtPEop1dV+1ofdA","5d/+dnFtVCAqPC7ArQzKwO","60Kgw48S5Ck7XEHkidVRo1","60vRUEQepGzYvfxfYCL1RN","62xQ6WDXJIyYGWRxeHOt6l","62z+PwhiZEnZDdqGUI1ekp","65Ahx9GK9DEI0ptLhYxxvu","657mmyex5GJaL/QNHsqvGg","662Flv1Q9KuZqwWLQJjIBG","67FNrbYDVIpJTnMUlr8z50","67XU0VAARFXp+aAwKae3mC","6aO0MkOHJFvZ4xGWYlVhq+","6cIAROZihLxJHySeetRwQ7","6dZCiLCi9HfrcOp11d8g8w","71L1YybDtF8I+Eqm4EsJfS","7181U112FH8bPAofPq9yVm","73yNss7ApNTptlB0kBD9iq","76KmoVsM1JdovPu30vg64C","79gfYUj79DYbfbQ7J4G1Nb","7bmPBvX5ZHP6ny2XImaDbR","7c9XjZpehFraPA03l3ZQnd","7eu0VNNJxMY7M2P8aN98rM","81t4r7HbFDIZLdDj8F49im","82ZlVN48JDaY7Sp9y7FEri","82n7/N2WRIA5opggiXj63C","83IUin1AJP8Lenv54xTfyJ","86a0AOvaxAErVM6QEcy3ZI","89K2dDWG9N/6Opv6osKaWd","89Zywp1xxAKLt21HvonJQ6","8dYhuOtRlLVIdA1c/YDmlx","8d7ImZx4FFLrBEKPh/NUsn","8ePlUK1IpD1Ixir/PITzQo","8fgZnWwiZMPZIvX91SPDAp","90NtPd1ixDA4fwuaRNMfsD","92hsYO4UxGPqa5AsfdY5Xh","93FVnYuuhJMoTl2yCiry43","94Ig0i6uhPtKG7idWTg6QU","94tT7lN6dBcI9+yEiXMvgF","96R/dgoq9MQbY9D2w966gZ","97z+gfob5ILI6+djhPv6Fs","98FvwOMspJB7dhK+ckPP/G","98muR0Hk1OAITg3un47PX8","9aAD17f2xIpbX60JxDWGYp","9afD6OXq1DXqLp91Pky7X6","9cY+qUiS9Eo4/c3WIo4nhm","9dkDS5O7pM0ac52lGADfA4","a0mOvW9K5LSqhMVGYugTpT","a24etX7a5I5qBeNHCfMsQ2","a3vD5Ed91IjZN1Sys8mPWH","a6nBzY8DVDlYts995LVfjt","a7CpNGL3VMAJqaq7EoTWAV","a7zb6FZb5N2a2woi0OmS2o","aaDMqpPjRMyLqoMck3A0o7","aadNhOby9H7JzYOW71SuuS","abXtcvxkpIFo+uKQ6ui4GD","acT5qKOh1Gi5/Dcue/ge0J","afqpLETG9D8b/sR0BAY8qF","b0DpbaemNGAbsI7FGE/VuF","b1asbVuPBBoqW977zMu24E","b13I1Zn4xGooG6L2X5cSb2","b2U71P15NLe6ffq9pcUt01","b3Y5kwPchLjr3wOY6WhQC+","b32Y9o0KFA+pSKLgxlX5FG","b7TRpqkJ9J6YxxNV327B00","b8XlDjLGlAMKOX+LlkbXmJ","b8iptyrTtNo4/f/Pz23Jac","baqD4VPTFBsquwrzgN0+LD","bba+iuFstBVrhFVn2/7CLU","bcwcSAOHVOTKSAm96TAIKc","bdfG1772lOH4Dfif2MKEUL","befp1ysr5G1aORtqm6aHzO","bef2SVKMFPTbuQzfMWMZPY","bfqTO0ONtFa5+nmA+h9LW3","c2fUQZp2FG34WN43Rs/zVx","c26ZG4UdNDc5rEtJnEoGP2","c5EYsgGOZN+KpvDRaxoxPO","c6+ESzTtVOdJ9mLYONDvtC","c7DK0fa8NF17zYtlRhkPX8","c7hrVNtMVGSqyuTEcZBv9I","c9Z3egxJVKO5X6itdBCya/","casriEZilLlr6iBO9DOQBh","cc7P6OdeBPuYGiWMDO1BFu","cd9xervWdAtpJIYG6SB/8a","cetoJbYL9LtbnW9cMg8FWW","d0polfZt5GLJYDrElOU/YN","d1CnOSJO9AeIYjSrFEB76y","d2lXZcNhxG7IEwOuyTzvfb","d3KysYgM1J54UeFzwVlvKT","d42/1yGw9ALr5x6URq2Cpv","d8MN9aZFlNHrWNcprntu4L","d9F2akze9GF7nvnzg/OWxI","d9HtSSz85FpakzRl6Fxmzd","e1Mgf1kA9KtaS9HbNOxV6a","e3m1HA2txKer811SxKjozh","e6bmrYYeREFLZQ+f37FkVu","e6rLc/vkdA+pocO2dQ9jpa","e8wBr8XglF5a78KoBLq4cJ","ea+6cEFplFub35gUeFzTSI","ebDPWE96tHGJ4k0ofdMiKH","ed3THAdN9Es7AUX0mxWI0W","eeqQcxmhdJIbBFv2z5jGhi","efxC564RBKgpR6Oa+cmVJg","f1yrkj+UxBCo7RpL+GQgdh","f3IHx05jtLo5N8+ckhg/vY","f4+zhkYptOIojHkmCCWctP","f85tgFaBNHIrOO4HrR3Cwp","fa7qZCGaZBFonOJzuqPqfL","fcD2QzarNBj4SlhUG+OMSa","ffDlsi161EyK17l4E8JFYb","ffXEKtZMhIaqUiSa/QJTJ7","ffnH0wAmJPYoQebL0mrYxq","005GOgxKlM36aHG1E9uxBu","04PR5LUptMP7nws7ElJ5Ff","0bWV1eG59Af6mZgi2Lmjqs","0beE/e6cVOZozlQF5Nfdyv","0cExkZjYdO+oicfvT17DGL","0ddilCDaBLDpm/T/g6arH+","0f9mT26p9Pvbx6Vaaazz4/","10xThOaoBI37rpK2rLXD2R","12+41gmJhFIYCbVwop6FLo","13koHfFNZDNqNIJazPXGyO","131yEzemhEo7aB6CSc3N9Y","14eyAzt9VL9KDXmGCvnOvP","17VREOlnpFnrtcArafGiVq","17fiQk/p1JWLx4YIZXqmds","1adlKi9ORNMaDHsOjm+wbz","1biAogI/RCO6KPhHB6h0ZL","1eddfOPsdFB4rjReHbUXgX","1exUxXpoZJDZSRaP00uKr5","1f4M/pMhtKWLolx4WBqFQn","20iRp6XbRIz5CSmj5iKwNa","21trrtW8NIZ5l8N1rwh8VE","22v3d2BqZHi7zjVn5AgxH9","25KCW0nUxKtKil7oYcTn/h","2dBO6z90xLR7Y4EONZNaws","2dVEJsq1pHa4I5JfI3bBql","2dfK0pUAdFroOsaFNXJeA5","2d4/Egh7VFApJlMuonGik4","2eLFSuWFpKJKFDzCBZ102C","2euNBFs1xF/o8kUmJivb3Y","2fu6jQm2BP2qSE6kmYn/3C","2fvIFffelEeqPel7SQXFKV","30xoChtkZDVIqrR3cy++Wq","31R2QkhsJAkrb9nYMl1O9B","314IpFc15MtauydJykGWwO","32f1OyD41JerrDtIT0Kfnh","32prlpOjhMl5UJuZcA4kcI","36Ch3/sZlNI6kNYSPI9DkI","375XvVCt9MHp81HXmNWE7B","3cZwlO/JxPxa5IhS1EqFcC","3cvYm/qKtMCbJY5f1lU3VA","3doUwJk8VGx4lK+KGs+glW","3edL5X14lLooKhU9f4HtKd","45InahdzVAt4p3ba5q/1tJ","46Mljz/aVG37VIsB/hGRmg","46xNYrmshMf5wFs1AO6K1g","47d0rVjLFLDZXDS+1lx6I9","47w4OjDnJAqYaLUAI6Oc5M","4arIDpojRA0KP8J/CTdbQw","4bgsXQGDdOiKTz0vngn1O9","4bjFAs9/1D06IoaF1pzu2N","4cB7AWa3xARIJ7OAjELoB9","50UTo0BwtA+LY3gAY1evsm","51FcT9FflMvJXM+g1MKc4g","53gg860qtIR5ni77N+Oc//","53pICz9B9AR6nyKH/svJdg","56HgNzca5OKKH9KToqykkU","57gsS38b1NXat2GKlmC902","58j9LnaflHc7xqeb4B1ano","5aV65YnFRM5pw7RWHSYuaM","5a4nUBbSxObYQiIdWMgu3d","5cRVKi3cJKTaC2j1XPkmUk","5dvFtuof5Mo5YkOUnhTDo3","5d0NbM74xF74MgxqeFceAr","61UvqVKstOR5tnQZtY71/q","61cyPdEfRN047sDK9rO0W5","62yvIgjN5CbZFf6UbDLDTs","64wHsEr+FPRY1aixE8bYyE","641hSZGF1LZ66dAn84F+Yt","65XZyl4GlA1bWSgfGdy+AO","67q0kXv1tLLZha5tE4gbVA","69dEjKuhlLZqNLomql3v8H","6b4Utdi4lKBLuTUqnPePtk","6ekphM2I1GFInNHLMtmOHA","6fMXMJs2RCkqMGjrjATfCa","710ACXS9RLGacwWh1EVL20","72EONqYSRFqri9Z0VZKNmL","72f/bDXCdFTJZidhp6hEz5","73W91vmBZKsZmg07RdKSA9","74VWAASMhHo7ip//oOYjis","76WbgONUdDE7SD38AzBZgY","795l7ZrPVEqo+0e/u3RJvI","79+LW8RtxP4IPHcbLz3MIE","7aJzv8CQpJAJoeNdpXommw","7adH7UCiZE77i7XtWzD8Q/","7brvOPGRFHVp3eDav+NRQm","7dnHTPze1P67HIGlkxFW+E","7eApRbP0dBZozOHIXPTKXH","802jnhMs1NRY6+dLltaGpN","81Mci97kpB46nc/wvSKy1/","88D6/Wmm1OuYRdlxo+QiPe","884RO+dopDGKFP4/Ix4zLG","8bBfF74t1FWZEQxCEUP3Ft","8fZDrx/SVJRrSajMnztwve","90644YKptG5qkUztTm/awm","91bAK7NctBbJhre5OtIuSC","912uLRST5J6IRWcGxXxzXv","93vhWiyJlHsI2t6FjN2Kdk","94S4smM6BBYqbL4wgp58mr","97aHePHx5C+6gp7DDtiJra","98Km7WLuFHZp1WRX4whzRH","985sqFstRNV5HbrHFt0gsi","99kELRvbJC079YPS4P0y6T","9aVfyJMFBEO7+5r+GfqbYV","9ae0L3SStO6o5tUo6QoONQ","9cuLfrCy5OTa7n5tsPqpAr","9eOwbf+hpHv4rBowKKq0kQ","a0LacVTddAEqibA5O0KLfm","a3hs5HTuVH7Jqi+mOYruy/","a9VP8P1bRDd68h1ouFX+Z8","a9qAkrr9ZM7YjuA/8mZ21z","a9sQ4xjedLAbL8fO5cUWkq","adXi817TZF3rG8J5CG2Vfp","afoGtf6iZAZLqwFOK5YiXz","b0t0kVzEdGJZYU9/SRSday","b1Gd64hsdGHLapBdJGXF9y","b1iTWoG81Pib1jxFXlfjq/","b6OziVHnFIzZKwQIhakbMC","b7At/5AcJHkpoLkrELJR3T","b8VMlcygtFKrVaZzw2NvML","bbMejnlXZG6ZxCdsL5NmBg","bcRc9IyilAVKwj8bC6WNb3","benIs1sz9JKp82JMk9VPmh","be2Aa1MidAzoojQ05Xe/vg","c23gtgSDtHfIZUVZbHuO7w","c8khK87OxKkIGlwcfCpZZD","c9hSCuI4BBd5PDiL+hRJDS","caQIWTAPNP0Zn7SEKpVd0C","cbWEVMXvRAEo+YBDfxvcpc","cbsqDsGBRNDaOksJ9o7T9x","cdHMCBToBJ5b1XMSYv9DJz","ceoDBgSS9IHYXFH/ySrXW6","cet+g4f6lGn43yyJj4FnvN","ce/vEpVclGiKOST/UIBNkN","cfJcmyTnhFl5NhVlaP/U/L","cfS96FyI1IDrVuLtRw2ZtO","d2PPsGNkBGNqQ4MGqQKvKW","d3uhHAnMNAKbHU/EizNUfM","d608qFRoFHwbXd0Dap056i","d7EjmZaOxB1IjtqMByQn7R","dcKSKhIrVD/YKkhFkenMFT","dcb3T8HJhFUrMcMLPvoIvR","e1qDHS635CbI7sxlNnXcvJ","e2aj1IWPJJKLqgOGC95aY4","e4HbIkVepC5qfr1UEoQRtv","e77G8U2CZCra/XCDd4S4lq","eadUEu5BdARrlgB9ODS9mA","ea25NIvXRLr7o7mOnFv3xe","ecF5i65FNI7poyjQQewD85","edBE6BKy5HKYoBR2ej/r8A","edqXIRl11If69AYtyyh8+q","eeacZdTAdGKYjs2kvptktu","efT9/x9OFMyYf4fzymaTFn","f05lXuGV9H9bTPgN9K0EBp","f1m8cRCqpJL4OrxuAUdUJj","f3noeA7U1NiI4TP5Ne7ZGw","f386bs/2FNn7zbd8ZJ9kZl","f9HUDndcNCcajG0ClR53N2","fbaX6/GhtOiY5X8g/7oHWM","fdSb+5vYhHkIt0MIYcI5GZ","00ioMeRYlAsrCcj1dhppKo","01AuUHcG1CPodf4bqp+Tu3","01HmpUgUhPPrIc0POZoK63","01TjB9Sk9JCKiwaPexN9c3","01WFe4lxNApZC2xNdgsy+H","01gyvLuGtHjJn/XvA5rByR","01vkloHZRK06OKG/GVfPHM","02ThuktIpN5LGjBo6OLB2q","02s5FUkHlKRKWgqyxQm8kD","03BjnAZFdCAIuQEOHhhFfZ","03PvA0dnlOX73i2CpN7jEr","03QdvoUMdDvLuoRF2gALls","03vltaCxZLfaIbGCBUJSf9","0305/fe5ZE55sCmKywg2fX","036RC+O2NPXrfaYzj/THkz","04L2UUxAFEaaH+xOtKFgB+","04T2LlSaRBRpMkPX4Z3yAF","04ae0wyMdMRZIffXcU60+B","04bhlfhotE2rSME0IhpkC8","040cbDCYVPkbgkdIu5GcEc","05HEnBj+NGTqZB/+5b2eOY","05WkjnLyJM3apnSfUp36oA","05d97L3WtHCajVUhw09v/s","05zdxdWrxMh6YMdM9bLdHI","06RqN4b5lG+a/C5FBFYFXF","07Nf4lAgpLKbMVZIVa61E3","07XWzH+QhIeIBb739jXjE2","07YE5qsNBFdYISDXu0f2hB","07c9fHXcJAxa9YTew4ErDZ","07iQAvqMZHTp7RuPCM6CdY","07nOT7tdRFgquls5paUanS","071uIUbAhKBKSF6PaF4hP2","08QvZTGwtEfbP+HKsZyQJ6","08RbQtKWVIopPe4pwD9XcX","08TRtkd0JC94u8IO1laZc4","08dNebIXlE4a75D0cq9oEb","08hs2OnrFPUqwkIj2DDSDL","09eHfXmR9DoqTIWoFQyGL3","09jcYq1DBHWYBTjQXY5jzC","09l4Mu1QNAFpj2hJrIB82M","09woESUKBC0L9zQXjscFep","094QkXng9HDLbCY6a/e223","0aPiL9FmdGpYW5/kVRhsRD","0aRGx40GFBqooiDwJ76KzA","0ajZado1xB8Zs4VyFxXPvi","0a2xM1Sw5HAbdONpDIc3Qe","0bMLvxGepEI7X/bhWjA4sQ","0bjAdL99ZC6LR2wd9QJ45C","0bw531NC9CqY/ihxcALwFo","0cRLscZlFOUK0Dv6IirdG+","0dH8Gt/EVGwq4itSJdeyze","0dq15MB0JIVJmw4H1V0XL4","0dsbMx101Par7qBizPAFFZ","0eBdPpmatEEauE3y/0APJF","0eJQ8+nRpKRZ+7rTNSiy7p","0eiLLT5UtGPJ+2Nau9lj5u","0e/5jJBbtJaZKhHx0RsCkq","0e/6m3VMROOqNnmmXqJYJa","0fLIRkbHpOdqaRmBfhcm86","0fktBza3tM/7Bxr0WqZdDw","0fzvh5VmhAaJdRu53+9vKk","0f3YUvIpdPqo+GsGrge4qO","10RSh5inNNgaC2u0zmLBwH","10VuIEcSFG+J4Ioh4Lazeo","10gF+IOAZMdo7qtihNK1XV","10uXR2d3dLzZfSC+Yolq+O","10+lhq+PBG64nc5XtaZ+eV","11TGASwGtNup3LN/UpPKqw","11eDUsUUVFUJaJQL2mr0M8","11kR5cAThM6Yfi+VypvSC/","11moogj+VP8JEcKHt+ZYFC","11qoS274JE65kQZy9yNxgJ","11ttFjJ2xHu4UOuyWBRQ0V","12InbK+zpAU6dut7io6uJZ","12TSR2dU1H+7mxffswYKNI","12j0GCOXBD4ZTTRQjHEdKf","12n5udquhJ4IrB2oDPPLlW","12wcbPtulB64MwBPmv3de9","126orLK3ZADbL4dQe3CcWl","12+2GvhmxIVImn6ocJLw1A","13Olg9F8lLFJsEbALtwoEh","13W2OiIfxMSq2UzooKXzJP","13XjDFlZNJoJcHbyFBbYh4","13eov2umBAZ6oNFAjOSQdi","13fM6LDqJElIh2vT7fp/18","13jujdiedBMIBIkaBH2l9l","130N12i4pP27T08EeabZR4","139RXrXwhIt4oivKvP+75y","14KX2INcNHtIuM46eB9ICb","14LCEXy0NHuaSEgKapMkHI","14OPI5kNtBSIgNhBZNuC+a","14dGIt1U9KRLElQzm6ibcF","14/kflU6JLy4B2uDwYbjxq","15FDoHA+dHfqbP7VTV7unh","15YE3g2htMF5wjVlbXt6pK","15ePlOQvhD8L+2lejBb4uR","155eb7LAdEHKzF90Hbh0rm","16HXlWfo9Bp5EBTsjibP6y","16x+hFw7VPYrLP2ATJoG12","166xQukmNBibjdNgm9Tjl2","16/PelmLdP/p1bCBTigcMf","17XxQBJixPAqqC9Gd8a7Hy","17f4Q39m5D37EY1hOt7+Yf","17z+cpmb1Avaoe73i8YpxY","18AAJI7mRC16O4Cg15wZ9m","18JFm/RHlB0YxZKNieTjT3","18WasDeZ1L4b5vNIPvFw2E","18bRA+YZJOeZMlbA0APyd8","18dxP8ePNMsL1L9oif7lHP","18qAtAFdBLc5TDCGVAx3n4","18+WdS+ldLvLa+VEYWrHHw","19NJB5eaNDGJc8SUMrkRai","19QRePzbxFdo2fgnhko6Yx","19R7JjM9xIZ6lPhZrodXo2","19YiElPeJHPbnm6M1A4b8/","19qFWKLdZPypuT5yqk8CI9","19wfQdoh9B8bUM1rwB22nG","19/pd7HvJD9KQlYSK8oFz7","1aFgfZ4mpPaqTreehMvxa1","1aYBXkneJMto3WlFcMg7k4","1aYOMQr05NVI1O1GKSaJG3","1aqMeh5upPtKrUuCy/83Yw","1bHMFd29NHzKONdoeV//Hf","1bK3swIzNHnYN5J03HFqcS","1bU7dtl7VN1aZHlthXdIfv","1ba6E76SdOMJ9QdYsnUqfM","1bhdsW3OxIyYZovZiQU+6q","1bmM9BfUlP9Y2qXR0D4MQy","1bvd0WXHxAnaz/xLr5WTR5","1bwxZyunNCKJUur+cxxvkO","1cCkuC/A1E3Yj+CD5k2Z/4","1ciOSfASBKzoYB+1XX0yGG","1c2+ZZg9ZKirKqcc5fqNOI","1c+7917lxI6bLDJfNcXKLN","1dbf3dgttICYD/r+jOM52j","1du6+aG8tP3JjQB/y60YTr","1e8nhcGhFLtYYlzX2ID45a","1e9y/BY9tGIJXqjyyE/xI8","1fEzuR7ilPPb/GLfLeBvqD","1fUMFGxthFjbnSAXvKLZt+","1fYvmxl/xEl4BMB7YmQUhx","1fxLJvQzNIKJsMv9SpzZDL","1f+wXR0wxFgrcQTB9fiAs+","20F3SnZFtEFrhW3is9M/iP","20zCePriJA3JNWgOI5JR51","20zxd46o9Mbq1V+oEp871/","208z1CLgFLr5cJAA2CGNta","20/+1B71pDa5NVDL+Fmcrc","21HCqAzAxH/684LnmyRqTA","21mM7GzGJO2YPn8r5LY8ow","22AWgHs8FOCKdaZHZewZqp","22FmTOPqlF8oid4qCEPW3E","22H8DXieBEJ6OIF3Gyu0YX","22ZhiRtItMDbFeCtUH3WSE","22bgnJT2lOfpU8acgWKNy2","22hg0sUKJB9Z9PUvN5K78H","22k+WJxCNHFKxQtdGMVQua","22oudM1FxFfYbS4LHZNwmu","22uuOvlxxPnqugLbfimQgL","22wRXQRRdBeJw3Au3Pd+oh","228/HEY7FDMpU8886z4vgn","23KJK0Ed1DdI1pAa5Ua31C","23OxDZGHZLL6Q0YTvhWtUK","23S809jFZC0ICe5SoLKNWy","23cb2WS3hHkKQnjJ2iZbk+","23rdBYCqpKw5XcyX5SnZT+","24CxIvLLlKl6LaqjLpbUZY","24QgmYuXhHp60yDlu+EGto","24Qlz7S3pAC6Gl+bSRqONg","24VoI3BOBEf78pxHi3s05i","24t/Jty3BGApP1+Kij+Pg2","25M6/2lGZAeKnEx/j2TYSL","25Ue7bCG9MrpQzkZO25l4+","25cpQYLHVF4JifZH1meC0c","25quoLUulBqr8yWEPxkOfL","25s6HkFDZDiKABHo2czu/T","25tc5ftzZPlqLI/SfAvVXP","25xGrBHHxIk4r6XQq/+PDf","25zCbmFNxNbq2KMrSwbAaf","250jveEB5DWZdrEuHBpVNh","26DqOVCE9Cx4mduiTpwD7q","26JEGCQVRK8pKAPY4wRWkq","26WBUL1X9Lm4KMvEtyCeri","26a4i96lRLuYI4gsolTafS","26z4ya/3dP8qdudzMQ3TKY","27MlmTj4FKfJXdFC9JHsDi","27mFsplBZEV6X0KAs1qcp5","27/gzz1PJCpaePxtQcjcs3","28ZQ8YzWdBJZsfUFy7k2wH","28e1aofy5Hkr7v3pBPnPIa","287eUcmaJLBrau7dbRfe0x","29FYIk+N1GYaeWH/q1NxQO","29HQhOQQtBYJ/0ETMDFr51","29pmHZCQ1EQZQ2gt+laNFq","29qVndGrFIx5hnGbRKLIL6","2aCYDnxl1AiZPeTm+NzMZe","2bEsuZ/JpOer9AUICdqmrb","2bLMd3jetOkK4KoyDj1V9f","2bo3u5uw5BJqOFBOW2HRKS","2bo+Lkt0JD76SU6e+nwF9N","2cDd4l1htDepSw+UJLGSX9","2cDofFVb9AyLsvisdEebO9","2cZF+qBkRElZ7tjJpSd4yn","2caM7jgj9BqqfaG7vvj6m6","2cesAn1uJNQrWOCqf92IRu","2cn7QVhuJKMKnHinH1Mre1","2crFy7+o1BwaJZf9mLkH2W","2cv+x8P8FPiLbrmnO8Y2HN","2dDvpmqs1ErIm6AH+knk0h","2dLABAmu5JWpm8ECUOUjnC","2ddwk1kMlJtr1ZelW9Sj6b","2de7QRw1VDf6u36HCuy1lo","2dxRxFHzlFJJikOhGLMiec","2egDPV5jlFPpSBtsopziMo","2e8f8V2xZNP7yGStpJ6XQy","2fQlNTOZlIEolJVxPBapCi","2fZQ09nRtAoaGvmzi1/NSL","30BFZUTjNFwrURZ2qv8rE9","30hcjPFCZJELEHsCal6gj/","30j6S3xLJDuIH48axbO1kX","30tP8MaBNF3arzVvUWrO3X","31Asbh5NlNW6ydDQhM6CUg","31HpR81/FGBZ2WNyc9v25h","31O/c42h5DPJDKz6SNxVei","31VPblyWlA464Iswz6WYtA","31kgTClrxHo6dhjfT34oFZ","313nlwjBxEBZhLhM92FUjX","313p7NK7pJYpFIB30oB7xJ","319CWkhKtPjY189DzxCtyW","32q3794cNDaamcSCrxYNHR","32th+kzgFHVKTDa0AmzdpL","32zfbjaKpJ27sjgkALmszc","322FQlXJdPhpgfACtvBVdw","33GEkbe2lF5LoLdBB1VqTI","33I95YmP1J5aDS8cBuxeOs","33XAubIA5M0J8Aa6bgxDDK","33fUkv3CpDRZySMrvZMp7d","33iaBkbhFCrL6d2pT/8F/O","33xaiZuotB4oSg+wWBz6pA","34D6JsgLZPkZrJY+XcUWFs","34X1SQ9nZO46JcBAagvUG+","34hsMDSRRN45iNAArrL4ge","34nzpp09JH35UZ5ybS8xQ4","34wuv21mtOCaxv+qAk3Bbh","35GWM1erZKYKrQUTRN/0F3","35MvYWATlG0qDhncTwdsbD","35gCiiVP5FPYdDK4x0e6sW","35nDAC6c1EXLPWUjcFaUfw","35qYkK1mRHsLH0oUfZlZ4E","358s173vpNhopf6vanzD4w","36JLltANFBOo7pMYLMSaKu","36dT+i8ZRPHohah8LkeW8t","36keVXmLdEb6pWiQ/l9xg/","36mf+31lxAGrdm9cs21D6k","36tQ0idGJCGbgRfGoMB1ti","36wio2z5VG2JperowCM5dm","37Fci6bDNIAo27vN0ddRgq","37gRL1BvpMX4uZPy7BYcVG","37nn5W8G9NLZW2FtXpu85n","370EfP+95N1J6Y9z3jXiND","38O3UNh7xOAbmwypyU4eLw","38RAmJRYtJp4tme9mCFReY","38exaBJStMSY8ZNjmgyuna","38kvOA6WZIypRTv19UwC93","38z930SxZEfL5LlT4ujReA","386XDeCKBExqnSFYHPBq7O","38+ZUcJKpO87I8jlwUOIEs","39NPkQs8xHrISv55dcsvpB","39PZryondNqJZXce1dBb+d","39QncKZdBKP6DTqYHFyxR8","39ZnOj9utDQ6Y1VG1bZ1tM","39jVBovGxG5YbCy5mtqHIo","3ae7efMv1CLq2ilvUY/tQi","3bLrrDmg9Ixqan4pn38rKF","3bnjhz7bJGP5e6+XuT2qd6","3cfZ4QXq9NU5KP/mGwZct7","3cnUvsiIxDVYro0DCj7u1Z","3crA+Lj2NAb4qHgydsoVE1","3dBjDmuklCibDAtLbGdskg","3dUoZV4l9FzYrQzjoZn6hS","3dkxCdcTpH6JGqCJzkr/Bh","3d842ZdSRF+5Aa+34r7aPn","3eAIIuiMdIj7cbyssZxEtK","3eH3LsKPRPrLsY7bRTh/Av","3eTgcUZItKgorBYQ9hINhJ","3ebBgjrXJMWZKsWSef/n47","3efHva8YxBtLskjkTISCgE","3elX0jNSpCPZYgWmmhsLcr","3erUvx/pZEyqSrOWiaoLq1","3e0miULqpLsadUpoahgwTQ","3fn62ee1pBuZ0Q82ukzuFe","3fpn7Us25Hbpnd6M4FvQAs","3f1toUW99AGK8f+gaojdxg","3f8RaxaP5FpoX9UEF+q6zy","40CRDNytpBfbw7NYcB1p1G","40Ctg5qt9KZ51daHbzgfHp","40GUQPRVVGv7CJ9/ROKsH6","40QbqfXk5KR6Zlfw/+X8PJ","40X7n0QfRJnIuvO3ICiGqG","41EC32wkFCRLmVLRftyLjG","41St8fV/VJQaAVQ6e4KRH9","41kB6jzWtBrKEQFf6hkZy1","41tg52v7pEJaoWKwA7DYk0","41vHa36FdJspmokPuTFhzt","41w4XdDZdHqo9Yax4UHZBR","41/r4KfSxKS6qF+yiIXuZt","42DPdOz2hHq5hwywMUCVe6","42HdrttmxFPojG9OqY/ggt","42IFlgWdNA5K43TwJdbBQp","42Wbw+kCVNGIChdgVtgquf","42prflcplJN4es37/C9oEX","42rvlQGChBp5swtJH+sdOo","43ANpswPhHWKX062zZKP0w","43Alupn4FAR5znf6DNR6gD","43Au/X8DhCOKtLWikioFjk","43BemiRDtMU6qlox4KnZ7h","43Paq3OcJGWYse5JU8jYme","43S/cTAIlHtLwDspgMq/Wf","43Uh3qq+RHWKJoT6TYC/1L","43iG0B/uhLqp/T+sndtx19","43kIlLJudPN5NDKa3wRbG/","4355VCDANCmI2LwABaiA1L","436ZANdq5BqJsm/RdhSWpG","44LXyQg/pIKay65aUe0Kc0","44TEhOGi9AQKUcAKn1pbCP","44UmfB66dF249p7tt379UC","44ljeIC1tFeZwcJomjnRlI","44u7UDGz1C0K58fWtwbyG5","45gGQ4vNNHM6fX6b4TT0hw","45ll8vTS1FnJta7IYxwCiy","45wFx/SftF9IdfDq7WkqH0","451iDt06RBSIQ8ynNp1ERr","459XOihJtMMIxjlaZ9OAGo","46JsnqXEdEIaqhzUWyEcHZ","46QkgIqGpNSbmTCzWq95Jl","46WYuofJtHKLukk7MIMtH1","47LfXTNedBhJ5sf0G+5l7j","47OeJEaCNGDpLS0vWdn+kC","47Tu7hr5RFFrxpy8WZXlth","47bxlFj+JOGoEnGvidHjwd","47kn/HsG9B24X41vyMcd+L","47zlA4GzFCOoMEvvLnt3az","48HfuJ+XpPfJhPzY42IZD7","483wgoLYZAS7IWnTQESHJv","49Tlr4e7VEjITVfmEiCVEb","49ZAaENIVI/67BpVtagqgP","49ichIU1VF9Jwz5TRkfPQS","49okNe1HxNwqfVA0Rj4XC/","492OhqW3xAvZv9KnmmDLF8","4aWhd3wxJGS7BJVRjBxPg+","4an6HdJVJGd4NlEEzNT7Nz","4aq4t6YuhL8Zg/r3e6s5oX","4a0n2NPzJEl74DTWi7lttA","4a/TYa9UtK6qVL938T2tyK","4bCYpuNHlMmJe+4Ro6Mv9b","4bGJzrwn5M5rj3yvSrrlLf","4bHuKyAElIy4YjnKx3aixd","4bNyq5uwNGxL8LeTt1dRH7","4bRYS1mjtAA6yx648Xw5xn","4baKUEkPhIT51NkYEndVSt","4bgXP9ffFARKft025XBdPN","4bqzIhBiRNY4LRjFdKDg+X","4bvD7houNAyYn3BoPc2h3X","4b1liGRlBDrJbJ1lsarA5S","4cN26gZBpK+pjhy10I5xrI","4ckXpgVn9L6r1SbEzB8H0+","4c82EueNtEJpB6AF1prb+R","4dMQAAvUxCy5fJrLnQa8ez","4dUScPByBBN5YJs5F1S9EP","4decu9lDZFU5qTY3KgAabP","4dhyJslT1Hi4ckjtgURyHe","4dukClkJVONKCjQ8fk0xPJ","4eo1nwqAJNabuG0iXu/u46","4fbp6wNudG4ZcN4o87FDao","50E687SYBFp5+C78UtPVKb","50Ki0TbE1PqqVoTi5S04CR","50MFA5eJhC04t+BLGhZVEg","50bMTiY6lFlKyol88epCBI","50ewKofRFGBqjnLO6FQ6XR","50j5SNottJfoYCfTjS3ePl","506zbFa7tM9LLNHCzuki4p","51PAX/WJNE2IpBxu3t/cV0","51ed7/JMFKv5+B2VXWNp8l","51lKE23mBA8K6A8kyNupbj","51nx26oCxHG6Srf6CmapvI","519bDb1wpD5Ja9W2OBH7sl","52CYSU6ndJZJZ5vQR35LCM","52N8I749ZDNJU3yBA+uG2t","52tmD4JCpLZ4p5GQyq5qaf","52wX4IfG9Iq4JydkRuiDQz","524ciasZFIaZwrdTkMoNVK","526PKcoqxCEL++ymhGdvfT","53Jltkf4pD45nsjqdrlkc/","53YkVvwiFM75WN0UCXHt0r","53ZM6t6o9Jco7L1de8mlmC","53cOCW1ZVHuIZSTtbOShQP","53x+G4/vNDSInIhSQRUpSl","533WWLn7lCuK3j7t83TZpq","535TnnKa1CiIBvQKdZLVzu","53/BzIzrVDeKBSqbpYd4VM","54CLpxaT1Gt4Cj+VRYFcQY","54MXMj6lxLdqJfIQ8DVkx+","54YPdyOqBJ9Ye4gxy6htqi","54hIl0t5hF071kB56J9wur","54w/9M0ilA/qks0bPsa8Uy","55PgCsXu1FWK7HQXDPf8b1","55SLwaXDtMEpjj/nMGp3Fp","56KcjC6KZC6YYQw10YJdKB","57DnMQtvpALbawHkRcf2k2","57iFX9nBRIL4k5dgNDpmGu","575BZ4vVdHIa98VA/QUEy9","58NLSJIVdGcqPSVGZSvEOe","58OjAZICRO87VHaFetWjlD","58j0NM0AxGArBaelDuSAV/","580qJayUtICoyw/fEun2MW","589n4jNBJD34A4a/II5lIh","5aIhAu8AFO+qQdI6qv71X7","5axAftzb5P5oqjf/pOqrD5","5bEYAnmaFCfqNwh3X15p8S","5bN2a39KFAAYC+hgG8aMAD","5cC/F2w8ZFAaHVdp7nnsjq","5cHQ+afiVCn6yVgBVPylOc","5cHl/cD6tEVKDOesWOLawf","5cOz36OJFNwZxFyLefTdVf","5cO7kybDxGj4ipyMYdRYZB","5c3qcGvuZMTq0UqKtx8KQg","5dM7PW7ftNy5gMbmwGiMQ6","5dRHUg3BRKA6pUyZmo9t/O","5dU+3VJFtB1r04USQzIdmW","5dwBsVwDRFPYAQK7xRCRRP","5dxC7LcTxH2Jxg9Sxg7qED","5eWYj2fHhEKoSEmdVs6kjF","5eX3y3At5FC5CtlMZa0tsr","5ecV6J4XRKaL5hG9D91/mr","5ei7ieNbND/oX96fwidDd6","5exktHVGpD7IqvEiMvwaLB","5e1j7wXNFIRL77ut7mXbsa","5e3gOQdStBzJAIeCV27YPj","5fFXEKmiJGzbIAnrSso0KN","5fuTgJoPdGPZvYklsfK1te","5fvHL26OJB4bghzU1ZyEuK","5f5dyqtRNNxaFmVzYns6FZ","60j/rBQdtOAK3/VKfh4Rjg","606/oAuSRG35HQIeijknHO","61W912vutIKI5BuhJrxrgL","61Zjm0//5NAI55KwZT89zx","61qQ2IvhdLELPf0FpKZ7LX","61zD1/gZ5Cdr2YST+bHflE","6117jkHshG1YTmh6zlZTn0","614q7birtKTY6cELamtGKR","62AiezXAxHGqMzxPfUC0Ee","62SfLp2P9HS5lay6YAXkWF","62WzsRV9hKUL7Y7FbcbIfT","62kpm/BIVGhLMa4Lrdb++o","62yVrGDl9JXr85uVTgOb9Z","63L/6aFKxO7KWw8AxxRpFS","63cRIcj65MNIRnkbhHlsQz","63dbs1k4RI2brmw1UOMNfq","63z8hsONdD660Ys6CjEd9e","64pJu1HKdPuKYEs57ZwII3","64r/bRX91I+oP6S+wOXyA1","64/XGTF0BHbaNevL5QEj9U","65TcBXsaBB47XTWRNfy92o","65TlhizjhI+oShx+xmeeWB","65ZFlsaGhCnahg/C/+0QrB","656m16fxlHNrnVVlK0wTiW","6594o+3shKmpgsdu52gX9c","66XGWc3kNCPLfNgkTskfjZ","66dZX7n1hMLYesUAvidEte","67BxpmADtGO7avWPVrhsbB","67Qse+KJlENacheXtsVoyu","67ZkPvx99CQa49iraKjOc/","67Z4VbWQpKNJN9dbgvy5OS","67whH8Qs9BBaUpmfD/1XBW","68Fu1fBL5DWbkOUfQS28Zi","68STikzMJI976CIfZmaOep","68cBgn0z5GvaZZQVwkJgWD","68gL8kfz5FqajD05BWpri3","68wCMKDQ9B+ozfMRGyZrrB","683aVlnCtAh5kXOe7mpZLc","687yMpWJ1DVqT6h1a/oW4H","69rTvTEpdEgaIPAX3lybtP","694QtHpEpCXKNB6fN77CuQ","697B7tFwRMW4sde2+ioLgt","6aBXK7xVNLOYUYvgabcbjZ","6aQHnIdt9GNrLIXG9De1mo","6aU8qxVuNFRaTGZ24HDxUN","6axk/uiPZFuI/AiOCc4i8k","6a2pz0DghJebzL6VpwfjiC","6bUDh6RulFcKCJC2YbBqoB","6blbvASdJJ1oGqieEXrQJx","6bs64mH9FAlZ4ZtQ5NFPOw","6cMOisrl9JjKuXM7aeLgxc","6cWkgyqbNKU7goyR520SZ0","6crGbACGJF65ZJrzC7cEmg","6dIb9k9TdB0oBxJguhIyJB","6dK56Gt95DfLb0jQMrgvQZ","6djODmMvhG1p0ZnYyIJ2WY","6drFkIUIhJj4QCZPw22cOg","6eIXD/aMNK/rUhyXpBUdl3","6errpyECNCwakgdQ11d/tm","6e1KPz+7NEdqHwwCAPItwy","6fiS43kzFHb7gj2aw4Co4T","70Br2TH+pABYQFpmqnXiNE","70CiEEbAtMqpOLvHy+Z3Ow","70eEHcbENFQ5/dHveOVMAn","70hbYBwUVD5Id6tQiTCBDl","70lo9yJJtKur7azmTkGjX2","70o3/UJTREuZnlRD5o+0Pf","71KwtGx2hF5pdogVSRvDjj","71mJHyJwhMMaEsH0eg9hF7","71mghOGm9D6bPa5g89gC2v","71x1v6GklCJIfSq0IU1SP3","716FJnneJCs4VPgGN2Fd5y","72KI2WcDRGfaI1sQF88Vxd","72Sw3jG3tHvKzZ5fjNnD+h","725yJTOH5G4KIelIbySbad","729nU7LetH6bfEVmbnCC8h","73iJMqgS9PvpaEYIpQuklq","73ibuBwhtO8LYV1eGDM+dS","73l6WCsk9CkpfBkV0o/lD5","73urTKIC9EabXEEGRJUhIq","733KWF8u9E264Oya/My3Z4","74T3zaUNtNVqjG+22+Qz+d","74YpTB1YpKs6m3VykIk4Pt","74kkVEL99AO4oLlvMn0kXY","75D/cEnBFIa5vbImRzIYTw","75KfCWZS9KDp965YWNfadU","76AjNbbYxLQrau1s/NT1Yc","76uxiC7AlAMrCrAXB7L9I+","77X2awyoxMV5EEF6JAjQHm","77jh2ITH5O57rSC0k1V6ex","77vQzzYQ9PUqFwBA6RUvSQ","78FCHLu5FGNZ4kSm0AfGSh","78i5ixe/lG67m9rLRpYURA","789Z3GI9lOOZpoVwb/lCbc","78+CJLDbpDKpH8ZJ1zspAB","78/M/ts6NMroRbWckPSA0i","79IXVRlhNOQqZktU7hvP2P","79IaZZbAhAUYvwpRsCuHH7","79cr6ANyNHfbrghKEipCfj","797Yc4PZlG9LaQXgz7zAGZ","798AS8aqZEGqxfwS1KZawa","7aI8xn5nVHYYgMOUzFR+dx","7a/QZLET9IDreTiBfRn2PD","7bNHXS9fVLppn9D3XaGji4","7biidvNxhGQYbWetQeTnZ0","7cUgPwEs5Ao63/yJx2vrOf","7cmAKyLnVATaCbiPiTJSiN","7cvCv5WvhMnLtNoZyCJdLM","7dUwzVaDVBBrbtW1GhENvv","7dkC3rtmdNNp4SWh5YcuhA","7dwNPkry1Jj5LhanWej4tV","7d2VzcpDpKX73pUhy53Ke2","7eZKy0dCJDXbIuGCjrDgNT","7etyRqhK5BIYpUdBk1YfeD","7e7MlfbSNKAaWpXGI9+zdx","7fCj8OkOlJQoBJe/UNbeUz","7fOwU2qYNLMK3LYk2Wra6r","7fcgTlYctIPJZ2lsyVsOGB","7fe9C6QvdDN4gJ0kLgL6Wq","7fuAo6XVdB/L4UoiOl3vRh","7fvB+CnkBBNLE8fZcj7rVd","80TkU6mf9PzZZFgkZZN6ql","80d6TYY1hP8plrdM9vwpop","80ta6Z2TREL5VWQd40mlo3","800zE2RTBA9JROSe0cePRx","801Ax56ehPCpr23ESqUJ/8","805KFzKQhN67IQO8EoMQ2D","80+lSOkwpDo45pyYeIfPyO","82ek2ZZnlLmIjVs3NhDWjz","82lEvHMqpMiKK/fQltWM/D","83Oio62vRHvaY5RHqFrLGc","83ryt3ecFCxIHS2u13JZ8g","83u6IIa4tKa6RyV0cyEpmo","835OxgCflCo4UPXxiZvRxJ","8383EAK0FB6q+SWJ+Gm4Wm","84BrfVWZVG0ZnLZig2IP4H","84V9XDtdVAqI5CyfDPqvwF","84i7Ma84hAR5QSikUz7iVv","84i9NYJi1LEK5ZiWIeYEKN","84t95hOWhJF6Mz8l4OJudd","8488rib0RMMrxsVb5bXYeG","85WlIO0tNNL6EB0kyAE5ZX","86MuqJ4gVHKIN7w/CvkRuH","86ZnKOw+VOQJOg9chpAVNo","86gK0wZkNEFI0zZGANuy1i","86jDXjJ2tAa6gtBkPIY8z4","86+cPq2HdLiquUjvqpPi+u","87Lv2BFVJIdL9kvVaodDtH","87XnULTL1OAKHClQUhWwxE","872jh1dm1CWr8y2qzmlLJJ","873ptx/4xFga+o7LB9ioQC","874XIrH3NGc4igIvfrOgNa","88BbbL6P9LRLW+DJLuZ6Uz","88IEjXtNNEu50mSNJJGZUi","88MofrrUJCxakOQ/aRh1TG","88WGuEW7hJmbps8TnYZqSb","88b3FYQUVMj6z5fCKqEGio","88znil1HxByp7C7SBhqgMT","89E/nxVDpK/5q2zibphRVD","89Ke+DerVAUK/kIOu4M44c","89SA4aDm5F8om3uL+ia9S3","89b1yHgdlPBp3waiwd5As9","89gCHd5AdJM67JWWjp7az5","89zr3vBA9JgYXeiklEIlks","898vgBJKNBq7fApaPeSVO3","8aC9aK9NVKaKbZkbTfuQdT","8aEJC1aqVCZraZ8fkvsGQB","8aGfOGhpZMVZpT11/zAEbK","8anx1fY3lKELQY14N9w/Nw","8aoappHOFAe7giKtqOTONL","8azTEp/fJKDoyZKBHmUgr6","8azuEVsLJN+q4ECr4YACPN","8a1iSiRudLSL8/zP00lu1w","8a4fhxg/JPG6Ycjbs8z8Aq","8a9d6SL0ZEsLHI5s69QJAU","8bECUjMwlIaZMi+5eKKm4p","8bLPxM4DJMsImdT3z4UewW","8bNd1DSXtCbaBzDWKttMvU","8bkBiyPl1KNLZ7XXohnp56","8bpPQQ8ahHQL3y+fI7mLM8","8bzU8cp9dEDJSyZGLVyFtv","8b+KJnzC9BfI7S33zYR0pJ","8c58yWdchGG4aWUhDghDBi","8c7JmsO4hCbpH29UgOSaJ+","8c8DWFPmdM0YCIZo2V559A","8dATUSRU5BKbl4rzrXFXF/","8dfvV7wRtI5792peCBl/vT","8dp69KE55G6bOLHrkwoPZ3","8eF78vQWpFPJhm93Lo0LN4","8eOa3ofs1GbI7LR/39Rncj","8eYovhusdAMqLA+UKzc6Co","8ekZdzAXFIx6D5LZ31jQ7v","8fDPkBYdhLN41BbjTO9nUj","8ffwEKu/FGoYwoSRy0U3pC","8f1O8G2NNBN5BMVqStWJxC","90E2VtWnVIDJ2WxinQqCcR","90yWuZYMBOlZDM7URetsL/","903z+/41lJLZZecvck0Kec","90+MjESF1KbLxJ87k4WByz","91UR2+RBRL0rx/8BkR54pJ","911x97CVhD+ocR2v87D0dD","918QS65mBEM57OExqAFa4p","92UAhxk3BKx6wW9uXo1MQ0","92YPh5Ol5NlaWJP1hbMyY+","92c/aYZ/VCfrXnEwpUyqI/","92mJe1LmlNd7gYo57SpmwJ","92mjmUZFRFHaidd2U3xAXF","92n+MoMDJARrq5ehh1PUx5","92zxKGvydK3bzJs8ZAw/ee","927NjbTFNG3JSGBmuqVUuk","928e3yCXZBlKvVP5QiKw2F","93SHBgq9xGXos9TZr8NAMO","93adDKtIZMc5eP3BNUhNVm","93a5BX92ZEQJS1ykOF6hPP","93epOR14NG/IkkhjuXDY4A","93wnuma3dIMKofsTLj7Yfm","93xA/00LNO8rjwSpCrWk6V","936CK6NNlPxIA1z8GMbkA8","94CoUXtXJNcasELFgnEA0F","94KxyXdu9NvLHZzu+sN3tL","94TFqzODNMoaV7CGa45PtF","94sLNFTw5ICbNqrY0BtzHL","94vX/hCklLSK8K8yY5ZWua","95UXw0H8NCBpHI4wwWXbD7","955Xr795hHJIuytXPF89NU","956jgz1nVM/LPljLRX6Rd2","96dz6co6hF97e8vSGTG4C3","964eIDBstMkLW95LorAXrj","97NwqC9dpNWJ7/qJ5DK7Ds","97djmGi19ID7QkcOOs56zA","98ELwEkIZBTIJOPtXxtxiE","98VDUkvf5FQobiJx18JsnW","98WWniVQNGqb4Z8aYu1vft","98c/uANcBDvouPJj4J12cj","98iU4OvpFKF62fMnEmaHZC","98tbvVlvtNoYV+m7GQfqLG","99FE1qxdNOKbxmdkZDOsEo","99R9skJ01JUarJebSVIdCU","99WoU2w1NLAbnr2HCEiOBI","99p2ShHEFGeJyUPVr67DMn","99tbMPq+1Mo5Ee5DhuZrfq","992eRkpSJOILFWZ7RfGj9j","9aV0ZuBDZDHrEgzbHp7UCB","9a6mxJfLVGFImbFGzlqQf/","9bQECCHBBD77IyC3PE6/19","9bgw/blZlEZ6p22Atx0i66","9bl8oAcfxJjI82xOjOdycF","9bwKCT86RGaZJQKEHKKC5w","9b40MiGNtLYY89DdClBd8f","9ctoe3AYJOCr9wAk1uoEmc","9c5oXNqShEio7FcYIMcul3","9c8Gqcm0hKCJM1AdjsgJiw","9dLWnO9PNLbJ9LpfttFLE3","9dTDuXPCxIR6/hJC8jOw6B","9dnFTit7RJIp75IZIKOSe7","9edcKsFmFHApp9LPwUMfNg","9eqMf8eghIRqy1BEGW/kfF","9e/EJGvwJIe5mOsUEcDCt5","9fKDWB0JROJ5HlGQdhh3F+","9fXILEeaVOBbLzDKHe1Yr4","9fdAkaXZdJv5sAwHvKrWWk","9fipBazsJJdpiOkMsBBSts","9fwgPIxDNH9bBk2UF5rbh8","9f/GHxtvpBDqAItcsEMYIK","a0Ed1ZzIhOcL04js/cqFmX","a0NKmS69dNIqkumpAnrN5D","a0NyL9tIVC4blexG36ypz+","a0Y+Xros5OaLQar7Wdri/J","a0cVCUt3dFaIenBDpweEAi","a1v/xRbhdHSIvUVNWkRCrG","a2InmAU9lKSrHY1kHsI2xi","a2LKQiKYpLEIguBZz9KXRU","a2MjXRFdtLlYQ5ouAFv/+R","a2Qnfv0TxCXYrrte7uTS0N","a2w4a1hOZH7YWOtA+DzmQO","a3M5YPstlDi69ImatKzGJl","a3UD4ecBlBuLd04K2bRkRC","a3XquhR8tIpJE8JCqhLKAC","a3b+qOHc9HRYg66hmRpalo","a3i0qf7utEAaDo10xCRy3u","a32Yf6OglCEpoORvS90VPc","a4OPFRAxBD/55CxyFVZuLy","a4W9tsb0NATZ4uNs0BJhla","a4atuE+TZNN4XHvoKn+MWC","a4wrXKJlVO/JdoDpqtFsfH","a4xfswErlP5oRpoWp19Qsj","a4xvQzhtpDu7BvxBJaN0S+","a48SzIb1tHjYPYdgewyLlR","a49rXLS6hDK4B71C3lS0cM","a5MqEpdo1B07Xzx17PLaiX","a5s9cUxNpEG5NviIKrPp3r","a5td+9oidDcYYlKCt1zplY","a6iAngvVNARrG3wYbofXVm","a6rfnt9UtOIKVhYSJQCoVJ","a63qMiNSpFoqDNNLxGx24G","a7CDJYElBGupiYiCKuK5hc","a7TVMzsUlGAacHeHUDzDSQ","a7rqEh1YBGTpqaPP/62ulY","a8OR7aAdVF5o/kjaHydmbn","a8mZ8saP1Pcq6KLv3UZ7Gt","a8tRuABTFJn5hRo3mXr7vj","a9d21vrdRAspLHnB271anL","a9pcd2kgtEIbybSvJ39ZvG","a9xipFpQJFcpbzRkOzLLME","a9+7yROEBMwpnhKMRDCSGF","aaCUoKECRCsZIKoVdFublb","aaGHJDZ6lHDq3CXCX2oj+2","aaUzkJR55JA5LT3eKiS07c","aahVases9B05WA5dJPi5UU","aa2mDU71FOlJlOpgmpsaom","abVf4bN2FHJJ65T4DzulCg","ab584BBNVMiKOFsycuEnbu","acBDeElJpG3b5Ik0AlnU3r","acF+SoDZJCYpX3pqFEZTrm","acGVhjwxxBLKZd3JW6Sozp","acGmTHDk1CkZ5nuj5BCcn8","aczbqxlOZEhopQC1p5PDLq","adFpk5XjtPob/5bN3idGUR","adVKuUx6JJ5r35ylszXQni","adi20MJbJLwrbUk6bVeGO5","adlYZas/1P4ICjeHzf213A","ad5ctxkWdKO5gAEYHLCcH/","aeUFTAIs1Nu6re7mpSzLR1","aegGkTqu9EcYPbpWQg6BwO","aenkzleRZAcLMGQVjU3Pqk","afQJrrqPdGJYQ4NmZ3yxrO","afnRGak/dBN47BLqO96wSc","af2q4ixCBFLK+FhHykzmVP","b0QEBOI4hPIqJKTw66/hmL","b0QNwTJl9HCrOneKEu61zu","b0Ux3eA/FPNIv4641ybL1o","b0iAd2+MlPZal5pwVjvIEn","b0jMq3q1xFprqt6+wExiz6","b0tZ6D2W5KDboLb6ZRnP10","b1CqlkuBxOCbV3aXIY2/ci","b1Cyp0jbNHbrl7ixlRVF+2","b1To1phVJPa5SY0/nYPWzH","b16Jq5Lr1Ecqq5qExO3soa","b2LPoOWdRPbJbLO4Lmq5AJ","b2aHrECZ5APKGS/0d2hvT1","b2dAtp7aVK/qXB+/nOL2cI","b2gMCK0zVDdLzMLvhNAjs+","b2hPp4ouhJK6EBkhoUWIVz","b2ljn6iRtB0KjvtdNcCbCa","b2ox5bT4NEypMBQH+qWR6R","b2thSD+YVDDL7SLTmBXV6d","b286LiB29MtYL3J/V5JcrY","b3LKpeflhNG5jv2Jk+aY9d","b3XyKOyVdPd7K7HfbMRriP","b4FNUPcKpJ0Llwoy49v3SI","b4VNqSWUlD25jxGv5FXZJU","b4X7xa9N9AH7b2oGui7z/9","b5IDdJqp9L/7c68ChR/Nr9","b5Rk85SkZDWIDFJaJyWhdM","b5iCuFVvFJlIHc5hT/DMYG","b5pQoZIkFBPK0ZuFtYDvoT","b5z6Nb9pFCvKOPoEgFrIHm","b6c8e1/MVGJZelyOlr2vR5","b6hL3cctNPpY7lbXa62Hg+","b7FQLs/RtLAJ/5PwJmbTwy","b7eLqc609Aq7kt0cXWrqX1","b7jwj2DrpLjq9rRWCc8qd5","b7ksQ/lq9MC7N7/mkv/m32","b7ovJv0GZCxYh8hksy/LYR","b7ownpzrFPV4Fz4rYX3TFF","b79wO5d9VN2ZPKuXFVFqub","b8U2FNebFGZLMZEjrq7NhP","b8XGG66Q9I/KxmPNvtyBbZ","b8dv/eaNFGKJDWtvlguex7","b8tuA7t2lFsqld2dD9ZDEf","b8/4SzEJhASYGSZaiziE4g","b8//tDE6tJHL/oiNpTaXob","b9eH8nQN5O+Kec2e2ke9G6","b9+V7v71lBkr46I5mYjrL5","bahTISiehNhahBU6ZW4ItM","baqAb+WslLY70bc8enPZvC","baxovs/flPuIoIk7YiNy/H","ba73AfHEtCbpF+ovkq0KcJ","bbg4wit+FCI6LVxVFypRON","bbxeQfIA5L/qjhABBk2RO7","bb+w2VElZAvqv93WG6P3Qk","bcRiiNemtKHI0Nir+he5Zz","bccsdUHNNPhrAtvZVvfD4x","bdCBpM81pOQpxPCD5OFNyY","bddF4mZk9AG4LnAO3owlmL","bdvJ2ZZWpMkb7cJk2wOsFK","beLKBIK+5AqLCFA4Sc2rsN","behES76stG4r1ZkBNlrewp","be0EZJuz1NoZJjNSYv26/Y","be4irP521JvoiZhs6XlUvq","be5NXE/cZBCJN2VIgkhUSH","be7+uAGM1Bur6dGbNWAq5N","bfjxQKetZGKJAsPdli/pZJ","bfu91PaLlGlJ2V4tlpPOJi","c0Ub5IrsZBnIUJWLrF9yXS","c1JXJXOUFAk77k5jzMwa3A","c1MDxp9mFI9b3iZ8r6Q0Xf","c1MTcL6vFD+6nTOMeUg5bD","c1Rk13EkhJM6+twHGLIT+h","c1gVKzdgJHdoiKASd8Y0TA","c2Hz07ehtIwJ5ONVQxnaQb","c2IU5nUJ9EO7XkW/1PhWeY","c2RHe+1yRK86NY0uWk7NzB","c2t+XJSBNETrD9ILtIKWI4","c26UE0IVJBUJTZsIGVpYBL","c3UzakpfRMqIKBsSO0iRDl","c3b+luyX5I4LYCdxj/nnTU","c3tQliT4BHr43+P/0AZC6B","c30vlm/qRL5r3ccq8ch2Fx","c4E+RVtAhGsZQUkyn4Vija","c4aIbJhLBHvJvKzBKfwyLL","c458yFhUZJMpOCk8ZcJQ15","c5XBXeffVBU4Vpi98LodJD","c5Y+Js779J8LDonJ3gQkjz","c5ZwNX2sZCk43iO4Inbrbl","c5un04qQJI7bWzTPY1cLCI","c6N30s/jxLy44v17bvB82i","c6TP6wP1xH+pfkoDQP7WMe","c67l9rq5NC24mODabvblqW","c6+WJPqNVBU5nOmh8/XoVD","c6/ByBIStBoLdp+9ySqBgd","c7P9DE6pZImYg2JAcIhIpK","c7Qrde081BDpHNSTydBP8X","c7YlYgI3JO7ppKtyDgEUhC","c7cRFuQDtO9o78Un+97Xg3","c7dZqXHEJAO72wqSUHszC+","c7fPqFw4BNr4UvysidQ6tL","c7pIq0xABLMqcpcMqHCK5w","c7tX/ziAlAK6NSuwjGvqR9","c8GRMNSIlOm6ouksmn/1ya","c8QeHGIhJHcqj5XEk/B15T","c8T5nthS5CT5hY0uSVSy7D","c8esDY7zRBYo2hTs4AHKi5","c83L6AbptCHrjBA1stk/FA","c831Ciq6xLMYzhzJ6mTc+f","c9KuNLe9lI4KwMCKRHNg6I","c9VupEoCxGbIrIXOJwwOth","c9gejutFhC2J5O30tQMyBi","c9u3b2GedMNIwXfBYX7zr7","c9wTY03apCOY2UIUCboess","c9xFqiNPJOHLgY7724HkcP","c96z19/xlO86U4PXEE0m+P","caYLh0Q7tCuJlcQpRxh/EE","cabqJnjMRMZIMv6i1ymh4i","cajyhnGlBEproMF0dNGxYs","caoC4hyrVHma5bkBRJvRZM","catRm+HLpCfIvW+GlyjVGm","ca3MH1NTxNAZglwWJ5iji6","ca9vQXqmpBSpAc8WbK9diP","cbh9wytUpKCa9ODPIWPbHN","cbkMU1xs5Lca37yA7e06iq","cbvBPF1cBKWY1z69VbhcsE","ccqQBcQ7ZK5atwJzvIvkTv","cdbjFWFAFCcK3p72vCfzQ/","cd6Z9AuH9IsIczTOQGxRAF","ceKlRSwdVNO4dmUXROgcD1","ceMBH28jBLMI98+6eI+spd","ceskGjS6JHXLEg4voFnyBM","ce1ok1iiZODJq0rK3gLmiC","cfD00gbFZD2IMDWRZicB8u","cfee4dnidIm5/TmyeJiX8t","cf7gg/RENLpq9zmJ316GOy","d0YEyXvktJjYTWVEiux8OB","d0l5LcBCZBa5gg/5vyjKQh","d0rQANupNOlrgrR7hHGTMU","d05uJEf9lOW6KByZDKTWnZ","d1BoltuwFHyqNYM+ZnRhVA","d1F2woBeVI0oJ4fa67OX8a","d1RG3s6TdNzIIUeXafCrl7","d1W7eofq9NkaWGaghqy82B","d1Z2/yKtdJW6ecW2bDqeAM","d1cTqk02VPDZoRkyiC/hEz","d1gq9AWI5NiJxy9jX6Yi3h","d1pcuADfBJsJP9Od0jBHAf","d2BYD3FHVHboNETfbLqrq0","d2Dr/VgIRLWrRoqVtwhmbP","d2f9D424ZASJ9Da/U3vdBZ","d3jZ0FFZ5D76U4tiRhsAPe","d3m05qenNN45pCqISBpaFZ","d3vljDfl1LqpX3bug8C241","d4EuEQoWROkoQdvqSAfrIz","d4F8hN1LhGya6mUzqo5tUF","d4X+xkTeFA7L7XQjW7Q3lY","d4z40vBdNEwbGsqg6kqliZ","d5ClSBUtpGTpNlZUqGYljb","d5EFoZlFlOX4TKsG2VzbUU","d5VBL01rpFkaK9iirPIK1g","d5YFUsYHFGMbP1dbrvPWyc","d5habbx75BWpIiRXYdx0UH","d5+EsxC75LkafNbj/zu8te","d6HspWzyVMyp9sEvvIHXkq","d60XGZGPVOeYZ4F4xJIOlG","d7GgHzzfFMLL3B8Fjj3CnY","d7db1tqexHnJp8g4SXkL15","d7rGZkSFVK5bUJrrWYIdgh","d7wl6OMy5D4JNUbeJ4hT5B","d7/rQWgO1GUL2d2RWXZCxj","d8KRwUY8BA4aS+SGVxK//x","d8PJkdl3BCBIELtsu2qk7e","d82Ik8+95HgZoY1B7LQP7V","d9W9YMq41OJZfL6UjjBo16","d9tbYfAYlLvpBqNtfxiZS9","daf8jURUlPZJGReLcxi9cy","dbOZoDAdZEQKkbf6LTepHh","dbR3AJcJxK65CR05ixqd4S","dbSqeobO1HgLVqZxrisEge","dbf6ETXXBAoaaDAMZY0AU3","dbf/6rE6tAKKVV1XA6IT8v","dbk1TI8m5JO6LLnLLsaSIc","dblTEF6uJFZp6xmozdDQvV","db6Cw7nSxJqbPLUCyLF1Wn","dcMuhlgM5N/7QbKiPsYUSu","dcMwnFn6NNeLuc9NEuHHE6","dcWJ4OFNlH0q53XLtIch4d","dciVBy6ctE2rU20X/tYKFv","dcn8kQ5D9NP7d2n8D47rKE","dcsE2QyGxFDJs5HwmCSOxY","dcvqtzVP5BLZ1m724QOqNO","dc5LP2eXtHzqagVwIbvUnu","ddJSwYB4RPhKkUt6gCV5ce","ddOemIoM5KubPr7ny3KFbZ","ddu84NwAtGnYeml0jzsynj","ddyMBEjudK+7U0TmQsR0ny","ddyPul09pF0Z2OrSAbMex4","deEiy9y8RHvbKUPPz+mTfp","deI+F2MTBCKL0hIQdJLHnm","deOAcQULxFmJfhYup1U+Dk","degTNVQX9IvJ4Y+lUrCs/H","de8nWitYNBta2IqC+XwEY0","dfhsBDQ5NLPKb+fw9kGs7h","e0C80AeTZI1qf8JjrP7cBN","e0GfsUrJxDy6+W6QEL40P4","e00N+77z1Hzqn2Y4hKYnaR","e05WQCn05BmrXUpeaCfLnQ","e1BYljjK5LYL2plV8Gzsjk","e1BruYH3FC9bwEX1vtIMlB","e1Z34VFgRKTIR95Gljtc6Q","e1gNj2K/1Gz5GUJAm58THp","e19mFgJ05G8J98E2ArXDjy","e2kQ24udhBsbG8wgh+Kr2f","e2m8+z/PNJu7O8ZibdPPkt","e24wRjgxdDCpNyyoj4VAcH","e28xhpWI1K5KZ/8VA5JFDY","e29QN6dl5JEZMHx0QmmVHJ","e3G0sHbOtK9ZWhCr/ODbqh","e3U6q8b6lFw4QMEOPMnoWZ","e3fyVHFaJHEaFVqohhxiWp","e3gaqjPz9F5qnsStAUQznu","e3ialCvqJJi6/VWc5+y6HH","e3slU8DxVGb45rV4GQqaf6","e33MhimeZMEJ00JsoW+/zC","e4JBah9I5AX7FkG681/Hz9","e4MxL0hX1LB74cxeSmr7UT","e4h2a0ajhAfI5EqamWl1XA","e4oE52QLhPopFBOG4nw2br","e4twflRPNHWIKTKajIUqGa","e48rpzTShBAo34Vz48S6tH","e5L1yO28lMz642iMqODF8s","e5XOWA8UNGpbi96cTJN24r","e5p8hfGpJDv73pSotd241F","e53WOpGg5CGIY9t1M9TFKS","e54z+jVddN8YCD12pc9s51","e6C5Sm9mtOdpgcx0M6+Kn2","e6JZ8Sc9xJT4LISatvS/pv","e6KhFNtVZK5YojO1wo09e0","e6NE/1g3BIz4LA41Ka07WD","e6XxS32zVPGJ91B4nGZZlM","e6ltbimO5Hg4MrVz1k5dtZ","e6l00z4eBPdb778lNBL9Kd","e64MaoGb5GzZ7IwJDv8GHg","e7sbysWfhPkpVzCo8Ztt4B","e8HVOU2GFIy73x+rzkQeaB","e8Hcd44yRAZo7I5a7QE6c0","e8LDAS62hLV4bYPUHRyRKF","e8nTAZhcdJdomUuYRJy8fS","e84o5eVxFFWJzEOtFVAUa4","e9S6n69vtOMqQBtKrSFcus","e9VKsAjadOc6T63IhRvNgU","e9geE6VD1Kgo4pdvRZ17LM","e91Oz3Lv1Fa6QkK8KanvU7","e97GVMl6JHh5Ml5qEDdSGa","e9/ppj5mtAEIvnBaQbGxhy","ea2+BRnAtKJZTG3NmEWmK7","ea+VcoDdlGmqfSKRDC3K08","ea/HwX4NhP0ICY9+fRX7uv","ebYDZvY/NFlq3qBXcgxVOa","ebeLF10OdLSIhy6VLbCD5+","ebhfvntElI1YHQmNWoOl5H","ebhqzT71dGf7jnyYEyx3v0","ecCTW49kJJYZX+93y4H/Sv","ecFzQ7URBJu5RWtHmfXdv7","ecJ9h3HHxIfr2A6w7UHVNf","ecSbuefalA1rXOaFroBINW","ecd5QtDMpB55DGnjB9D8ua","ecnpxh6ydF3JligCqnQWKa","ecpC3cU8dElbyQBDk45LJw","ecpdLyjvZBwrvm+cedCcQy","ecp6CoettOGp8xaJNa2yCX","ec1wV8VQ9HcJMTBcnoO1cL","edDq89KppI8ItBHnmaxAHQ","edm4d14dlCwqdOQXWD9OjR","edqgf0HqlMupUyYbR1+Vf9","edwKSrwutAeISd219HCQUE","ed41nJBgVBdrEhFYGYyath","ed78wcRKhOhooCQVOFPyo6","ed8WgrIbxKIJovPBVCvZaB","eegI5LlVZB14t314GcWmCG","ee0/weBIBMJqAyOlvmbVTe","efA0Bpf1tIPL7BjSc6JhZN","efG3jfQ4hBD5QONGtGO4/E","efKMXfPE9IUaGpLaM89iN5","efoc1oPXtNhoiuDnrk7A48","f0BIwQ8D5Ml7nTNQbh1YlS","f0Ol4xZlJGG777NZqrz4HD","f0tOqR+YVKFaiwGOSB9FjG","f1LaYH8A1H9rKk8HIiLFMW","f1Os83JcpLK5k1rUFIh1bj","f1SJeS13FL+JYKPp6S0f5m","f13gZE3CRHkKznKGaVsQVu","f2eFS24a9MF4DlSEclqnHv","f2jepmfKJHI6lRc/Dwmoss","f26N7ys79H7IbosTInZbpz","f2+GzaBMJOLaC+as791cjW","f3DiVQVD5OHJ0NSF+Yx4VD","f3KtcnsIJOrItRPPukScSC","f3m4v50B1BqroCkMOOigI4","f4J4rqTaFMjJ6+Bzn7yP4n","f4xCnbJSNLBYCh5iQw3Yqh","f41EwblshL8rUInUXo1oFd","f42yT95xlP86WIyCUe6ml3","f45BEUipZC6YlM/dTOUSxg","f48jGr8aVEH7cI/ZNHuL2l","f5qBS5kaBEo5tU/s0/8+uV","f5v38qlnpJZI/iOOo9zIaw","f6Cbd313ZO9KKTtWu8pvGX","f6K3jpBEJObpL8YOSFOrqg","f6PMw6cz5Ozrc2klpo/AT/","f684W28FdF+6jx4H60ENiJ","f7KifYKXtDLaQ2aBQLvPID","f7mxWcBwpEfovxQiac4DZa","f7rNU8Mv1IPrtUHbBxG6ZE","f7xR2O3wJBFJ5c+4u0vR2w","f8F6lK3clGX4iAnp+ObYlU","f8JEpBlxtMWoWr3oN+KZD9","f8syOAnYVCnodAcqqRkNDR","f9WyH1CjVCNJcBsuZwebnt","f9zyB13RhG8JzFRJj29zIs","f98GLqH3xFbImCKDJDddXQ","f9+h+yda1Mb4TEQ5BYwttN","faRx8zMPpHP5sYfzQqX8aF","fa1Q63UFpBDJ2OyWX3hbhj","fbIx7qDehML6t/hRaJZ5e6","fbXcOqgZBCN7BxXMWLpOM4","fb7kbwCjNAVrjCg8YFRVJL","fb8K+coONL/47JoFW8IJ1F","fcFU5xRPxC+p2WeUs8SNpE","fcR1t+u5VBK48wFVv1Ve9K","fcWKm5IuJM+5/y6RtwVWVb","fcZnm9WI1MkobB6YpeayX3","fdybElqlFAS7zzVQyCe/jl","feGBVjnJdGJ649MRcA6VfE","feN9FVQTpJJbQ/tKVGunYI","feSkOGy19F74wzl9oqtM5d","federBQ0NG16P9w2v7GnEU","ffMPkzbuBNJozqLq/uYBtu","fffvYOJjhMUIA7+eTIYLTA","ffguiXeOtNDLv1bEisO8eF","ffwSQe8UNGD4kpfXIfCiV3","ff3majAiRH27Pt14RjgFIp"],"scenes":{"db://assets/Bundle/DieuThuyen30Line/DieuThuyen.fire":225},"redirect":[515,0,596,1,660,2,741,0,868,1,1038,0,1105,2,1202,0,1346,0,1355,0,1362,1,1378,0],"deps":["resources","internal","main"],"packs":{"01b65e385":[634,268],"01c1d5150":[411,445,463,642,650,228,789,1175,1229,1255,1283,1423],"01c9a9be0":[324,450,504,505,575,624,658,910,1328],"01d2e104e":[258,306],"020cb2864":[667,1024],"0224c63b8":[180,214,235,267,274,282],"023024bb5":[226,322],"02d945ce4":[847,1149],"02fb0720b":[995,1006,1078,1238,1273,1297,1310,1311,1326,1380,1403],"0306f57a7":[0,1,2,4,5,6,7,12,13,15,17,18,19,22,23,24,26,27,30,31,34,35,37,38,39,43,44,45,46,49,51,53,54,56,57,229,60,61,62,63,66,67,70,71,73,74,75,77,78,79,80,81,83,85,86,88,90,91,92,93,95,96,97,98,100,101,103,104,106,113,116,117,120,121,123,124,125,126,128,129,133,134,136,138,140,141,142,302,144,146,147,151,152,153,154,156,157,158,160,161,163,164],"030fafea4":[351,186,594,824,1176],"0352dd7c6":[403,488,490,656,665,677,711,832,834,837,871,903,921,929,934,1019,1079,1097,1147,1165,1239,1309,1324,1364],"03827d3f0":[388,400,602,612,693,708,726,728,773,820,953,1032,1034,1096,1143,1234,1382],"03ce915c1":[325,361,448,495,521,540,543,553,678,679,687,811,869,1017,1055,1095,1104,1145,1148,1218,1241,1272,1300,1337,1419],"044e4941f":[327,406,431,472,480,492,539,557,599,645,725,1003,1015,1037,1153,1156,1171,1197,1233,1270,1341,1343,1353,1412],"04a1664f5":[387,390,657,234,826,1026,1112,1141,1177,1250,1339],"050305f48":[430,580,739,770,993,1274],"053b70027":[373,435,453,523,537,714,924,928,932,1278,1365],"0542b70f8":[424,477,675,1359],"05527e359":[368,374,439,487,511,572,682,716,746,775,911,943,1074,1109,1204,1287,1288,1360],"0559a722f":[369,380,471,475,482,216,754,1025,1185,1213,1219,1307,1396,1422],"05655ed02":[350,684,731],"06486783d":[498,555,633,872,913,1318],"064f4f160":[342,428,489,526,586,639,786,794,879,914,1051,1249,1316],"06ad06ee2":[654,313,1426],"06d3a25a0":[328,333,349,392,437,496,502,519,597,622,643,648,651,652,655,691,791,828,841,846,855,862,882,926,1083,1092,1132,1151,1172,1237,1261,1301,1388,1399,1401,1425],"07312c0b3":[337,379,389,447,574,598,829,963,965,989,1188],"073198a37":[353,429,443,456,556,579,698,727,747,760,792,823,833,874,886,894,968,1000,1131,1189,1193,1254,1269,1415],"075b66c07":[335,340,355,362,415,455,506,567,686,744,781,836,852,856,919,925,1004,1042,1046,1059,1195,1267,1275,1386],"080ab5ac2":[357,364,371,459,525,528,554,584,688,699,717,735,774,883,890,930,960,966,974,978,980,991,1048,1060,1065,1110,1115,1121,1122,1125,1146,1159,1160,1173,1212,1222,1259,1260,1266,1291,1292,1303,1319,1332,1358,1383,1392,1414,1429],"0823cb600":[730,973,1071],"084653644":[326,331,336,338,341,343,345,348,359,363,367,370,372,376,377,381,385,386,393,395,399,402,404,409,410,416,417,419,420,423,426,427,432,433,438,440,444,446,458,464,465,467,470,478,479,483,484,485,486,494,501,503,513,514,520,522,524,529,530,535,538,541,542,551,552,560,561,562,563,573,578,582,585,587,588,589,593,595,600,601,603,605,608,613,614,617,626,627,630,631,632,635,644,647,649,659,661,662,663,666,668,672,681,683,689,690,696,697,700,712,719,720,723,733,737,740,749,751,756,758,759,761,762,764,779,787,790,793,796,797,798,805,806,813,815,818,822,831,845,848,851,853,859,860,861,865,873,878,880,887,888,889,892,893,897,898,902,904,907,909,912,915,916,917,918,935,936,937,942,944,945,946,949,951,952,954,956,957,959,964,969,971,972,975,976,979,985,987,988,992,994,999,1005,1007,1012,1013,1016,1022,1027,1029,1030,1031,1036,1041,1044,1045,1049,1052,1054,1057,1062,1063,1064,1072,1082,1085,1087,1088,1090,1094,1099,1100,1102,1108,1111,1114,1139,1144,1150,1154,1161,1179,1183,1184,1186,1187,1196,1198,1200,1206,1209,1210,1215,1221,1223,1225,1236,1242,1244,1245,1246,1251,1253,1256,1265,1268,1271,1277,1279,1280,1289,1294,1295,1296,1298,1299,1302,1306,1312,1313,1314,1317,1321,1323,1325,1329,1330,1331,1333,1340,1349,1350,1352,1363,1368,1374,1376,1389,1390,1393,1395,1397,1400,1404,1409,1411,1421,1427,1428,1431,1432,1433,1434],"0876b6fea":[329,383,391,421,497,517,536,546,568,705,709,803,808,816,947,983,986,1040,1066,1070,1124,1167,1224,1247,1248,1290,1367,1405,1406,1418],"08880a227":[398,412,436,457,476,518,547,549,581,592,607,713,738,877,906,1101,1135,1137,284,1170,1214,1217,1286,1398,1402,1407,1416],"08ad63236":[344,452,461,516,769,776,807,857,870,899,920,1098,1140,1207,1320,1361,1369,1385],"09824f8e8":[441,685,923,977,981,998,1081,1142,1370,1410,1420],"09b527ea0":[531,606,692,757,778,809,243,881,1199,1228,1284],"09b7f8d15":[358,384,418,422,449,462,468,512,534,545,558,564,566,570,583,616,629,664,669,670,674,702,718,734,743,767,784,812,819,825,866,867,1002,1011,1014,1020,1023,1035,1130,1155,1157,1166,1191,1263,1281,1354,1379,1394],"09ee9c8b5":[346,365,405,569,204,673,724,771,777,802,842,895,922,1201,1232,1327,1345,1408,1430],"0a3e17285":[722,927,281],"0a966bf4d":[347,354,396,499,500,577,653,736,752,768,783,800,844,863,901,950,982,1010,1047,1058,1119,283,1136,1211,1227,1252,1282,1304,1338,1373,1377],"0aa837f70":[360,366,413,425,621,641,710,732,753,785,801,896,905,1039,1053,1168,1257,1342],"0aaa621c3":[185,721,772,817,1123,1235,1387],"0abef8343":[200,703,1133,1163],"0ac91ccfd":[334,339,356,394,397,408,434,442,491,507,544,550,565,576,610,611,628,638,676,695,701,707,729,745,780,782,804,814,839,875,884,900,938,948,962,984,1033,1093,1138,1152,1174,1178,1180,1181,1226,1305,1356,1357],"0afe4b989":[625,1315],"0b8857c5c":[375,378,407,414,474,508,527,609,637,640,704,706,788,827,835,908,939,967,970,990,1009,1077,1086,1091,1120,1129,1134,1162,1182,1194,1205,1240,1258,1264,1322,1348],"0b948e49e":[175,1076,1262],"0bd2364b6":[615,260],"0c1122f65":[466,891,1107],"0c492e1ea":[532,680,715,799,1001,1008,1018,1118,1127,1190,1220],"0c938364e":[166,8,9,169,10,170,11,173,14,177,178,181,21,28,32,201,33,36,40,41,42,210,211,48,219,50,221,222,223,52,748,225,55,765,58,231,65,69,241,72,253,76,254,82,84,89,94,266,99,272,105,273,275,107,108,109,110,111,114,115,118,119,122,286,127,131,132,292,137,139,145,148,149,316],"0cbc49fff":[636,1216],"0d30bde35":[509,742,763,821,1028,1069,1089,1117,1381],"0d4893b3d":[454,473,620,646,755,955,996,1067,1075,1106,1158,1208,1276,1293,1335,1344],"0d593cc66":[533,305,1413],"0de0a2720":[941,1384],"0e1733b97":[481,1308],"0e3d04627":[352,401,460,469,590,618,849,854,931,933,1080,1084,1116,1126,1169,1192,1243,1285,1334,1347,1366,1375,1417],"0e659292e":[750,766,885,1056,1068,1103,307,1351,1371],"0e6b4fdc5":[619,838,840,864,876,940,264,997,1113,1164,1231,1391,1424],"0f48438eb":[176,510,961,1073,1128],"0f561aac3":[332,382,451,493,548,198,559,571,591,604,623,671,694,795,810,830,843,858,958,1021,1043,1050,1203,1336,1372]},"name":"34","importBase":"import","nativeBase":"native","debug":false,"isZip":false,"encrypted":false,"versions":{"import":[165,"bb6ea","01b65e385","7c602",330,"9b085","01c1d5150","309a1","01c9a9be0","772e1","01d2e104e","7960b","020cb2864","b0b03","0224c63b8","06517","023024bb5","2fd13","02d945ce4","b5ef7","02fb0720b","d9fae","0306f57a7","38789","030fafea4","eb4bb","0352dd7c6","864de","03827d3f0","70ab3",3,"70bff","03ce915c1","7d11b","044e4941f","375b2","04a1664f5","99eb7","050305f48","45b9c","053b70027","13d9e","0542b70f8","59b19","05527e359","5b390","0559a722f","433df","05655ed02","823b5","06486783d","d513a","064f4f160","1c26c","06ad06ee2","f2a58","06d3a25a0","172a7","07312c0b3","1b9ea","073198a37","b7ac9","075b66c07","ad15a","080ab5ac2","6a864","0823cb600","0d489","084653644","7c2c8","0876b6fea","3bc1b","08880a227","31a51","08ad63236","c1d1f","09824f8e8","e480f","09b527ea0","790fe","09b7f8d15","55b58","09ee9c8b5","39be8","0a3e17285","9f2f3","0a966bf4d","a41ac","0aa837f70","fda66","0aaa621c3","ac01a","0abef8343","405fb","0ac91ccfd","23f34","0afe4b989","98d85",167,"d6710",168,"33a82","0b8857c5c","02faf","0b948e49e","035fc","0bd2364b6","971c6","0c1122f65","3580d","0c492e1ea","50b9c","0c938364e","8c9b2","0cbc49fff","a6a38","0d30bde35","bc0aa","0d4893b3d","633cb","0d593cc66","c79c3","0de0a2720","31c27","0e1733b97","07afc","0e3d04627","230e3","0e659292e","1f3d8","0e6b4fdc5","0b5ec","0f48438eb","4922f","0f561aac3","016ac",171,"3a206",172,"c9c5d",174,"97075",16,"e438e",179,"39d69",20,"cf3ac",182,"27c0f",183,"e0147",184,"0e136",187,"15959",25,"83c4b",188,"c4b23",189,"a0e33",190,"80454",191,"8f0ac",192,"753c8",193,"a52a7",194,"a4540",195,"99752",196,"26d32",197,"2611c",29,"9b7be",199,"f1be5",202,"e36d2",203,"2521c",205,"19bbf",206,"b408f",207,"c3546",208,"ac3e9",209,"e50f6",212,"c3dd4",213,"b3a5f",215,"9891d",47,"8286a",217,"466c8",218,"f4dbf",220,"0fe67",224,"f71af",227,"74110",230,"d5a8f",59,"2c6d4",232,"d09de",233,"f01d1",64,"f9cb1",236,"2da95",237,"29dc1",238,"9b01c",68,"90d34",239,"91455",240,"43e16",242,"bacc2",850,"45231",244,"67544",245,"360af",246,"21a8b",247,"725d1",248,"cc3de",249,"c20e7",250,"c31ad",251,"b86cd",252,"4a589",255,"72341",256,"bd575",257,"88e82",87,"daf1a",259,"0e60d",261,"6d9c4",262,"adc4a",263,"e7448",265,"9e801",269,"22b7c",270,"ad2ef",271,"92043",102,"1e1fc",1061,"c5d05",276,"f9b9a",277,"a9b0e",278,"1d864",279,"dd980",112,"33590",280,"17767",285,"e414a",287,"c0bc2",288,"9910a",130,"8a358",289,"966bb",290,"f85c1",291,"a500c",293,"c1cab",135,"b8907",294,"9ba4c",295,"96d56",296,"a38eb",297,"03791",298,"36cfe",299,"c8fec",1230,"247a6",300,"bd85f",301,"f9e7d",303,"2472d",143,"3ac88",304,"0b8d7",308,"2cfb6",309,"6715c",150,"bad54",310,"e1675",311,"099a4",312,"8709a",314,"dbc72",315,"feceb",155,"5db41",317,"9f263",318,"adc58",319,"1466a",320,"6145d",159,"b7335",321,"67333",323,"9e70f",162,"4286d"],"native":[0,"e8615",1,"a37a3",2,"656b0",3,"aa852",4,"e9151",5,"7e067",6,"4104d",7,"4c483",8,"05f59",9,"dcf77",10,"28e70",11,"833aa",12,"43a7c",13,"e525b",14,"70068",15,"7a660",16,"fd41c",17,"2e9d2",18,"8d428",19,"ed242",20,"37163",21,"bc082",22,"7b149",23,"ed8b5",24,"1f930",25,"71316",26,"ba78e",27,"d29d0",28,"a9dd6",29,"929bd",30,"4c37b",31,"bc1ff",32,"60103",33,"559e7",34,"64677",35,"07296",36,"664fd",37,"5c06c",38,"8a682",39,"a54fd",40,"3407e",41,"a064a",42,"0864c",43,"93982",44,"e5c63",45,"6fced",46,"5efa3",47,"b1557",48,"4c246",49,"1f5b0",50,"f438a",51,"ec13d",52,"48c69",53,"fbf47",54,"cea68",55,"f9d1c",56,"003a0",57,"4c35c",229,"6d707",58,"59f0a",59,"793fa",60,"7f7fb",61,"6f4b1",62,"fef2d",63,"6f512",64,"09cba",65,"8d541",66,"b0eca",67,"e2722",68,"a5a2a",69,"fce38",70,"5eac5",71,"b25b8",72,"2d502",73,"c98ad",74,"c24c0",75,"e71bc",76,"6491e",77,"509bc",78,"19557",79,"003a1",80,"de6d6",81,"91dae",82,"c3f38",83,"9bdaf",84,"92609",85,"c5724",86,"98a04",87,"d749b",88,"d1ebb",89,"84ef5",90,"04f51",91,"62a8c",92,"92c84",93,"e6099",94,"93a73",95,"45453",96,"bf5c6",97,"4bdbb",98,"e1699",99,"a9841",100,"1ca44",101,"20300",102,"eb743",103,"d540b",104,"6fad8",105,"ac730",106,"72f35",107,"f2b3a",108,"3839f",109,"babe8",110,"01125",111,"9e34a",112,"6b249",113,"cd34c",114,"47b19",115,"489f8",116,"4a979",117,"58fd6",118,"ffefb",119,"11bda",120,"69156",121,"3029d",122,"cb0a2",123,"81056",124,"c84cf",125,"46b41",126,"20083",127,"56b45",128,"8af33",129,"10a2d",130,"e8444",131,"e6e40",132,"c576a",133,"9fcb2",134,"9a482",135,"a9419",136,"40685",137,"723d1",138,"24e8d",139,"5bcd7",140,"d3b15",141,"b2914",142,"21899",302,"d55c2",143,"b1ad5",144,"9625c",145,"6d4f6",146,"59df9",147,"09326",148,"0bfd9",149,"a2d97",150,"022ce",151,"34738",152,"24dac",153,"459b4",154,"e271a",155,"09cda",156,"8470a",157,"6def1",158,"99c2d",159,"5e1c7",160,"c2fd3",161,"a95f6",162,"4767c",163,"8fca6",164,"5c107"]}}