[1,["7bRgCJHblMQ7WiC1psIngP","6fQQ2AOKdMPJ0vpvl70503","c0BpACo29BS6Nc2JXca9/R","ecDd889lJJsr/66ran8CcU","f1JqnL4JdLSrEc5Zf6HfJD","42lXFd+NZPCaoMKk33+DSH","eb3frGYCRPSYA3srRlCa05"],["_textureSetter","sb_button","sb_arrow","sb_auto","sb_arrow_blur","sb_arrow_grey","sb_arrow_grey_blur"],["cc.SpriteFrame",["cc.SpriteAtlas",["_name","_spriteFrames"],2,11]],[[1,0,1,2]],[[[{"name":"sb_arrow_grey","rect":[1,169,140,142],"offset":[0,0],"originalSize":[210,210],"rotated":1,"capInsets":[0,0,0,0]}],[0],0,[0],[0],[0]],[[[0,"Alats65.plist",[{},"sb_button",6,0,"sb_arrow",6,1,"sb_auto",6,2,"sb_arrow_blur",6,3,"sb_arrow_grey",6,4,"sb_arrow_grey_blur",6,5]]],0,0,[0,0,0,0,0,0],[1,2,3,4,5,6],[1,2,3,4,5,6]],[[{"name":"sb_arrow_grey_blur","rect":[357,147,142,144],"offset":[-1,1],"originalSize":[210,210],"capInsets":[0,0,0,0]}],[0],0,[0],[0],[0]]]]