[1,["c4c8oi0MRAxKisYgRaB8xK"],["_textureSetter"],["cc.SpriteFrame"],0,[[[{"name":"mtp_vfx_b_screen_02","rect":[140,351,203,133],"offset":[1,1],"originalSize":[209,153],"rotated":1,"capInsets":[0,0,0,0]}],[0],0,[0],[0],[0]],[[{"name":"mtp_vfx_b_screen_13","rect":[210,1,207,139],"offset":[1,1],"originalSize":[209,153],"capInsets":[0,0,0,0]}],[0],0,[0],[0],[0]],[[{"name":"mtp_vfx_b_screen_06","rect":[553,337,193,125],"offset":[-1,1],"originalSize":[209,153],"rotated":1,"capInsets":[0,0,0,0]}],[0],0,[0],[0],[0]],[[{"name":"mtp_vfx_b_screen_09","rect":[414,343,193,137],"offset":[-5,1],"originalSize":[209,153],"rotated":1,"capInsets":[0,0,0,0]}],[0],0,[0],[0],[0]],[[{"name":"mtp_vfx_b_screen_05","rect":[275,550,195,129],"offset":[-1,1],"originalSize":[209,153],"capInsets":[0,0,0,0]}],[0],0,[0],[0],[0]],[[{"name":"mtp_vfx_b_screen_04","rect":[412,142,199,133],"offset":[0,1],"originalSize":[209,153],"rotated":1,"capInsets":[0,0,0,0]}],[0],0,[0],[0],[0]],[[{"name":"mtp_vfx_b_screen_11","rect":[1,351,205,137],"offset":[-1,1],"originalSize":[209,153],"rotated":1,"capInsets":[0,0,0,0]}],[0],0,[0],[0],[0]],[[{"name":"mtp_vfx_b_screen_03","rect":[277,142,201,133],"offset":[0,1],"originalSize":[209,153],"rotated":1,"capInsets":[0,0,0,0]}],[0],0,[0],[0],[0]],[[{"name":"mtp_vfx_b_screen_10","rect":[275,351,197,137],"offset":[-3,1],"originalSize":[209,153],"rotated":1,"capInsets":[0,0,0,0]}],[0],0,[0],[0],[0]],[[{"name":"mtp_vfx_b_screen_08","rect":[472,538,183,133],"offset":[-9,1],"originalSize":[209,153],"capInsets":[0,0,0,0]}],[0],0,[0],[0],[0]],[[{"name":"mtp_vfx_b_screen_00","rect":[1,142,207,137],"offset":[1,1],"originalSize":[209,153],"rotated":1,"capInsets":[0,0,0,0]}],[0],0,[0],[0],[0]],[[{"name":"mtp_vfx_b_screen_01","rect":[140,142,207,135],"offset":[1,1],"originalSize":[209,153],"rotated":1,"capInsets":[0,0,0,0]}],[0],0,[0],[0],[0]],[[{"name":"mtp_vfx_b_screen_14","rect":[419,1,207,139],"offset":[1,1],"originalSize":[209,153],"capInsets":[0,0,0,0]}],[0],0,[0],[0],[0]],[[{"name":"mtp_vfx_b_screen_12","rect":[1,1,207,139],"offset":[0,1],"originalSize":[209,153],"capInsets":[0,0,0,0]}],[0],0,[0],[0],[0]],[[{"name":"mtp_vfx_b_screen_07","rect":[547,142,193,129],"offset":[-3,1],"originalSize":[209,153],"rotated":1,"capInsets":[0,0,0,0]}],[0],0,[0],[0],[0]]]]