[1,["71y+d+jeBOl6ZP5PQ4c1CP","cf8mJTl4tHKJNi5XzMH/nq","97ThH3B2FGqa3psmhDPF7H","93QkfXaqtM8LvLmuZwF14/","88Pcn8JbJHPaugr0m4rasH","a3r25VHIBHuYFTJVuzSjje","57uMH28hREH5iYwW2JmRQN","27plMxtAFOFKg+8T39Kzbs","1ajRZg1FdOjJb+Et3NhSe+","1131sFp05DnYjaRUj+Kt2O","45TEc7GXRB6aLIGK1RWISj","48Gjos9chKA6SuBxjIXqdu","81TCR8SXdNNIrDq07IVzh0","48v+Sd4ldCYLH0z0Pvaqk8","ddT0ozd65Jq79iqh61Qxio","a2ejR0b7xFvpiwiB53OPl2","beub8BbS9C769FuB0gbJP9","dbD/Ic58xHfolg4bN2RX7r","80lE9EXF1NLZesg5V0g+V/","38J1zO0RhLUa7oVuruyE1v","cc89P2VCZDD70/olpNkVZj","31zTImyqxOI4nxnT68FaP0","8ebS317mdNF76M37guVhua","3385znOCxBbIQAzAzLq5CT","4fMfhuPzBKEYT5t3Fd+hNP","d4tTDS/TRMt7uXR9eJ67mE","05ypcIE1hPwLRlIawHN+aV","8cQ8R42WNOz63H21j5o7n9","93znpSqR1Nw6PGqLtq8gzC","e9cMh7iztDLau0EsPjOMG5"],["value"],[["cc.AnimationClip",["_name","_duration","sample","wrapMode","curveData"],-1,11]],[[0,0,1,2,3,4,5]],[[0,"showBoderSmallItem",2,15,2,[{},"comps",11,[{},"cc.Sprite",11,[{},"spriteFrame",12,[[[{"frame":0},"value",6,0],[{"frame":0.06666666666666667},"value",6,1],[{"frame":0.13333333333333333},"value",6,2],[{"frame":0.2},"value",6,3],[{"frame":0.26666666666666666},"value",6,4],[{"frame":0.3333333333333333},"value",6,5],[{"frame":0.4},"value",6,6],[{"frame":0.4666666666666667},"value",6,7],[{"frame":0.5333333333333333},"value",6,8],[{"frame":0.6},"value",6,9],[{"frame":0.6666666666666666},"value",6,10],[{"frame":0.7333333333333333},"value",6,11],[{"frame":0.8},"value",6,12],[{"frame":0.8666666666666667},"value",6,13],[{"frame":0.9333333333333333},"value",6,14],[{"frame":1},"value",6,15],[{"frame":1.0666666666666667},"value",6,16],[{"frame":1.1333333333333333},"value",6,17],[{"frame":1.2},"value",6,18],[{"frame":1.2666666666666666},"value",6,19],[{"frame":1.3333333333333333},"value",6,20],[{"frame":1.4},"value",6,21],[{"frame":1.4666666666666666},"value",6,22],[{"frame":1.5333333333333334},"value",6,23],[{"frame":1.6},"value",6,24],[{"frame":1.6666666666666667},"value",6,25],[{"frame":1.7333333333333334},"value",6,26],[{"frame":1.8},"value",6,27],[{"frame":1.8666666666666667},"value",6,28],[{"frame":1.9333333333333333},"value",6,29]],11,11,11,11,11,11,11,11,11,11,11,11,11,11,11,11,11,11,11,11,11,11,11,11,11,11,11,11,11,11]]]]]],0,0,[0,0,0,0,0,0,0,0,0,0,0,0,0,0,0,0,0,0,0,0,0,0,0,0,0,0,0,0,0,0],[0,0,0,0,0,0,0,0,0,0,0,0,0,0,0,0,0,0,0,0,0,0,0,0,0,0,0,0,0,0],[0,1,2,3,4,5,6,7,8,9,10,11,12,13,14,15,16,17,18,19,20,21,22,23,24,25,26,27,28,29]]