{"paths":{"0":["Audio/fsTrans",3],"1":["Atlas/Alats7",1],"2":["Atlas/Alats9",1],"3":["spine/Special/s_wild_c_atlas_specials",8],"4":["Audio/prizeTotalWin",3],"5":["Atlas/Alats61",1],"6":["Atlas/Alats59",1],"7":["Audio/bgm_totalwin_main",3],"8":["Atlas/Alats69",1],"9":["spine/IconNormal/h_pump_atlas_symbols",8],"10":["spine/IconNormal/l_k_atlas_symbols",8],"11":["spine/IconNormal/h_tools_atlas_symbols",8],"12":["Atlas/Alats41",1],"13":["Audio/BonusMove",3],"14":["Atlas/Alats52",1],"15":["Audio/bgm_totalwin_end",3],"16":["Atlas/Alats12",1],"17":["Atlas/Alats32",1],"18":["Audio/SymCollapse",3],"19":["Partile/eff",5],"20":["spine/IconNormal/l_j_atlas_symbols",8],"21":["Img/blurPurple",1],"22":["Atlas/Alats29",1],"23":["Atlas/Alats4",1],"24":["Img/Rule/1",1],"25":["Atlas/Alats40",1],"26":["Img/1d873e39-311d-4c8e-a0ea-b37ef3c0f156",1],"27":["Atlas/Alats17",1],"28":["spine/Special/s_wild_a_atlas_specials",8],"29":["Audio/SymbolBonus",3],"30":["Atlas/Alats62",1],"31":["spine/IconNormal/h_wheel_atlas_symbols",8],"32":["Atlas/Alats35",1],"33":["Audio/fsWonTitle",3],"34":["Img/4cbf7a99-f58b-4230-be32-cbdb54b8d79c",1],"35":["Audio/spinBtn",3],"36":["Atlas/Alats44",1],"37":["Img/600301aa-3357-4a10-b086-84f011fa32ba",1],"38":["Atlas/Alats18",1],"39":["Audio/BonusJump",3],"40":["Img/466b5f7a-8c1b-4ca6-9084-9ef17aa8e884",1],"41":["Atlas/Alats36",1],"42":["Atlas/Alats42",1],"43":["Atlas/Alats8",1],"44":["Img/Rule/4",1],"45":["Atlas/Alats50",1],"46":["Audio/slider_effect",3],"47":["Atlas/Alats66",1],"48":["Atlas/Alats37",1],"49":["spine/Special/s_wild_b_atlas_specials",8],"50":["Atlas/Alats47",1],"51":["Atlas/Alats28",1],"52":["Audio/SymShrink",3],"53":["spine/IconNormal/l_q_atlas_symbols",8],"54":["Img/KhungLWinLS/4ae309c52a_01",1],"55":["spine/IconNormal/l_10_atlas_symbols",8],"56":["Atlas/Alats65",1],"57":["Partile/atom",1],"58":["Atlas/Alats68",1],"59":["Atlas/Alats20",1],"60":["Atlas/Alats38",1],"61":["Img/c791b4af-f23b-405a-9460-32a94af2e698",1],"62":["Img/84ff9107-8fb1-4a84-8060-22c1573d2a64",1],"63":["Atlas/Alats11",1],"64":["Img/b9a8d293-7221-4616-a633-8c710bb1cee1",1],"65":["Atlas/Alats55",1],"66":["Img/c8e48e72-5566-4935-b22c-ea87154a1e24",1],"67":["Partile/bw_particle",5],"68":["Atlas/Alats30",1],"69":["Atlas/Alats26",1],"70":["Atlas/Alats51",1],"71":["Img/55526c5ded",1],"72":["Atlas/Alats6",1],"73":["Audio/symScatter",3],"74":["Atlas/Alats49",1],"75":["Audio/bgm_bigwin_end",3],"76":["Atlas/Alats10",1],"77":["Audio/bgm_fs",3],"78":["Atlas/Alats19",1],"79":["Atlas/Alats39",1],"80":["Atlas/Alats22",1],"81":["Atlas/Alats15",1],"82":["Atlas/Alats3",1],"83":["spine/IconNormal/h_car_atlas_symbols",8],"84":["Atlas/Alats16",1],"85":["Img/18ae2916-3403-44a0-ad33-d36599073dfc",1],"86":["Audio/bgm_bigwin_main",3],"87":["Atlas/Alats48",1],"88":["spine/Special/specials",1],"89":["Atlas/Alats54",1],"90":["Audio/spinActiveLoop",3],"91":["Audio/prizeInfobarTotalwinMedMain",3],"92":["Img/Rule/5",1],"93":["Atlas/Alats53",1],"94":["Atlas/Alats5",1],"95":["spine/IconNormal/l_a_atlas_symbols",8],"96":["Audio/prizeInfobarTotalwinMedEnd",3],"97":["Atlas/Alats14",1],"98":["Atlas/Alats24",1],"99":["Atlas/Alats56",1],"100":["Audio/prizeSmallwin",3],"101":["Audio/spinStop",3],"102":["Atlas/Alats33",1],"103":["Atlas/Alats25",1],"104":["Audio/bgm_mg",3],"105":["Audio/fastspinStart",3],"106":["Img/Rule/2",1],"107":["Atlas/Alats27",1],"108":["Img/Rule/ruleJPDuaXe",1],"109":["Audio/multiCombine",3],"110":["Audio/list_item_click",3],"111":["Audio/PrizeInfoSmallWin",3],"112":["spine/Special/s_scatter_atlas_specials",8],"113":["Atlas/Alats13",1],"114":["Img/Rule/3",1],"115":["Atlas/Alats58",1],"116":["Audio/prizeTotalWinBonus",3],"117":["Img/KhungLWinLS/4ae309c52a_12",1],"118":["spine/IconNormal/symbols",1],"119":["Atlas/Alats21",1],"120":["Atlas/Alats67",1],"121":["Img/b02068d1-27d7-4cea-b744-3cc83bf9d959",1],"122":["Audio/heartbeatSlowdrop",3],"123":["Atlas/Alats45",1],"124":["Img/KhungLWinLS/4ae309c52a_26",1],"125":["spine/IconNormal/h_gloves_atlas_symbols",8],"126":["Audio/fastspinEnd",3],"127":["Audio/heartbeat",3],"128":["Atlas/Alats46",1],"129":["Atlas/Alats23",1],"130":["Atlas/Alats29",2],"132":["Animation/MegaWin/MegaWinStart",0],"133":["Animation/BigWin/LightFlash",0],"134":["Img/b02068d1-27d7-4cea-b744-3cc83bf9d959",4,1],"135":["Prefabs/EffectBgMulti3",6],"136":["Atlas/Alats39",2],"137":["Atlas/Alats50",2],"138":["Atlas/Alats26",2],"139":["Atlas/Alats14",2],"140":["spine/IconNormal/l_k_atlas_symbols",7],"141":["Img/1d873e39-311d-4c8e-a0ea-b37ef3c0f156",4,1],"142":["Prefabs/EffRemoveItem2",6],"143":["Animation/BigWin/BigWinStart",0],"144":["Img/Rule/4",4,1],"145":["Prefabs/EffectTakeTotalMulti",6],"146":["Atlas/Alats41",2],"147":["Atlas/Alats48",2],"148":["spine/IconNormal/h_car_atlas_symbols",7],"149":["Atlas/Alats47",2],"150":["spine/IconNormal/l_10_atlas_symbols",7],"151":["Atlas/Alats13",2],"152":["Atlas/Alats6",2],"153":["Animation/SuperWin/SuperWinShow",0],"154":["Prefabs/TakeSymbol2",6],"155":["Atlas/Alats30",2],"156":["Prefabs/EffectBgMulti2",6],"157":["Atlas/Alats16",2],"158":["Prefabs/EffectBgMulti1",6],"159":["Animation/MegaWin/Flag",0],"160":["Prefabs/ShowFreeSpin",6],"161":["Atlas/Alats4",2],"162":["spine/IconNormal/l_q_atlas_symbols",7],"163":["Img/c791b4af-f23b-405a-9460-32a94af2e698",4,1],"164":["Animation/EffectMulti/EffectAddTotalMulti",0],"165":["Atlas/Alats38",2],"166":["Atlas/Alats56",2],"167":["Atlas/Alats40",2],"168":["spine/IconNormal/l_a_atlas_symbols",7],"169":["Prefabs/EffRemoveItem1",6],"170":["Animation/ButtonSpin/ButtonSpinClick",0],"171":["Img/blurPurple",4,1],"172":["Prefabs/EffRemoveItem3",6],"173":["Animation/NodeAddScatter/NodeAddScatter",0],"174":["Atlas/Alats62",2],"175":["Animation/EffectBgMult/EffectBgMult2",0],"177":["Animation/RemoveEffect/EffectRemoveSymbol_2",0],"178":["Animation/fs_vfx_a_screen_00",0],"179":["Img/18ae2916-3403-44a0-ad33-d36599073dfc",4,1],"180":["Atlas/Alats67",2],"181":["Atlas/Alats20",2],"182":["Prefabs/BigWin",6],"183":["Animation/InfoBar/NormalState",0],"184":["Animation/TakeSymbol/TakeSymbolStart_1",0],"185":["Animation/SuperWin/FlagSuperWin",0],"186":["Animation/FreeSpin/bl_vfx_b_screen",0],"187":["Atlas/Alats52",2],"188":["Atlas/Alats36",2],"189":["Prefabs/EndFreeSpinDuaXe",6],"190":["Atlas/Alats32",2],"191":["Atlas/Alats24",2],"192":["Animation/FreeSpin/ButtonCollect",0],"193":["Prefabs/EffectTakeMultiISymbol2",6],"195":["Animation/NodeAddScatter/FireWork",0],"196":["Img/KhungLWinLS/4ae309c52a_26",4,1],"197":["Prefabs/RuleJPSlot",6],"198":["Img/c8e48e72-5566-4935-b22c-ea87154a1e24",4,1],"199":["Atlas/Alats27",2],"200":["spine/IconNormal/h_pump_atlas_symbols",7],"201":["Animation/SuperWin/SuperWinLoop",0],"202":["Prefabs/EffectTakeMultiISymbol3",6],"203":["Animation/FreeSpin/SmokeEndFree",0],"204":["Animation/FreeSpin/VongSangEndFree",0],"205":["Atlas/Alats9",2],"207":["Atlas/Alats66",2],"208":["spine/Special/s_wild_b_atlas_specials",7],"209":["Img/Rule/5",4,1],"210":["Prefabs/TakeSymbol3",6],"211":["Atlas/Alats49",2],"212":["Animation/TakeSymbol/TakeSymbolStart_2",0],"213":["Atlas/Alats61",2],"214":["Animation/InfoBar/NormalWin",0],"215":["Atlas/Alats7",2],"216":["Animation/TakeSymbol/TakeSymbolStart_3",0],"217":["Animation/EffectMulti/EffectTakeTotalMulti",0],"218":["Animation/ButtonSpin/ButtonSpinNormal",0],"219":["Animation/RemoveEffect/EffectRemoveSymbol_3",0],"220":["Atlas/Alats35",2],"221":["Img/b9a8d293-7221-4616-a633-8c710bb1cee1",4,1],"222":["Animation/MegaWin/FlashLight",0],"223":["Prefabs/NodeAddScatter",6],"224":["Animation/RemoveEffect/EffectRemoveSymbol_1",0],"225":["Img/Rule/2",4,1],"226":["Animation/BigWin/Flag",0],"227":["Animation/EffectBgMult/EffectBgMult1",0],"228":["Img/84ff9107-8fb1-4a84-8060-22c1573d2a64",4,1],"229":["spine/IconNormal/h_tools_atlas_symbols",7],"230":["Animation/SuperWin/FlashSuperWin",0],"231":["Prefabs/ItemSymbol",6],"232":["spine/IconNormal/l_j_atlas_symbols",7],"233":["Atlas/Alats15",2],"234":["Animation/FreeSpin/bl_vfx_b_screen_1",0],"235":["Atlas/Alats68",2],"236":["Prefabs/CachChoi",6],"237":["Atlas/Alats25",2],"238":["Img/KhungLWinLS/4ae309c52a_01",4,1],"239":["Animation/SuperWin/bw_vfx_a_screen_02",0],"240":["Animation/InfoBar/BigWin",0],"241":["Atlas/Alats45",2],"242":["Atlas/Alats33",2],"243":["Prefabs/NearFS",6],"244":["Animation/SuperWin/Lighting",0],"245":["Atlas/Alats51",2],"246":["spine/Special/specials",4,1],"247":["spine/IconNormal/symbols",4,1],"248":["Animation/MultiSymbolScale",0],"249":["Partile/atom",4,1],"250":["Img/600301aa-3357-4a10-b086-84f011fa32ba",4,1],"251":["Atlas/Alats22",2],"252":["Atlas/Alats58",2],"253":["Atlas/Alats5",2],"254":["Animation/FreeSpin/bl_button_screen",0],"255":["Img/KhungLWinLS/4ae309c52a_12",4,1],"256":["Atlas/Alats54",2],"257":["Prefabs/NearFSItem",6],"258":["Atlas/Alats12",2],"259":["Atlas/Alats44",2],"260":["Img/Rule/1",4,1],"261":["Animation/FreeSpin/ShowFreeSpin",0],"262":["Prefabs/LichSu",6],"263":["Atlas/Alats18",2],"264":["spine/Special/s_wild_a_atlas_specials",7],"265":["Atlas/Alats10",2],"266":["Img/55526c5ded",4,1],"267":["Prefabs/EffectTakeMultiISymbol1",6],"268":["Atlas/Alats3",2],"269":["Atlas/Alats59",2],"270":["Img/4cbf7a99-f58b-4230-be32-cbdb54b8d79c",4,1],"271":["Img/466b5f7a-8c1b-4ca6-9084-9ef17aa8e884",4,1],"272":["Atlas/Alats19",2],"273":["Atlas/Alats46",2],"274":["Atlas/Alats53",2],"275":["spine/Special/s_scatter_atlas_specials",7],"276":["spine/IconNormal/h_wheel_atlas_symbols",7],"277":["Atlas/Alats23",2],"278":["Atlas/Alats37",2],"279":["Atlas/Alats65",2],"280":["Atlas/Alats11",2],"281":["Atlas/Alats55",2],"282":["Atlas/Alats17",2],"283":["spine/IconNormal/h_gloves_atlas_symbols",7],"284":["Img/Rule/ruleJPDuaXe",4,1],"285":["Animation/FreeSpin/EndFreeSpin",0],"286":["spine/Special/s_wild_c_atlas_specials",7],"287":["Animation/BigWin/BigWinLoop",0],"288":["Prefabs/TakeSymbol1",6],"289":["Atlas/Alats21",2],"290":["Atlas/Alats8",2],"291":["Img/Rule/3",4,1],"293":["Atlas/Alats42",2],"294":["Animation/MegaWin/MegaWinLoop",0],"295":["Animation/EffectBgMult/EffectBgMult3",0],"296":["Animation/MegaWin/mw_g",0],"298":["Atlas/Alats28",2],"299":["Atlas/Alats69",2]},"types":["cc.AnimationClip","cc.Texture2D","cc.SpriteAtlas","cc.AudioClip","cc.SpriteFrame","cc.ParticleAsset","cc.Prefab","sp.SkeletonData","cc.Asset"],"uuids":["01rCk6ok5PUo/gfMw60SAv","02B7ANrf5PrKBS6EpyQ2b4","02e1KsCvhPCaIo9Gz5x7xm","02rSpQGexIpa5UEQmmFfCT","03gzEGYghHsJWrpEwBEs8i","05gDyhBtBGyK6YmTodtHPw","06q0vzfmZLL55zNIQpoOJG","09seou2MlAq5pfU48pZHPa","0aVpE380VCa66NNUqSaqXb","0cXiX0Yk5KKJxGhD4vtNzV","0dsGhXL7lNjJ6K1C7/A6Me","0evgeeZH9BKYqE1iU0Nvid","12LzjHu2BDV4buNyo9QEFm","196iTvya9I96NY2T7CM2VL","197cyYyDpDEKmq8CBPz17G","1b6yy7OzBCJaRWvNzR576q","1chg9XCAZDK6HmItw3yJTX","1eKgu9K6dMH4pwQdYgfiXb","21aw52rOtDY7snn5st0Ba/","22YICsmmBHhqGyXSOgldXc","25d+AYQ2hCzJSnufYUEOtq","2546E8usVISLD6nex3vghi","26rOyUZM1AUoDBSQQjJEMa","2axRNfIipDAocXpb8HDcDW","2bdQ45EalLiJofmPfwaCJZ","2brVH1LBJPDIDhDNm2B71o","2ceWTTPANIB5KZ70skkfJR","30aXUiSm9LmKNe4VWZbyh6","31EtMJn8RHga/Vi+Q6pMM6","31FJsC4FhK2IGNlsblEmqr","31RH/0YbJK752EjSEcnrb7","32NVn/oChIY4YL6+JNJPVF","34N3uSq1lHsIaC/+vWDQ9a","36sQili09Mi5qYU94dbEqP","37WjVKiFtG5pCNB9xbuIgc","3860pcpMlMQo6fG0K1lWHA","3cp/BN4SRKlbOUnGLjh8vS","3c7wySBY5KPqiZmym1QJuT","3egjbaXiFOFpJFaxZ8izTG","43GI3cNaZAgZU70U0atCGb","43HvyOLX1LqIXSvfTcf5x3","495SgVUZ5CWpbTGfysTb6q","4eOIugbpxMPrCqjJW499j7","4fpTdjHRpILq5MbaVaFTTh","52wSLseURCn4pFaYDnkBUq","54fLT+fUFBQquGUAZ85Wow","55IKqHolNJX6tas0XrB/Wj","56sBXILadBX6kYoHb+Ce5c","5a8opX+jJGJLwfSvfuQF9r","5bwrHGBqhKrbJruIiziBVD","64905PU9hJQJibRkCVW6z1","6aIJS6sONAWLjN3xZGmkJa","6e7IDjRN9AopcdkUSLhEPl","7449MaL8xFq7xOmxyt80Id","78KM7eIptB6I9SuWBwgkPc","78crEoYMROmbp+fDRheNVI","7bRgCJHblMQ7WiC1psIngP","7bpFJk5KJM1YG7DCNeQ8EH","7cV8+WgYRKSIghzTwrksRf","7dfDkRSzhO9ZERGTVpyyBc","7dvgRwFK5OPJiDG2Of1TPy","81OqZpRtVD/ZnyYEjJf05E","82wWIX2NZJeol4Ehnf9t4J","832ckI8MRLFL7kNCrnMd8h","885h87wR1ByIgQHVe+CYMQ","89h/1XtANAho+klZvyZ3qU","8crHWC3NhDqqpCWkFxlJeT","8ekKrxWUdJzKz5kuKn4xdq","8emviDJ/BIrYmLl4wxp2a0","8etk0Cj6tGq5T+NAuBJx01","91ndkfXwFCsbk6SHvHGzo6","93L3GkmpdBTaZpDSWkXV3c","97wuP7qZpHjYAcAun5tsyZ","99Dy4GcdNH5qytYwX9+VZT","9cglohzyhG+Jprc0ZaPS6Z","9fz0kpQbNJEpLNohuVIZCu","a3ImBM/RtAEYYuwsPF9Pfo","a3MJJSw7tBfbfQ84s6cavs","a4e1ENvF1Jdrxt4VlsaVyu","a5Yfzh+cJKm6Lj1Ewy3ect","aaTlZIUbVGFrdk5Szx0EVY","abkiC4FLRHwakyoI+G8KSy","aciBh6qP9Pyqpenf6cUFJw","adLT+JGQ9DCYd5wsYc6qXi","adhLA1AUVLOrABmAK7jbhp","adnxxB7EhP2YJOjy35pSK8","ad18CIRN1PFYz93WWMCsDv","b0sTJOM3RFNZddD5DmyYP4","b1EBhPCcFIN6pE6F9SRbu5","b6rH7FJoZHz7JiqJ1lJQKo","b79zPl/MRFgqpT55SCq6qf","b9d9/K/QZKUJIOBHY8CFke","bdQ81WQlJKgZjhTZOVFvOR","berkdCJ6xIZLw7Z8VFGd+J","c0NiNM8YtLZrtIHc25DNRM","c1vJy5OZ5P/4JS04FbllBA","c2hruP3hJJVZU6aoOnLoWA","c3omg6ar5KTa6/2G1u/9ks","c33viBYl5NKK78eT5w0ZMC","c4c8oi0MRAxKisYgRaB8xK","c5VQinFURKP6M3foT398Ms","c67C57zfxDH62Z45agNrSf","c8p+r6r/ZJkYC81aBqTaMN","cbMMaXndVB5r27UKPhKiAh","cbvVPphatFJYNi7B1W5aEX","ccYHW3HoJNEbPenQSfpUtM","ccx32u+OdH/qKYlOJiOcp8","ceU6dEEJZPVZBwMMUR5gPT","cfXtiMpZlLdIhBRAowLWXp","d14UF5UA1Kr4GrJ7pY+bpP","d76TKQp/pMKp6O1gD0PjWe","dbfpw6b41HE55RfgPdLMBm","e0NlLpsWBNuq1E0KoUWeHe","e4YmXu5SRKBqfMAMFgf0Ne","e94K3hospDUbS6P2i5DDLS","eaftLpa8xCsok3fWJaAq0S","ebNqZabbpMaIwZuIjydHT7","eccFby15dLiZHd0lYbciVq","eeQ4uwMuFI5pOdSlzy+6nO","eenoAdZ1FEwoHjSPDgequ8","efEjdjizxNYqTW9+PXPhEX","ef9sYCoKNIUL68uvl3rQiN","f0+OAFqkRCPLApv3zDoh8s","f2slldTrBL8IvxkM5QqNGp","f23wtdvsRKjrcRaFXenIem","f3E2yvctpFMobSkciIloZV","f5qsB9Fg1H14KgUdj3g58e","f7XAamzPxG24NKpSbBgQlT","faNYhF7idM9ZNq+vdRclxJ","fc9P0Cck1M+qXZR7uuuaZN","01Ki1LM+ZLmbWhEKk3DRzd","01/0uqpGJBJ67c70/BDyFT","05/1AnzhtLSKXFtUXs7dAX","0ah6JDYtBD7Y8tX+pfWmU8","0amGbj/QVG46QNl6r31ebJ","0bnNa5vNlF6KLTx7l3dcRx","0dReaR7rFK1KQFfeIueHlC","0d8QAZXoNFtJM6V1i96rbv","0e0v4GwfxLoKK5JxcVb6in","12uACdVcpK0Ie3HFNYSD6F","14RkXMl8tFu4Ev6Q5A11U2","14uT1vHtZPK629ghEdUS0n","17PxBWiFNKC4+fd+icQVKM","1701XBaphDCp0dB7uXuA+B","196L2idNNC9LSILEpbPLlg","1cvIA6FRlLV5Tv6d4jUbqz","1dxedFIK9HOojoJHZ+Obdr","1fhjmZA+1Bzo2QMTrAdJ0G","21x1kW4LFAqpOpNEeEsfBW","22A62wOdVDEbvW/hg+6ULv","22BgZ7C8lOK4eiFrHpTZRx","22aUXjpqFC/IoQPmsDXSnk","25aGuhNXBFx4uuH2yFw6dL","25bhtRxK9PEojlBmCyFUgJ","2aL2AWkXFJbJCxSC51xSgq","2ajdGehFlLtpJj+OOTW/Sq","2bVa3MsIFEdZW/ITuSjDy8","2eGURxas9EZ4iHAHDf13wk","2eHMVtmUFKD7SZlCtgLkkc","31dJv/Sr5Mja5xBDkmlbwE","32OF41xrJBzpv22+iGoXD3","32URTOPGtJNbkoy5lui6kr","37FF1EWBVNfK3KkIfS8caN","37yoEpahZERpO8xgc+N5PH","383BPXVCVMSIu00nXey3zI","39Tilv5UVHuIb9NqwC4maT","3aSjv6AMpHm5YdCzDUiJ7r","3bh9A+eV9FMpvpl9tDAEJH","3cTeE7qE9HsZlYkYzkd/gG","40XfFMrwFCdYr+tq9Ypyaf","416xK+Al1P2o8NaPH1TeVg","43b3qzShBL/IGuq4iqz2Mn","438C9+JgVISarTYyHl9KZf","46kOdiHoVAo5n+JUMM2VUT","47ohNSyWxGLIXLlpmr6Cep","47veugSe5EzYvBxyz4WO06","48FzB5HpxPi7Rjom+cygoD","483jDhsKtGIY3C8SzRlBc/","49tqRXsSdAGLsq3rxUrJ+A","4aLMvu6EBCyoJGpd9Oo4DD","4a0t4uWUBIUY5bN+N+4hcU","4bp/BJSgpJIoMOFmKMuP9N","4dz59tSeRN9IlATiUrQfVM","52eufi0JtHYYj5lORMT5UK","573Fdw38tKdrl1/fDKeNh9","573/fqr7lExJdV2tgRDiL4","58wQgluF5NzKfQ6qKSpCgB","5897DOwtVCsb//tDb3vAbQ","5aUBuHeBVHHKXXN5U8NlpI","5aoVcFAoRPAqxsWMiYvFwp","5eUhn6pnZIqr70I8AbePWK","61z+eE5zdOALL8bhtW03fp","62E01n4y1CE4HFrDd00qC1","63L1rMC+VNWpIc4/oCMFyd","64nzRAAdFNd5KrOVR3MAU5","65yMaYU39JqrPq65irM8fd","67WIn1Iq9JlrKzCg5gNutk","67xoTuPt1H/Y7HatJF1s3W","695CORabdBkoKQXPi+vxrn","6bGRlhALhBhboIPH1zn06e","6cg+IwVb9CnLBaum6nEC6J","6dINOAYWtHlIhBj2yb7UX3","6es0XeNvJN8rClQmfEk7N2","6fmpKoQ/JADJ0tOznY012P","72ltz4Pr5N+pjtyUAHHwNx","7298CAQdpLla2Ow1pvZAlS","789FmkMPZEFoV4MPdXrgXu","7cFaILeopG0psqEYqe9bFJ","7drC4mZsJNW5bNz13BTowO","7eR1NEYQhKWaKZDMLrycdO","81Mgc8KihLFZGC7D/auam0","81+TeZVGJGd5sqN7fXOqar","84f5mUxrNEPbWGQHBD70DQ","84m3pFerVMHIeaYElmGOCK","840boUWQxJ6IiRm0aX22kE","86nqR50EZBVJ/8obu/GEBD","8694ssXRFDaqy6sMsRnIC0","87EomlK+5Jo7s0obMfuV5T","886zylkx9MYYseBccO/7pk","8a/yPMLTZJwrCtRA5QC0YT","8eQbVKUtNJtrEKW5kToRaq","8eb9lyuG9JiIa2mjNPXPr+","8fIgbOklZA+q4d+a+YHUhL","90XjCrqJpIfbe2g09iyaE7","93hru1kU9MqqvvB71QM738","93mn6Wde9ITYBMtlxUIi2E","95JxoG5kxJMrk1+9ErxrQL","98wwrhxNtMzZfdgSK6Oc7i","98yeCAZm1CgpXVMbSpf8J9","99ghdideFCDrqePymgx4SP","9aXfaucL5J2IGlIqQ0KA2x","9bIPEItVFGA7iKXtY9UrYH","9cTbUfb1FJ+rAediuPKNqQ","9eU0R2A8RORJuzKUqzCqGf","a07bB3fMtEc56453ojHdxI","a1mMTG0zFDRYvuVu5cdDkY","a5dVA93CtGwrAJMNbArzZO","a6p5bqqcJJ9KG/fhRkrAuN","a83hKvas5Fi5k6J3NNAkrJ","a9DxfHio5CL7LeX0CS8/74","a9Ghcn/v9KR7983vfd+zav","abTzNkrXdIcZpbQFcKGepM","acV5zwndJA1oscokB45qy9","adFDzCgkRI6J+Ea+SzJx3z","afL8sUAgFNsLntmuIp17ay","af45yoXaFJwqhSerLOc0OT","b2qrFNtCJHsJ8oz8r44oDC","b3E7gcsrtE5rLclmGVk6ud","b4BrpVPBNPMb98B/vN0j/o","b4ZJmqhmFK5L3qSabt2z+P","b4h2odnQlI+IYhKwTnPhz+","b7HpLsm0BCUJ7TrBovk1e4","b81bBihS5GIorauLbCkmBZ","b9vzJkHsFMSJyXhuADAWWA","bbwsAtv6dD7L3ifO8s5ka4","bf5KfPuV9By7EyY7iA6Uw1","c1uG2vVPVDEY5fRT5/DCCW","c2nQQkrjdGsqs0vMFqYBLN","c9M6DjPwdGfIFs6wkcaj2M","c9OgLQ7epJ9LiqfxnPW+1g","c97guK9OBDe6XDHmn7yKC0","cbe8Xf9ehBWqO5gRR9PNQ+","cbtmHa8dtLar/SuR9VqRiI","d0/yYQ8wlHtoKe5TjSQ6hf","d2p7c3jIVN55w1YuFPoNtG","d3kHAosUpBYpEK0E9Wdedx","d6JRRt8ENM5bwQVR4aW9x+","d6c7qmEyNFIJWFTn35f6wm","d8E8p6JmZHV7XPpdOyQ/aR","d8kWBTZX5CTprJjHUL4f0Z","d9Vw83xfNHqIhYKYjCTEs6","da+otAquxBlI/R8O0tOKvN","da//kJ4qxLIYC1SkUlbU5a","dbm3ueIsJNtb215fkUwTEe","ddCjnsF6JKIYmLTXu+xTXy","deYHbsfxdOP4hmKNjtNo4F","e0NH64+cdKZ7hjiSK2q4+p","e0pA7YQvFF9qwSCy5DdF0r","e1jiK9nT1Nlq5tZebStY3t","e3aLHlzmJHKamPgsHStt2/","e3tg8nJE5Fi69xAxLdp0Yp","e35QBzCmdOEqXpkBIeqUeR","e4If7lr0NOtrQ549FOAzmx","e49Kjdu7dBaLWa28Id4ZG9","e5O16ckulB4bIlKcpqxGdI","e5iq8ne8xJ+oSvE/GbmKhj","e6jLsEs65IBYmJl+9tZPK4","e7ruybRcZGa6QjxGXgSn9u","e9hbESgH5IapCKDq494YOX","eagI6BC0xH9IuNrqLo5J7P","ebfDYOn0lPvpxmD5B8nU41","eev6r+CihKZJxHy2ZqkBru","f2+6cAyDFJsbT3BwIjNOWK","f7nYi6xRBFXKzCiQglTuq7","f973S/PQFMjbNsReJQVKAw","faFIs4VZpIkJFmu7tvQ+oC","fcTek5XB1BxIYcKAt4iRGU","fcrDhO50pGWbisv1CJcFB1","fcroMK1w9Kerg4wspypMyZ","fegB5LVuRKT6imYpgmQCyX","00UPj/ZulFEawFfE4i/bot","00WqBFGilLrZmFxC65kw6e","00ndGyYLxPIa33RK6aNn/q","01WDErz5dOtoZVoRv1C4Dd","01XhzXkd5JRZMKW+hprGgd","01mnWNveZI/rYfSF0Js4WJ","02XUQXDo9A5YA+aTSRaCHk","027/1C8fhP66Fx2HJuru0Q","03GUSQ1eFNnLR/vZ+bTm8K","03NFM5RDRHHoWSoZ44A9JR","034uOVnJ5OhYCo8dvuZf9v","04GIWS3T9HjpePuqmHaBJI","04OmJDH0JG25DoFz+IAbxU","04QuZLTyhAyamhguplIteU","04Xb+dnFhE175gQwVkN7Jq","04hZWSSIlEWKEkVyvFxQuw","04oWwtNRlJEKGVUV+SWZp4","04zBTzdW5PAa+AloSq3DKK","05EF1QH75D7azRiC3f5uuF","05mCq5SDhJUZHmA+76WwR2","0524Rew11PbY9ThYP7drFP","06DItlYHND17iutHYJ95tf","06R02lEIFP2rM+WnVeVtdI","07A5Y/fCxH97HIOtETh0Ni","07OwyoaoBC5Iur23Ak4V3C","07T51NvhNOBoQwChMT7Nmt","07hNVfO2FPfZbxIETcnmD4","07m656qFlH5ZOVN0B+PS32","08E4JQ4fJB5p8hTnYo2fwI","09k4D3wxNM05pqUvHa1sNP","09qtNXZGRJap7aQT1Bgo8h","09ymPnYkBFsJPHGWPAQxNM","098Zi+o+xEI724+zMdGmDg","0acQLRWUhJeKbXIxzaSTGl","0azxlJIopAGqkR1J98A/sY","0bxeOjOiNB54rqpFvRKkkT","0b6ovIN8xMaZit2AqE8Z2m","0cKuFm+5VGO4lTv8cspEXE","0cpU9MhSdCmox0zsX+qnyA","0c9SqPcuFFlaGbfY5/jMYa","0c9mGCMQRC0oMtzcnaHZQ/","0c+QmwNUxJpooYboaYz1Zv","0dOp+rTQZB65rls7iUO/UF","0dgnydVzhFTbgYr2Orah6j","0dj5/UlllLI7/jy0XStMWq","0ecQ+bQatOQYAeGrrxNf6F","0en2JSFzdNBLbre9ksDTUz","0e6Ugw0y9KGY+tv98ci/l7","10e6MjQfBGBLbyjffWkvHY","10myqojEpPvoyQVW+HOOM/","10qliR1bFFuazrGrrfACQG","10wWmsfLdOtJWz4g36Sbdv","12Ic/ZEP5OVqZeh+p6KDln","12U57kYatPQo7K7vFgTM/i","12gtxjpcZHaZQ0eOUVbWVr","124kY9Y39B2reXLaLZe/dl","13aRjW5UhLuLF7vePutzrE","13f8ho/eBMSJvpogPcByek","132Vs64ydG4LCDsgcVyYvW","14VkuvpiFMArh9K+6Cii5P","14qF+uLx1AZLSsapSYl+A1","141mF6tqlMKpZYtqVzy0eZ","15d7EhT4dAOq4r3OdTENZ/","16iX999YhPUbTe+/JcYwHb","16lk/wyxFDJK2F97fEfCSi","1656TpXV9NqZ64HgD9rrkq","17Kb6MtkdHt7rQw7JZyMJs","17c+uxt5pGaIJV5VaZZkXK","17qoZ90wpAtKUGctW3HkYW","198DQpHsxNRIu1/hM739UJ","1ab/Boz75Anb/rp9dDWHQG","1bCFdbf8lE16KlY5DfqqQJ","1bds7D4iVFd6Vw6rilbj/O","1cPtrncatHMaottYETOZVQ","1cVHDkqXRLHq8igwWIoAP9","1cevAFOBVCNJ9v3deyQUvF","1dHXAw35JId4xc/odh00Ar","1ddtgh1BhAo4NXrhE40rpL","1dkHr6BsdJbZVMBcBTFiGT","1eWOT1WetCvJstLwb+GNpo","1ewH/oEblKrJr+Bhk3vTOA","1exfrGPEhJiI9gSi0/rLdK","1fDc302DlPAIKnEZrkxxOq","1fEkHSnENNUKSP7tVK8XIl","1fSdbYxddCXIxdD0xultiY","1f8qpKYxNKMbzmCvCbOSMe","20AfCdYvpItb7WKeKZe9Ap","20TbwQCZdBEpWPttnfuS/X","20d68iQVVBL5s5Vi4hHxoj","20nWkGgYNNrZnyDonkvhx6","21NgmKAixIn653q4zv79wG","21gV0e+g1Jv7xSJzZphqQN","21qBHcOK5DgqE/yuNbAhDb","21y1RNatZKp4dCodkkMzWK","210OM2wERDDZxqRHb2QDju","22BWlahk1DH73sHlUt4K/S","22jceTnJBNFJnicFiDuKde","221XLOHJ9EybBm8HgyYk6L","23FZsnb+dDr65W2rF4Cexl","23JlixXONAa5zoQBG73pZo","23Y0lBvBVIT6oo8f0WUaN+","2315Yt2PdBjadPKSW22yWb","24RupCEgBGFZyi6XC7biS8","24YR/A4W9B0ZD/4H6BLmSM","24tsmkxJJF1IrS4AtS+wSk","24ygFZ29RDp6lBqhZFBBDf","24y/zcVYdJU6Ad+PEt33YG","25Ac9o1qFOrLPW/EhlHs4W","25D8cft+tEn7r4hhIfl1gp","26VqybgC1Bj5S9A8LTLWzz","26jL5YY3hCn67kKujrQ3WU","26niw3+6ZPbYJ0o414b0K7","26y9z2MR5OmIKwpu14stiT","269yxv1DhJL7akxy2pbC/L","27eeKMIXZPbIcY0WnWGZx2","28HMVvlF1PR7TBHcZaU4Rk","285qsHwkVD7ozQBllYEgDB","29AZfBZ8dJeLCDH+P0HkFG","29FYIk+N1GYaeWH/q1NxQO","29sg3b5BhAkZ4GNetHgXQC","299U/s/6FAq4XlTESykzPw","2aiOZT7NhC/Iqg57NdZLA2","2alf0DhGdFCKHRWEb9VNLa","2ang/N/2lCy444yieaU4lD","2ano2aIntOPK6MFqImSjDr","2ao0x35lVE5Ih7sQGGywRz","2atw0SNCJImY0kZIA+SbpY","2bAAdyfwpGmbcH6jQ/R4BI","2bB00xJopDzY5y1mQFm++a","2bHHLgzItDdI8MIKHkNBuD","2bgCsfpKNLkrLjSkR+FhTB","2boBJ4zfBLg6XFm1nNZS9A","2cAwMZnEtI2JxiDV+RdUEa","2cNoF25s9L/pJtM69lI57F","2cPtIXa+pA6LrwODZDA+Vn","2cVdoREbpONpz8PVnz1NQV","2crVqmqChPo5IMSY0dxlzN","2dC15FTMpEpa8CABU9uYoe","2dXn2uHoFOwLd1PfvcA03E","2dt4a3pPZBRrT0w4S6Y5Ri","2ecV3FEcRPKI392zB6nmSL","2ejDx92hlBCLZSmRxXB5o4","2fulWsYQdMBqdWzCKfAGM2","30ZsNQ+hVMrKvdRU8UoUw/","3009PpkgxC0JtFWrjI0k3z","31O1Ti6SlBG4nuF0QAINrM","31gt1u0CRIdbwRBGVHebhr","31hIyKRDtLNoJnWdGkaxDn","32kjDndRlO26hY2q3xgVS3","33bFhD1s9PHJAtFch3TXzo","33cQSR8MhBrr1JTZCkEU1T","33hkvHPiZJtLnMq+iJAZfh","34F75WFKBOYJh/nSVBLDB0","34o4BhpEhOurbxG4SCZz3V","340ZYbO1tJmq17zy2CyhnX","35TSXwonVBdZ8JwIjikL2T","35coyD32FB24If/yGpZpZW","352/Se6yVAlbPHSAVGxhkY","37QRzPnsxKgrSY1XaMtFmY","37RzlnMcJBPK5WBArYk8wa","37iHMJebtGp45ahpCT5+Lg","372te4SNxDzKEbwh9ejkh7","3794dMJ1FAc7VEOdjhepar","38Q2DEdhlGCrkhqhyN2ceU","38dcg1Sv1J1qTez3VlzsA7","38yYYpXslBuK4MXWNSeG5b","388bno731NhL5FFnJvyK9+","397QGY2/NA5ZYCnm76LqdQ","3aDlZXC/tJ4r0FY4bXqaHx","3aGElxTElIS5xeuOb8apQh","3aUQjns59DkrPxq/rwrFI9","3ae7efMv1CLq2ilvUY/tQi","3aqAz8XsBJxqwYKM5HHDAu","3bXRIlBI1OKbrheWeRFZCX","3bf6mL5lZFEpbg/FYVFNR1","3cp7JQUkdJBaDNo1cIbbdt","3dtWrl8SNKXqzDqrTIQWgF","3d7Pn8cf5AEqr4k8z3UASE","3eW4hmaVNOOY7LaLEzTAy6","3eoK+Lrh5JUoY/A19/c7FO","3erjBaKr1AQqLvJm9pAyD5","3fKwA5ljtAgLGMF0iCYegG","3fcdpO4mtJS7XJj6VwcW1k","3fzxzBgJhJto5xWV/R19dT","3f+CL19ZdDgKzXRsC/DCFw","40brCcyCJA84sLfEiGiDFL","41v+6IuEZIdosbt7yac4v6","42K19ftvZDvbe7BdsUeGdd","42kEFkMlRK4KHMD8Acjcck","42lXFd+NZPCaoMKk33+DSH","43BvtkA+dHqZ/qcDSoa8Xw","43aYSeQ3RNSaMciqpQYlJ3","43z0ySnb9CTqc5xhF8x2/8","44FPsG1ABNUKuoVc/GGl9v","44M6H4DcxD34/p761UBREt","44Yl9ei/xIlpWcsJgkkYte","44aL8rnDVOfYQodMVI0lpE","44pnJJM8pECZStGk2rpiO0","445pMQuLVOaZjEG7oZ7fNf","46KYE8DbVI57zgrdAy1iYx","46Qb/ndI9O06No9RCJwnNO","46hQNQLBZFSJSlQ2eV+Qel","47u/gou0RFnay93omMxffj","48MPi305ZIH5700QjaWIWD","48r2P2NNBInYL+IBkD3dNq","49A7UbIbRB2568tQVPa3LB","496wO2fSdKFZNsQZfYz2h0","4aIXVFh6lI8Jys7eY8ghu1","4aJ5yt46FF9pOoPkohV2b3","4aPUbe2q9O+YSPjP962rT8","4atOQp7JNB6ZQdR5sU0uV3","4a30n6n6tDJrG2WQBNnZly","4bE67GGztIFKa3Wq0xiHM4","4bXc4P6i5Gz4T5RbnIjXrD","4bwx/cVKFOkoeAv/4JJZBe","4b5fPwXyxIzpOEeqnxn6AY","4cAMPhj1RI9a7mxSr07oDI","4cNQpb6idA35YmuY8aqxtQ","4ci3U5DKZMvKkH5jMjcH8S","4cr/7jaxZLOq44QW89/xQI","4dBUCeTZdKm6gd0nMjMl9Y","4dVUuH7zxC6YeFN4d0uSd/","4dcj2ICzNMWr/s3TjKfbF0","4dh5qF93RKBL2ugFinSxpq","4dobULGOBFPZbCJDlrFMM8","4eMd2WF2xCEoDdElBIiKpk","4ePPJrG1JEiK7njQjzo4RX","4eWgD2N1dOm70WVOsYKNIE","4ei/A43uRGT7uAS4NgN5xw","4e0nr7UCNEo53pQ1kRA8xp","4e86tigNBAoofmaXaakLC9","4fDbVKgxREMKzCs27yRkzf","4fhtlMIVtAcomB9HEqsSTw","4f2IDiBs5DnY38/HFWtnkB","4f4umPiz9LxLRXbMZ4kguQ","50Z5WLC39GILGo2IZqiGOt","50zkJDWkVBtJ97LmyTBRCe","51KDpqwnBCEYIzGJOrQD7m","51VbaTpJNDc7fGfgMttSVM","51bfI+FshM34Pxjyksx/qC","51wEOOTsNFkZq4yXeUDe6l","516/qqEC5I6oWLZfaOeUDS","52ab7fNudE2K8HIHsovSVB","52mNtO9LVFf4rGST0WZsgC","53BWqhstJInLwaeTwCwV7a","53JI60SBBEdYWhHgID68Px","54doHLqkdAQplgnqu/kFga","54ujYuMhZEE54RLV+U6XJ/","545FNNcjtJbreKIU6VSR/M","55DIHA/6lHeJk7UQQXREGd","55MtA6hbtA54dMs1SzGmbo","55Rch3U11P8rwERupDFWaG","56Aath9ZNGkIyizse3pA4R","56IyE9joZBW5M4ecMQtKu/","56i3jr7D9NKqE93aw7zCB5","56kGBrJx1NZa4iDuOsqBdG","56p78zfRFIHaAsqfiRSKba","57EjzWF15L/IzPHIGRc60c","57YhQAviNB45NSHZ8HrTsZ","57ai5XLGNOfZRxFugz7tc2","57h0PZ4JVOPL7kDlgx50JS","57mwKHn6JLnKdAhmlCnTD2","58a+yG66xMdbAZGy5CG6N7","5aUnrerlBJ0pcLgNU6TbdN","5aecd8QXBPe7MlOfMjFPsp","5aiLPWfGtL7Y82b1Ll65Ij","5a8sECiO5J7rNuAyS0EvjV","5bWAx6TABHio6xmSI+VlpH","5ba0OEORFA3ITbut+keIvI","5b+4Fm4MpN4IWPK0tIr1nC","5cO7kybDxGj4ipyMYdRYZB","5ctMtWi+9KHamwcN8/ulp4","5dFbEL1rRO5Jl8IeAeiMlE","5dRVbYfCFO/rYGnxdMOOhz","5ds32qKBFHhrbPwNnjbSAx","5eemcTSwpOM4HKkz0vdl0S","5ei/jBsPJNpp/g+zu+Lb2g","5esY98/QNOs7iMh9M2LFTN","5f357b4PFIxacxiuggmm7X","5f5dyqtRNNxaFmVzYns6FZ","607BltTGpKxJ5cQ6sgosV0","61Acv7NdFH1JZMZmkGLSUt","61Dw1ko0FF95W9a0IMCaUV","62avyeSANGXpORdl4wDuwW","62i8C5DZtECaT4yDL7QG1p","62n+dUD4dJV4t9VBAUa3CD","63ftui+dhPOabQoZ1RWQgq","63h8qYQf5I8IMYP4RWWf6B","64pwqNuKJLv5zz2JjvX+Nx","65Kg+ItyRMNItbYaQegDnw","65WjbrZ0VHxbsAFCkGwvlG","65XqrPSZZNJJ1QTRr9eiRR","65/En5kOhC6IvNXyYtYzzN","66k88ZOY1Nn5nVWu+8T+h4","67j1acrFlDl7BUWuFATZMn","68emw3PWxHco+f119AUSug","68gmN5PW9LjZ65tbHxnjl1","68/2TfhGBOxIDU9zj8kPfz","69Fhx/CgpGLbytZKCtH+Eh","69oLXQ8OhITIhpDxr1jjDT","6aEIl0aeJMq7x/hV3J54Ce","6aLlwHSTBMpL50xaA5dOyR","6ajy44Z1JJz5SfcIzDPjPz","6av9v3pbREqKsBFseTQsLn","6aykngXQRLjIJ4qw/RHlKS","6cTrI3ys1OELnnuKXptORQ","6cfgJV8ItPIa03J2F0fkvy","6civMmrIdHy4LxdLzwnh1F","6dlXerCXhNnZoRpcTj6G0G","6dn3QWKZZOroLwt02QhnK1","6e2y2tx2FLuYcw7JeA/DVo","6e58yvSKFMu7ttEIohov4v","6fDb7iLCRPT7CoElT9rSyy","6fFx6NSDhD/ZWgCJ3xaxK9","6fQQ2AOKdMPJ0vpvl70503","6fSkBvQC5Kc7v5g4jfVNrv","6fnSsqvFdEqZRv69eZVLoU","6fq4z1ffNFl5v5bcw0+jX7","70S6tov5FJu4g68io0D6Kz","70ZmExbTtCdJQa36LGyFuE","701Fh18kJKGq49B5IpDE2f","705qY/UkJJdJyQpIBoStbV","71kFqrmZhGVIoma1tUpC5m","71kHVe6GdCy4QyAczlwkp9","71nsndzMlPLaTpxC9v3mii","716c7i/YNBVaTXbSBfBXst","72M8P2z45BUYur2iZLt6D+","72QK1zAoFFo6voX2mJjWfR","72SzrvKm1M/4kwyH4dUWG8","72sNxBk/lHqK187B+FK5zc","72wea9UzlJBYdmxdbYrk4O","73CMSGJKBALo+Y8WUeQu5R","73IOig4mVF3aA+F2JmaisY","73NYs5vINHQLuQXUNBcLhT","73X99A/v1BZbUFhw2CcJhJ","737Ag6olBMProo6wLbD84l","75JIDGUDdMramUJwp/pk0I","76L4PgSLJO9JTY5EdrdzX0","76OPagU/5MaLNAECajytq1","76gXl8K8lLUpQTRR2Iwcjv","76tIiL5V1Psqsj8mQB4kyq","77hvHLvvVKPojbufxslv0Y","78GMLElCFI+b6cJ8qzR52L","78IWdaoNJEZIkWeNWJ6Oja","78JiBP12pP0pkAF/5I7alr","79TZXal/BBzq/g6q2s5Y7q","79YffG45lBZqV4ZVUwXDAX","7aDw+9jw9F9pU2XYuO4GSs","7aFf9AHDhCF64CDscU2VIr","7ad+ruG8NOl6Gs5Z+SfiF1","7a/QZLET9IDreTiBfRn2PD","7bNslJQgpIgrVf77ftBXXD","7bSgatmqRObI/EOibfEkFf","7b0s5B7GtEk4wmgMZsq5gT","7b5zvi5RZCWrRPCUx+wNDN","7cCMJLnQlNGoCFf04+3Rq9","7cWzBwXQlE/6yg9U+Bfm13","7chTBGXgBD/6w3G0G8Ke97","7csQ6Bk4pKZIipsvy5xyjb","7digCOsHFAAI9O0t2h3sSO","7d+eAkxEFEE6yyPtgy0nVz","7ePtP0TTZIbaiPHi0pwfIq","7ebxE/OhdLZ6p7Xa8fQWBD","7es33EoQNCD79C3fvoX8v9","7fCOE5ErFI0ISt0Bnly24r","7fKDPvORFF1JTejHsgHnLZ","7ffUtFPU5C1bMs7SIiJgfd","7fziRCjg9BZLRW66/XozCM","7f5WxyeRhLDZJ/J6guulTD","7f+MFNUYVB+oGr2NmXVHOq","80kH+XcCpN9oSME13l+A2X","803yIk231LW4OPEo/Z3Puz","807LsRjIRBtoB2N/xkYFIO","81UZpbON5Gla886Lgl9uWO","81lsJ2tXZJh6ClKADnOhCC","81oMTBjBpMJKvUyQWf1EJw","81uoQqgWNJoZUPVmHV1pOL","82DD9cwmZI0JOwACaX0WsM","82WcLd8atJoL0YTPr2JvaR","82aA5VwUtGfb7lHg32nVtZ","82nVZ+OipIw52YhiCUKd2s","820TdLsHNEzrdbMgTPF/BO","828VJZr3tJ9ruDqxNo4nnE","82846WtqVIcoyj9m1uXzjr","83LCfg0uxGy4KU2KtZsYwK","83cim/Ns9B+qvwtAdrN1bn","832A0OTq9FVpqzv+af28O3","84LDmNQWROPo0Xt5f7F03S","84WiVlzmZOzr8Fw37QE9WD","84bg+1jyVMq7M82Nszp67F","84nK5xXsJFoIfknFaznEc+","86yma4q9hOOpf4w1zRftzP","87Jq+zDtdNh4NUwlvppkTv","87QpEz6RhG+ISrs0AxiLVG","87Q9SumjlMRKHdIx99KMXj","87Vqug7slCj61n5lTvGRGU","87Z+4jTFtOy5INwlZ4KYbE","87jsV60vxLXJoacqypQlOy","876++BRrdO7Ye/fCrgmtv3","88OCUVne5KZoplo5PmBIcu","88iZ1i4yxHCZ5o+bK1IOJ4","8aaSSAfZVH5ovM8pcjrTxI","8bvkcO6jRE5rd1PN0Pkv4r","8cj8tCxrpGVLLXj7WSeWFl","8deOmbrzZDR4xYB9FpCtZx","8eA51ayf1P0qk43alpvEwr","8eNQ5GxZJBt4oqLIYgzIme","8eOgol/chClaVA1BkXuDDB","8fsva1jahIwJZjp3eYvwhb","8f83kLoqRE/aRvNLiN5wHI","90XIJ85zxKSaL2BJy1dRwk","90qbaN0W9OnKsojvR4tAwR","90q0/mrrNOyrPN22NEGsfC","90rxdXeW9Pe5AONpMvFR1E","91RH9+nuFBbIhygj6wKOb1","91clKkvGZCw5uiI5QWi5X1","915jSqnudIIJpCi2QEuuJS","922GGnygJFDLqP+VPzHWYf","94P98G/tROAJyDl/X0QQvm","94eG5rtitEo4KJYPBKh9AI","945ZbbALFLmrtlYAxvAmHk","951Qs1aptI4KqE85+vDSfw","96ojScJq1Ey4YMU09pmTfz","96rsxrsQZL0LEL50S3Hx+4","97NExzRq1ABpTUUzLfdWmx","97UvBJdsFELIcGOSggogCm","98MbEk9N5GWJ3xRmH6t5Tc","98Z7WQEzZP9ZLQhyL9/xeE","98cylCa8ZKG4ZJYQq/gNni","987VyCDvBF0YPdhavz0CRw","99uGdYn6FPKIsBNG5r20JV","990I0Db4dFFLx2WmxDiwlJ","9a1JEcT7tG7Igu9ubqw8Q6","9a/Y6D6vRG7pqm60s2OQ+D","9bi/vhngJAH45RMTlnim6v","9bxfc4BJhA8ZO4FejcPPph","9coUmf8ndFZ4ZSSmXS31xX","9coiesuyhAz5NVNZ8XQ7mb","9dSqDSoe5MRoRL+2SWx8LD","9d/ofDO+BC/4arLMbHekBx","9eQwmfcbxLmbRusCJImFs2","9fMLVgaI5HJYdVXhEY5U3k","9fSweQGMtPO67Zt3Q3/IKk","9fUVBdOdpExJ13KhQ/B6J3","9fYy+OH2xEQLeiLO7Db6az","9fy9bDZ8ZHMIHSBKMjG/UW","a0BEoNKdlNhJGMlGZueKkM","a0cNxnx5dCXroFy0a7PGcZ","a03yFYWPFOZITKBaxP3Gez","a1eNhQYAdM177ky1zt1gvd","a1q9W50UVIQ7sLJOcloUEi","a2DJcY/iZF9ox8flMMd+VU","a2MjXRFdtLlYQ5ouAFv/+R","a2Z2ve415Ks6fCl6MODP2r","a2lO139n5CH5z1d671BYV1","a3iMDGIgxE1IvuyAGA0jJG","a3ii62vnJJfKxd41iX8b75","a37V65h4tDZYyHjGhPyTWC","a4LYauQVFPVputig/mYfmc","a4auNkMPZNl7wiA7ggVImR","a5cCqspHZGSZu13Jec3U/Q","a5zFyivzNM6Yto1ZGPh/gX","a53FHx20hI8YVTKNVHc85U","a5/NXYPm5PhKDrN12efufO","a6JYtnPeFEy4MmZeQQ3Wmr","a6NE7tHNZLp715CqXuDo4m","a6RjDL351NN4we+cIZ/xnz","a68EDZqDVIHJL2JtHdVWx1","a7ODdCD+ROFpMZMk4klOdo","a7WfGj1udL0ZxRgRNOE20q","a8RhPxT41PYZzUesgVf4pI","a8SCwmjd9FXoSAIs21hXom","a8al7bgcNKn5jxzMYZ1U8C","a8cSMUhOVMOKTkrRAkDe3N","a8sZ7Dgz9JhZxuv3SfPlbi","a9G21iRxxJnaHjH/YfII2r","a9Z0+Ej9VBQKQg7eDWb5tl","a9cWxwUWVEfrEtQcjnYmvS","aav0gGqU1LfYbYjhwwb52Z","ac2SYIf1FAjqSYJo8Rxi3c","ac7T54maZNDIGm8eF9jGXW","adGENbjMtPkZGx46sl7bJ6","adRoHe5T1IZpjrs06ou4NT","adi/PcQ2FOW68LaUI2FCqD","admKEccwhBeJ53nzlv73x2","adtsswXnlCuolILNdbM7pO","aeTxsoaD5FibBa5E5oGuYa","aedLHUoP9Hw57pxF0GdupK","ae98j3bPRHCrcMWp8OfdUq","afNo3IhgtAZptaEfw6lT8T","afN/A7Yu1I66jQblrMHquj","afXXHVu4hIWKxViDeTViaQ","affNvH1gJAKZpaCg88U3i4","b0JugGT2RNuJ8VdVEOCId3","b0QYz15DBLVr/Ybh8CNk5n","b0wNJo6/hLAZlDDtn7EqR0","b00UKrODdLxrJnLMwrVGqh","b002di/E1GOKMyFGW5ocJX","b1VBmpPqhB9ZLKVJmYTYVp","b2AtqsYgNDeqKNTHVaejZG","b2ECW60shKW4wyb+H2OAZL","b2V7tJD4JP4LJ3MaN/RQri","b2YLIIWAdL15x7+LHYMe2C","b2Y7ZlnPJJaZ7SaE7z1cza","b2aHrECZ5APKGS/0d2hvT1","b2hm3CLmpJ1L045s2Pvdw3","b2pEQYTktKRKtRVZXOH/vu","b2qO5ZUJ5OsYfom/qBy92G","b2ysjGWaFDl4EzYBXeY+rC","b27ZpC6fVPvKJMGhg0tt/5","b3Dhda/MdHr469yHyObh3g","b3N3fC7CZBjK4fS9r99RbJ","b4JWLWx7hL8q/yJFAjFYbC","b5Aig6MYtACqlHrqSbdGrq","b5KWoZsy1Bj6WQG5ayWSjk","b5jpNgc+RKia7Kx561ZEwZ","b5p7O9r3tBJJBIxY5jYMZN","b50oxOUa5PAJwetFQe6Yzv","b55hvqPBJFd4izT/jFNSSi","b6G6H/nelI16byJdI0EJ4L","b6Svfeg2BFPIdTsW9xA+Ja","b6Uf2XYlRIt4PMWLRGIIjT","b6dnulWphHj6I+RQa+P3wR","b6y+kBYhFES6dJKAXX7kDu","b7HHMbk9NFUpGgdlk01XPF","b7I84w4uRBA4v9JpUhgQ8T","b7u2OBA4xJGo4OyMBvLLlO","b7wJK+ltVJV711JcW7gbg4","b9HENLpqtFr7fh2kAE/lcH","b9QeKuOLJJRIylRJD4etaL","b9yzfNIUZDc4IGSZrlkHXj","bbn5sth/NCgLmPAEHm4fhx","bb50BqCXFCO7VATMyrf+qK","bb90OwE1pN/6EA9sTN5yis","bcWmJ8dAlEeYUMXZV77Wr7","bdsJ8v1LNOM4SOismZC56t","bd4jrkJqFAsI6Ja34kk//i","bd5kaSRyJLOLZghVEm4Cx0","bd8l4ohwNHWKcevX+raq3N","beAD0M3v9KTJRN2qlShOYc","beBRufQFpJ746KA7VTJUlQ","beK8zzVNpA07xftJK+uvDa","beOh2NeRJOG7DiCYMhUuDr","beYRnXEOJBD7iLrSbwErFH","betCs15rBCtKLJj5HbclmG","beybO36FRDCqBy1evrBW/T","be7Oru3MFMW4USwrfSfZpX","bfOXOE1fBPLaK54JKx6O/w","bfZkdo4whFMJusIMztJCT6","bfrCTshaRIcr/wqCthOeHM","bfvKFBmghAXoQ+3Da3gIaH","c0BpACo29BS6Nc2JXca9/R","c0jPDPj6pDv7Dv6ERD+jOA","c1DCw+8/tMuoAyIcZ7QxLW","c1Q/hmN+JLwZrsxhqlhtd3","c1TpdsUGhBRI3kAjxvBgQ2","c1kqRrhldPtJO3JpkWLbwe","c18ReNAKVPz4NEYXHgAh4l","c2AJLa8rVGpZ935ES57GbM","c2G2dlv3dNTaLLYj8bnCA0","c2JxxOHjdPd7PliBTsO1UF","c2RSv0mL9O+6j7bybyHE22","c2g6eM21VG94Y+ja7uNCW9","c2owfLkl1IDpIVWUKb6XPd","c23ubLrCNLhJASKGXMg69l","c2+SOXx0pDdYxPr1FqBNfO","c4e4B8VM9FwouVVVwZxMU0","c5M5zEyAdFmasz0EU31nbz","c5NmmFO5JEpK4ALVbSjN2O","c5hVnGNipOeJmQ2WB4liCO","c5mgicYOVAM77yij69thz2","c53sN9dcNP4rugqmeq8uG1","c57W2bBGRG7qVRaugVgHVI","c6FU7iD2ZKGIVWbA28QKXM","c6qXZCbiBHPIGymxa/gUPE","c6yEcUhm1Pwbb0WekI9EBi","c7UxLPi9lONIlSCZa2ArRL","c73NIg3/1J/5ikNAycEyn0","c74OkkaepJAYHu4pkeJmFz","c8h//g+MJGqrXMoNuyX6UU","c9VupEoCxGbIrIXOJwwOth","c9WZejj7VKnITg7yulK8f6","c9xDN/NgBKz69SmIufLIdl","c98LeietZBH4YDSLppyn+f","caFpX7OTBMhpHjmvKWb2Uc","caTq7fCBlG3bdVxvLmu4Iv","caeZ9S8iFCM7UsGnM9mz7U","catgDBZohEQInnHYR21fcE","ca8A7xXUpJpbkPlP/gpfm0","cbW+ZWA1hMKorRzYGc5FHl","ccOkWCiE9BQZNQthFqIUMH","ccfsK1+aFCAplIB5d4vT/X","ccvBropxpBs5sxsM7mfdqP","cc1qU9eGdFkqcHhxfrUp3M","cdCOLCfyBMq54IUTbcbCgy","cdJ6JtWyJMEKGRZlZHxLVJ","cdMlRJmh9NFraBufDQ5x9/","cdlo1zdb9G9aUjMGN6oIYE","cd2AfZukVKuo0RDKkZuQ6W","ceWru8/KxOFKNGpD9XLbnC","ce020QxSBAta4GdSNSoPvF","cfD7GsovRAo724Qc3/svVM","cfKyTAzglGCqZ5KUkJjrCZ","cfmomSF/BMMJmppfIr28EX","cf60PYkQhFdLuiXprwgUPs","cf61NBGEtPZbjdwvyJMQP1","d0IZP58WNKEYGsPhbA4a6t","d0tr+JetFKZoouwTTyCZ+n","d0uwim3SZGwYc/rZ11n/Jp","d0xFl7uPRK3Jel356nrZIg","d1UhIBxVBKCJHwvNIgXIEj","d1soFh8HpBIoPYzNYWhJNg","d12aZmdP9Eb5I0ra+KuU+P","d2k9eyoqhDVZ6he8eJ2XDS","d2l9W6BZhJDpLbbOdFeXMZ","d29u/cV0JBZ5whN8L1r3Jt","d394P9UppMxa1C3wavErAz","d4Ms8nkzlF+rWeZG6S9VeV","d46RmmK/tBKr+ZPkTIfgmh","d4/YpnCMhMsZoHiQoritMr","d5OXgY/MZOYYKpRSbCWg0d","d5O1Bh+oxL8pv/RXnEW4wO","d5gOvRztJDhYTW68eOX96b","d5vnQkVZRMUKtHaAB9YxNz","d6a45m4ERMjbjVhjWs5dRg","d6m7BXtEtL5obZpKM5UWW8","d6nnb3LqVAV5TD31SU7Imh","d7QN7Ns8RLdrZAe1kRp1MT","d7yWi4aW1MeKrRnVYTVEIU","d8Q9VO6wJLy43DcJBAeELZ","d8g1WQ7qBB3pASImoLXCAo","d8z8hvkHFAc4bdcOskeMie","d82TrpCyZNqLAgrZFhKLVb","d9BerXuPhJspDiQgDbISOD","d9DhMJmrhIIaDlcgEUEZIg","d9GDMV1PRJP6sTOcWcOEnt","d9r12YGNxJJIidMy+Mnu2b","d92+7lfshMm6HsWKkEKVx1","daEuHvMHJOLbSexhSxjGbV","dahqJ89DpIVpEw9Th4kTno","da11ff3Y1JbbgrrWzEZC6q","dbRquMETJObJFrdN5hI06y","dbgtJjPrJGLLzTRRE3mcwz","dbxouUBL9D8r8352GOQm28","db4M6xPZNJrreojTELmPtG","db8behTylD3qC+4TlE+e0K","dcYjAsFmBLtYSqiC9T5tF8","dcqYO0YTdBf59O9vj8vXQN","dc9K+eu1ZIqr5NHoBcuFQ2","ddNkZK+LZPXK6IXipcNmUh","ddSG/CF/lJy4rYoHf1tR2+","deR739J4ZHDKrPp3bI6Zkj","deZ0xch/NG7K7wLLxn0ex1","dfrX8KaOBFmr1XX+Q/5KW9","e0D+Ja8XlG85bUfdGaz1H4","e0Z3DI/bBGaIpZ+M+oDbx9","e0a2f8cJdKjaIXzHZq5Cqp","e0myHLF4lOJJsRdlVgA7aS","e0zlPHDE5JrryJjVH83sIl","e1P9ui7JRI67uXaLd0GjYk","e1ld5tA29C/qyMaxtHudub","e1xY1NAVNLT5H//KGQ1P1g","e2BPZXuvdFebufUA7tinyo","e2vF+/uYFJrbl37CII8UXY","e25DYYXppIuoo/8LJSbq2p","e3OV/N7WRP26VC4+O/a3QX","e3xQFuRqVLyK+yIjPnrJnu","e4LoHtJHBKeY/CpXWglCI6","e44p5ml+9FDoucMce4ApWl","e5aWzOhWFFjKO2dqn3UQ7s","e5t3xFdYpF+pDYlfEHJkIC","e5yukhlJNBF7frxw2Bc0LZ","e53lDBR6xKJ5ws4uH1Hj9Y","e59WxB8LhEYJybPW/lfY+v","e6cxVZ909HMYa3eJUj5EVg","e6tCsNZfdFepc8tOiBJlYN","e65PBoZyhFXaCXXEyiLhl3","e68DL8sOZPaIVKaisaDI55","e7c3w3wCFGdpWo9bNv+4FN","e7jQmfButAepDkOokWLV65","e7vAQ6DTtAzJ8t7haZJnNl","e7vHcRDiVJY5+NrTyBvXgz","e7zI+ZYyJMQ6NCs6STKL4w","e73lB1wJVORoxusA5sJJJc","e9JUHsHWpBpLf/gx3OScle","e9s2UQ++hMq5ENZcSiYCkZ","e97GVMl6JHh5Ml5qEDdSGa","e97fJLnRJD5oeNmE2uNY09","eaJ2mlj5xJ5KFpXVOJBJiS","eaRK39fRlA7bLIYmKYDe+c","eakGCxBD9H6qqMVVb1n2fb","eatmE+iPpINrjRLzORiBSI","eb3frGYCRPSYA3srRlCa05","ecCTW49kJJYZX+93y4H/Sv","ecDd889lJJsr/66ran8CcU","ecJz2i7q1ICZCc5MDEihSW","ecpdLyjvZBwrvm+cedCcQy","edQ49snDFA1JCj/xm7pOPd","edi5zdToVGIpyRq7vhCFGS","edvLSWnvlBgogXkzJ3UhfI","edwlD+v4BAfozCuJFpovMQ","eeNYPNm6lNt6goUri4SXDF","eeuGHZpihN45aeKDuJ4Wgs","eeutYc5nFGmrtMPkYBDC1R","ee/KtpQj9FEIMoklqA4cpf","f0BIwQ8D5Ml7nTNQbh1YlS","f0LeV0QkdPdaajroJV4Kuy","f1Ij3aJMJM5o3pJQwPXEI2","f1JqnL4JdLSrEc5Zf6HfJD","f14yj5j2pJ1or9B9es0mkN","f2lFAuS7VPUJ/REwrOH8DL","f3EX8+IhJFaLNds6I+zUhW","f4CsgCUPNLtJvl3BSsVDiW","f4hAijca1DEIqY/+SF3RZL","f5Nu/HJutA/6UcIkot/dA6","f506Nmqb5A9IezQX70F0CM","f6MlRcJxxEh6NvHGmMf3eI","f6QrVjXJ5Buq5zByJLX39R","f6UUtkPnJCwKV+JuHNQCQ0","f7OYj7DrpC4KDvrlPr05K3","f7U1dJ5QlGRb13QYK8+cxv","f7supoR2pHUIyWBT0aBYrq","f8Zvur9+dE67OrzL0PnRkv","f8b3+SHzhA9a+QJmcEPQ9w","fa7MJlsiRPv5Y2E8xPDQ+f","fbWDim/z5FTqMf6qIS8AJT","fbp9DD0ydMna7dTQ6U25Jx","fb5S0kEcxCEJIHFtQ6EZ5K","fcC8e4audI6IASum1v1AgL","fcKP3QCIxPT7TOdy9oZean","fcNFPBKZBA2oD9b8LDBaw4","fdFnZ7X2FFa5Pi1QItFpZE","fesaVgG+dC/Kad5RQhZny3","fe9f6nW2tFypZNZ/SGpl9s","ffpcYujopBy6zmAXQcrP/A","ffvpWZSrZDVZFBZMhrvEO3","ff1PdEH25Fp6Yn5opF5kri","ff8ZSt6vdDKpmoOJlpQCND"],"scenes":{"db://assets/Bundle/DuaXe/DuaXe.fire":206},"redirect":[418,0,471,1,570,2,579,2,650,1,752,0,804,0,880,0,986,0,993,0,996,1,1005,0,1015,2],"deps":["resources","internal","main"],"packs":{"010698710":[419,458,677,859,963],"011e9f300":[489,279,992],"012d26077":[329,342,365,369,377,503,547,568,631,713,739,909,945,970,984,995,1023,1032],"0154f2eef":[160,186,234,254,261],"0193c6e22":[446,610,657,772,794,802,940,962,983,1031],"01af92e4a":[367,403,457,461,487,525,567,670,675,768,850,874,933,987,1019],"01eccf387":[404,664,744,769,797,942,965],"021ce27bb":[210,216],"026f7da06":[545,862,1026],"02b1bdd7f":[303,443],"0315b93ac":[445,750,928,937,1028],"0357bb5ff":[326,362,513,624,629,763,807,814,825,842,878,966],"03860d87a":[470,544],"03c684b79":[421,482,508,596],"03d1fc63b":[402,573,693,895],"042374c3c":[397,454,469,630,725,806,819,948,982],"04a819ea3":[324,336,341,372,401,425,453,479,526,551,593,619,668,682,729,838,864,888,912],"04c09f2d3":[306,484,507,510,540,548,550,565,594,710,734,748,753,765,810,815,840,936],"04cb56ee9":[444,718,782,787,831,887,893,906],"04d664ab9":[436,480,582,586,604,651,926,1022,1034],"04ea080ca":[339,355,371,384,426,492,497,528,590,605,627,635,775,780,833,885,901,950,974,985],"04ff02361":[395,783,959,973],"057776ebb":[302,314,517,534,561,612,613,643,659,672,678,698,711,719,854,881,913,958],"067ca7d75":[356,529,569,220,989,998],"06b3fff00":[538,640,832,857,875],"06f3b0f73":[334,460,462,532,537,601,686,845,879,293],"0737b0162":[333,383,441,496,535,543,607,609,638,665,681,712,736,767,791,820,957,990],"076cded04":[405,432,494,518,595,602,745,823],"07f06e8e8":[196,238,255,262],"0811cdc22":[501,667,827,855],"08125190a":[373,669],"082779e67":[331,386,412,722],"0830fe5fb":[360,180,531,600],"0847d146a":[252,902],"084d971be":[197,284],"085c38def":[332,338,146,448,486,491,522,656,705,788,853,861,955,1001],"086506edd":[325,524,779,839,921,1007],"08ae611a3":[309,361,452,456,498,502,549,554,786,917,939,975,289,1004],"08db9640f":[312,132,133,134,143,375,153,428,434,159,464,171,179,523,182,185,574,201,645,222,226,230,732,759,239,244,792,250,821,873,911,287,981,1011,294,296],"08ed83788":[144,209,225,236,260,291],"094042481":[316,328,353,364,408,463,576,580,680,716,747,830,869,876,934,944,951,961],"095d027c0":[304,319,345,406,413,506,533,546,557,558,583,618,658,663,694,699,706,727,751,754,762,776,796,805,844,870,898,908,269,952,1013],"0981d107c":[322,370,394,399,451,472,560,585,597,708,758,808,863,889,897,899,925,972,997,1009],"0990de921":[536,588,617],"09a17c869":[639,1029],"09b7814d5":[389,666,824],"09e3936a8":[376,398,427,435,511,566,589,647,652,674],"0a114a715":[349,499,634,860,979,1016],"0a12cbf85":[433,817],"0a21d6a65":[414,633,882,1037],"0a3cf53fd":[145,164,217],"0a536448c":[381,263],"0a699b497":[323,478,623,755,947,954,1000],"0b0dc1c95":[321,773,281],"0b0e44315":[184,288],"0b193f3ed":[346,410,477,521,542,649,660,764,896,941,949,1014],"0b209a8df":[315,430,438,527,562,621,927,938,953],"0b817636e":[340,351,357,368,390,392,476,481,504,555,563,642,646,733,816,843,892,930,977],"0b9c7fd16":[19,249],"0bc3ea87d":[310,347,350,359,465,490,559,606,615,632,644,691,715,728,738,801,809,837,910],"0bccfcd1b":[318,382,385,388,416,467,468,473,488,515,520,556,564,571,577,584,598,603,622,628,636,648,697,700,721,740,743,749,770,828,867,891,922,1027,1033,1035],"0be59f7b7":[131,1,2,5,6,8,12,14,16,17,21,22,23,24,25,26,27,30,32,34,36,37,38,40,176,41,42,43,44,45,47,48,194,50,51,54,56,57,58,59,60,61,62,63,64,65,66,68,69,70,71,72,74,76,78,79,80,81,82,84,85,87,88,89,92,93,94,97,98,99,102,103,106,107,108,113,114,115,117,118,119,120,121,123,124,292,128,297,129],"0c09050c7":[374,379,174,516,599,685,785],"0c3c38972":[141,163,189,192,203,204,221,270,271,285],"0c448ff4b":[655,274],"0c686235b":[253,914],"0c77690d4":[320,587,268],"0c8c494ba":[311,358,500,514,539,553,578,637,662,213,690,692,735,737,777,784,790,813,826,841,858,866,871,872,877,886,894,916,920,929,964,968],"0cb9f6604":[771,241],"0cd5aaf4e":[330,366,415,695,846,903,919,931,282],"0d4b91c81":[614,851,994,1008],"0d9ed9cbf":[440,449,661,688,689,701,714,742,760,799,852,907],"0da2f557e":[300,411,495,552,190,575,673,702,717,849,971,999,1017],"0da42a5d1":[154,212],"0dc9bcc88":[317,625,812,956],"0e421957d":[343,455,459,512,541,676,696,703,726,766,918,1010],"0e5b777ad":[337,387,396,431,242,811,836,848,904,943,980,1012],"0e8c595d9":[327,363,407,422,611,616,709,774,884,967],"0e8e5029d":[348,354,378,393,400,417,447,466,474,608,679,683,822,847,900,923,1002,1020,1025],"0ee7f693c":[352,380,409,475,485,493,519,592,620,654,684,707,724,746,778,789,834,856,890,935,988,1036],"0f1054dae":[335,423,439,572,653,731,798,978,1030],"0f15df622":[301,0,4,7,13,15,18,391,424,29,33,35,39,530,183,46,581,52,206,687,218,73,741,75,77,781,86,793,800,818,90,829,91,96,100,101,104,105,905,109,266,110,111,116,1003,1006,122,126,127,1024],"0f663ad38":[152,505],"0f7ea829c":[308,344,442,641,671,757,868,924,932,1021],"0f81cae85":[157,704,865,969],"0f873aaea":[137,761,991],"0f953152d":[305,307,420,591,720,723,730,803,835,883,915,976]},"name":"59","importBase":"import","nativeBase":"native","debug":false,"isZip":false,"encrypted":false,"versions":{"import":["010698710","56773","011e9f300","4942e",130,"700e6","012d26077","c666c","0154f2eef","f3e05","0193c6e22","5162a","01af92e4a","6d56b","01eccf387","8707d","021ce27bb","eef95","026f7da06","acb31",3,"40ce4","02b1bdd7f","4f743","0315b93ac","8a440","0357bb5ff","00759","03860d87a","86f00","03c684b79","be710","03d1fc63b","b0962","042374c3c","81f14",313,"bfdb3","04a819ea3","0080d","04c09f2d3","d4e66","04cb56ee9","6ca54","04d664ab9","fe882","04ea080ca","890d1","04ff02361","e0689","057776ebb","4a6c1","067ca7d75","21e81","06b3fff00","8db4d","06f3b0f73","cf240","0737b0162","b672b","076cded04","b23d7","07f06e8e8","13a1c","0811cdc22","0def3","08125190a","2e838","082779e67","8b688","0830fe5fb","6b184","0847d146a","08fba","084d971be","09c1d","085c38def","4d61c","086506edd","17d8e","08ae611a3","e7bb7","08db9640f","9f2ac","08ed83788","83136","094042481","02189","095d027c0","a5ad9","0981d107c","18ed0","0990de921","730c0","09a17c869","8f0f3","09b7814d5","e8cc5","09e3936a8","83e3d","0a114a715","9cabf","0a12cbf85","11516","0a21d6a65","b0c1f","0a3cf53fd","50a8d","0a536448c","8e1a1","0a699b497","b6b72","0b0dc1c95","a4e38","0b0e44315","2c388","0b193f3ed","b722d","0b209a8df","b33f7","0b817636e","d39e4","0b9c7fd16","931fe",135,"b86d3","0bc3ea87d","1015a","0bccfcd1b","0c89b","0be59f7b7","45af8","0c09050c7","00686","0c3c38972","3de59","0c448ff4b","fa351",9,"17d5b","0c686235b","44d64","0c77690d4","b2f7a","0c8c494ba","240c0","0cb9f6604","2836e","0cd5aaf4e","41ad9",136,"ed764","0d4b91c81","4d3d6","0d9ed9cbf","28c5d","0da2f557e","be2ae","0da42a5d1","e59b1",10,"278d8","0dc9bcc88","ff749","0e421957d","c397a","0e5b777ad","43668","0e8c595d9","5ca5b","0e8e5029d","8a277",11,"8aa94",138,"d0194","0ee7f693c","3edd4","0f1054dae","17be7","0f15df622","f8d04","0f663ad38","ff17f","0f7ea829c","337c8","0f81cae85","d9bcb","0f873aaea","01181","0f953152d","3afb1",139,"01bdb",140,"871f8",142,"887e9",147,"5aa21",148,"d1439",149,"9b9e0",150,"72159",151,"df594",20,"89818",155,"f0789",429,"cba4a",156,"13f46",437,"03367",158,"8b447",28,"5b13d",31,"301ab",161,"4c88e",450,"43cca",162,"6ff65",165,"e4de5",166,"39e7a",167,"baab0",168,"09746",483,"1a99b",169,"fdb66",170,"c8434",172,"19370",173,"6c34a",175,"833d2",177,"b811d",178,"b4a8f",509,"62992",181,"99914",187,"11175",188,"3ba2d",49,"9931a",191,"30f59",193,"fc462",195,"de57a",198,"85dc5",199,"dfb5b",200,"05ac6",202,"9bb0d",626,"b2db6",205,"521a7",53,"73f73",55,"96565",207,"d9f34",208,"54a9c",211,"f6834",214,"108dc",215,"8549b",219,"dc1c4",67,"d9a2b",223,"d4f0e",224,"b33aa",227,"b927a",228,"28d9e",229,"628ab",231,"9b0d2",232,"4d400",233,"8d3ef",235,"956cd",756,"e9dd0",237,"62f6f",240,"a4a19",243,"06f3f",83,"264e9",245,"e7039",795,"5e4b8",246,"0ad7d",247,"7e99a",248,"0c13b",251,"c87c7",256,"211a5",95,"8e470",257,"b7593",258,"0ee42",259,"496f6",264,"509d0",265,"735f0",267,"8a891",272,"f2275",273,"92b59",946,"f4d84",275,"9ac85",276,"41ad0",112,"e6ade",277,"d809c",278,"c5bf5",960,"c0618",280,"d08a8",283,"4a3dd",286,"4038f",290,"2d7de",125,"3b52c",1018,"67ad7",295,"0876a",298,"20ac1",299,"eb487"],"native":[0,"37a4e",131,"84af6",1,"7b51f",2,"e8a01",3,"6ab69",4,"2d7ee",5,"d9a2f",6,"086c3",7,"583f0",8,"096a6",9,"4e429",10,"4e429",11,"4e429",12,"b30aa",13,"426f7",14,"741c7",15,"5c447",16,"072ab",17,"66462",18,"d69e1",19,"1d40e",20,"4e429",21,"8a5f6",22,"1734a",23,"22eb7",24,"d6b63",25,"61117",26,"d603d",27,"f81a5",28,"6ab69",29,"ae44b",30,"5d61a",31,"4e429",32,"4b448",33,"835c4",34,"7fd62",35,"0c3c8",36,"789bd",37,"c3a3a",38,"46f1d",39,"e41b7",40,"82b31",176,"4265d",41,"e35f4",42,"7ebe0",43,"deed3",44,"42881",45,"50467",46,"babe8",47,"6673d",48,"7cb2b",49,"6ab69",194,"0b330",50,"96c43",51,"1ef32",52,"d69e1",53,"4e429",54,"9604f",55,"4e429",56,"bcddc",57,"49583",58,"04a1a",59,"50968",60,"81966",61,"bc3b8",62,"976ff",63,"8a6e1",64,"3a10a",65,"5e46c",66,"95e53",67,"4e2d3",68,"3a4c6",69,"1b920",70,"a1af6",71,"244f7",72,"8770f",73,"6c221",74,"8afe7",75,"d0c02",76,"2ceaa",77,"1d83b",78,"26c3e",79,"48a49",80,"8dcec",81,"f7426",82,"5b655",83,"4e429",84,"52a71",85,"4f9f7",86,"6bde1",87,"5e247",88,"32332",89,"99299",90,"2cd3c",91,"622c6",92,"7dbd1",93,"c71bb",94,"996de",95,"4e429",96,"f72c7",97,"dd980",98,"776aa",99,"4cc0a",100,"898d8",101,"07e6f",102,"4b4de",103,"a16be",104,"f0601",105,"371b3",106,"d0074",107,"a575e",108,"04591",109,"d543c",110,"0864c",111,"740b0",112,"6ab69",113,"810e7",114,"ec7cd",115,"265e1",116,"dad5c",117,"d5b62",118,"39849",119,"54ede",120,"99ad0",121,"4edee",122,"091c8",123,"5694a",124,"4818d",292,"284a9",125,"4e429",126,"8f795",127,"8f9c6",128,"10f69",297,"828f2",129,"97624"]}}