[1,["ac2SYIf1FAjqSYJo8Rxi3c","07T51NvhNOBoQwChMT7Nmt","49A7UbIbRB2568tQVPa3LB","beAD0M3v9KTJRN2qlShOYc","4dobULGOBFPZbCJDlrFMM8","d5O1Bh+oxL8pv/RXnEW4wO","f1Ij3aJMJM5o3pJQwPXEI2","97wuP7qZpHjYAcAun5tsyZ"],["ib_bar_b_mask","ib_bar_a_mask","ib_mw_vfx_b","ib_vfx_c_screen","ib_mw_vfx_g_screen","ib_bar_b","ib_bar_a","_textureSetter"],["cc.SpriteFrame",["cc.SpriteAtlas",["_name","_spriteFrames"],2,11]],[[1,0,1,2]],[[[[0,"Alats6.plist",[{},"ib_bar_b_mask",6,0,"ib_bar_a_mask",6,1,"ib_mw_vfx_b",6,2,"ib_vfx_c_screen",6,3,"ib_mw_vfx_g_screen",6,4,"ib_bar_b",6,5,"ib_bar_a",6,6]]],0,0,[0,0,0,0,0,0,0],[0,1,2,3,4,5,6],[0,1,2,3,4,5,6]],[[{"name":"ib_mw_vfx_b","rect":[597,459,109,61],"offset":[0,0],"originalSize":[109,61],"capInsets":[0,0,0,0]}],[0],0,[0],[7],[7]]]]