[1,["a15EdpKfJFh70sdfKbc0tZ","9e2yfhvDlPWYVthPVR2bJf","92kZmbW79DgY7jHsAgWZGH","53pP4ihm5ABJsy/40UYEov","c8ueORW2hI7pbVH7Rak01S","58RrWoW+9MW5HjceOc8syz","51ZpffILlC3J9xhTw5alba","d7OH+MmJZAe40oore99B14","214+1cO6RPJJY9DSLzmLBL","f1yuqNFodFMagcpB/PWvcC","66ubwhNAdNmobHV4/Hcsh4","ceu0z6px1F0aJQdVmRynus","347InabqdMdLfE04aUJtFP","0dmzV/Ul5EXa1B1iPMPoDe","c37gFlpg9B2KNJDwvKSPUE","ea8UP+jglBtqTEipCfwFiQ","935SvL5GdG45qtgfS5qIRw","8d0PPs4qlGcoOaX4olfOjl","79LlzoTHdBK6HWsO3/Edl1","f36ywnk55JeoFB8sBau/D2","75mw/8JqxOaLFKWlRLVqGg","13FORm30FNZo6UiH0Q8ewB","7baJNZa/lAZ4Vhnux13tiG"],["value"],[["cc.AnimationClip",["_name","_duration","sample","wrapMode","curveData"],-1,11]],[[0,0,1,2,3,4,5]],[[0,"fast_vfx_d",1.15,20,2,[{},"comps",11,[{},"cc.Sprite",11,[{},"spriteFrame",12,[[[{"frame":0},"value",6,0],[{"frame":0.05},"value",6,1],[{"frame":0.1},"value",6,2],[{"frame":0.15},"value",6,3],[{"frame":0.2},"value",6,4],[{"frame":0.25},"value",6,5],[{"frame":0.3},"value",6,6],[{"frame":0.35},"value",6,7],[{"frame":0.4},"value",6,8],[{"frame":0.45},"value",6,9],[{"frame":0.5},"value",6,10],[{"frame":0.55},"value",6,11],[{"frame":0.6},"value",6,12],[{"frame":0.65},"value",6,13],[{"frame":0.7},"value",6,14],[{"frame":0.75},"value",6,15],[{"frame":0.8},"value",6,16],[{"frame":0.85},"value",6,17],[{"frame":0.9},"value",6,18],[{"frame":0.95},"value",6,19],[{"frame":1},"value",6,20],[{"frame":1.05},"value",6,21],[{"frame":1.1},"value",6,22]],11,11,11,11,11,11,11,11,11,11,11,11,11,11,11,11,11,11,11,11,11,11,11]]]]]],0,0,[0,0,0,0,0,0,0,0,0,0,0,0,0,0,0,0,0,0,0,0,0,0,0],[0,0,0,0,0,0,0,0,0,0,0,0,0,0,0,0,0,0,0,0,0,0,0],[0,1,2,3,4,5,6,7,8,9,10,11,12,13,14,15,16,17,18,19,20,21,22]]