[1,["ecpdLyjvZBwrvm+cedCcQy","7br2TXgedCN4arOMY0mH6f","9fWWngYdJOFpapuShDw5wq","e0S2+QEl5Nr6BCb/Hr6BeE","92AhJfYudK/J43o5VtDohd","32f+amp1lEXrD9PiqG9Rb1","9eWJOfrqtB34llMRdLxV/1","afq5+ffR9GUrdbZUlxZ7xi","5eGozNT21Gy4Ub8lwxoNlT","01tv042vFA7ZkRLgIiP+vy","1ez5Xd44RMOJjMX+ZGfN9W","14vH2up+REVbDkvfRdjabS","0aK85Ip/9B9pVb6zJes4t6","85YH39ewlOkLHs63HxdJeD","57/gFBbtZAyZtebY+DjPIA","7dqbgyJfhFwIhnn81lKRdj","c8X/o0ln1C9qviVS4btRvJ","cb8hAYHg1DpbXa0AJMU0Z0","c4OzFtyu9MA5fwMKhPNgJt","8877+giK5BELNdCBOEzNpW","a30DgiBMFD4bGLCXqpfLHj","f0OSbdrRdCBZZ52wHQ0Jlm","7a/QZLET9IDreTiBfRn2PD","380lSLBV9I6orV1TpWTXdG"],["node","_spriteFrame","root","data","_N$skeletonData","_defaultClip"],[["cc.Node",["_name","_active","_components","_prefab","_contentSize","_parent","_trs","_children"],1,9,4,5,1,7,2],["cc.Sprite",["_dstBlendFactor","_sizeMode","_isTrimmedMode","node","_materials","_spriteFrame"],0,1,3,6],["cc.PrefabInfo",["fileId","root","asset"],2,1,1],["cc.AnimationClip",["_name","_duration","curveData"],0],["cc.Prefab",["_name"],2],["cc.Animation",["node","_clips","_defaultClip"],3,1,3,6],["83a8fFhK1FI+4Bk42+++GQY",["node"],3,1],["26495mkYd9K87r1dH28RUj3",["runAwake","runEnable","sample","node","listFrame"],0,1,3],["sp.Skeleton",["defaultSkin","defaultAnimation","_preCacheMode","loop","_animationName","_playTimes","node","_materials","_N$skeletonData"],-3,1,3,6]],[[2,0,1,2,2],[0,0,5,2,3,4,6,2],[1,0,1,2,3,4,5,4],[0,0,1,5,2,3,4,6,3],[1,3,4,5,1],[7,0,1,2,3,4,4],[3,0,1,2,4],[4,0,2],[0,0,7,2,3,4,6,2],[0,0,5,2,3,4,2],[0,0,5,2,3,2],[5,0,1,2,1],[6,0,1],[2,1,2,1],[1,3,4,1],[8,0,1,2,3,4,5,6,7,8,7]],[[[[6,"EffectTakeSymbol1",0.3333333333333333,{"paths":{"ps_out_glow":{"props":{"opacity":[{"frame":0,"value":0},{"frame":0.16666666666666666,"value":255}]}},"ps_out_glow copy":{"props":{"opacity":[{"frame":0,"value":0},{"frame":0.16666666666666666,"value":255}]}},"ps_line_a_00":{"props":{"opacity":[{"frame":0,"value":0},{"frame":0.16666666666666666,"value":255}]}},"ps_shine_a":{"props":{"opacity":[{"frame":0.08333333333333333,"value":0},{"frame":0.3333333333333333,"value":255}]}},"ps_glow":{"comps":{},"props":{"active":[{"frame":0,"value":false}]}}}}]],0,0,[],[],[]],[[[7,"TakeItem1"],[8,"TakeItem1",[-4,-5,-6,-7,-8,-9,-10,-11,-12],[[11,-2,[50],49],[12,-3]],[13,-1,0],[5,176,160],[-1.02,1.021,0,0,0,0,1,0.6666667,0.6666667,1]],[1,"ps_line_a_00",1,[[2,1,2,false,-13,[6],7],[5,false,true,20,-14,[8,9,10,11,12,13,14,15,16,17,18,19,20,21,22,23]]],[0,"fc9ZrN81pOqY7HqoTPA9u5",1,0],[5,208,178],[0,0,0,0,0,0,1,1.9,2.1,1]],[1,"ps_line_a_00",1,[[2,1,2,false,-15,[28],29],[5,false,true,20,-16,[30,31,32,33,34,35,36,37,38,39,40,41,42,43,44,45]]],[0,"76a34Nsa5M+ZK2ARvWbYnP",1,0],[5,208,178],[0,0,0,0,0,0,1,1.9,2.1,1]],[9,"bkg",1,[[4,-17,[0],1]],[0,"2a3Dvl1CFJmoe/ncyy2D1z",1,0],[5,180,162]],[1,"ps_out_glow",1,[[2,1,2,false,-18,[2],3]],[0,"9aDk8wveJF57LaYbz7p0tH",1,0],[5,400,271],[0,157.349,0,0,0,0,1,1.45,-1.333,1]],[1,"ps_out_glow copy",1,[[2,1,2,false,-19,[4],5]],[0,"f0yKCp0J9HYK4IzK3/NM2D",1,0],[5,400,271],[0,-157.349,0,0,0,0,1,1.45,1.333,1]],[1,"ps_shine_a",1,[[2,1,2,false,-20,[24],25]],[0,"93x0E6sNdH1Z3D6lNtZUiy",1,0],[5,360,360],[0,0,0,0,0,0,1,1.3,1.3,1]],[3,"ps_glow",false,1,[[4,-21,[26],27]],[0,"1aZS93hbxB+IM6daDrfiTL",1,0],[5,166,147],[0,0,0,0,0,0,1,1.45,1.55,1]],[3,"sprite",false,1,[[14,-22,[46]]],[0,"05Gnq+RU1Alr6u4PJ6IVTC",1,0],[5,88,126],[-2.927,-8.781,0,0,0,0,1,1,1,1]],[10,"spine",1,[[15,"default","win",0,false,"win",1,-23,[47],48]],[0,"38f5GglNpJIYF/QnzaqEMd",1,0]]],0,[0,2,1,0,0,1,0,0,1,0,-1,4,0,-2,5,0,-3,6,0,-4,2,0,-5,7,0,-6,8,0,-7,3,0,-8,9,0,-9,10,0,0,2,0,0,2,0,0,3,0,0,3,0,0,4,0,0,5,0,0,6,0,0,7,0,0,8,0,0,9,0,0,10,0,3,1,23],[0,0,0,0,0,0,0,0,0,0,0,0,0,0,0,0,0,0,0,0,0,0,0,0,0,0,0,0,0,0,0,0,0,0,0,0,0,0,0,0,0,0,0,0,0,0,0,0,0,0,0],[-1,1,-1,1,-1,1,-1,1,-1,-2,-3,-4,-5,-6,-7,-8,-9,-10,-11,-12,-13,-14,-15,-16,-1,1,-1,1,-1,1,-1,-2,-3,-4,-5,-6,-7,-8,-9,-10,-11,-12,-13,-14,-15,-16,-1,-1,4,5,-1],[0,19,0,2,0,2,0,1,1,3,4,5,6,7,8,9,10,11,12,13,14,15,16,17,0,20,0,21,0,1,1,3,4,5,6,7,8,9,10,11,12,13,14,15,16,17,0,22,23,18,18]]]]