[1,["ecpdLyjvZBwrvm+cedCcQy","68AxU7t/pJRbnMgfI+Vxri","bb8q2yce9LlJ0jtpJQF5kg","5bcMZ3f9dAnIvXiDl4I85O","e8K7GiuAdEH6ppD0W37FB+","2e4KKXekxK2pkK3Ql4t86A","7a/QZLET9IDreTiBfRn2PD","b2aHrECZ5APKGS/0d2hvT1","8bNx0u8FtF2ZEJquyvCm5G","5favwOtrZNxaxqR7sa3PBF","02oRywLpNHxqXzpXkeD4mv","ee8vgcAxdHS5ArAGHwAg5q","22b2bxaF5K3Jpido71LO9T","a2MjXRFdtLlYQ5ouAFv/+R","e7oh3eb3NJQa5oNwpzPCMr","51ghJwqMhHfJeOyqUQnLKM","10hpJCZxFLWZ/Z3V3QPGq1","16NdHVv1lABa574sHjz5ub","dbC6j+x8hGYrd2TuKwTyKW","66dALY5XFKEqF8/n1qROPn","f5EmJ46LJMKYfuNj+VvvV0","74IXwgWKxG7IjROmEXakdw","a3VfMHXbhPAIR5vx8/pwVU","cet/1D9fRHU43hbtnsxg8e","cdeIdh0YNIeYDz459M7a4u","23I8WtnjFMm6C1pPvf9nJ5","5fcic3vJ1JzbpoUafNxbzl","52xyP63LpO9oaGnsXdY/CM","44q/MmwelIIIYcwWHexYMA","f29soDPThOCZts6xuht/me","b5T27oDFVN5pIsBG4uGkq/","63+SBKNPlA+KEZ3z0avQes","e9c8FyAvdIzIIcXw0sF/Zj","a3r7RD1idIuI6zAHhJyjXo","32pV2/cV1CYZ4E97c36joP","86XnWImXFMKbiALb3quZUg","b7Cs9aqMZCrLXWNPzOZH4n","6cB1ew/LROLpMP5ZJM+U9v","1bRmgC2IVFIZ+Vk/G51uk2","79UVMaTXRNlIf0mq89V41W","63lwYlkcdGkrH9u9E5yBnV"],["node","_spriteFrame","_defaultClip","_N$skeletonData","_file","_textureSetter","root","btnFast","lb_Money","superWin","megaWin","bigWin","data","atlas"],[["cc.Node",["_name","_opacity","_active","_is3DNode","_parent","_components","_prefab","_contentSize","_trs","_eulerAngles","_anchorPoint","_color"],-1,1,9,4,5,7,5,5,5],["cc.CurveRange",["mode","constantMax","constant","multiplier","constantMin"],-2],["cc.Node",["_name","_active","_parent","_children","_components","_prefab","_trs","_contentSize"],1,1,2,2,4,7,5],["cc.Sprite",["_dstBlendFactor","_sizeMode","_isTrimmedMode","node","_materials","_spriteFrame"],0,1,3,6],"cc.SpriteFrame",["cc.AnimationClip",["_name","_duration","sample","wrapMode","curveData"],-1,11],["cc.Animation",["playOnLoad","node","_clips","_defaultClip"],2,1,3,6],["cc.Node",["_name","_children","_prefab","_contentSize","_components","_parent","_anchorPoint","_trs"],2,2,4,5,12,1,5,7],["cc.PrefabInfo",["fileId","root","asset"],2,1,1],["cc.ParticleSystem3D",["duration","_capacity","node","_materials","startDelay","startLifetime","startColor","startSize","startSpeed","startRotation","gravityModifier","rateOverTime","rateOverDistance","_shapeModule","_textureAnimationModule"],1,1,3,4,4,4,4,4,4,4,4,4,4,4],["cc.ShapeModule",["enable","emitFrom","_shapeType","radiusThickness","_angle","randomDirectionAmount","arcSpeed"],-3,4],["cc.TextureAnimationModule",["_enable","_numTilesX","_numTilesY","animation","cycleCount","rowIndex","frameOverTime","startFrame"],-3,4,4],["sp.Skeleton",["defaultSkin","defaultAnimation","_preCacheMode","_animationName","loop","_playTimes","node","_materials","_N$skeletonData"],-3,1,3,6],["cc.Prefab",["_name"],2],["c06aeGh69JJKYu1D8xtM1Fn",["node"],3,1],["ed905nILIdAx47oqlinLTaU",["node","bigWin","megaWin","superWin","lb_Money","btnFast"],3,1,1,1,1,1,1],["cc.GradientRange",[],3],["cc.ParticleSystem",["_dstBlendFactor","_custom","totalParticles","emissionRate","life","lifeVar","angle","angleVar","startSizeVar","_positionType","speed","speedVar","tangentialAccel","startRadiusVar","node","_materials","_startColor","_startColorVar","_endColor","_endColorVar","posVar","gravity","_file","_spriteFrame"],-11,1,3,8,8,8,8,5,5,6,6],["ef6cdgak0JA7Klp9LwbTgyF",["tempReplaceAtlas","_string","_maxWidth","_scale","listFS","node"],-2,1],["cc.Button",["node","clickEvents"],3,1,9],["cc.ClickEvent",["_componentId","handler","target"],1,1]],[[8,0,1,2,2],[1,1],[3,3,4,5,1],[1,0,4,1,4],[0,0,4,5,6,7,8,2],[1,2,2],[16,1],[0,0,2,3,4,5,6,8,4],[9,0,1,2,3,4,5,6,7,8,9,10,11,12,13,14,3],[1,2,3,3],[1,0,4,1,3,5],[1,0,1,3],[10,0,2,1,3,4,5,6,7],[3,0,1,2,3,4,5,4],[7,0,5,1,2,3,6,7,2],[0,0,4,5,6,7,10,2],[11,0,1,2,3,5,4,6,7,7],[3,0,3,4,5,2],[0,0,1,4,5,6,7,8,3],[0,0,4,5,6,7,10,8,2],[5,0,1,2,3,4,5],[0,0,4,5,6,8,2],[11,0,1,2,3,4,6,7,6],[17,0,1,2,3,4,5,6,7,8,9,10,11,12,13,14,15,16,17,18,19,20,21,22,23,15],[5,0,1,4,3],[0,0,1,4,5,6,7,8,9,3],[6,1,2,1],[12,0,1,2,3,6,7,8,5],[5,0,1,2,4,4],[13,0,2],[7,0,1,4,2,3,2],[2,0,2,3,4,5,6,2],[2,0,1,2,3,4,5,6,3],[2,0,1,2,3,4,5,3],[2,0,2,3,4,5,7,6,2],[0,0,1,4,5,6,11,7,3],[0,0,2,4,5,6,7,8,3],[0,0,4,5,6,7,8,9,2],[0,0,2,3,4,5,6,4],[0,0,4,5,6,7,2],[0,0,2,1,4,5,6,7,8,4],[14,0,1],[15,0,1,2,3,4,5,1],[8,1,2,1],[3,1,3,4,5,2],[6,0,1,2,3,2],[6,0,1,2,2],[9,0,1,2,3,4,5,6,7,8,9,10,11,12,13,3],[10,0,1,6,3],[12,0,1,2,4,3,5,6,7,8,7],[18,0,1,2,3,4,5,6],[19,0,1,1],[20,0,1,2,3]],[[[[20,"MegaWinLoop",7.5,40,2,[{},"paths",11,[{"Particle1":{"props":{"active":[{"frame":0,"value":true}]}},"Particle2":{"props":{"active":[{"frame":0,"value":true}]}},"Particle3":{"props":{"active":[{"frame":0,"value":true}]}},"mw_coin_a":{"props":{"y":[{"frame":0,"value":95},{"frame":0.75,"value":80},{"frame":1.5,"value":95},{"frame":2.25,"value":80},{"frame":3,"value":95},{"frame":3.75,"value":80},{"frame":4.5,"value":95},{"frame":5.25,"value":80},{"frame":6,"value":95},{"frame":6.75,"value":80},{"frame":7.5,"value":95}]}},"mw_coin_b":{"props":{"y":[{"frame":0,"value":81.242},{"frame":0.75,"value":96.242},{"frame":1.5,"value":81.242},{"frame":2.25,"value":96.242},{"frame":3,"value":81.242},{"frame":3.75,"value":96.242},{"frame":4.5,"value":81.242},{"frame":5.25,"value":96.242},{"frame":6,"value":81.242},{"frame":6.75,"value":96.242},{"frame":7.5,"value":81.242}]}}},"tw_shine",11,[{},"props",11,[{},"scale",12,[[[{"frame":0},"value",8,[1,3,3,1]],[{"frame":0.75},"value",8,[1,2.5,2.5,1]],[{"frame":1.5},"value",8,[1,3,3,1]],[{"frame":2.25},"value",8,[1,2.5,2.5,1]],[{"frame":3},"value",8,[1,3,3,1]],[{"frame":3.75},"value",8,[1,2.5,2.5,1]],[{"frame":4.5},"value",8,[1,3,3,1]],[{"frame":5.25},"value",8,[1,2.5,2.5,1]],[{"frame":6},"value",8,[1,3,3,1]],[{"frame":6.75},"value",8,[1,2.5,2.5,1]],[{"frame":7.5},"value",8,[1,3,3,1]]],11,11,11,11,11,11,11,11,11,11,11]]],"tw_shine copy",11,[{},"props",11,[{},"scale",12,[[[{"frame":0},"value",8,[1,2.5,2.5,1]],[{"frame":0.75},"value",8,[1,3,3,1]],[{"frame":1.5},"value",8,[1,2.5,2.5,1]],[{"frame":2.25},"value",8,[1,3,3,1]],[{"frame":3},"value",8,[1,2.5,2.5,1]],[{"frame":3.75},"value",8,[1,3,3,1]],[{"frame":4.5},"value",8,[1,2.5,2.5,1]],[{"frame":5.25},"value",8,[1,3,3,1]],[{"frame":6},"value",8,[1,2.5,2.5,1]],[{"frame":6.75},"value",8,[1,3,3,1]],[{"frame":7.5},"value",8,[1,2.5,2.5,1]]],11,11,11,11,11,11,11,11,11,11,11]]]]]]],0,0,[],[],[]],[[[24,"MegaWinStart",1,[{},"paths",11,[{"tw_shine":{"props":{"opacity":[{"frame":0,"value":0},{"frame":0.25,"value":0},{"frame":0.3333333333333333,"value":150}]}},"tw_shine copy":{"props":{"opacity":[{"frame":0,"value":0},{"frame":0.25,"value":0},{"frame":0.3333333333333333,"value":150}]}}},"bw_bg",11,[{},"props",11,[{},"scale",12,[[[{"frame":0},"value",8,[1,0,0,1]],[{"frame":0.16666666666666666},"value",8,[1,1,1,1]],[{"frame":0.25},"value",8,[1,1.1,1.1,1]],[{"frame":0.3333333333333333},"value",8,[1,1,1,1]]],11,11,11,11]]],"megawin_atlas_bigwin",11,[{},"props",11,[{},"scale",12,[[[{"frame":0},"value",8,[1,0,0,1]],[{"frame":0.16666666666666666},"value",8,[1,0.9,0.9,1]],[{"frame":0.25},"value",8,[1,0.8,0.8,1]]],11,11,11]]],"mw",11,[{},"props",11,[{},"scale",12,[[[{"frame":0},"value",8,[1,0,0,1]],[{"frame":0.16666666666666666},"value",8,[1,1.1,1.1,1]],[{"frame":0.25},"value",8,[1,1,1,1]]],11,11,11]]],"mw_bg_coin",11,[{},"props",11,[{},"scale",12,[[[{"frame":0},"value",8,[1,0,0,1]],[{"frame":0.16666666666666666},"value",8,[1,0.8,0.8,1]],[{"frame":0.25},"value",8,[1,0.7,0.7,1]]],11,11,11]]],"bw_shine",11,[{},"props",11,[{"opacity":[{"frame":0,"value":0},{"frame":0.25,"value":200},{"frame":0.6666666666666666,"value":150},{"frame":1,"value":100}]},"scale",12,[[[{"frame":0},"value",8,[1,1,1,1]],[{"frame":0.25},"value",8,[1,1,1,1]],[{"frame":0.6666666666666666},"value",8,[1,5,5,1]]],11,11,11]]],"mw_coin_a",11,[{},"props",11,[{},"scale",12,[[[{"frame":0},"value",8,[1,0,0,1]],[{"frame":0.16666666666666666},"value",8,[1,1.1,1.1,1]],[{"frame":0.25},"value",8,[1,1,1,1]]],11,11,11]]],"mw_coin_b",11,[{},"props",11,[{},"scale",12,[[[{"frame":0},"value",8,[1,0,0,1]],[{"frame":0.16666666666666666},"value",8,[1,1.1,1.1,1]],[{"frame":0.25},"value",8,[1,1,1,1]]],11,11,11]]]]]]],0,0,[],[],[]],[[[29,"BigWin"],[30,"BigWin",[-10,-11,-12,-13,-14,-15,-16,-17,-18],[[[41,-2],[42,-8,-7,-6,-5,-4,-3],-9],4,4,1],[43,-1,0],[5,720,1280]],[31,"BigWin",1,[-20,-21,-22,-23,-24,-25,-26,-27,-28,-29,-30,-31,-32,-33],[-19],[0,"66OTiPsNVAxI9PdhZQFztQ",1,0],[0,62.909,0,0,0,0,1,1,1,1]],[32,"MegaWin",false,1,[-35,-36,-37,-38,-39,-40,-41,-42,-43,-44,-45,-46,-47],[-34],[0,"92xDVJWZdNHpAsyDGEUJG4",1,0],[0,62.909,0,0,0,0,1,1,1,1]],[33,"SuperWin",false,1,[-49,-50,-51,-52,-53,-54,-55,-56,-57,-58,-59,-60,-61],[-48],[0,"6fPzKDIhFL2qhgkYzu+gEw",1,0]],[34,"lbMoney",1,[-63,-64,-65,-66,-67,-68],[-62],[0,"f5dLki9ZlLToJKICl6B98r",1,0],[5,420,0],[0,-251.672,0,0,0,0,1,1,1,1]],[4,"tw_num_particle",1,[[13,1,2,false,-69,[85],86],[45,true,-70,[88],87]],[0,"159KtWHFVCoKCzP/4XkY4D",1,0],[5,726,275],[0,-233.479,0,0,0,0,1,2,2,1]],[35,"New Sprite(Splash)",150,1,[[44,0,-71,[0],1]],[0,"c8CoCYWVBAVaEsTN0mjR2V",1,0],[4,4278190080],[5,720,1280]],[36,"bw_shine",false,1,[[13,1,2,false,-72,[2],3]],[0,"5bb1eQhjpN65irytBQVt48",1,0],[5,1059,1115],[24.765,81.28400000000002,0,0,0,0,1,3,3,3]],[7,"Particle1",false,true,2,[[8,1000,20,-73,[4],[5,1],[9,1.5,1.5],[6],[3,3,0.8,1.2],[10,3,10,15,5],[11,3,360],[1],[3,3,25,30],[1],[12,true,1,2,0,1.5707963267948966,360,[1]],[16,true,1,6,1,2,1,[1],[1]]]],[0,"1fcSrk/gpFF6dQ8XIUMM1b",1,0],[4.034,15.268,120.34,0,0,0,1,42,42,1]],[7,"Particle2",false,true,2,[[8,1000,20,-74,[5],[1],[9,1.5,1.5],[6],[3,3,0.8,1.2],[10,3,10,15,5],[11,3,360],[1],[3,3,25,30],[1],[12,true,1,2,0,1.5707963267948966,360,[1]],[16,true,1,6,1,1,1,[1],[1]]]],[0,"bed3pGKZhCNIOuPXF09SwJ",1,0],[4.034,15.268,120.34,0,0,0,1,42,42,1]],[7,"Particle3",false,true,2,[[8,1000,20,-75,[6],[5,0.5],[9,1.5,1.5],[6],[3,3,0.8,1.2],[10,3,10,15,5],[11,3,360],[1],[3,3,25,30],[1],[12,true,1,2,0,1.5707963267948966,360,[1]],[22,true,1,6,1,1,[1],[1]]]],[0,"08PLus8g5GELskpkHKmajb",1,0],[4.034,15.268,120.34,0,0,0,1,42,42,1]],[4,"bw_shine",2,[[13,1,2,false,-76,[7],8]],[0,"8ds67M60RIvKsaB8IaSa84",1,0],[5,1059,1115],[24.765,81.28400000000002,0,0,0,0,1,3,3,3]],[4,"tw_shine",2,[[13,1,2,false,-77,[9],10]],[0,"164XKutKxCz66t6Gtz+EjU",1,0],[5,843,1111],[18.027,-32.746,0,0,0,0,1,2,2,1]],[37,"tw_shine copy",2,[[13,1,2,false,-78,[11],12]],[0,"8fxR8AY5pBVrKBKfFuiSKD",1,0],[5,843,1111],[18.027,-32.746,0,0,0,0.13052619222005157,0.9914448613738104,2.5,2.5,1],[1,0,0,15]],[4,"bw_bg",2,[[2,-79,[13],14]],[0,"65dT0RcBxPD7vNQf/164eN",1,0],[5,758,779],[0,49.214,0,0,0,0,1,1,1,1]],[4,"bw_coin_a",2,[[2,-80,[15],16]],[0,"72wNKPN/JDDbkwMvec6X3j",1,0],[5,575,332],[0,215.3,0,0,0,0,1,0,0,1]],[4,"bw_coin_b",2,[[2,-81,[17],18]],[0,"0a4B/GgEZGL55t6KAtihJ4",1,0],[5,688,215],[0,237.143,0,0,0,0,1,0,0,1]],[4,"bigwin_atlas_bigwin",2,[[49,"default","spawn",0,false,"spawn",1,-82,[19],20]],[0,"ee5knCLcZF64de5LR21u8k",1,0],[5,578.2,758.8],[0,-194.531,0,0,0,0,1,1,1,1]],[4,"bw_bg_coin",2,[[2,-83,[21],22]],[0,"6dmGd2F1dJ9pKxrCop5uOi",1,0],[5,719,333],[-11.955,-109.568,0,0,0,0,1,1,1,1]],[4,"bw",2,[[2,-84,[23],24]],[0,"bcOV6//E9MAo0hNPHOFUrH",1,0],[5,643,183],[0,-88.817,0,0,0,0,1,1,1,1]],[21,"Particle",2,[[23,1,true,50,100,0.20000000298023224,1,0,0,70,2,0,0,0,200,-85,[25],[4,4294967295],[4,3338665983],[4,4278190080],[4,4278190080],[0,300,100],[0,0.25,0.8600000143051147],26,27]],[0,"0ebT86OIJPYp5ft1QhrZM2",1,0],[-20.086,-100.873,0,0,0,0,1,1,1,1]],[38,"New 3D Particle",false,true,2,[[47,1,20,-86,[28],[1],[5,5],[6],[5,1],[5,5],[1],[1],[5,10],[1],[48,true,0,[1]]]],[0,"183jkLa7xNsKoUR863xoQ5",1,0]],[26,2,[29,30]],[7,"Particle1",false,true,3,[[8,1000,20,-87,[31],[5,1],[9,1.5,1.5],[6],[3,3,0.8,1.2],[10,3,10,15,5],[11,3,360],[1],[3,3,25,30],[1],[12,true,1,2,0,1.5707963267948966,360,[1]],[16,true,1,6,1,2,1,[1],[1]]]],[0,"57ePdiwQZEHaMMjgbDAnAg",1,0],[4.034,15.268,120.34,0,0,0,1,42,42,1]],[7,"Particle2",false,true,3,[[8,1000,20,-88,[32],[1],[9,1.5,1.5],[6],[3,3,0.8,1.2],[10,3,10,15,5],[11,3,360],[1],[3,3,25,30],[1],[12,true,1,2,0,1.5707963267948966,360,[1]],[16,true,1,6,1,1,1,[1],[1]]]],[0,"4465+izqRGBLTbRHco5UVe",1,0],[4.034,15.268,120.34,0,0,0,1,42,42,1]],[7,"Particle3",false,true,3,[[8,1000,20,-89,[33],[5,0.5],[9,1.5,1.5],[6],[3,3,0.8,1.2],[10,3,10,15,5],[11,3,360],[1],[3,3,25,30],[1],[12,true,1,2,0,1.5707963267948966,360,[1]],[22,true,1,6,1,1,[1],[1]]]],[0,"56yHR//uFN/a3eSSAiTrNd",1,0],[4.034,15.268,120.34,0,0,0,1,42,42,1]],[39,"bw_shine",3,[[13,1,2,false,-90,[34],35]],[0,"9bQmXFp+JKKqK/YbzLndK1",1,0],[5,1059,1115]],[18,"tw_shine",150,3,[[17,1,-91,[36],37]],[0,"85S8VAUs5L3I47CDcyLxya",1,0],[5,843,1111],[0,0,0,0,0,0,1,3,3,1]],[25,"tw_shine copy",150,3,[[17,1,-92,[38],39]],[0,"37xfs3CF9MPrAxwiO/gXgx",1,0],[5,843,1111],[0,0,0,0,0,-0.9837959766282247,-0.1792915959271863,3,3,1],[1,0,0,-200.65699999999998]],[19,"bw_bg",3,[[2,-93,[40],41]],[0,"5cuL5c84RIva7777wZTjwZ",1,0],[5,758,779],[0,0.5,0.2],[0,-208.031,0,0,0,0,1,1,1,1]],[4,"mw_coin_a",3,[[2,-94,[42],43]],[0,"4dsRo2LyVI/52x2eMFcTC+",1,0],[5,717,849],[6.499,81.242,0,0,0,0,1,1,1,1]],[4,"mw_coin_b",3,[[2,-95,[44],45]],[0,"69yfQrHUBFv4hrrqZsC48+",1,0],[5,745,776],[16.249,40.752,0,0,0,0,1,1,1,1]],[4,"megawin_atlas_bigwin",3,[[27,"default","idle",0,"idle",-96,[46],47]],[0,"c7FeFFrQhPgI9p4zE7K6+y",1,0],[5,841.85,589.87],[0,6.972,0,0,0,0,1,0.7,0.7,1]],[4,"mw_bg_coin",3,[[2,-97,[48],49]],[0,"feLdvOtYNI8qDt533KLWXg",1,0],[5,746,381],[-3.341,-86.754,0,0,0,0,1,0.8,0.8,1]],[19,"mw",3,[[2,-98,[50],51]],[0,"a6tpQdWjNH/a1wI4SMGODz",1,0],[5,497,321],[0,0.5,0],[0,-212.784,0,0,0,0,1,1,1,1]],[21,"Particle",3,[[23,1,true,50,100,0.20000000298023224,1,0,0,70,2,0,0,0,200,-99,[52],[4,4294967295],[4,3338665983],[4,4278190080],[4,4278190080],[0,300,100],[0,0.25,0.8600000143051147],53,54]],[0,"6340BWR7JLNLsRIepTd/ks",1,0],[4.151,-61.721,0,0,0,0,1,1,1,1]],[26,3,[55,56]],[7,"Particle1",false,true,4,[[8,1000,20,-100,[57],[5,1],[9,1.5,1.5],[6],[3,3,0.8,1.2],[10,3,10,15,5],[11,3,360],[1],[3,3,25,30],[1],[12,true,1,2,0,1.5707963267948966,360,[1]],[16,true,1,6,1,2,1,[1],[1]]]],[0,"39l6dAyqBFdJyEPTMYm5Wa",1,0],[4.034,15.268,120.34,0,0,0,1,42,42,1]],[7,"Particle2",false,true,4,[[8,1000,20,-101,[58],[1],[9,1.5,1.5],[6],[3,3,0.8,1.2],[10,3,10,15,5],[11,3,360],[1],[3,3,25,30],[1],[12,true,1,2,0,1.5707963267948966,360,[1]],[16,true,1,6,1,1,1,[1],[1]]]],[0,"d2xlT7oLBI6qGqarfjOK2v",1,0],[4.034,15.268,120.34,0,0,0,1,42,42,1]],[7,"Particle3",false,true,4,[[8,1000,20,-102,[59],[5,0.5],[9,1.5,1.5],[6],[3,3,0.8,1.2],[10,3,10,15,5],[11,3,360],[1],[3,3,25,30],[1],[12,true,1,2,0,1.5707963267948966,360,[1]],[22,true,1,6,1,1,[1],[1]]]],[0,"fbMIFdtHpOs7Mz9zkNhQZb",1,0],[4.034,15.268,120.34,0,0,0,1,42,42,1]],[18,"tw_shine",150,4,[[17,1,-103,[60],61]],[0,"7enHXpUMlDV4S6MfRnn5kc",1,0],[5,843,1111],[0,0,0,0,0,0,1,3,3,1]],[25,"tw_shine copy",150,4,[[17,1,-104,[62],63]],[0,"58uSw3kqRHe5lHGtxC3qwe",1,0],[5,843,1111],[0,0,0,0,0,-0.9837959766282247,-0.1792915959271863,3,3,1],[1,0,0,-200.65699999999998]],[18,"bw_shine",100,4,[[13,1,2,false,-105,[64],65]],[0,"f9XmeO88VOxr14cCfqeaWF",1,0],[5,1059,1115],[0,0,0,0,0,0,1,5,5,1]],[19,"bw_bg",4,[[2,-106,[66],67]],[0,"8f0BrayYlI55dY8LJ9uoVj",1,0],[5,758,779],[0,0.5,0.3],[0,68.497,0,0,0,0,1,1,1,1]],[4,"smegawin_atlas_bigwin",4,[[27,"default","idle",0,"idle",-107,[68],69]],[0,"fbEyOvcNpI/pXR/0xs3WhM",1,0],[5,836.36,608],[65.009,189.279,0,0,0,0,1,0.7,0.7,1]],[4,"smw_coin_a",4,[[2,-108,[70],71]],[0,"44elMZoLBNVZQ87oFH8k5p",1,0],[5,741,993],[-6.606,90.275,0,0,0,0,1,1,1,1]],[4,"smw_coin_b",4,[[2,-109,[72],73]],[0,"0fI8Y1i0FHuqaeJ0pgHnW6",1,0],[5,694,1105],[0,74.862,0,0,0,0,1,1,1,1]],[4,"smw_bg_coin",4,[[2,-110,[74],75]],[0,"c3ZLd6x55Ay7jEtxS1FdPi",1,0],[5,758,457],[0,-1.661,0,0,0,0,1,1,1,1]],[19,"smw",4,[[2,-111,[76],77]],[0,"39MfHE2P5HHKfmxbw4/IgV",1,0],[5,517,301],[0,0.5,0],[-2.6,-80.472,0,0,0,0,1,1,1,1]],[21,"Particle",4,[[23,1,true,50,100,0.20000000298023224,1,0,0,70,2,0,0,0,200,-112,[78],[4,4294967295],[4,3338665983],[4,4278190080],[4,4278190080],[0,300,100],[0,0.25,0.8600000143051147],79,80]],[0,"32vxoQ+A9LRZZ00VBJecMF",1,0],[-15.682,37.843,0,0,0,0,1,1,1,1]],[46,true,4,[81,82]],[18,"g_transition",200,1,[[13,1,2,false,-113,[83],84]],[0,"32yuG7V99PwLWVaCySjZeE",1,0],[5,1075,595],[3.552,-205.077,0,0,0,0,1,1.5,1.2,1]],[40,"g_ui_shine",false,150,1,[[17,1,-114,[89],90]],[0,"04qRaLxjlKO6bYOZBneKQp",1,0],[5,1503,907],[36.873,-293.738,0,0,0,0,1,2,2,1]],[14,"1",5,[-115],[0,"25Q8RGcDRPeY3lCxTNSP+0",1,0],[5,80,0],[0,0.5,0],[-170,-10,0,0,0,0,1,0.8,0.8,0.8]],[15,"New Node",54,[[2,-116,[91],92]],[0,"4eO9wTJPtNbb4CeXXucfDg",1,0],[5,67,145],[0,0.5,0]],[14,"0",5,[-117],[0,"54fhcC9PJOpZtgZK4qLSg+",1,0],[5,80,0],[0,0.5,0],[-90,-10,0,0,0,0,1,0.8,0.8,0.8]],[15,"New Node",56,[[2,-118,[93],94]],[0,"a8xT+nsI9COo8N1zIRZBnX",1,0],[5,112,148],[0,0.5,0]],[14,".",5,[-119],[0,"959o2xg7lB2ahOFpWm6qcM",1,0],[5,20,0],[0,0.5,0],[-40,-10,0,0,0,0,1,0.8,0.8,0.8]],[15,"New Node",58,[[2,-120,[95],96]],[0,"65YTgMNWlHY75WUQUcmQGE",1,0],[5,40,51],[0,0.5,0]],[14,"0",5,[-121],[0,"7dWeumlkdF6ZV4UviVJmTm",1,0],[5,80,0],[0,0.5,0],[10,-10,0,0,0,0,1,0.8,0.8,0.8]],[15,"New Node",60,[[2,-122,[97],98]],[0,"21Nl5neWVP2pKpb9N3os3t",1,0],[5,112,148],[0,0.5,0]],[14,"0",5,[-123],[0,"ffprZvx6RD/aL3QPtlz0pZ",1,0],[5,80,0],[0,0.5,0],[90,-10,0,0,0,0,1,0.8,0.8,0.8]],[15,"New Node",62,[[2,-124,[99],100]],[0,"feem2qUotOtLZ+tCWonjEb",1,0],[5,112,148],[0,0.5,0]],[14,"0",5,[-125],[0,"04mRE0N15K85qdD/boxF68",1,0],[5,80,0],[0,0.5,0],[170,-10,0,0,0,0,1,0.8,0.8,0.8]],[15,"New Node",64,[[2,-126,[101],102]],[0,"c2bVUd5BFB7bPFdMKmTEFq",1,0],[5,112,148],[0,0.5,0]],[50,"","10.000",80,0.8,[null,null,null,null,null,null,null,null,null,null,null,null],5],[51,1,[[52,"ed905nILIdAx47oqlinLTaU","onClickBtnShowFast",1]]]],0,[0,6,1,0,0,1,0,7,67,0,8,66,0,9,51,0,10,37,0,11,23,0,0,1,0,-3,67,0,-1,7,0,-2,8,0,-3,2,0,-4,3,0,-5,4,0,-6,52,0,-7,6,0,-8,53,0,-9,5,0,-1,23,0,-1,9,0,-2,10,0,-3,11,0,-4,12,0,-5,13,0,-6,14,0,-7,15,0,-8,16,0,-9,17,0,-10,18,0,-11,19,0,-12,20,0,-13,21,0,-14,22,0,-1,37,0,-1,24,0,-2,25,0,-3,26,0,-4,27,0,-5,28,0,-6,29,0,-7,30,0,-8,31,0,-9,32,0,-10,33,0,-11,34,0,-12,35,0,-13,36,0,-1,51,0,-1,38,0,-2,39,0,-3,40,0,-4,41,0,-5,42,0,-6,43,0,-7,44,0,-8,45,0,-9,46,0,-10,47,0,-11,48,0,-12,49,0,-13,50,0,-1,66,0,-1,54,0,-2,56,0,-3,58,0,-4,60,0,-5,62,0,-6,64,0,0,6,0,0,6,0,0,7,0,0,8,0,0,9,0,0,10,0,0,11,0,0,12,0,0,13,0,0,14,0,0,15,0,0,16,0,0,17,0,0,18,0,0,19,0,0,20,0,0,21,0,0,22,0,0,24,0,0,25,0,0,26,0,0,27,0,0,28,0,0,29,0,0,30,0,0,31,0,0,32,0,0,33,0,0,34,0,0,35,0,0,36,0,0,38,0,0,39,0,0,40,0,0,41,0,0,42,0,0,43,0,0,44,0,0,45,0,0,46,0,0,47,0,0,48,0,0,49,0,0,50,0,0,52,0,0,53,0,-1,55,0,0,55,0,-1,57,0,0,57,0,-1,59,0,0,59,0,-1,61,0,0,61,0,-1,63,0,0,63,0,-1,65,0,0,65,0,12,1,126],[0,0,0,0,0,0,0,0,0,0,0,0,0,0,0,0,0,0,0,0,0,0,0,0,0,0,0,0,0,0,0,0,0,0,0,0,0,0,0,0,0,0,0,0,0,0,0,0,0,0,0,0,0,0,0,0,0,0,0,0,0,0,0,0,0,0,0,0,0,0,0,0,0,0,0,0,0,0,0,0,0,0,0,0,0,0,0,0,0,0,0,0,0,0,0,0,0,0,0,0,0,0,0,23,37,51,66],[-1,1,-1,1,-1,-1,-1,-1,1,-1,1,-1,1,-1,1,-1,1,-1,1,-1,3,-1,1,-1,1,-1,4,1,-1,-1,-2,-1,-1,-1,-1,1,-1,1,-1,1,-1,1,-1,1,-1,1,-1,3,-1,1,-1,1,-1,4,1,-1,-2,-1,-1,-1,-1,1,-1,1,-1,1,-1,1,-1,3,-1,1,-1,1,-1,1,-1,1,-1,4,1,-1,-2,-1,1,-1,1,2,-1,-1,1,-1,1,-1,1,-1,1,-1,1,-1,1,-1,1,2,2,2,13],[0,13,0,3,1,1,1,0,3,0,2,0,2,0,5,0,14,0,15,6,16,0,17,0,18,0,7,8,1,9,19,1,1,1,0,3,0,2,0,2,0,5,0,20,0,21,6,22,0,23,0,24,0,7,8,10,25,1,1,1,0,2,0,2,0,3,0,5,6,26,0,27,0,28,0,29,0,30,0,7,8,11,31,0,32,0,33,12,12,0,34,0,35,0,4,0,36,0,4,0,4,0,4,9,10,11,37]],[[{"name":"bw_shine","rect":[0,0,1059,1115],"offset":[0,0],"originalSize":[1059,1115],"capInsets":[0,0,0,0]}],[4],0,[0],[5],[38]],[[[20,"BigWinLoop",7.5,40,2,[{},"paths",11,[{"bw_coin_b":{"props":{"y":[{"frame":0,"value":237.143},{"frame":1,"value":252.143},{"frame":2,"value":237.143},{"frame":3,"value":252.143},{"frame":4,"value":237.143},{"frame":5,"value":252.143},{"frame":6,"value":237.143}]}},"bw_coin_a":{"props":{"y":[{"frame":0,"value":215.3},{"frame":1,"value":200.3},{"frame":2,"value":215.3},{"frame":3,"value":200.3},{"frame":4,"value":215.3},{"frame":5,"value":200.3},{"frame":6,"value":215.3}]}}},"tw_shine",11,[{},"props",11,[{},"scale",12,[[[{"frame":0},"value",8,[1,2,2,1]],[{"frame":0.75},"value",8,[1,2.5,2.5,1]],[{"frame":1.5},"value",8,[1,2,2,1]],[{"frame":2.25},"value",8,[1,2.5,2.5,1]],[{"frame":3},"value",8,[1,2,2,1]],[{"frame":3.75},"value",8,[1,2.5,2.5,1]],[{"frame":4.5},"value",8,[1,2,2,1]],[{"frame":5.25},"value",8,[1,2.5,2.5,1]],[{"frame":6},"value",8,[1,2,2,1]],[{"frame":6.75},"value",8,[1,2.5,2.5,1]],[{"frame":7.5},"value",8,[1,2,2,1]]],11,11,11,11,11,11,11,11,11,11,11]]],"tw_shine copy",11,[{},"props",11,[{},"scale",12,[[[{"frame":0},"value",8,[1,2.5,2.5,1]],[{"frame":0.75},"value",8,[1,2,2,1]],[{"frame":1.5},"value",8,[1,2.5,2.5,1]],[{"frame":2.25},"value",8,[1,2,2,1]],[{"frame":3},"value",8,[1,2.5,2.5,1]],[{"frame":3.75},"value",8,[1,2,2,1]],[{"frame":4.5},"value",8,[1,2.5,2.5,1]],[{"frame":5.25},"value",8,[1,2,2,1]],[{"frame":6},"value",8,[1,2.5,2.5,1]],[{"frame":6.75},"value",8,[1,2,2,1]],[{"frame":7.5},"value",8,[1,2.5,2.5,1]]],11,11,11,11,11,11,11,11,11,11,11]]]]]]],0,0,[],[],[]],[[[24,"SuperWinStart",0.9166666666666666,[{},"paths",11,[{"tw_shine":{"props":{"opacity":[{"frame":0,"value":0},{"frame":0.16666666666666666,"value":0},{"frame":0.25,"value":150}]}},"tw_shine copy":{"props":{"opacity":[{"frame":0,"value":0},{"frame":0.16666666666666666,"value":0},{"frame":0.25,"value":150}]}}},"bw_bg",11,[{},"props",11,[{},"scale",12,[[[{"frame":0},"value",8,[1,0,0,1]],[{"frame":0.2},"value",8,[1,1.1,1.1,1]],[{"frame":0.25},"value",8,[1,1,1,1]]],11,11,11]]],"smegawin_atlas_bigwin",11,[{},"props",11,[{},"scale",12,[[[{"frame":0},"value",8,[1,0,0,1]],[{"frame":0.16666666666666666},"value",8,[1,0.8,0.8,1]],[{"frame":0.25},"value",8,[1,0.7,0.7,1]]],11,11,11]]],"smw_coin_a",11,[{},"props",11,[{},"scale",12,[[[{"frame":0},"value",8,[1,0,0,1]],[{"frame":0.16666666666666666},"value",8,[1,1.1,1.1,1]],[{"frame":0.25},"value",8,[1,1,1,1]]],11,11,11]]],"smw_coin_b",11,[{},"props",11,[{},"scale",12,[[[{"frame":0},"value",8,[1,0,0,1]],[{"frame":0.16666666666666666},"value",8,[1,1.1,1.1,1]],[{"frame":0.25},"value",8,[1,1,1,1]]],11,11,11]]],"smw_bg_coin",11,[{},"props",11,[{},"scale",12,[[[{"frame":0},"value",8,[1,0,0,1]],[{"frame":0.16666666666666666},"value",8,[1,1.1,1.1,1]],[{"frame":0.25},"value",8,[1,1,1,1]]],11,11,11]]],"smw",11,[{},"props",11,[{},"scale",12,[[[{"frame":0},"value",8,[1,0,0,1]],[{"frame":0.16666666666666666},"value",8,[1,1.1,1.1,1]],[{"frame":0.25},"value",8,[1,1,1,1]]],11,11,11]]],"bw_shine",11,[{},"props",11,[{"opacity":[{"frame":0,"value":0},{"frame":0.16666666666666666,"value":0},{"frame":0.5,"value":150},{"frame":0.75,"value":150},{"frame":0.9166666666666666,"value":100}]},"scale",12,[[[{"frame":0},"value",8,[1,2,2,1]],[{"frame":0.16666666666666666},"value",8,[1,2,2,1]],[{"frame":0.9166666666666666},"value",8,[1,5,5,1]]],11,11,11]]]]]]],0,0,[],[],[]],[[[28,"BigWinStart",1.75,40,[{},"paths",11,[{"Particle1":{"props":{"active":[{"frame":0.375,"value":true}]}},"Particle2":{"props":{"active":[{"frame":0.375,"value":true}]}},"Particle3":{"props":{"active":[{"frame":0.375,"value":true}]}}},"tw_shine",11,[{},"props",11,[{},"scale",12,[[[{"frame":0},"value",8,[1,0,0,1]],[{"frame":0.25},"value",8,[1,2,2,1]]],11,11]]],"tw_shine copy",11,[{},"props",11,[{},"scale",12,[[[{"frame":0},"value",8,[1,0,0,1]],[{"frame":0.25},"value",8,[1,2.5,2.5,1]]],11,11]]],"bigwin_atlas_bigwin",11,[{},"props",11,[{"opacity":[{"frame":0,"value":255},{"frame":0.25,"value":255}]},"scale",12,[[[{"frame":0},"value",8,[1,1,1,1]],[{"frame":0.25},"value",8,[1,1,1,1]],[{"frame":0.375},"value",8,[1,1,1,1]]],11,11,11]]],"bw_bg_coin",11,[{},"props",11,[{},"scale",12,[[[{"frame":0},"value",8,[1,0,0,1]],[{"frame":0.25},"value",8,[1,1.1,1.1,1]],[{"frame":0.375},"value",8,[1,1,1,1]]],11,11,11]]],"bw",11,[{},"props",11,[{"position":[{"frame":0,"value":[0,-191.336,0]},{"frame":0.25,"value":[0,-75,0]},{"frame":0.375,"value":[0,-88,0]}]},"scale",12,[[[{"frame":0},"value",8,[1,0,0,1]],[{"frame":0.25},"value",8,[1,1.1,1.1,1]],[{"frame":0.375},"value",8,[1,1,1,1]]],11,11,11]]],"bw_bg",11,[{},"props",11,[{},"scale",12,[[[{"frame":0},"value",8,[1,0,0,1]],[{"frame":0.25},"value",8,[1,0.5,0.5,1]],[{"frame":0.375},"value",8,[1,1.15,1.15,1]],[{"frame":0.5},"value",8,[1,1,1,1]]],11,11,11,11]]],"bw_coin_a",11,[{},"props",11,[{},"scale",12,[[[{"frame":0},"value",8,[1,0,0,1]],[{"frame":0.25},"value",8,[1,1.1,1.1,1]],[{"frame":0.375},"value",8,[1,1,1,1]]],11,11,11]]],"bw_coin_b",11,[{},"props",11,[{},"scale",12,[[[{"frame":0},"value",8,[1,0,0,1]],[{"frame":0.25},"value",8,[1,1.1,1.1,1]],[{"frame":0.375},"value",8,[1,1,1,1]]],11,11,11]]],"bw_shine",11,[{},"props",11,[{"opacity":[{"frame":0,"value":0},{"frame":0.5,"value":255},{"frame":1.75,"value":100}]},"scale",12,[[[{"frame":0},"value",8,[1,2.5,2.5,1]],[{"frame":1},"value",8,[1,5,5,1]]],11,11]]]]]]],0,0,[],[],[]],[[{"name":"g_particle","rect":[0,0,51,51],"offset":[0,0],"originalSize":[51,51],"capInsets":[0,0,0,0]}],[4],0,[0],[5],[39]],[[{"name":"tw_shine","rect":[0,0,843,1111],"offset":[0,0],"originalSize":[843,1111],"capInsets":[0,0,0,0]}],[4],0,[0],[5],[40]],[[[20,"SuperWinLoop",6,40,2,[{},"paths",11,[{"smw_coin_a":{"props":{"y":[{"frame":0,"value":90},{"frame":0.75,"value":105},{"frame":1.5,"value":90},{"frame":2.25,"value":105},{"frame":3,"value":90},{"frame":3.75,"value":105},{"frame":4.5,"value":90},{"frame":5.25,"value":105},{"frame":6,"value":90}]}},"smw_coin_b":{"props":{"y":[{"frame":0,"value":75},{"frame":0.75,"value":60},{"frame":1.5,"value":74},{"frame":2.275,"value":60},{"frame":3.025,"value":74},{"frame":3.775,"value":60},{"frame":4.525,"value":74},{"frame":5.25,"value":60},{"frame":6,"value":74}]}},"Particle1":{"props":{"active":[{"frame":0,"value":true}]}},"Particle2":{"props":{"active":[{"frame":0,"value":true}]}},"Particle3":{"props":{"active":[{"frame":0,"value":true}]}}},"tw_shine",11,[{},"props",11,[{},"scale",12,[[[{"frame":0},"value",8,[1,3,3,1]],[{"frame":0.75},"value",8,[1,2.5,2.5,1]],[{"frame":1.5},"value",8,[1,3,3,1]],[{"frame":2.25},"value",8,[1,2.5,2.5,1]],[{"frame":3},"value",8,[1,3,3,1]],[{"frame":3.75},"value",8,[1,2.5,2.5,1]],[{"frame":4.5},"value",8,[1,3,3,1]],[{"frame":5.25},"value",8,[1,2.5,2.5,1]],[{"frame":6},"value",8,[1,3,3,1]]],11,11,11,11,11,11,11,11,11]]],"tw_shine copy",11,[{},"props",11,[{},"scale",12,[[[{"frame":0},"value",8,[1,2.5,2.5,1]],[{"frame":0.75},"value",8,[1,3,3,1]],[{"frame":1.5},"value",8,[1,2.5,2.5,1]],[{"frame":2.25},"value",8,[1,3,3,1]],[{"frame":3},"value",8,[1,2.5,2.5,1]],[{"frame":3.75},"value",8,[1,3,3,1]],[{"frame":4.5},"value",8,[1,2.5,2.5,1]],[{"frame":5.25},"value",8,[1,3,3,1]],[{"frame":6},"value",8,[1,2.5,2.5,1]]],11,11,11,11,11,11,11,11,11]]]]]]],0,0,[],[],[]]]]