[1,["aciBh6qP9Pyqpenf6cUFJw"],["_textureSetter"],["cc.SpriteFrame"],0,[[[{"name":"bl_bg_03","rect":[1,1157,702,702],"offset":[0,0],"originalSize":[702,702],"capInsets":[0,0,0,0]}],[0],0,[0],[0],[0]],[[{"name":"bl_bg_02","rect":[1,1,1212,1154],"offset":[0,0],"originalSize":[1212,1154],"capInsets":[0,0,0,0]}],[0],0,[0],[0],[0]],[[{"name":"bl_vfx_b_screen","rect":[895,1157,300,300],"offset":[0,0],"originalSize":[300,300],"capInsets":[0,0,0,0]}],[0],0,[0],[0],[0]],[[{"name":"bl_bg","rect":[1215,1,540,1170],"offset":[0,0],"originalSize":[540,1170],"capInsets":[0,0,0,0]}],[0],0,[0],[0],[0]]]]