[1,["adhLA1AUVLOrABmAK7jbhp"],["_textureSetter"],["cc.SpriteFrame"],0,[[[{"name":"tw_vfx_a_screen","rect":[705,1295,324,150],"offset":[0,0],"originalSize":[324,150],"rotated":1,"capInsets":[0,0,0,0]}],[0],0,[0],[0],[0]],[[{"name":"tw_particle_a_screen","rect":[579,1627,200,200],"offset":[0,0],"originalSize":[200,200],"capInsets":[0,0,0,0]}],[0],0,[0],[0],[0]],[[{"name":"tw_vfx_b_add","rect":[1,1865,394,176],"offset":[0,0],"originalSize":[394,176],"capInsets":[0,0,0,0]}],[0],0,[0],[0],[0]],[[{"name":"tw_vfx_d_screen_01","rect":[1,1675,576,188],"offset":[0,0],"originalSize":[576,188],"capInsets":[0,0,0,0]}],[0],0,[0],[0],[0]]]]