[1,["eenoAdZ1FEwoHjSPDgequ8","d4Ms8nkzlF+rWeZG6S9VeV","03NFM5RDRHHoWSoZ44A9JR","55DIHA/6lHeJk7UQQXREGd","dahqJ89DpIVpEw9Th4kTno","445pMQuLVOaZjEG7oZ7fNf","34F75WFKBOYJh/nSVBLDB0","e6tCsNZfdFepc8tOiBJlYN","47u/gou0RFnay93omMxffj","35coyD32FB24If/yGpZpZW","56i3jr7D9NKqE93aw7zCB5","141mF6tqlMKpZYtqVzy0eZ","ee/KtpQj9FEIMoklqA4cpf","aeTxsoaD5FibBa5E5oGuYa"],["_textureSetter","way_0","way_4","way_percent","way_6","way_1","way_3","way_7","way_9","way_decimal","way_2","way_comma","way_5","way_8"],["cc.SpriteFrame",["cc.SpriteAtlas",["_name","_spriteFrames"],2,11]],[[1,0,1,2]],[[[{"name":"way_4","rect":[1,73,29,34],"offset":[0,0],"originalSize":[29,34],"capInsets":[0,0,0,0]}],[0],0,[0],[0],[0]],[[{"name":"way_comma","rect":[1,390,12,16],"offset":[0,0],"originalSize":[12,16],"rotated":1,"capInsets":[0,0,0,0]}],[0],0,[0],[0],[0]],[[{"name":"way_3","rect":[1,138,28,34],"offset":[0,0],"originalSize":[28,34],"capInsets":[0,0,0,0]}],[0],0,[0],[0],[0]],[[{"name":"way_decimal","rect":[19,390,11,11],"offset":[0,0],"originalSize":[11,11],"capInsets":[0,0,0,0]}],[0],0,[0],[0],[0]],[[{"name":"way_1","rect":[1,354,22,34],"offset":[0,0],"originalSize":[22,34],"capInsets":[0,0,0,0]}],[0],0,[0],[0],[0]],[[{"name":"way_9","rect":[1,282,28,34],"offset":[0,0],"originalSize":[28,34],"capInsets":[0,0,0,0]}],[0],0,[0],[0],[0]],[[{"name":"way_percent","rect":[1,109,27,29],"offset":[0,0],"originalSize":[27,29],"rotated":1,"capInsets":[0,0,0,0]}],[0],0,[0],[0],[0]],[[{"name":"way_2","rect":[1,37,29,34],"offset":[0,0],"originalSize":[29,34],"capInsets":[0,0,0,0]}],[0],0,[0],[0],[0]],[[{"name":"way_8","rect":[1,246,28,34],"offset":[0,0],"originalSize":[28,34],"capInsets":[0,0,0,0]}],[0],0,[0],[0],[0]],[[{"name":"way_0","rect":[1,1,29,34],"offset":[0,0],"originalSize":[29,34],"capInsets":[0,0,0,0]}],[0],0,[0],[0],[0]],[[{"name":"way_6","rect":[1,210,28,34],"offset":[0,0],"originalSize":[28,34],"capInsets":[0,0,0,0]}],[0],0,[0],[0],[0]],[[{"name":"way_7","rect":[1,318,27,34],"offset":[0,0],"originalSize":[27,34],"capInsets":[0,0,0,0]}],[0],0,[0],[0],[0]],[[[0,"Alats21.plist",[{},"way_0",6,0,"way_4",6,1,"way_percent",6,2,"way_6",6,3,"way_1",6,4,"way_3",6,5,"way_7",6,6,"way_9",6,7,"way_decimal",6,8,"way_2",6,9,"way_comma",6,10,"way_5",6,11,"way_8",6,12]]],0,0,[0,0,0,0,0,0,0,0,0,0,0,0,0],[1,2,3,4,5,6,7,8,9,10,11,12,13],[1,2,3,4,5,6,7,8,9,10,11,12,13]],[[{"name":"way_5","rect":[1,174,28,34],"offset":[0,0],"originalSize":[28,34],"capInsets":[0,0,0,0]}],[0],0,[0],[0],[0]]]]