[1,["64nzRAAdFNd5KrOVR3MAU5"],0,[["sp.SkeletonData",["_name","_atlasText","textureNames","_skeletonJson","textures"],-1,3]],[[0,0,1,2,3,4,5]],[[0,"jackpot","\njackpot.png\nsize: 1216,616\nformat: RGBA8888\nfilter: Linear,Linear\nrepeat: none\nA\n  rotate: false\n  xy: 597, 128\n  size: 233, 206\n  orig: 234, 206\n  offset: 1, 0\n  index: -1\nC\n  rotate: true\n  xy: 2, 56\n  size: 140, 224\n  orig: 140, 224\n  offset: 0, 0\n  index: -1\nCOIN_STACK\n  rotate: false\n  xy: 2, 357\n  size: 383, 256\n  orig: 383, 257\n  offset: 0, 0\n  index: -1\nJ\n  rotate: true\n  xy: 673, 336\n  size: 277, 182\n  orig: 277, 183\n  offset: 0, 1\n  index: -1\nK\n  rotate: true\n  xy: 703, 29\n  size: 87, 231\n  orig: 88, 231\n  offset: 1, 0\n  index: -1\nO\n  rotate: false\n  xy: 857, 336\n  size: 199, 210\n  orig: 199, 210\n  offset: 0, 0\n  index: -1\nP\n  rotate: true\n  xy: 471, 13\n  size: 113, 230\n  orig: 113, 230\n  offset: 0, 0\n  index: -1\nT\n  rotate: false\n  xy: 387, 357\n  size: 284, 190\n  orig: 284, 190\n  offset: 0, 0\n  index: -1\nTOAST_FRAME\n  rotate: false\n  xy: 2, 198\n  size: 593, 157\n  orig: 613, 157\n  offset: 0, 0\n  index: -1\na1\n  rotate: false\n  xy: 1014, 26\n  size: 73, 90\n  orig: 73, 90\n  offset: 0, 0\n  index: -1\nc1\n  rotate: true\n  xy: 228, 2\n  size: 69, 77\n  orig: 69, 77\n  offset: 0, 0\n  index: -1\nflare1\n  rotate: false\n  xy: 387, 562\n  size: 150, 51\n  orig: 150, 51\n  offset: 0, 0\n  index: -1\nflare2\n  rotate: false\n  xy: 2, 6\n  size: 49, 48\n  orig: 51, 51\n  offset: 1, 1\n  index: -1\nj1\n  rotate: true\n  xy: 539, 565\n  size: 48, 86\n  orig: 48, 86\n  offset: 0, 0\n  index: -1\nk1\n  rotate: false\n  xy: 1058, 520\n  size: 77, 77\n  orig: 77, 77\n  offset: 0, 0\n  index: -1\nlight2\n  rotate: true\n  xy: 832, 118\n  size: 216, 217\n  orig: 217, 217\n  offset: 0, 0\n  index: -1\no1\n  rotate: false\n  xy: 1089, 39\n  size: 82, 77\n  orig: 82, 77\n  offset: 0, 0\n  index: -1\np1\n  rotate: false\n  xy: 1137, 520\n  size: 77, 77\n  orig: 77, 77\n  offset: 0, 0\n  index: -1\nstar2\n  rotate: false\n  xy: 1058, 313\n  size: 134, 205\n  orig: 134, 205\n  offset: 0, 0\n  index: -1\nstar_1\n  rotate: true\n  xy: 1051, 118\n  size: 193, 152\n  orig: 193, 152\n  offset: 0, 0\n  index: -1\nstar_3\n  rotate: true\n  xy: 228, 73\n  size: 123, 241\n  orig: 124, 241\n  offset: 1, 0\n  index: -1\nt1\n  rotate: false\n  xy: 936, 28\n  size: 76, 88\n  orig: 76, 88\n  offset: 0, 0\n  index: -1\n",["jackpot.png"],{"skeleton":{"hash":"Vqifck3wVP7LmPMSpTeLgsz+fYk","spine":"3.8.99","x":-376.45,"y":-296.07,"width":757.06,"height":737.45,"images":"","audio":"C:/Users/DELL/Downloads/Telegram Desktop/AnimJP/AnimJP"},"bones":[{"name":"root"},{"name":"Scale","parent":"root"},{"name":"K","parent":"Scale","x":-12.11,"y":71.84},{"name":"C","parent":"Scale","x":-84.03,"y":71.84},{"name":"A","parent":"Scale","x":-168.05,"y":52.16},{"name":"J","parent":"Scale","x":-241.48,"y":24.91},{"name":"P","parent":"Scale","x":67.37,"y":74.87},{"name":"O","parent":"Scale","x":168.81,"y":59.73},{"name":"T","parent":"Scale","x":250.57,"y":26.42},{"name":"star3","parent":"Scale","x":7.88,"y":163.52},{"name":"Star2","parent":"Scale","x":-97.85,"y":146.17},{"name":"Star1","parent":"Scale","x":-173.59,"y":105.93},{"name":"Star3","parent":"Scale","x":123.86,"y":146.17,"scaleX":-1},{"name":"Star4","parent":"Scale","x":198.02,"y":105.93,"scaleX":-1},{"name":"light2","parent":"Scale","x":-9.92,"y":75.87,"scaleX":1.269,"scaleY":1.269},{"name":"flare2","parent":"Scale","x":121.42,"y":-42.81,"scaleY":1.4},{"name":"flare3","parent":"Scale","x":-122.65,"y":-140.11},{"name":"flare4","parent":"Scale","x":-64.39,"y":-6.14,"scaleX":1.759,"scaleY":1.759},{"name":"coin","parent":"Scale","x":2.36,"y":-40.03},{"name":"flare5","parent":"Scale","rotation":-16.82,"x":139.61,"y":79.54,"scaleX":2.039,"scaleY":2.039},{"name":"flare6","parent":"Scale","rotation":-16.82,"x":-3.19,"y":167.94,"scaleX":2.172,"scaleY":2.172},{"name":"flare7","parent":"Scale","rotation":-52.87,"x":234.81,"y":-7.5,"scaleX":1.97,"scaleY":1.97},{"name":"light3","parent":"Scale","x":-9.92,"y":75.87,"scaleX":1.054,"scaleY":1.054},{"name":"toast","parent":"Scale","x":-10.14,"y":-94.28}],"slots":[{"name":"light2","bone":"light2","color":"ffcd00ff","attachment":"light2","blend":"additive"},{"name":"light3","bone":"light3","color":"ffcd00ff","attachment":"light2","blend":"additive"},{"name":"star_1","bone":"Star1","attachment":"star_1"},{"name":"star_2","bone":"Star4","attachment":"star_1"},{"name":"star2","bone":"Star2","attachment":"star2"},{"name":"star3","bone":"Star3","attachment":"star2"},{"name":"star_3","bone":"star3","attachment":"star_3"},{"name":"J","bone":"J","attachment":"J"},{"name":"A","bone":"A","attachment":"A"},{"name":"C","bone":"C","attachment":"C"},{"name":"T","bone":"T","attachment":"T"},{"name":"O","bone":"O","attachment":"O"},{"name":"P","bone":"P","attachment":"P"},{"name":"K","bone":"K","attachment":"K"},{"name":"COIN_STACK","bone":"coin","attachment":"COIN_STACK"},{"name":"TOAST_FRAME","bone":"toast","attachment":"TOAST_FRAME"},{"name":"flare1","bone":"flare2","attachment":"flare1","blend":"additive"},{"name":"flare2","bone":"flare3","attachment":"flare1","blend":"additive"},{"name":"C2","bone":"C","color":"fffdcd00","attachment":"c1","blend":"additive"},{"name":"A2","bone":"A","color":"fffdcd00","attachment":"a1","blend":"additive"},{"name":"J2","bone":"J","color":"fffdcd00","attachment":"j1","blend":"additive"},{"name":"K2","bone":"K","color":"fffdcd00","attachment":"k1","blend":"additive"},{"name":"O2","bone":"O","color":"fffdcd00","attachment":"o1","blend":"additive"},{"name":"P2","bone":"P","color":"fffdcd00","attachment":"p1","blend":"additive"},{"name":"T2","bone":"T","color":"fffdcd00","attachment":"t1","blend":"additive"},{"name":"flare3","bone":"flare4","color":"ffffff00","attachment":"flare2","blend":"additive"},{"name":"flare4","bone":"flare5","color":"ffffff00","attachment":"flare2","blend":"additive"},{"name":"flare5","bone":"flare6","color":"ffffff00","attachment":"flare2","blend":"additive"},{"name":"flare6","bone":"flare7","color":"ffffff00","attachment":"flare2","blend":"additive"}],"skins":[{"name":"default","attachments":{"A":{"A":{"x":80.28,"y":-57.57,"width":234,"height":206}},"A2":{"a1":{"x":6.2,"y":-3.11,"width":73,"height":90}},"C":{"C":{"x":26.84,"y":-67.59,"width":140,"height":224}},"C2":{"c1":{"x":-3.13,"y":2.05,"width":69,"height":77}},"COIN_STACK":{"COIN_STACK":{"x":-2.36,"y":-7.27,"width":383,"height":257}},"J":{"J":{"x":113.46,"y":-44.81,"width":277,"height":183}},"J2":{"j1":{"x":4.66,"width":48,"height":86}},"K":{"K":{"x":4.84,"y":-64.37,"width":88,"height":231}},"K2":{"k1":{"x":5.68,"y":8.79,"width":77,"height":77}},"O":{"O":{"x":-55.26,"y":-62.83,"width":199,"height":210}},"O2":{"o1":{"x":-0.52,"y":-0.54,"width":82,"height":77}},"P":{"P":{"x":1.02,"y":-69.01,"width":113,"height":230}},"P2":{"p1":{"x":12.93,"y":4.13,"width":77,"height":77}},"T":{"T":{"x":-90.84,"y":-41.64,"width":284,"height":190}},"T2":{"t1":{"x":7.25,"y":5.7,"width":76,"height":88}},"TOAST_FRAME":{"TOAST_FRAME":{"x":10.14,"y":2.76,"scaleX":1.2,"scaleY":1.4,"width":613,"height":157}},"flare1":{"flare1":{"x":5.62,"y":0.98,"scaleX":3.381,"scaleY":1.487,"width":150,"height":51}},"flare2":{"flare1":{"x":5.62,"y":0.98,"scaleX":3.381,"scaleY":1.487,"width":150,"height":51}},"flare3":{"flare2":{"x":0.5,"y":0.5,"width":51,"height":51}},"flare4":{"flare2":{"x":0.5,"y":0.5,"width":51,"height":51}},"flare5":{"flare2":{"x":0.5,"y":0.5,"width":51,"height":51}},"flare6":{"flare2":{"x":0.5,"y":0.5,"width":51,"height":51}},"light2":{"light2":{"x":1.73,"y":-2.53,"scaleX":2.678,"scaleY":2.678,"width":217,"height":217}},"light3":{"light2":{"x":1.73,"y":-2.53,"scaleX":2.678,"scaleY":2.678,"width":217,"height":217}},"star2":{"star2":{"x":20.18,"y":-58.17,"width":134,"height":205}},"star3":{"star2":{"x":20.18,"y":-58.17,"width":134,"height":205}},"star_1":{"star_1":{"x":59.6,"y":-42.45,"width":193,"height":152}},"star_2":{"star_1":{"x":59.6,"y":-42.45,"width":193,"height":152}},"star_3":{"star_3":{"x":5.25,"y":-63.72,"width":124,"height":241}}}}],"animations":{"Idle":{"slots":{"A2":{"color":[{"time":0.2,"color":"fffdcd00","curve":0.25,"c3":0.75},{"time":0.3667,"color":"fffdcd9c","curve":0.25,"c3":0.75},{"time":0.7333,"color":"fffdcd00","curve":"stepped"},{"time":1.8667,"color":"fffdcd00","curve":0.25,"c3":0.75},{"time":2.0333,"color":"fffdcd9c","curve":0.25,"c3":0.75},{"time":2.4,"color":"fffdcd00","curve":"stepped"},{"time":3.5333,"color":"fffdcd00","curve":0.25,"c3":0.75},{"time":3.7,"color":"fffdcd9c","curve":0.25,"c3":0.75},{"time":4.0667,"color":"fffdcd00"}]},"C2":{"color":[{"time":0.3667,"color":"fffdcd00","curve":0.25,"c3":0.75},{"time":0.5667,"color":"fffdcd9c","curve":0.25,"c3":0.75},{"time":0.9333,"color":"fffdcd00","curve":"stepped"},{"time":2.0333,"color":"fffdcd00","curve":0.25,"c3":0.75},{"time":2.2333,"color":"fffdcd9c","curve":0.25,"c3":0.75},{"time":2.6,"color":"fffdcd00","curve":"stepped"},{"time":3.7,"color":"fffdcd00","curve":0.25,"c3":0.75},{"time":3.9,"color":"fffdcd9c","curve":0.25,"c3":0.75},{"time":4.2667,"color":"fffdcd00"}]},"J2":{"color":[{"color":"fffdcd00","curve":0.25,"c3":0.75},{"time":0.2,"color":"fffdcd9c","curve":0.25,"c3":0.75},{"time":0.5667,"color":"fffdcd00","curve":"stepped"},{"time":1.6667,"color":"fffdcd00","curve":0.25,"c3":0.75},{"time":1.8667,"color":"fffdcd9c","curve":0.25,"c3":0.75},{"time":2.2333,"color":"fffdcd00","curve":"stepped"},{"time":3.3333,"color":"fffdcd00","curve":0.25,"c3":0.75},{"time":3.5333,"color":"fffdcd9c","curve":0.25,"c3":0.75},{"time":3.9,"color":"fffdcd00"}]},"K2":{"color":[{"time":0.5667,"color":"fffdcd00","curve":0.25,"c3":0.75},{"time":0.7333,"color":"fffdcd9c","curve":0.25,"c3":0.75},{"time":1.1,"color":"fffdcd00","curve":"stepped"},{"time":2.2333,"color":"fffdcd00","curve":0.25,"c3":0.75},{"time":2.4,"color":"fffdcd9c","curve":0.25,"c3":0.75},{"time":2.7667,"color":"fffdcd00","curve":"stepped"},{"time":3.9,"color":"fffdcd00","curve":0.25,"c3":0.75},{"time":4.0667,"color":"fffdcd9c","curve":0.25,"c3":0.75},{"time":4.4333,"color":"fffdcd00"}]},"O2":{"color":[{"time":0.9333,"color":"fffdcd00","curve":0.25,"c3":0.75},{"time":1.1,"color":"fffdcd9c","curve":0.25,"c3":0.75},{"time":1.5,"color":"fffdcd00","curve":"stepped"},{"time":2.6,"color":"fffdcd00","curve":0.25,"c3":0.75},{"time":2.7667,"color":"fffdcd9c","curve":0.25,"c3":0.75},{"time":3.1667,"color":"fffdcd00","curve":"stepped"},{"time":4.2667,"color":"fffdcd00","curve":0.25,"c3":0.75},{"time":4.4333,"color":"fffdcd9c","curve":0.25,"c3":0.75},{"time":4.8333,"color":"fffdcd00"}]},"P2":{"color":[{"time":0.7333,"color":"fffdcd00","curve":0.25,"c3":0.75},{"time":0.9333,"color":"fffdcd9c","curve":0.25,"c3":0.75},{"time":1.3,"color":"fffdcd00","curve":"stepped"},{"time":2.4,"color":"fffdcd00","curve":0.25,"c3":0.75},{"time":2.6,"color":"fffdcd9c","curve":0.25,"c3":0.75},{"time":2.9667,"color":"fffdcd00","curve":"stepped"},{"time":4.0667,"color":"fffdcd00","curve":0.25,"c3":0.75},{"time":4.2667,"color":"fffdcd9c","curve":0.25,"c3":0.75},{"time":4.6333,"color":"fffdcd00"}]},"T2":{"color":[{"time":1.1,"color":"fffdcd00","curve":0.25,"c3":0.75},{"time":1.3,"color":"fffdcd9c","curve":0.25,"c3":0.75},{"time":1.6667,"color":"fffdcd00","curve":"stepped"},{"time":2.7667,"color":"fffdcd00","curve":0.25,"c3":0.75},{"time":2.9667,"color":"fffdcd9c","curve":0.25,"c3":0.75},{"time":3.3333,"color":"fffdcd00","curve":"stepped"},{"time":4.4333,"color":"fffdcd00","curve":0.25,"c3":0.75},{"time":4.6333,"color":"fffdcd9c","curve":0.25,"c3":0.75},{"time":5,"color":"fffdcd00"}]},"flare1":{"color":[{"color":"ffffff00","curve":0.25,"c3":0.75},{"time":0.5,"color":"ffffffd1","curve":0.25,"c3":0.75},{"time":1.5,"color":"ffffff00","curve":"stepped"},{"time":1.6667,"color":"ffffff00","curve":0.25,"c3":0.75},{"time":2.1667,"color":"ffffffd1","curve":0.25,"c3":0.75},{"time":3.1667,"color":"ffffff00","curve":"stepped"},{"time":3.3333,"color":"ffffff00","curve":0.25,"c3":0.75},{"time":3.8333,"color":"ffffffd1","curve":0.25,"c3":0.75},{"time":4.8333,"color":"ffffff00"}]},"flare2":{"color":[{"color":"ffffff00","curve":0.25,"c3":0.75},{"time":0.5,"color":"ffffffd1","curve":0.25,"c3":0.75},{"time":1.5,"color":"ffffff00","curve":"stepped"},{"time":1.6667,"color":"ffffff00","curve":0.25,"c3":0.75},{"time":2.1667,"color":"ffffffd1","curve":0.25,"c3":0.75},{"time":3.1667,"color":"ffffff00","curve":"stepped"},{"time":3.3333,"color":"ffffff00","curve":0.25,"c3":0.75},{"time":3.8333,"color":"ffffffd1","curve":0.25,"c3":0.75},{"time":4.8333,"color":"ffffff00"}]},"flare3":{"color":[{"color":"ffffff00"},{"time":0.3333,"color":"ffffffff"},{"time":1,"color":"ffffff00","curve":"stepped"},{"time":1.6667,"color":"ffffff00"},{"time":2,"color":"ffffffff"},{"time":2.6667,"color":"ffffff00","curve":"stepped"},{"time":3.3333,"color":"ffffff00"},{"time":3.6667,"color":"ffffffff"},{"time":4.3333,"color":"ffffff00"}]},"flare4":{"color":[{"time":0.1667,"color":"ffffff00"},{"time":0.5,"color":"ffffffff"},{"time":1.1667,"color":"ffffff00","curve":"stepped"},{"time":1.8333,"color":"ffffff00"},{"time":2.1667,"color":"ffffffff"},{"time":2.8333,"color":"ffffff00","curve":"stepped"},{"time":3.5,"color":"ffffff00"},{"time":3.8333,"color":"ffffffff"},{"time":4.5,"color":"ffffff00"}]},"flare5":{"color":[{"time":0.5,"color":"ffffff00"},{"time":0.8333,"color":"ffffffff"},{"time":1.5,"color":"ffffff00","curve":"stepped"},{"time":2.1667,"color":"ffffff00"},{"time":2.5,"color":"ffffffff"},{"time":3.1667,"color":"ffffff00","curve":"stepped"},{"time":3.8333,"color":"ffffff00"},{"time":4.1667,"color":"ffffffff"},{"time":4.8333,"color":"ffffff00"}]},"flare6":{"color":[{"time":0.8333,"color":"ffffff00"},{"time":1.1667,"color":"ffffffff"},{"time":1.6667,"color":"ffffff00","curve":"stepped"},{"time":2.5,"color":"ffffff00"},{"time":2.8333,"color":"ffffffff"},{"time":3.3333,"color":"ffffff00","curve":"stepped"},{"time":4.1667,"color":"ffffff00"},{"time":4.5,"color":"ffffffff"},{"time":5,"color":"ffffff00"}]},"light2":{"color":[{"color":"ffcd0000","curve":0.284,"c3":0.625,"c4":0.38},{"time":1,"color":"ffcd00ff","curve":"stepped"},{"time":3.6667,"color":"ffcd00ff","curve":0.32,"c2":0.29,"c3":0.757},{"time":5,"color":"ffcd0000"}]},"light3":{"color":[{"color":"ffcd00ee","curve":0.334,"c2":0.34,"c3":0.758},{"time":0.9333,"color":"ffcd0000","curve":"stepped"},{"time":1.2667,"color":"ffcd0000"},{"time":2.2667,"color":"ffcd00ff","curve":"stepped"},{"time":4.9333,"color":"ffcd00ff","curve":0.326,"c2":0.3,"c3":0.66,"c4":0.64},{"time":5,"color":"ffcd00ee"}]}},"bones":{"A":{"translate":[{"time":0.2,"curve":0.25,"c3":0.75},{"time":0.3667,"x":-6.83,"y":10.25,"curve":0.25,"c3":0.75},{"time":0.7333,"curve":"stepped"},{"time":1.8667,"curve":0.25,"c3":0.75},{"time":2.0333,"x":-6.83,"y":10.25,"curve":0.25,"c3":0.75},{"time":2.4,"curve":"stepped"},{"time":3.5333,"curve":0.25,"c3":0.75},{"time":3.7,"x":-6.83,"y":10.25,"curve":0.25,"c3":0.75},{"time":4.0667}],"scale":[{"time":0.2,"curve":0.25,"c3":0.75},{"time":0.3667,"x":1.036,"y":1.036,"curve":0.25,"c3":0.75},{"time":0.7333,"curve":"stepped"},{"time":1.8667,"curve":0.25,"c3":0.75},{"time":2.0333,"x":1.036,"y":1.036,"curve":0.25,"c3":0.75},{"time":2.4,"curve":"stepped"},{"time":3.5333,"curve":0.25,"c3":0.75},{"time":3.7,"x":1.036,"y":1.036,"curve":0.25,"c3":0.75},{"time":4.0667}]},"C":{"translate":[{"time":0.3667,"curve":0.25,"c3":0.75},{"time":0.5667,"x":-5.7,"y":11.39,"curve":0.25,"c3":0.75},{"time":0.9333,"curve":"stepped"},{"time":2.0333,"curve":0.25,"c3":0.75},{"time":2.2333,"x":-5.7,"y":11.39,"curve":0.25,"c3":0.75},{"time":2.6,"curve":"stepped"},{"time":3.7,"curve":0.25,"c3":0.75},{"time":3.9,"x":-5.7,"y":11.39,"curve":0.25,"c3":0.75},{"time":4.2667}],"scale":[{"time":0.3667,"curve":0.25,"c3":0.75},{"time":0.5667,"x":1.058,"y":1.058,"curve":0.25,"c3":0.75},{"time":0.9333,"curve":"stepped"},{"time":2.0333,"curve":0.25,"c3":0.75},{"time":2.2333,"x":1.058,"y":1.058,"curve":0.25,"c3":0.75},{"time":2.6,"curve":"stepped"},{"time":3.7,"curve":0.25,"c3":0.75},{"time":3.9,"x":1.058,"y":1.058,"curve":0.25,"c3":0.75},{"time":4.2667}]},"J":{"translate":[{"curve":0.25,"c3":0.75},{"time":0.2,"x":-14.81,"y":10.25,"curve":0.25,"c3":0.75},{"time":0.5667,"curve":"stepped"},{"time":1.6667,"curve":0.25,"c3":0.75},{"time":1.8667,"x":-14.81,"y":10.25,"curve":0.25,"c3":0.75},{"time":2.2333,"curve":"stepped"},{"time":3.3333,"curve":0.25,"c3":0.75},{"time":3.5333,"x":-14.81,"y":10.25,"curve":0.25,"c3":0.75},{"time":3.9}],"scale":[{"curve":0.25,"c3":0.75},{"time":0.2,"x":1.041,"y":1.041,"curve":0.25,"c3":0.75},{"time":0.5667,"curve":"stepped"},{"time":1.6667,"curve":0.25,"c3":0.75},{"time":1.8667,"x":1.041,"y":1.041,"curve":0.25,"c3":0.75},{"time":2.2333,"curve":"stepped"},{"time":3.3333,"curve":0.25,"c3":0.75},{"time":3.5333,"x":1.041,"y":1.041,"curve":0.25,"c3":0.75},{"time":3.9}]},"K":{"translate":[{"time":0.5667,"curve":0.25,"c3":0.75},{"time":0.7333,"y":11.39,"curve":0.25,"c3":0.75},{"time":1.1,"curve":"stepped"},{"time":2.2333,"curve":0.25,"c3":0.75},{"time":2.4,"y":11.39,"curve":0.25,"c3":0.75},{"time":2.7667,"curve":"stepped"},{"time":3.9,"curve":0.25,"c3":0.75},{"time":4.0667,"y":11.39,"curve":0.25,"c3":0.75},{"time":4.4333}],"scale":[{"time":0.5667,"curve":0.25,"c3":0.75},{"time":0.7333,"x":1.061,"y":1.061,"curve":0.25,"c3":0.75},{"time":1.1,"curve":"stepped"},{"time":2.2333,"curve":0.25,"c3":0.75},{"time":2.4,"x":1.061,"y":1.061,"curve":0.25,"c3":0.75},{"time":2.7667,"curve":"stepped"},{"time":3.9,"curve":0.25,"c3":0.75},{"time":4.0667,"x":1.061,"y":1.061,"curve":0.25,"c3":0.75},{"time":4.4333}]},"O":{"translate":[{"time":0.9333,"curve":0.25,"c3":0.75},{"time":1.1,"x":2.28,"y":7.97,"curve":0.25,"c3":0.75},{"time":1.5,"curve":"stepped"},{"time":2.6,"curve":0.25,"c3":0.75},{"time":2.7667,"x":2.28,"y":7.97,"curve":0.25,"c3":0.75},{"time":3.1667,"curve":"stepped"},{"time":4.2667,"curve":0.25,"c3":0.75},{"time":4.4333,"x":2.28,"y":7.97,"curve":0.25,"c3":0.75},{"time":4.8333}],"scale":[{"time":0.9333,"curve":0.25,"c3":0.75},{"time":1.1,"x":1.064,"y":1.064,"curve":0.25,"c3":0.75},{"time":1.5,"curve":"stepped"},{"time":2.6,"curve":0.25,"c3":0.75},{"time":2.7667,"x":1.064,"y":1.064,"curve":0.25,"c3":0.75},{"time":3.1667,"curve":"stepped"},{"time":4.2667,"curve":0.25,"c3":0.75},{"time":4.4333,"x":1.064,"y":1.064,"curve":0.25,"c3":0.75},{"time":4.8333}]},"P":{"translate":[{"time":0.7333,"curve":0.25,"c3":0.75},{"time":0.9333,"y":11.39,"curve":0.25,"c3":0.75},{"time":1.3,"curve":"stepped"},{"time":2.4,"curve":0.25,"c3":0.75},{"time":2.6,"y":11.39,"curve":0.25,"c3":0.75},{"time":2.9667,"curve":"stepped"},{"time":4.0667,"curve":0.25,"c3":0.75},{"time":4.2667,"y":11.39,"curve":0.25,"c3":0.75},{"time":4.6333}],"scale":[{"time":0.7333,"curve":0.25,"c3":0.75},{"time":0.9333,"x":1.092,"y":1.092,"curve":0.25,"c3":0.75},{"time":1.3,"curve":"stepped"},{"time":2.4,"curve":0.25,"c3":0.75},{"time":2.6,"x":1.092,"y":1.092,"curve":0.25,"c3":0.75},{"time":2.9667,"curve":"stepped"},{"time":4.0667,"curve":0.25,"c3":0.75},{"time":4.2667,"x":1.092,"y":1.092,"curve":0.25,"c3":0.75},{"time":4.6333}]},"T":{"translate":[{"time":1.1,"curve":0.25,"c3":0.75},{"time":1.3,"x":4.56,"y":7.97,"curve":0.25,"c3":0.75},{"time":1.6667,"curve":"stepped"},{"time":2.7667,"curve":0.25,"c3":0.75},{"time":2.9667,"x":4.56,"y":7.97,"curve":0.25,"c3":0.75},{"time":3.3333,"curve":"stepped"},{"time":4.4333,"curve":0.25,"c3":0.75},{"time":4.6333,"x":4.56,"y":7.97,"curve":0.25,"c3":0.75},{"time":5}],"scale":[{"time":1.1,"curve":0.25,"c3":0.75},{"time":1.3,"x":1.047,"y":1.047,"curve":0.25,"c3":0.75},{"time":1.6667,"curve":"stepped"},{"time":2.7667,"curve":0.25,"c3":0.75},{"time":2.9667,"x":1.047,"y":1.047,"curve":0.25,"c3":0.75},{"time":3.3333,"curve":"stepped"},{"time":4.4333,"curve":0.25,"c3":0.75},{"time":4.6333,"x":1.047,"y":1.047,"curve":0.25,"c3":0.75},{"time":5}]},"flare2":{"translate":[{"curve":0.25,"c3":0.75},{"time":1.5,"x":-255.12},{"time":1.6667,"curve":0.25,"c3":0.75},{"time":3.1667,"x":-255.12},{"time":3.3333,"curve":0.25,"c3":0.75},{"time":4.8333,"x":-255.12}]},"flare3":{"translate":[{"x":-55.73,"curve":0.25,"c3":0.75},{"time":1.5,"x":295.94},{"time":1.6667,"x":-55.73,"curve":0.25,"c3":0.75},{"time":3.1667,"x":295.94},{"time":3.3333,"x":-55.73,"curve":0.25,"c3":0.75},{"time":4.8333,"x":295.94}]},"flare4":{"rotate":[{"curve":0.25,"c3":0.75},{"time":1,"angle":-50.44,"curve":0.25,"c3":0.75},{"time":1.6667,"curve":0.25,"c3":0.75},{"time":2.6667,"angle":-50.44,"curve":0.25,"c3":0.75},{"time":3.3333,"curve":0.25,"c3":0.75},{"time":4.3333,"angle":-50.44}],"scale":[{"curve":0.265,"c3":0.618,"c4":0.43},{"time":0.3333,"x":1.299,"y":1.299,"curve":0.351,"c2":0.4,"c3":0.757},{"time":1,"curve":"stepped"},{"time":1.6667,"curve":0.265,"c3":0.618,"c4":0.43},{"time":2,"x":1.299,"y":1.299,"curve":0.351,"c2":0.4,"c3":0.757},{"time":2.6667,"curve":"stepped"},{"time":3.3333,"curve":0.265,"c3":0.618,"c4":0.43},{"time":3.6667,"x":1.299,"y":1.299,"curve":0.351,"c2":0.4,"c3":0.757},{"time":4.3333}]},"flare5":{"rotate":[{"time":0.1667,"curve":0.25,"c3":0.75},{"time":1.1667,"angle":-50.44,"curve":0.25,"c3":0.75},{"time":1.8333,"curve":0.25,"c3":0.75},{"time":2.8333,"angle":-50.44,"curve":0.25,"c3":0.75},{"time":3.5,"curve":0.25,"c3":0.75},{"time":4.5,"angle":-50.44}],"translate":[{"time":0.1667,"x":-379.44,"y":-27.2}],"scale":[{"time":0.1667,"curve":0.265,"c3":0.618,"c4":0.43},{"time":0.5,"x":1.299,"y":1.299,"curve":0.351,"c2":0.4,"c3":0.757},{"time":1.1667,"curve":"stepped"},{"time":1.8333,"curve":0.265,"c3":0.618,"c4":0.43},{"time":2.1667,"x":1.299,"y":1.299,"curve":0.351,"c2":0.4,"c3":0.757},{"time":2.8333,"curve":"stepped"},{"time":3.5,"curve":0.265,"c3":0.618,"c4":0.43},{"time":3.8333,"x":1.299,"y":1.299,"curve":0.351,"c2":0.4,"c3":0.757},{"time":4.5}]},"flare6":{"rotate":[{"time":0.5,"curve":0.25,"c3":0.75},{"time":1.5,"angle":-50.44,"curve":0.25,"c3":0.75},{"time":2.1667,"curve":0.25,"c3":0.75},{"time":3.1667,"angle":-50.44,"curve":0.25,"c3":0.75},{"time":3.8333,"curve":0.25,"c3":0.75},{"time":4.8333,"angle":-50.44}],"translate":[{"time":0.5,"x":-5.44,"y":16.32}],"scale":[{"time":0.5,"curve":0.265,"c3":0.618,"c4":0.43},{"time":0.8333,"x":1.299,"y":1.299,"curve":0.351,"c2":0.4,"c3":0.757},{"time":1.5,"curve":"stepped"},{"time":2.1667,"curve":0.265,"c3":0.618,"c4":0.43},{"time":2.5,"x":1.299,"y":1.299,"curve":0.351,"c2":0.4,"c3":0.757},{"time":3.1667,"curve":"stepped"},{"time":3.8333,"curve":0.265,"c3":0.618,"c4":0.43},{"time":4.1667,"x":1.299,"y":1.299,"curve":0.351,"c2":0.4,"c3":0.757},{"time":4.8333}]},"flare7":{"rotate":[{"time":0.8333,"curve":0.25,"c3":0.75},{"time":1.6667,"angle":-50.44,"curve":0.25,"c3":0.75},{"time":2.5,"curve":0.25,"c3":0.75},{"time":3.3333,"angle":-50.44,"curve":0.25,"c3":0.75},{"time":4.1667,"curve":0.25,"c3":0.75},{"time":5,"angle":-50.44}],"translate":[{"time":0.8333,"x":-66.64,"y":29.92}],"scale":[{"time":0.8333,"curve":0.265,"c3":0.618,"c4":0.43},{"time":1.1667,"x":1.299,"y":1.299,"curve":0.351,"c2":0.4,"c3":0.757},{"time":1.6667,"curve":"stepped"},{"time":2.5,"curve":0.265,"c3":0.618,"c4":0.43},{"time":2.8333,"x":1.299,"y":1.299,"curve":0.351,"c2":0.4,"c3":0.757},{"time":3.3333,"curve":"stepped"},{"time":4.1667,"curve":0.265,"c3":0.618,"c4":0.43},{"time":4.5,"x":1.299,"y":1.299,"curve":0.351,"c2":0.4,"c3":0.757},{"time":5}]},"light2":{"rotate":[{},{"time":5,"angle":180}],"scale":[{"curve":0.25,"c3":0.75},{"time":1,"x":1.18,"y":1.18,"curve":0.375,"c2":0.5,"c3":0.75},{"time":2.3333,"curve":0.25,"c3":0.625,"c4":0.5},{"time":3.6667,"x":1.18,"y":1.18,"curve":0.375,"c2":0.5,"c3":0.75},{"time":5}]},"light3":{"rotate":[{"angle":144},{"time":0.9333,"angle":180},{"time":1.2667},{"time":3.6,"angle":90},{"time":5,"angle":144}],"scale":[{"x":1.164,"y":1.164,"curve":0.378,"c2":0.52,"c3":0.748},{"time":0.9333,"curve":"stepped"},{"time":1.2667,"curve":0.25,"c3":0.75},{"time":2.2667,"x":1.18,"y":1.18,"curve":0.375,"c2":0.5,"c3":0.75},{"time":3.6,"curve":0.25,"c3":0.625,"c4":0.5},{"time":4.9333,"x":1.18,"y":1.18,"curve":0.333,"c2":0.33,"c3":0.667,"c4":0.67},{"time":5,"x":1.164,"y":1.164}]},"star3":{"translate":[{"curve":0.25,"c3":0.625,"c4":0.5},{"time":0.8333,"y":10.75,"curve":0.375,"c2":0.5,"c3":0.75},{"time":1.6667,"curve":0.25,"c3":0.625,"c4":0.5},{"time":2.5,"y":10.75,"curve":0.375,"c2":0.5,"c3":0.75},{"time":3.3333,"curve":0.25,"c3":0.625,"c4":0.5},{"time":4.1667,"y":10.75,"curve":0.375,"c2":0.5,"c3":0.75},{"time":5}],"scale":[{"curve":0.25,"c3":0.625,"c4":0.5},{"time":0.8333,"x":1.094,"y":1.094,"curve":0.375,"c2":0.5,"c3":0.75},{"time":1.6667,"curve":0.25,"c3":0.625,"c4":0.5},{"time":2.5,"x":1.094,"y":1.094,"curve":0.375,"c2":0.5,"c3":0.75},{"time":3.3333,"curve":0.25,"c3":0.625,"c4":0.5},{"time":4.1667,"x":1.094,"y":1.094,"curve":0.375,"c2":0.5,"c3":0.75},{"time":5}]},"Star2":{"translate":[{"y":2.69,"curve":0.351,"c2":0.42,"c3":0.686,"c4":0.76},{"time":0.1667,"y":0.88,"curve":0.36,"c2":0.64,"c3":0.695},{"time":0.3333},{"time":1.1667,"y":10.75,"curve":0.347,"c2":0.38,"c3":0.694,"c4":0.76},{"time":1.6667,"y":2.69,"curve":0.351,"c2":0.42,"c3":0.686,"c4":0.76},{"time":1.8333,"y":0.88,"curve":0.36,"c2":0.64,"c3":0.695},{"time":2},{"time":2.8333,"y":10.75,"curve":0.347,"c2":0.38,"c3":0.694,"c4":0.76},{"time":3.3333,"y":2.69,"curve":0.351,"c2":0.42,"c3":0.686,"c4":0.76},{"time":3.5,"y":0.88,"curve":0.36,"c2":0.64,"c3":0.695},{"time":3.6667},{"time":4.5,"y":10.75,"curve":0.347,"c2":0.38,"c3":0.694,"c4":0.76},{"time":5,"y":2.69}],"scale":[{"x":1.024,"y":1.024,"curve":0.351,"c2":0.42,"c3":0.686,"c4":0.76},{"time":0.1667,"x":1.008,"y":1.008,"curve":0.36,"c2":0.64,"c3":0.695},{"time":0.3333},{"time":1.1667,"x":1.094,"y":1.094,"curve":0.347,"c2":0.38,"c3":0.694,"c4":0.76},{"time":1.6667,"x":1.024,"y":1.024,"curve":0.351,"c2":0.42,"c3":0.686,"c4":0.76},{"time":1.8333,"x":1.008,"y":1.008,"curve":0.36,"c2":0.64,"c3":0.695},{"time":2},{"time":2.8333,"x":1.094,"y":1.094,"curve":0.347,"c2":0.38,"c3":0.694,"c4":0.76},{"time":3.3333,"x":1.024,"y":1.024,"curve":0.351,"c2":0.42,"c3":0.686,"c4":0.76},{"time":3.5,"x":1.008,"y":1.008,"curve":0.36,"c2":0.64,"c3":0.695},{"time":3.6667},{"time":4.5,"x":1.094,"y":1.094,"curve":0.347,"c2":0.38,"c3":0.694,"c4":0.76},{"time":5,"x":1.024,"y":1.024}]},"Star1":{"translate":[{"y":7.87,"curve":0.349,"c2":0.39,"c3":0.689,"c4":0.74},{"time":0.3333,"y":2.77,"curve":0.375,"c2":0.62,"c3":0.716},{"time":0.6667},{"time":1.5,"y":10.75,"curve":0.335,"c2":0.34,"c3":0.67,"c4":0.68},{"time":1.6667,"y":7.87,"curve":0.349,"c2":0.39,"c3":0.689,"c4":0.74},{"time":2,"y":2.77,"curve":0.375,"c2":0.62,"c3":0.716},{"time":2.3333},{"time":3.1667,"y":10.75,"curve":0.335,"c2":0.34,"c3":0.67,"c4":0.68},{"time":3.3333,"y":7.87,"curve":0.349,"c2":0.39,"c3":0.689,"c4":0.74},{"time":3.6667,"y":2.77,"curve":0.375,"c2":0.62,"c3":0.716},{"time":4},{"time":4.8333,"y":10.75,"curve":0.335,"c2":0.34,"c3":0.67,"c4":0.68},{"time":5,"y":7.87}],"scale":[{"x":1.069,"y":1.069,"curve":0.349,"c2":0.39,"c3":0.689,"c4":0.74},{"time":0.3333,"x":1.024,"y":1.024,"curve":0.375,"c2":0.62,"c3":0.716},{"time":0.6667},{"time":1.5,"x":1.094,"y":1.094,"curve":0.335,"c2":0.34,"c3":0.67,"c4":0.68},{"time":1.6667,"x":1.069,"y":1.069,"curve":0.349,"c2":0.39,"c3":0.689,"c4":0.74},{"time":2,"x":1.024,"y":1.024,"curve":0.375,"c2":0.62,"c3":0.716},{"time":2.3333},{"time":3.1667,"x":1.094,"y":1.094,"curve":0.335,"c2":0.34,"c3":0.67,"c4":0.68},{"time":3.3333,"x":1.069,"y":1.069,"curve":0.349,"c2":0.39,"c3":0.689,"c4":0.74},{"time":3.6667,"x":1.024,"y":1.024,"curve":0.375,"c2":0.62,"c3":0.716},{"time":4},{"time":4.8333,"x":1.094,"y":1.094,"curve":0.335,"c2":0.34,"c3":0.67,"c4":0.68},{"time":5,"x":1.069,"y":1.069}]},"Star3":{"translate":[{"y":2.69,"curve":0.351,"c2":0.42,"c3":0.686,"c4":0.76},{"time":0.1667,"y":0.88,"curve":0.36,"c2":0.64,"c3":0.695},{"time":0.3333},{"time":1.1667,"y":10.75,"curve":0.347,"c2":0.38,"c3":0.694,"c4":0.76},{"time":1.6667,"y":2.69,"curve":0.351,"c2":0.42,"c3":0.686,"c4":0.76},{"time":1.8333,"y":0.88,"curve":0.36,"c2":0.64,"c3":0.695},{"time":2},{"time":2.8333,"y":10.75,"curve":0.347,"c2":0.38,"c3":0.694,"c4":0.76},{"time":3.3333,"y":2.69,"curve":0.351,"c2":0.42,"c3":0.686,"c4":0.76},{"time":3.5,"y":0.88,"curve":0.36,"c2":0.64,"c3":0.695},{"time":3.6667},{"time":4.5,"y":10.75,"curve":0.347,"c2":0.38,"c3":0.694,"c4":0.76},{"time":5,"y":2.69}],"scale":[{"x":1.015,"y":1.015,"curve":0.351,"c2":0.42,"c3":0.686,"c4":0.76},{"time":0.1667,"x":1.005,"y":1.005,"curve":0.36,"c2":0.64,"c3":0.695},{"time":0.3333,"curve":0.25,"c3":0.75},{"time":1.1667,"x":1.061,"y":1.061,"curve":0.347,"c2":0.38,"c3":0.694,"c4":0.76},{"time":1.6667,"x":1.015,"y":1.015,"curve":0.351,"c2":0.42,"c3":0.686,"c4":0.76},{"time":1.8333,"x":1.005,"y":1.005,"curve":0.36,"c2":0.64,"c3":0.695},{"time":2,"curve":0.25,"c3":0.75},{"time":2.8333,"x":1.061,"y":1.061,"curve":0.347,"c2":0.38,"c3":0.694,"c4":0.76},{"time":3.3333,"x":1.015,"y":1.015,"curve":0.351,"c2":0.42,"c3":0.686,"c4":0.76},{"time":3.5,"x":1.005,"y":1.005,"curve":0.36,"c2":0.64,"c3":0.695},{"time":3.6667,"curve":0.25,"c3":0.75},{"time":4.5,"x":1.061,"y":1.061,"curve":0.347,"c2":0.38,"c3":0.694,"c4":0.76},{"time":5,"x":1.015,"y":1.015}]},"Star4":{"translate":[{"y":7.87,"curve":0.349,"c2":0.39,"c3":0.689,"c4":0.74},{"time":0.3333,"y":2.77,"curve":0.375,"c2":0.62,"c3":0.716},{"time":0.6667},{"time":1.5,"y":10.75,"curve":0.335,"c2":0.34,"c3":0.67,"c4":0.68},{"time":1.6667,"y":7.87,"curve":0.349,"c2":0.39,"c3":0.689,"c4":0.74},{"time":2,"y":2.77,"curve":0.375,"c2":0.62,"c3":0.716},{"time":2.3333},{"time":3.1667,"y":10.75,"curve":0.335,"c2":0.34,"c3":0.67,"c4":0.68},{"time":3.3333,"y":7.87,"curve":0.349,"c2":0.39,"c3":0.689,"c4":0.74},{"time":3.6667,"y":2.77,"curve":0.375,"c2":0.62,"c3":0.716},{"time":4},{"time":4.8333,"y":10.75,"curve":0.335,"c2":0.34,"c3":0.67,"c4":0.68},{"time":5,"y":7.87}],"scale":[{"x":1.045,"y":1.045,"curve":0.349,"c2":0.39,"c3":0.689,"c4":0.74},{"time":0.3333,"x":1.016,"y":1.016,"curve":0.375,"c2":0.62,"c3":0.716},{"time":0.6667,"curve":0.25,"c3":0.75},{"time":1.5,"x":1.061,"y":1.061,"curve":0.335,"c2":0.34,"c3":0.67,"c4":0.68},{"time":1.6667,"x":1.045,"y":1.045,"curve":0.349,"c2":0.39,"c3":0.689,"c4":0.74},{"time":2,"x":1.016,"y":1.016,"curve":0.375,"c2":0.62,"c3":0.716},{"time":2.3333,"curve":0.25,"c3":0.75},{"time":3.1667,"x":1.061,"y":1.061,"curve":0.335,"c2":0.34,"c3":0.67,"c4":0.68},{"time":3.3333,"x":1.045,"y":1.045,"curve":0.349,"c2":0.39,"c3":0.689,"c4":0.74},{"time":3.6667,"x":1.016,"y":1.016,"curve":0.375,"c2":0.62,"c3":0.716},{"time":4,"curve":0.25,"c3":0.75},{"time":4.8333,"x":1.061,"y":1.061,"curve":0.335,"c2":0.34,"c3":0.67,"c4":0.68},{"time":5,"x":1.045,"y":1.045}]},"coin":{"scale":[{"curve":0.25,"c3":0.75},{"time":0.8333,"x":1.077,"y":1.077,"curve":0.25,"c3":0.75},{"time":1.6667,"curve":0.25,"c3":0.75},{"time":2.5,"x":1.077,"y":1.077,"curve":0.25,"c3":0.75},{"time":3.3333,"curve":0.25,"c3":0.75},{"time":4.1667,"x":1.077,"y":1.077,"curve":0.25,"c3":0.75},{"time":5}]}}},"Open":{"slots":{"flare1":{"color":[{"color":"ffffff00"}]},"flare2":{"color":[{"color":"ffffff00"}]},"flare4":{"color":[{"time":0.3667,"color":"ffffff00"},{"time":0.5667,"color":"ffffffff"},{"time":1.0333,"color":"ffffff00"}]},"flare5":{"color":[{"time":0.5667,"color":"ffffff00"},{"time":0.8,"color":"ffffffff"},{"time":1.1667,"color":"ffffff00"}]},"flare6":{"color":[{"time":0.3333,"color":"ffffff00"},{"time":0.6667,"color":"ffffffff"},{"time":1.1667,"color":"ffffff00"}]},"light2":{"color":[{"color":"ffcd0000","curve":0.318,"c3":0.652,"c4":0.34},{"time":0.3333,"color":"ffcd00ff","curve":0.3,"c2":0.15,"c3":0.638,"c4":0.5},{"time":1.1667,"color":"ffcd0000"}]},"light3":{"color":[{"color":"ffcd00ee","curve":"stepped"},{"time":0.3333,"color":"ffcd00ee","curve":0.334,"c2":0.33,"c3":0.672,"c4":0.68},{"time":0.6667,"color":"ffcd00ff","curve":0.382,"c2":0.56,"c3":0.74},{"time":1.1667,"color":"ffcd00ee"}]}},"bones":{"flare3":{"translate":[{"x":-55.73}]},"flare5":{"rotate":[{"time":0.3667,"curve":0.25,"c3":0.75},{"time":1.0333,"angle":-50.44}],"translate":[{"time":0.3667,"x":-121.13,"y":-118.01}],"scale":[{"time":0.3667,"curve":0.265,"c3":0.618,"c4":0.43},{"time":0.5667,"x":1.299,"y":1.299,"curve":0.351,"c2":0.4,"c3":0.757},{"time":1.0333}]},"flare6":{"rotate":[{"time":0.5667,"curve":0.25,"c3":0.75},{"time":1.1667,"angle":-50.44}],"translate":[{"time":0.5667,"x":49.52,"y":-122.79}],"scale":[{"time":0.5667,"curve":0.265,"c3":0.618,"c4":0.43},{"time":0.8,"x":1.299,"y":1.299,"curve":0.351,"c2":0.4,"c3":0.757},{"time":1.1667}]},"flare7":{"rotate":[{"time":0.3333,"curve":0.25,"c3":0.75},{"time":1.1667,"angle":-50.44}],"translate":[{"time":0.3333,"x":-432.04,"y":88.25}],"scale":[{"time":0.3333,"curve":0.265,"c3":0.618,"c4":0.43},{"time":0.6667,"x":1.299,"y":1.299,"curve":0.351,"c2":0.4,"c3":0.757},{"time":1.1667}]},"light2":{"scale":[{"curve":0.276,"c3":0.621,"c4":0.4},{"time":0.3333,"x":1.352,"y":1.352,"curve":0.333,"c2":0.33,"c3":0.758},{"time":1.1667}]},"light3":{"rotate":[{"angle":144}],"scale":[{"x":1.164,"y":1.164}]},"K":{"translate":[{"y":-42.05,"curve":"stepped"},{"time":0.1667,"y":-42.05,"curve":0.25,"c3":0.75},{"time":0.6,"x":-0.99,"y":51.51,"curve":0.25,"c3":0.75},{"time":1}],"scale":[{"time":0.1667,"curve":0.25,"c3":0.625,"c4":0.5},{"time":0.6,"x":1.307,"y":1.307,"curve":0.25,"c3":0.625,"c4":0.5},{"time":1}]},"C":{"translate":[{"y":-42.05,"curve":"stepped"},{"time":0.1667,"y":-42.05,"curve":0.25,"c3":0.75},{"time":0.5,"x":-0.99,"y":48.49,"curve":0.25,"c3":0.75},{"time":1}],"scale":[{"time":0.1667,"curve":0.25,"c3":0.75},{"time":0.5,"x":1.18,"y":1.18,"curve":0.25,"c3":0.75},{"time":1}]},"A":{"translate":[{"y":-42.05,"curve":"stepped"},{"time":0.1667,"y":-42.05,"curve":0.25,"c3":0.75},{"time":0.3333,"x":-0.99,"y":26.2,"curve":0.25,"c3":0.75},{"time":0.8333}],"scale":[{"time":0.1667,"curve":0.25,"c3":0.75},{"time":0.3333,"x":1.18,"y":1.18,"curve":0.25,"c3":0.75},{"time":0.8333}]},"J":{"translate":[{"y":-42.05,"curve":0.25,"c3":0.75},{"time":0.1667,"x":-0.99,"y":-1.34,"curve":0.25,"c3":0.75},{"time":0.6667}],"scale":[{"curve":0.25,"c3":0.75},{"time":0.1667,"x":1.18,"y":1.18,"curve":0.25,"c3":0.75},{"time":0.6667}]},"P":{"translate":[{"y":-42.05,"curve":"stepped"},{"time":0.1667,"y":-42.05,"curve":0.25,"c3":0.75},{"time":0.5,"x":-0.99,"y":48.49,"curve":0.25,"c3":0.75},{"time":1}],"scale":[{"time":0.1667,"curve":0.25,"c3":0.75},{"time":0.5,"x":1.18,"y":1.18,"curve":0.25,"c3":0.75},{"time":1}]},"O":{"translate":[{"y":-42.05,"curve":"stepped"},{"time":0.1667,"y":-42.05,"curve":0.25,"c3":0.625,"c4":0.5},{"time":0.3333,"x":-0.99,"y":26.2,"curve":0.25,"c3":0.625,"c4":0.5},{"time":0.8333}],"scale":[{"time":0.1667,"curve":0.25,"c3":0.625,"c4":0.5},{"time":0.3333,"x":1.18,"y":1.18,"curve":0.25,"c3":0.625,"c4":0.5},{"time":0.8333}]},"T":{"translate":[{"y":-42.05,"curve":0.25,"c3":0.75},{"time":0.1667,"x":-0.99,"y":1.61,"curve":0.25,"c3":0.75},{"time":0.6667}],"scale":[{"curve":0.25,"c3":0.75},{"time":0.1667,"x":1.18,"y":1.18,"curve":0.25,"c3":0.75},{"time":0.6667}]},"star3":{"translate":[{"y":-66.8,"curve":"stepped"},{"time":0.1667,"y":-66.8,"curve":0.471,"c2":0.04,"c3":0.533,"c4":0.88},{"time":0.5,"y":43.76,"curve":0.471,"c2":0.04,"c3":0.533,"c4":0.88},{"time":0.8333}],"scale":[{"time":0.1667,"curve":0.471,"c2":0.04,"c3":0.533,"c4":0.88},{"time":0.5,"x":1.198,"y":1.198,"curve":0.471,"c2":0.04,"c3":0.533,"c4":0.88},{"time":0.8333}]},"Star2":{"translate":[{"y":-65.69,"curve":"stepped"},{"time":0.1333,"y":-65.69,"curve":0.471,"c2":0.04,"c3":0.533,"c4":0.88},{"time":0.4667,"x":-13.4,"y":31.27,"curve":0.471,"c2":0.04,"c3":0.533,"c4":0.88},{"time":0.8,"y":2.69}],"scale":[{"x":1.024,"y":1.024,"curve":"stepped"},{"time":0.1333,"x":1.024,"y":1.024,"curve":0.471,"c2":0.04,"c3":0.533,"c4":0.88},{"time":0.4667,"x":1.226,"y":1.226,"curve":0.471,"c2":0.04,"c3":0.533,"c4":0.88},{"time":0.8,"x":1.024,"y":1.024}]},"Star1":{"translate":[{"y":-63.54,"curve":0.471,"c2":0.04,"c3":0.533,"c4":0.88},{"time":0.3333,"x":-24.11,"y":16.8,"curve":0.471,"c2":0.04,"c3":0.533,"c4":0.88},{"time":0.6667,"y":7.87}],"scale":[{"x":1.069,"y":1.069,"curve":0.471,"c2":0.04,"c3":0.533,"c4":0.88},{"time":0.3333,"x":1.281,"y":1.281,"curve":0.471,"c2":0.04,"c3":0.533,"c4":0.88},{"time":0.6667,"x":1.069,"y":1.069}]},"Star3":{"translate":[{"y":-65.13,"curve":"stepped"},{"time":0.1333,"y":-65.13,"curve":0.471,"c2":0.04,"c3":0.533,"c4":0.88},{"time":0.4667,"x":10.72,"y":25.02,"curve":0.471,"c2":0.04,"c3":0.533,"c4":0.88},{"time":0.8,"y":2.69}],"scale":[{"x":1.015,"y":1.015,"curve":"stepped"},{"time":0.1333,"x":1.015,"y":1.015,"curve":0.471,"c2":0.04,"c3":0.533,"c4":0.88},{"time":0.4667,"x":1.199,"y":1.199,"curve":0.471,"c2":0.04,"c3":0.533,"c4":0.88},{"time":0.8,"x":1.015,"y":1.015}]},"Star4":{"translate":[{"y":-61.91,"curve":0.471,"c2":0.04,"c3":0.533,"c4":0.88},{"time":0.3333,"x":19.65,"y":13.23,"curve":0.471,"c2":0.04,"c3":0.533,"c4":0.88},{"time":0.6667,"y":7.87}],"scale":[{"x":1.045,"y":1.045,"curve":0.471,"c2":0.04,"c3":0.533,"c4":0.88},{"time":0.3333,"x":1.234,"y":1.234,"curve":0.471,"c2":0.04,"c3":0.533,"c4":0.88},{"time":0.6667,"x":1.045,"y":1.045}]},"coin":{"translate":[{},{"time":0.3333,"y":20.95},{"time":0.8667}],"scale":[{"curve":0.276,"c3":0.621,"c4":0.4},{"time":0.3333,"x":1.347,"y":1.347,"curve":0.312,"c2":0.27,"c3":0.667,"c4":0.67},{"time":0.8667}]},"Scale":{"scale":[{"x":0.5,"y":0.5,"curve":0.25,"c3":0.75},{"time":0.4333,"x":1.275,"y":1.275,"curve":0.25,"c3":0.75},{"time":1.1667}]},"toast":{"translate":[{},{"time":0.1667,"y":-20.35},{"time":0.6667}],"scale":[{},{"time":0.3333,"x":1.262,"y":1.262},{"time":1.1667}]}}}}},[0]]],0,0,[0],[-1],[0]]