[1,["5c3LAuJi5BpKnXNh+cTIo0"],["_textureSetter"],["cc.SpriteFrame"],0,[[[{"name":"spin_sand_a_10","rect":[226,282,110,182],"offset":[0,0],"originalSize":[110,182],"capInsets":[0,0,0,0]}],[0],0,[0],[0],[0]],[[{"name":"spin_sand_a_07","rect":[346,1,107,154],"offset":[0,0],"originalSize":[107,154],"capInsets":[0,0,0,0]}],[0],0,[0],[0],[0]],[[{"name":"spin_sand_a_08","rect":[223,590,106,164],"offset":[0,0],"originalSize":[106,164],"capInsets":[0,0,0,0]}],[0],0,[0],[0],[0]],[[{"name":"spin_sand_a_12","rect":[114,289,110,212],"offset":[0,0],"originalSize":[110,212],"capInsets":[0,0,0,0]}],[0],0,[0],[0],[0]],[[{"name":"spin_sand_a_13","rect":[1,570,110,228],"offset":[0,0],"originalSize":[110,228],"capInsets":[0,0,0,0]}],[0],0,[0],[0],[0]],[[{"name":"spin_sand_a_09","rect":[338,282,108,174],"offset":[0,0],"originalSize":[108,174],"capInsets":[0,0,0,0]}],[0],0,[0],[0],[0]],[[{"name":"spin_sand_a_04","rect":[338,458,109,133],"offset":[0,0],"originalSize":[109,133],"capInsets":[0,0,0,0]}],[0],0,[0],[0],[0]],[[{"name":"spin_sand_a_11","rect":[113,570,108,188],"offset":[0,0],"originalSize":[108,188],"capInsets":[0,0,0,0]}],[0],0,[0],[0],[0]],[[{"name":"spin_sand_a_01","rect":[226,466,110,122],"offset":[0,0],"originalSize":[110,122],"capInsets":[0,0,0,0]}],[0],0,[0],[0],[0]],[[{"name":"spin_sand_a_06","rect":[331,593,105,146],"offset":[0,0],"originalSize":[105,146],"capInsets":[0,0,0,0]}],[0],0,[0],[0],[0]],[[{"name":"spin_sand_a_17","rect":[1,1,113,286],"offset":[0,0],"originalSize":[113,286],"capInsets":[0,0,0,0]}],[0],0,[0],[0],[0]],[[{"name":"spin_sand_a_14","rect":[231,1,113,244],"offset":[0,0],"originalSize":[113,244],"capInsets":[0,0,0,0]}],[0],0,[0],[0],[0]],[[{"name":"spin_sand_a_02","rect":[346,157,107,123],"offset":[0,0],"originalSize":[107,123],"capInsets":[0,0,0,0]}],[0],0,[0],[0],[0]],[[{"name":"spin_sand_a_16","rect":[1,289,111,279],"offset":[0,0],"originalSize":[111,279],"capInsets":[0,0,0,0]}],[0],0,[0],[0],[0]],[[{"name":"spin_sand_a_03","rect":[224,756,106,126],"offset":[0,0],"originalSize":[106,126],"capInsets":[0,0,0,0]}],[0],0,[0],[0],[0]],[[{"name":"spin_sand_a_05","rect":[332,741,108,140],"offset":[0,0],"originalSize":[108,140],"capInsets":[0,0,0,0]}],[0],0,[0],[0],[0]],[[{"name":"spin_sand_a_15","rect":[116,1,113,254],"offset":[0,0],"originalSize":[113,254],"capInsets":[0,0,0,0]}],[0],0,[0],[0],[0]],[[{"name":"spin_sand_a_00","rect":[113,760,109,123],"offset":[0,0],"originalSize":[109,123],"capInsets":[0,0,0,0]}],[0],0,[0],[0],[0]]]]