[1,["b8vVN9QupL6L/bi21WQEuU","93Dn2FlnZDB4Lv8zmNxwEI","eclFqQ6VZJf4SOrAmTpPhm","58u+lJRthGvY8H82eZy/jw","abay2kIidIOqosM4RZ5hA7","31nogYWp9Eeqyv/aoIxBpj","faqhje7DJJ0bZ9Td1OiJfh","c5bljdAnNIEpHAVtO+vzWM","31TYE40SNFgrpxFiiwp7/p","b1F+sW0g9IFLtwyWUGI+xZ","56qvf/nyxEVoAxdPZKUBWI","97nh1jFQlPJpQt0R71VaVk","dfSVdcMBZMvoc4waA8EEqy","c7teuL1k5MgJMr0l9Ps2BQ"],["value"],[["cc.AnimationClip",["_name","_duration","sample","curveData"],0,11]],[[0,0,1,2,3,4]],[[0,"mh_auto",0.5833333333333334,24,[{},"comps",11,[{},"cc.Sprite",11,[{},"spriteFrame",12,[[[{"frame":0},"value",6,0],[{"frame":0.041666666666666664},"value",6,1],[{"frame":0.08333333333333333},"value",6,2],[{"frame":0.125},"value",6,3],[{"frame":0.16666666666666666},"value",6,4],[{"frame":0.20833333333333334},"value",6,5],[{"frame":0.25},"value",6,6],[{"frame":0.2916666666666667},"value",6,7],[{"frame":0.3333333333333333},"value",6,8],[{"frame":0.375},"value",6,9],[{"frame":0.4166666666666667},"value",6,10],[{"frame":0.4583333333333333},"value",6,11],[{"frame":0.5},"value",6,12],[{"frame":0.5416666666666666},"value",6,13]],11,11,11,11,11,11,11,11,11,11,11,11,11,11]]]]]],0,0,[0,0,0,0,0,0,0,0,0,0,0,0,0,0],[0,0,0,0,0,0,0,0,0,0,0,0,0,0],[0,1,2,3,4,5,6,7,8,9,10,11,12,13]]