[1,["0fBvlCZ5RKXqxfTB3tXTZS","d49vYhO69NVpmMqoRa3A0K","09HIJocVxGl6MGQuwqpt3M","6fYYsCMdxHOo32O9QPNxaO","afA5iTCrRPQKjSBNn+rSex","c7PERnJnhC94MXvORuPE3C","e4OtVLLHpMM4UgmdbvYjfw","653I6ZKB5FWpnRC1oegoWV","3fuoHEoHxMc5SP2u/h/bx4","20ep+isItA+oKnpzUtrRp+","e0WA+Tx8BBVqSHWSG1PPuv","f7QQSpKudEY5+0kmd1OchV","5esSGw3ZdDqJJp6HnSvgzE","004fwNxTZO6a7EZTqU4yzD","faTLRk4ZBKK6SZSvFwP9un","6fca+j2e5GU5AZeOoSLn+d","aekF4kA4dICYl0vaZZWlRc","a4zCAmDAFNF6WuQt0met5N","b1jH9Lb7JCZKtlLmKs5VQI","211Hk+NHFAVK5BkkXLQeJ2","3brzbUJi5LQoR3lNGYZOtn","cagdTiXnlGOo5pDFfTMJxZ","c4UH4QK9hGspu+OUVXE7Uw","71KO62XIFNp79wq6ANApc9","e8v8SuvAJDb5XkmTwP1OVo","c6rWnxCbxDEq6f03E/qdz4"],["value"],[["cc.AnimationClip",["_name","_duration","sample","wrapMode","curveData"],-1,11]],[[0,0,1,2,3,4,5]],[[0,"wh_vfx_b",1.3,20,22,[{},"comps",11,[{},"cc.Sprite",11,[{},"spriteFrame",12,[[[{"frame":0},"value",6,0],[{"frame":0.05},"value",6,1],[{"frame":0.1},"value",6,2],[{"frame":0.15},"value",6,3],[{"frame":0.2},"value",6,4],[{"frame":0.25},"value",6,5],[{"frame":0.3},"value",6,6],[{"frame":0.35},"value",6,7],[{"frame":0.4},"value",6,8],[{"frame":0.45},"value",6,9],[{"frame":0.5},"value",6,10],[{"frame":0.55},"value",6,11],[{"frame":0.6},"value",6,12],[{"frame":0.65},"value",6,13],[{"frame":0.7},"value",6,14],[{"frame":0.75},"value",6,15],[{"frame":0.8},"value",6,16],[{"frame":0.85},"value",6,17],[{"frame":0.9},"value",6,18],[{"frame":0.95},"value",6,19],[{"frame":1},"value",6,20],[{"frame":1.05},"value",6,21],[{"frame":1.1},"value",6,22],[{"frame":1.15},"value",6,23],[{"frame":1.2},"value",6,24],[{"frame":1.25},"value",6,25]],11,11,11,11,11,11,11,11,11,11,11,11,11,11,11,11,11,11,11,11,11,11,11,11,11,11]]]]]],0,0,[0,0,0,0,0,0,0,0,0,0,0,0,0,0,0,0,0,0,0,0,0,0,0,0,0,0],[0,0,0,0,0,0,0,0,0,0,0,0,0,0,0,0,0,0,0,0,0,0,0,0,0,0],[0,1,2,3,4,5,6,7,8,9,10,11,12,13,14,15,16,17,18,19,20,21,22,23,24,25]]