{"paths":{"0":["alats/Alats20",3],"1":["alats/Alats27",3],"2":["alats/NearFS/Alats3",3],"3":["alats/Alats69",3],"4":["alats/Alats4",3],"5":["audio/multiActivate",4],"6":["alats/Alats34",3],"7":["audio/bgm_bigwin_end",4],"8":["alats/Alats30",3],"9":["audio/spinStopQuick",4],"10":["alats/Bkg/Alats65",3],"11":["alats/BigWin/Alats19",3],"12":["audio/spinStopNormal",4],"13":["audio/prizeSmallwin",4],"14":["spine/Symbol/h_vase_atlas_symbols",7],"15":["alats/Alats48",3],"16":["spine/Symbol/h_helm_atlas_symbols",7],"17":["spine/Symbol/h_coins_atlas_symbols",7],"18":["alats/Alats6",3],"19":["alats/Ib/Alats40",3],"20":["audio/fsSpin",4],"21":["hướng dẫn/03",3],"22":["alats/BigWin/Alats18",3],"23":["spine/Symbol/l_a_atlas_symbols",7],"24":["alats/Alats23",3],"25":["alats/FreeSpin/Alats49",3],"26":["audio/scatterWinHighlight",4],"27":["spine/Symbol/h_pegasus_atlas_symbols",7],"28":["spine/s_wild/s_wild",3],"29":["hướng dẫn/02",3],"30":["alats/Ib/Alats45",3],"31":["audio/prizeInfobarTotalwinMedEnd",4],"32":["img/71561142-4c83-4933-afca-cb7a17f67053",3],"33":["audio/menu_icon_press",4],"34":["audio/fsEnter",4],"35":["alats/Item/Alats14",3],"36":["audio/heartbeatNoise",4],"37":["spine/bg_kraken/bg_kraken",3],"38":["alats/Bkg/Alats66",3],"39":["audio/symScatter",4],"40":["spine/Symbol/h_dagger_atlas_symbols",7],"41":["alats/Bkg/Alats67",3],"42":["alats/Alats13",3],"43":["alats/Item/Alats15",3],"44":["alats/BigWin/Alats55",3],"45":["hướng dẫn/01",3],"46":["alats/Alats26",3],"47":["audio/slider_effect",4],"48":["audio/fsWonTitle",4],"49":["alats/NearFS/Alats31",3],"50":["audio/fsWonRemainingIncrease",4],"51":["alats/FreeSpin/Alats51",3],"52":["img/ef8f37c1-8540-4623-9b87-94a18d96ef48",3],"53":["audio/bgm_mg",4],"54":["img/launch",3],"55":["alats/Item/Alats17",3],"56":["img/0c957877-fe77-4d8f-99e8-2811eb7bc537",3],"57":["alats/NearFS/Alats22",3],"58":["alats/Item/Alats16",3],"59":["audio/uiCollect",4],"60":["alats/Ib/Alats38",3],"61":["alats/Alats60",3],"62":["alats/Item/Alats12",3],"63":["spine/Symbol/l_q_atlas_symbols",7],"64":["hướng dẫn/04",3],"65":["alats/Ib/Alats47",3],"66":["audio/wallet_counting_above",4],"67":["alats/Alats68",3],"68":["audio/infobarLevelUp",4],"69":["audio/spinBtn",4],"70":["spine/s_wild/s_wild",7],"71":["spine/bg_kraken/bg_kraken",7],"72":["alats/Alats7",3],"73":["spine/Symbol/h_kraken_atlas_symbols",7],"74":["audio/fsTrans",4],"75":["audio/uiStart",4],"76":["alats/BigWin/Alats59",3],"77":["img/bkg",3],"78":["img/e851e89b-faa2-4484-bea6-5c01dd9f06e2",3],"79":["audio/spinActiveLoop",4],"80":["spine/Symbol/l_j_atlas_symbols",7],"81":["alats/Ib/Alats46",3],"82":["alats/Alats5",3],"83":["spine/ui_tentacles/ui_tentacles",3],"84":["audio/bgm_totalwin_end",4],"85":["alats/Ib/Alats39",3],"86":["audio/heartbeat",4],"87":["audio/bgm_bigwin_main",4],"88":["alats/Bkg/Alats64",3],"89":["alats/Ib/Alats41",3],"90":["alats/FreeSpin/Alats29",3],"91":["alats/BigWin/Alats57",3],"92":["audio/bgm_bigwin_coins",4],"93":["audio/heartbeatSlowdrop",4],"94":["alats/Ib/Alats37",3],"95":["audio/prizeInfobarTotalwin",4],"96":["audio/multiFly",4],"97":["alats/Ib/Alats43",3],"98":["alats/Alats63",3],"99":["spine/Symbol/l_k_atlas_symbols",7],"100":["alats/BigWin/Alats54",3],"101":["alats/Alats33",3],"102":["alats/Item/Alats11",3],"103":["alats/Ib/Alats36",3],"104":["audio/list_item_click",4],"105":["spine/Symbol/symbols",3],"106":["spine/s_scatter/s_scatter",3],"107":["alats/BigWin/Alats56",3],"108":["audio/symCollapse",4],"109":["alats/Alats32",3],"110":["audio/uiInfo",4],"111":["spine/ui_tentacles/ui_tentacles",7],"112":["audio/bgm_totalwin_main",4],"113":["spine/s_scatter/s_scatter",7],"114":["alats/NearFS/Alats61",3],"115":["alats/Item/Alats24",3],"116":["alats/Ib/Alats42",3],"117":["alats/FreeSpin/Alats50",3],"118":["audio/prizeSmallwinMultiplied",4],"119":["alats/BigWin/Alats53",3],"120":["alats/Item/Alats10",3],"121":["audio/prizeInfobarTotalwinMedMain",4],"122":["spine/Symbol/h_sword_atlas_symbols",7],"123":["alats/FreeSpin/Alats52",3],"124":["spine/ui_krakens/ui_krakens",7],"125":["alats/BigWin/Alats58",3],"126":["alats/Item/Alats9",3],"127":["img/1f76ff83-6d28-48bc-a932-e50641a1fdae",3],"128":["spine/ui_krakens/ui_krakens2",3],"129":["alats/Item/Alats8",3],"130":["audio/symScatterActive",4],"131":["audio/multiUp",4],"132":["alats/Alats35",3],"133":["img/b43ff3c2-02bb-4874-81f7-f2dea6970f18",3],"134":["alats/Alats25",3],"135":["audio/bgm_fs",4],"136":["spine/ui_krakens/ui_krakens",3],"137":["audio/fastspinStart",4],"138":["alats/Alats62",3],"139":["audio/symShrink",4],"140":["audio/symWild",4],"141":["alats/FreeSpin/Alats21",3],"142":["audio/spinStopLarge",4],"143":["audio/fastspinStop",4],"144":["alats/Ib/Alats44",3],"145":["alats/Item/Alats10",2],"146":["Frefabs/LichSu",1],"147":["Anim/FreeSpin/EndFreeSpinLoop",0],"148":["alats/FreeSpin/Alats51",2],"149":["Anim/Bkg/BgBotAnim2",0],"150":["spine/ui_tentacles/ui_tentacles",6],"151":["hướng dẫn/01",5,1],"152":["Anim/FreeSpin/ShowFs1",0],"153":["alats/Ib/Alats40",2],"154":["alats/Bkg/Alats67",2],"155":["spine/ui_krakens/ui_krakens2",5,1],"156":["spine/Symbol/h_coins_atlas_symbols",6],"157":["Anim/FreeSpin/ShowFs2",0],"158":["img/launch",5,1],"159":["Frefabs/ItemXGold",1],"160":["Anim/BigWin/MegaWin",0],"161":["spine/Symbol/l_q_atlas_symbols",6],"162":["Anim/FreeSpin/NearFs1",0],"163":["img/1f76ff83-6d28-48bc-a932-e50641a1fdae",5,1],"164":["Frefabs/ItemX",1],"165":["alats/Alats60",2],"166":["Frefabs/RemoSymbol2",1],"167":["Anim/FreeSpin/NearFs2",0],"168":["alats/Ib/Alats45",2],"169":["spine/Symbol/h_helm_atlas_symbols",6],"170":["Anim/Ib/ShowTakeMoneyBigLoop",0],"171":["spine/Symbol/l_j_atlas_symbols",6],"172":["alats/BigWin/Alats18",2],"173":["spine/Symbol/l_k_atlas_symbols",6],"174":["alats/Bkg/Alats65",2],"175":["Frefabs/ShowFreeSpin",1],"176":["Anim/Bkg/BgBotAnim3",0],"177":["Anim/Ib/TakeMoneyLoop",0],"178":["Frefabs/ItemSymbol",1],"179":["alats/Ib/Alats39",2],"180":["alats/Alats7",2],"181":["alats/Alats13",2],"182":["Anim/Bkg/BgBotAnim1",0],"184":["Anim/Item/NearFreeSpin",0],"185":["alats/BigWin/Alats56",2],"186":["Anim/BigWin/BigWin",0],"188":["spine/s_wild/s_wild",5,1],"189":["alats/Bkg/Alats66",2],"190":["spine/Symbol/l_a_atlas_symbols",6],"191":["alats/Ib/Alats38",2],"192":["alats/BigWin/Alats19",2],"193":["alats/Item/Alats9",2],"194":["img/71561142-4c83-4933-afca-cb7a17f67053",5,1],"195":["Anim/Mutil/MutilLoop",0],"196":["Frefabs/CachChoi",1],"197":["Anim/FreeSpin/EyeBlink",0],"198":["alats/FreeSpin/Alats52",2],"199":["alats/Item/Alats14",2],"200":["alats/BigWin/Alats58",2],"201":["alats/FreeSpin/Alats50",2],"202":["alats/Alats4",2],"203":["spine/s_scatter/s_scatter",6],"204":["alats/Item/Alats15",2],"205":["alats/Item/Alats8",2],"206":["alats/BigWin/Alats59",2],"207":["spine/ui_krakens/ui_krakens",6],"208":["spine/Symbol/h_dagger_atlas_symbols",6],"209":["Anim/FreeSpin/NearWinScaterAdd",0],"210":["spine/bg_kraken/bg_kraken",6],"211":["Anim/Ib/ShowTotalMoneyBig",0],"212":["spine/s_wild/s_wild",6],"213":["alats/Alats69",2],"214":["alats/Ib/Alats37",2],"215":["alats/FreeSpin/Alats29",2],"216":["Anim/BigWin/SuperWin",0],"217":["alats/Alats33",2],"218":["spine/Symbol/h_pegasus_atlas_symbols",6],"219":["alats/Item/Alats11",2],"220":["Frefabs/TakeSymbol",1],"221":["Anim/BigWin/End",0],"222":["Anim/Mutil/TakeMutil2",0],"223":["alats/Alats23",2],"224":["img/e851e89b-faa2-4484-bea6-5c01dd9f06e2",5,1],"225":["alats/FreeSpin/Alats49",2],"226":["alats/Ib/Alats41",2],"227":["alats/Alats20",2],"228":["alats/BigWin/Alats55",2],"229":["spine/ui_krakens/ui_krakens",5,1],"230":["alats/BigWin/Alats54",2],"231":["img/bkg",5,1],"232":["spine/Symbol/h_sword_atlas_symbols",6],"233":["spine/s_scatter/s_scatter",5,1],"234":["alats/Alats26",2],"235":["Frefabs/NearFreeSpin",1],"236":["alats/Alats48",2],"237":["alats/Ib/Alats46",2],"238":["alats/Item/Alats24",2],"239":["alats/BigWin/Alats57",2],"240":["img/0c957877-fe77-4d8f-99e8-2811eb7bc537",5,1],"241":["Frefabs/RemoSymbol3",1],"242":["alats/NearFS/Alats22",2],"243":["alats/Alats34",2],"244":["Frefabs/NearFreeSpinNoSap",1],"245":["Anim/FreeSpin/EndFreeSpin",0],"246":["Anim/Item/RemoveItem2",0],"247":["alats/Ib/Alats36",2],"248":["alats/FreeSpin/Alats21",2],"249":["alats/Alats6",2],"250":["Anim/Item/TakeItem",0],"251":["Anim/Bkg/BotAnim4",0],"252":["spine/bg_kraken/bg_kraken",5,1],"253":["Frefabs/EndFreeSpin",1],"254":["alats/Alats35",2],"255":["alats/Item/Alats17",2],"256":["alats/NearFS/Alats61",2],"257":["hướng dẫn/03",5,1],"258":["Anim/Bkg/BgBotAnim2_2",0],"259":["alats/Alats63",2],"260":["alats/Ib/Alats47",2],"261":["alats/NearFS/Alats3",2],"262":["alats/Ib/Alats42",2],"263":["Anim/Item/RemoveItem3",0],"264":["spine/Symbol/h_vase_atlas_symbols",6],"265":["alats/Alats25",2],"266":["Anim/Item/RemoveItem1",0],"267":["hướng dẫn/04",5,1],"268":["alats/BigWin/Alats53",2],"269":["Anim/BigWin/MegaWinLoop",0],"270":["Frefabs/RemoSymbol1",1],"271":["alats/Bkg/Alats64",2],"272":["Anim/BigWin/Loop1",0],"273":["Anim/ButtonStart/StartBtn",0],"274":["Anim/FreeSpin/ShowFsLoop2",0],"275":["Anim/Mutil/TakeMutil1",0],"276":["alats/Alats62",2],"277":["alats/Alats30",2],"278":["spine/Symbol/symbols",5,1],"279":["Frefabs/BigWin",1],"280":["img/b43ff3c2-02bb-4874-81f7-f2dea6970f18",5,1],"281":["alats/Item/Alats12",2],"282":["hướng dẫn/02",5,1],"283":["img/ef8f37c1-8540-4623-9b87-94a18d96ef48",5,1],"284":["alats/NearFS/Alats31",2],"285":["alats/Ib/Alats44",2],"286":["alats/Alats68",2],"287":["alats/Item/Alats16",2],"288":["alats/Ib/Alats43",2],"289":["Anim/Bkg/Water",0],"290":["spine/Symbol/h_kraken_atlas_symbols",6],"291":["alats/Alats5",2],"293":["spine/ui_tentacles/ui_tentacles",5,1],"294":["alats/Alats27",2],"295":["Anim/FreeSpin/ShowFsLoop1",0],"296":["Anim/BigWin/ChangeTypeWin",0],"297":["Anim/FreeSpin/NearFSSb",0],"298":["alats/Alats32",2],"299":["Frefabs/NodeAddScater",1],"300":["Anim/Ib/TakeMoney",0]},"types":["cc.AnimationClip","cc.Prefab","cc.SpriteAtlas","cc.Texture2D","cc.AudioClip","cc.SpriteFrame","sp.SkeletonData","cc.Asset"],"uuids":["00dZgH+0VCFpEObbGBKDUA","03qJNihR5BOrtvqS7vzQv/","03rlYUEj1JNbdLkzxfr6T4","03/6BnzNBBCaFXJO5nS4xa","04v7AFtvBJXI1OwenKNyWK","08KeBxxO1P2Lim+wsUn6A+","08b4q2OuNPqY82u13b7L4K","09KvkvkUdNcKZIx6Epz5S6","09tpRd/atA05tl934Bw4YP","0bjjXPm5hG1Jei51v1USax","0dLEdC449Eaa4B6qXLzrAY","0dY5usddxGwbJ2BIKdSkHA","0fhMg6s8RIp7GoeSAPEV/W","0f4GxjCwFIurnFQtLTNO31","1aFD2ZOgBFVZtTSYa0AA1W","1bKYASPLhOJ5q1KL/Kem3X","1fFYubIHFDR6gljyELfWvB","1fk8eLE/RIE4YBnWVXnXfg","1fsLfTCR5GxZDz3Ue7espR","20x/uWUklLL6DxvqsliqdL","22QWOCPp5BKYNKtpIM+4X9","24rBexFY9FxbiNN46UFngc","25Km67g/FOPZJwrH22NsWi","26Brt0z5NAGLOsl8Hrw/Ym","27eNfFnv1E558sBn2vEH+o","2ass3wnM9PZJMMdWiTTk1l","2a/1/4EudIpK2SAkcEsXqr","2bv4PKQ3xNy4D6bz3EV455","2c3XhiKCZA3rTWAO7Ljh2K","2fv7Gc6wdOcr8y85FJ06di","311bZ0HxREP46UTa40nJNJ","312IeXHXBG9JCNsTIXkXf9","34v11kJJ1JiaKfvsCLRcjD","3523lqgsBJKZpxZ5dNLG7K","36KQwxWm9Dq7C8Lcmhwy3/","37DvMoRxBHdZU35Jgs/2GF","37ytS07K9PY6+9MfjTL+lD","397tAMgtFLS4jKAlSlXj5p","3a8KUqNtxL7LIT66zzuuM4","3dfX/kwJZEba9/XdUvFHtg","3f7pQHrHVFgJbw3/2c3jnl","40GhIwVjhOla/AcmXFWh44","41Fdwwh51GG4Kv0HsBS5If","42cFqxy0NMZLmiO+MCOFqA","457Dj6FrhHHqs9ordvvSjS","47cPkE2S5DUZchyvc6xX3E","48FCaT0D1C04mzo64PE9RO","48KqursLZCh590J5jfCwbF","4caX3Das9GNq7lCiWNmyjf","4c3cWmyv9NhbIVsHeGoG3i","4ePr3NlP1EzZvX3NmYSrjH","4fkx27kdxCDb36CxAnE3Lq","50ChWa2tVFqrJWLFv+U9re","53hIiYLJ9AnaNqROpQ/e4Y","58g4jyjpxB4ZasVjZL3BSq","5c+nLRBnJMIpryv/mPGc4j","5dgw992XtOsKYymS8e2yT3","5eaTqRQa9Bv6c62jynLaBj","5et+7HJkpFTIX6d9PjPLhD","66mbkCIzFCk4zBPR4y7tDO","6bruRJVBpHzLwPSdSocxF+","6cszZ9vuNPrYSuw6A2W3a4","6dyoMkEUxHUaxu2tAuk1GR","72QlYjuB9N+JCOcRO/brZn","72TmDvN2RGQqLtV5sr0NLS","73CcIpbVZGWJKSOm9Nv1eL","74QXHfBIlHLZZe70byRTnt","77zaWQh19EPIaqC1xGW5If","78HNTjsgtHWYPUhb7lrS0M","79NoydvR9ONq4umgOmy2k1","7amfA53HZHjaUrwkXw7z8f","7a64GJqANCtbV8s1MzECwl","7bhEouAmNLOZJ7iQuwRI5+","7cIgMgxK5KJYd4dHWndgKp","7dVKvfPkZNnZ1pLE4mspYT","81pHwS51NGEr8t8PuNUEdG","8135ChJr5LD5J+nazTH1uy","82XqWrvttOl6/5nFp7Bmyt","82ZG/NqiJLJbQNZPb7WmNa","82uTSMYytPGbcIkrKCXak6","83xnP9e+1KXIOUcesiY7mF","86DEeQUCJAp4E6j/mNpJpN","87+vcUUKpFnL5qhctvL14P","89twca42hGX7ZGbW3O7K9/","8eRELo3VVE16aZWM9o1RJb","8fGVdIutlJRo8sO49ISkqd","90XzXA21VDJb07bzhTFZlz","914nlqpxxA44sBTdemX57c","94tTJK/ExGrLHKLbieDDgl","95JjoCRr1EaJhW5OqppJpT","95ODR/UphCWLNPqMziz/Ai","96H4gFB/VLy5MC+ml/yFO+","96NiAU5aFClY43vJ6UwzCa","96Yv13PHtOarSuuVa5pgEj","99t3f3JddIYKpALq3TAh2+","992vCFM9FJto9iazoamI5J","a0TnvjwohDHL6vNh6FV9iN","a2A3ayak5O94RgGBVNRY8n","a3Qgc/cvFD163KOyfjCNSo","a36jTpw+BDpIb8QFrC565c","a8AAwK4kNLgq8Sdtp65O9v","aacotJj4NBQJwgNEmv4BLu","b0BKNAGmJBB7hzHmc7J9zS","b5vgRsjUdIb7iAiCyzM3mZ","b8IVct7hZD7rnrAZDxWC+c","bcBMKOZBtD4aShHDHrTXHo","bcaLOfMpxM+KTjojD9f6gc","bednGb1xRKxK1w3qup7D7C","c24fZ6/9FAqJ1uq5zfkdbt","c3WkNmMw9B04rPehKcVd4k","c36+v5helDbZ1GVH3Sx0x4","c6HA42+lBIr70aZrhX1s+S","caJ+S9Nv9MKaM7GDO7Rjl2","ca4gLzxLBFILq0QjnikNeT","ceWX+BqhdNwbGXsEYMqcAS","d2GPE9ywxBlLzoP/QVHsGa","d2gAapcs1HcqxV0215OHl+","d28ckMmndKNoF9IbEQZ7kV","d5m50TEAJKh6L7koAkweS8","d6TkHA8SVD8LR1sSk4kfWL","d6/RTTKzxG2qU8ClA2VO/d","d7Wfnp+OREwKW+/VAPrEfB","d7XbbTQR5Fc6u1WqaO/sPQ","d72HspyapPeZkD2ouzXcD0","d80mu+L2ROgIvJE8qf+ywE","d82f6iLSpH3bsPh/rX/wbj","daoWpCSv9IL7KTWUY+9BAx","dbd+Kd7/xITqKZBzD4Df2s","db8uQCKs1OpJCwYGZS+e4b","desfAIiUBMPrm7PWacU3ct","de920Oat1JU7U2n3cAkGUK","e1Uev6u3VNvYo5nPrezriX","e73VoU871PgpHOjx3AZ41a","ealWRzqsVG0JsiP+OJX/Px","ebsrikifxBPaTcNFgbgTNT","eb/+At7ahNTb+q6SaH32JO","ec5MG379dFXrCDEruMC4nN","ed6gZqg8hHqJoj7oEBwuXw","eeG12PBYNPAaooSeZHJ5At","f2bCcl46VI9awItCNnlD9b","f2wFZ2CaVK+KdagDZNh1Zl","f3prsSP8NOXag3a7xrWRlw","f5gjVa2VlBWbL2YgAvb0d3","fcGhc3hSFNlavSf6Nz1U/y","ffpEQAHr1HLL/KlJE/53PP","00+ZTKPMJDRaPDv+g/xieh","01PJdpbOFJP6BbM/KFF8js","021wcOoc1GKIKZ6po4mitV","05p6C1auZAnohdyJ9mkUpt","06FZfUCbJI7IU40RvI/AoX","0bDa3Tli5CYoMNaXy8tFNj","0dQTEfuwZCB65pEWVzC26v","0ebwdiUqJClovNOWjEMm0/","0fg8O+7FJCIJoLwb23y2g9","0foCGtXk5I2qrNANIQVQQ5","0f96OWoWdINrwyMO73JERO","16HJU5+BxD3aDIX6dQGQKQ","16Jwh2hMBPKaBkiCDAdvAA","16Zoqpb3FJgIzvqLwiZS2p","18SjFoH4pMZZ/9JkAJnmu9","1augeC8EdNCZGRCJ2JpJVJ","1cXjPRPLVJe5CH/qcy2jwy","1cfEPa0fZO3o2MAvCzym7Y","1cmT+PXN9JwJx9nJfgw5ai","1dyIhm7AhOfI0uwfUiSi9X","21runUUF5I2pBzFc/uw8Eg","23Wu8YeQxOJ5v9k8fUL7og","24YBJzAt9NIYy9bNwagVdO","27arFAW3hGI5Y0/1xA7Mhp","294KTowIZL35j8xbp9aryU","2ciG95eOpHqrO+qWkIr6sW","2d16LnRFJD7Y5jVp+DLSLS","2d/unmN9lJMqN5Pbh10giw","2eihvAWlRPeKGltigMTzjQ","2e5GcdNIpONKqeSuHloRKj","2fe7m1IcZC45kvStELh9/b","316PPzN7BD+Y8CX74TqU1Q","33y9noS6tA1LY4hZVNITyd","36507jUMJOQ7kf+S6hLIUr","3aOOy4x91Nt74EuvbQnZcS","3dSq95wP1NxZO0zVhFRZkh","3e8v/jaFtHmr2w9mbKjDjv","40hbUT6P1ASYveLQGJoocz","42YjXSwtFHSIeMk3wuxhUb","43AGjiQTNERYd8vqL2rMCv","45CBNoNWVO6rhaISKZRKEN","48AIJt0ZFDOaDTzMfYgkcB","48FzB5HpxPi7Rjom+cygoD","48bYMCwaZEba81Nohp3imp","48weXd3mlBBoqGG2gWM7D6","483P2CpudOQ5blLGOY97VU","4aF7CBy+xOh7aEk1n7u8jB","4aQvrh4SBN3pZmnGTXOSxW","4a04oP/RNPBIKgY5AJ4n0G","4cn3VcEFBC4rpaxEmZ5Ph+","4c78dPNKhDlbmnCfSxYGk0","50bCdHLvtE170kfc+HaH3V","50f8y+cqNItpOXuCqgvSrb","52HSGmcQdOPYESSM/xuX1K","53aD+UvkpMML/1RcBpetfW","53squg6IFMkrN/XMCLdalL","56YgX79SxJoZx3zP13Bw/X","5606El5WxPBLNRsSLpQDVn","59WT7EQC5NDYoN6GbyTvkC","5aQwogTdpAIoXHO8oYbFYC","5a0viVtuxJWbXQcB4lHzDf","5cw4f8Q0pFtIBdoEVBktoC","5erNEP5jtOBp+BCjTESh/l","60X/qaUSVBMrl7mVLTGmAE","60ehCtCc9Abqh78HxokQ8k","61fvpz+nVCG6r5eC3VWECI","67ivFO27VPd66itWFqyswz","69nuWlz25OrImQ4uSATPO/","69+owdZp5ERq/IwN4mnUWd","76/DVzcRtIB5w8u91sbFCP","7aeVSxzx1G7YGIaOblXnbS","7dslVNAv5NTICUj1eeP66m","7ePY5BfupDDKLhhvUpuzqU","7fpk73zW5P3qWZtkOHJuAa","82M3NJ37xHq5ZGn8EcGRGA","86DdW53ZZM04SPNPL5Z4OS","86dEU3W7NE1LaR52HGnxMu","86oWmf7aFCY6rEPqZOYWsW","87NQY7WhVPnoAPNaxPEHva","8aCLCTY91K97+3p/281gj/","8ay/jaGQFDNKHIfWXYE6SR","8bSnrB0HZPCYF2tjD243BC","8cf/qW5+RLkYIFUdShDhr1","8ekAcqVYhFNaXcFy+JTc3U","913mbtbyxNU4C4GmUZLTly","914iRde6lMM7lwLwTpM1t+","93nVUBlA9B27eCcafFWvH7","95mmztJYRCC4jl/bnk8BNC","96s2X1iZdH+5AAdZRUG1R1","961pZsTDlHfLl8f7gX8ECc","97W7cVhU5PoblFKvPoc5l5","987s/GTYxDrYMLZpYTr3ow","99iP/FSaBGkrgcGKLEDkGb","991mrVbv1KXpPsQ/CDWvqi","9e0zL+afZIiLby6wHeAiDJ","9fZbn0bJxNB6mN09u8WmfS","9fg1RfjHVMcJbecokfcMPr","9fmlesPN9ITbN5pJ8Hrnv9","a0ojpZ/H5Jf5+ihbAzSXbN","a24GMagadJA4qpI+AH4wa7","a5fkeFLMhFDrRMoU13nsyo","aeoXnuyhJCRJOVCUmFtNgF","ae1X+pY75Ij6dF5kdc5hEo","afbOSar4hBUZsTB6uQ6+aD","b2/mT7oi9GCrapdmtY16cN","b3dewq/PZA/KxDatuzhzV+","b5AOEkRMdLVKOIwNX60Ski","baT+u09+BEYqUbCdsljU4z","bbE3VewlJF24B2RnZt9uh9","bbtgXwsqxKmrRM1RaeCvG5","bct5ecjYBIyabkuWR7A3eL","beNRur205BXL/e+3ct43mH","be51mrx7ZOg6cWsl9948Fk","c0S4oIWvhNiZOazKKBhcCl","c2sbCPBNBNwb7qRFBNZ3fE","c5V4LCugdCaoLaMO5BoyrU","c6LxOyAXVE1Ki6y2PHjAi8","c6zo7R3u9BpKyjN/Y8XXmn","c8b1IO2sxOUKsJ5rmhhzbL","ccaBwNzvxGVYvk+vd3PO8T","ccyuD+G71Lc4wRflNWTzXd","cfVr41qi9KFrO+bvkr5Ha1","d3Q3lPE7NG0ptR0bAj9vl2","d5q6pDamFB9q7ubZUW8NBb","d7sZDN46NGzKrvAuMvS1zV","d9VYzVOcJLHZbUxgouWfob","da0DBU9xVLwpFomfldP544","da6Mk/DbpHS6li07W7apHe","dbsbyQHAtCj5V9nAGPIEQG","dfER1m04tEGqKiniq+zEH3","e12BLFBtVExqQWBC7uwiKX","e3Te5wDWlD3I8DTCQ4uxY1","e58o3GPwRDUogUuPY18UQC","e8+X18QOlD3ZETxyMB2Boh","ebIPpVZ7VJmandDlkb770e","ebufgEPEFKWrwTnNkRy1L5","ecP7BdkqFLmJN6c8KUjHJX","edQv7GuzlHcLDeqU0ILRQ3","edRC0fM/VFlqtFfuhflDzF","eehZrSUopDeomSQOAk+RAk","ee+nDr1LBBOoMLill5aIfP","efBIkeyZtFX7XKUicrraZr","efC9OA6f9BE5HAkUUB36hb","efRkwQiSpFWJ0rNnHrwzVy","f0tyy0eMxAqZUYQEt521iz","f2BLsu9YlGCp3Z9zfucYt/","f2GhgMFiZBdYxu/K31vWCQ","f2+6cAyDFJsbT3BwIjNOWK","f7vOQGUfZGb7jLQEzHj4mL","faTyraiHpDLaYJFyoBlqyE","fba/Z32y9Ltpv1UjOo8jfx","fdzEZ3o7RIGaeu5N+8aIpF","ffIPtBeiJFfJtTOkJYYuVe","ffkIJ9L0tO8a+tio3VLPxT","ffuvqBI0pCOqxGQw7pdCSv","ff3UWZxVVGcbgHQ39EsHMf","00BqeDs2ZFg4H2uFpn+r4r","00T8ahXWtMtqv78aQ9+fm1","00WqBFGilLrZmFxC65kw6e","00WsebFyJMFp5WJzTzphuE","00ZW5CMbtCnYDq0jCH9m2l","00i/W1O5xCgoJIhS0LRMn8","0010eDB/lOUbGvyQwyNA55","01fXbzbsZKjrow3E79d+qT","02CsXIlBFC8bynIalaMhVa","02O4wpOJlBT5W4l22GbhLu","020UD6unlBP6LoAteoW9LI","02/dYdppFKcauRtZLPCayH","03oTyDRNpD9r5J55FMmuSV","04Syk5cBRPaJE02U8+XzRn","04TZvL2e9Ltq6Y/84Z3Mdv","05ApCDEdVPZp5vZv7thCCl","05Lj63SORDTpnmWcLu8i7N","05S+WT9I1FWbB30m3963iP","05ZNXPmGdGVZ1MPRD61UcQ","05daNhV0hG4aA8QQ3fI3Rc","06BJ8cKJ5P4aq45YurDK/W","06Q5PThXRP9J7m8Vv6Bji8","06Zz+vtVFESqTz3cqIE7o0","06duyqRYtNCbp/BGO1HrbV","06rzvKH6dDy6hDzfhpheZQ","06ubTet+5Ncp53R2AbffwI","06urY36vpOuYtXnjjgh6ot","063QAx7dVN0qZuM49r8e3I","065zvAetVFGYkUeI0T7dZy","067Q09SodM867cRJMC2vpo","07T0ZCouREcpH4IpZjMqLm","07ogQAkR5NHa3TjguoQJOo","07xh5zh9RE+a5popk/YUKY","075b9iSUxAqqiCBm5ax4tR","08Gnuqc9BFoKIhY+EkAUUf","08R7lCW+NLor3U5fwxrCfI","08UNLteK1GSqD131bMtC0k","08pNk7X25PaKXwww2gb2ae","08vCzPnnlIgJpWaPtk+9ED","081wVIwuRCvbQvZCYGA3Nf","09f1ZBcqlPw50UbMvboW7D","09t28lISJFu7SjeGmkJnFP","0919bWSRpH9KefR8Nxvydi","098bUn7T5BX5cKbNAFg/qG","09+xPrAyREYL0zBbMPI8GO","0aJW1jrodPhKYwUlLxYp8c","0ayEQa+eJFbKMdTLCz5FV+","0bNutekptAALPOhoHeQ0VK","0bUOvbsYxGjoWRwr43WVs8","0bVSDXzxZHOLJ2UgVxKK7N","0bf0j+aAlL/badNT+dRFby","0bnPvwNy9HmJP5TM/bSwTR","0cEV0mAo5MWqUpSFqaFmCu","0cJNxb7LpKHrTT48YVWHKW","0cM19uuZRF+qaZJX8MlHUd","0cVGI+TYlPpaR/yMNz5kNb","0cYfSwIbVEFKmcDLUfaUO2","0cf0d5ZyVPw5YPjUx4df5u","0cjxvh+wVJP6CWwhkVioeM","0ckeDotadCeJ8fZvr1IzHz","0cqS5VLqpCDamsrgdKeRzj","0c1SkNWJNJrK3NfsjNC62c","0c6ALgH3dEoIX84nUqbNe8","0dItn8wg5E14XUtE3GvCvP","0dJS/Gj9VI87flsxH7sctZ","0dQJ7IiGxEzo64IrHR4t6b","0dQghiCVlPbqKCAtuUa8LC","0dYg14D2dERZXNnNwcwX4x","0dfB7J1hROKqbfn1k2ap4n","0dqWGtK4BIQqYGOknhBAyB","0dqz99dh9IprG0wGc6iSNk","0drFN2UtpAzqKQPMnU3Wd9","0dxMyfwSdNeLAja8itrbuE","0ePAImRMNMS4pAlevIGCj8","0eS11DFJ9HvLKpCjvN5gTe","0eaQhGefJDkJkW9ZsnTro5","0eeRN+HPZOKppfnmAgdPj5","0fCd6Ds1tM0ZWNxhVGRX3R","0fFtKbsD5Et5r4l6NcgALZ","0fQMNvZ69OipaXQpN5e+hN","0fX1dq5Z1IcZBpIRpcwt69","0fgOz2duZFHKaHgpYBbnGz","0fkIW3835Ko6IeNo5tLvxR","0fyIvuaspKm6UAhuF0ZFNA","0f7uPoAc5CWb7H/UgSdl1a","10AsWXcaxML5tRc8Hok45s","10BZD/sVNHI4/4z499S1l1","10FnBc02NGpr90K/3QqBGW","10Q9aBGeRDCql801JtgK87","10X+MOPPBPNr5TAlGeL2yv","10fHmBTg9HfrmIveCzZyEg","10rBHAp1NEhLWx8zk8Y6CP","1049pdnqNNVatE9q9/y3MV","105BiIIzxMnKtwxKVIJj4n","11AYMXpCJM25f0k9KgZF6M","11ELZAXeZGuYwQuvV9A4qM","11Ey/63UtAHJlZLW9tiBQe","11HdOyd61KSahg+cQoSHth","12V03AfFhB+Kq5574a4+1T","12pE2vhHNHirx+a5z5LdsF","129YxLzz1Ni4ufEp+008kt","13FXO11p5JXLXvAfXTinQX","14BsDaCvtL5Y1d6rpWyNp8","14XjjIN5lOB4yCV3rCV6wY","14kaYfswBL1oYMgzfpixKT","14nZDy6K5FP6hyFCziCdAr","14rN0sEqpFjKz/E4PgQk5s","141jMmyOFHm7YQMHd1kxpd","142gg9ewJPtoUUklxmU3NG","146ZxXRqtD17vKodva5wf6","15D/HZ6EJDT7BkjsYnYFaJ","15XichkhxA+L4JboW00FD/","15u8cQaDVNq4Z9acEePFHo","158yv9kMZKobUb41QSFMjt","1583yhFQxN34zdUhsjOHhg","16Utcfz19La5ga9vUSqb3c","16n4iaxjNDEIaJiv1FTI0D","16xHuMchBNv7cjKUOwyLI5","16/qp6z7hJlIyyubEAzzn5","17XnNkwIRMsofnSmtIUX7I","17eLAFlfpOxaWanChpiFFM","17+IxjrepGUah28xJ1KGXU","18NVagp+VHMocOSU+YD0io","18TZiys9hIq4vx4LHwFy0Y","18WzWNk51FY4e+Wa0yDT9F","18jWHMUQBA35cdxCh4OmnP","1822SMsx1PRK/IkG03mpkZ","183U1QfC9H0LKfCGby51AP","19KYo9JppOzJGqn2A6+LsS","19MOhm2NFJPLEzcHIYMWMn","19X360eKFDCr42ZrtNzyDB","19X48/3XZM+Kn1CyTdJ6Lc","19dPQlNrZLB7VKODNNeatJ","193M+klYxEc5NHuFRGyY4t","196ZiSczdAQYMfSD2I/Oe/","1aO4kKyENJyZz5LvuIfQFa","1aVJVl4c1JprrA4SM00V72","1aZW8sMoBK6Za/6T6Fyph9","1anESIKTZIZLh+bHcEX4Cu","1a3Q2PQ4BEL6UnUkMoOGWe","1bXoNovNhP9qNQM9Z8LzP1","1btlrlf9RNbbXvgfcieFH3","1b1dxWEr1E8KaoWMF7yQGh","1cXsiEn1FNZ7ic3AVp6nwv","1cbRIBSClDQbJc9a/de2lL","1cylVSwyJDb7ID5OoHAQ0B","1c1hP5jZFHbZOG0dsXrqUh","1c/Y/ZC2dGI4oxubvyl8ih","1dEvaZUkxK57V5F2B7tNIK","1dEzX3vzVN+JVJn1YFpe1G","1dMdpdWgdK3YlbrolmQyIt","1dStE8dF9LUbEpAR+tS+5M","1dZtsAU9RIqrAihgqqyLWZ","1dajWMvIdJs5ign4zK7O7S","1dqoPUHnRKSq/AyfkCqZ1B","1dsTxmyAlCqLZJkB4VkG+z","1eLNL7Y/RH24pird83WJP1","1esYq0M8xBHqZs4E++bn3J","1e/ZvL8ktOFJl6HIn+q/Kp","1fEemmR9dLlLRKZmt5QWj0","1fLGLwppRITYDVp50cJ5n6","1fRS1I49VBGJOz7wcQneQJ","1fcULGmo5AcpAPGSginlzZ","1fnTAwMoNKqbkkMYq8lz1g","1f2WR1v0lNxIiAfJOLK7SS","1f3/yfUTVIb47fayoQXqh1","1f6SFIo1dC05O/IROcwOh5","1f+8KL88VFSZQo72iGjYNb","20CnhN1rxMUodgAF5p41ar","20Hdw3OHtD1LAHmw8tgtw6","20XLrN0ftIWadhouRKcEfd","20o7oWL+NP+Kh4gyMJBGLU","2090AjP8lGMqMgZ7oxvZW0","21Ml5kILlIebxfaLaTTqex","21Pri/Gj9L5rCRtgYIOqc9","21THaNn/lG668MesnfOhyh","21gV0e+g1Jv7xSJzZphqQN","21x8GZNzhLsL2R7rU5IDwK","21yVVreuFMXImI2ZTMRTLC","22av5jWwFAyKkhN07/Bkom","22cGQ3D6BAQodLhkU0OP0/","223tfnpS5OPI/vE1jVbA2r","234ncPuBdLmJcCDJJyqN/h","236ursXoJD967nWU8hcGkF","24RSF9ipRN94nXUueM5Xcb","24bKVDr3VAX5t7PzfLMbcO","24t2EPMDBL1rCbUNWfVSl2","24wBhZyaZIIZ5brIgVtp/t","25D0cQJuVLG7KEiMJDyvcJ","25MEFlyXFAJ4eKkKwT8h23","25NL7GSMtMgotcdrGNEZVK","25O6y8S0dHPqkl0ciKq7NI","25Zq/ZNBZKFoDWYiaKyKAQ","26KaiiuidEppONFFgjC2E/","26fqARzzFHsYMxQNg1cuLv","26gCLNkfdBBYHjEKWBxlnE","26kLUWUr1HMZsU2mpJlBVk","263W+qlZ5ExY0FRZ7QwIOG","27DjJ0t2NOzokXsp31Qgr4","27os78+SdNNbCvWp3NeCze","27tL/4hX1ERaaRyrksXLwj","270WzPzJJI0Yn503YoiY7a","27+Cs7WcxNa6fb1T9IWUbE","27+HTSrCJCn7PljPlxlKvR","27+8VwoSJF1rV1nPQFhYxF","28ANW847lL+pXfiDkP2gQ0","28DzjM7m1L/LXxTg3qAVZG","28GlaTMKpOB53jKDwvhPFr","28SUvfIqtFC6aPA8iYtWn2","28VMrSAfdNypG3+uAF0RC8","28W//CpgtBj4fQPRtARl7U","28Xa9okt1CT5RrtZ2TGyRb","29BFqvV2VGl5SjX3MEYM+E","29FYIk+N1GYaeWH/q1NxQO","29QAV2kuBC4KpUYEbxs5+S","29fORd9n1BNIgCZTmCzf64","29hg3IcxVJjKBh05+btxS6","29zgvWrdtM1rDyOh3afM3W","2aJPN0htJBQq2G/uj3UWxH","2aOSuD9QVMlr1Uv56Wrqqs","2aPMWYLOhNGLsSPl23nX5y","2aXSv62EtGILbOAAad/DSD","2ah6vMrPRKC6pTBFs8ovLe","2ano2aIntOPK6MFqImSjDr","2aovaUukFI+I+54kXSGnvJ","2bGDC0PRtCtoCTNWCJnjYm","2bM7YKZXNIq5xfWAzQxHnO","2bNmExg+pLqKjIKv46ogbz","2blEcBbopN3oH4GxQKxhjy","2bp7KEB2pB5bhFyvQUJvQQ","2bq/z7EUNGB7qce1FKR1dN","2brIhz6CtGaIEGxzYanqOV","2bya92mm5P+5jT/4Rlq9B5","2byyF8ZGtNmqdAlxK+06IT","2cCXEkaWlHzJ/nQKAOp6Od","2cU4O2cb1HWpd4uVCd8Lop","2cbJHCtjBH2Kg6RPtdQVqD","2cfrE75v9Bv74Dq5Al/tsh","2cgelb42REK72v0MqHL/hn","2coIAJQJBFpIaI8fHclCgb","2cvAMuqP1PAqgtlqHT5c9o","2cwUBxq2tJFa4eJNf3ClZY","2c+DjROXBD6KeCBcA90SUk","2dC15FTMpEpa8CABU9uYoe","2dW+2QGmhMoJEaE9vvnuDB","2dZo/W4aNDSaVeO8rg1nso","2daBAM1lhPzpl8MN89osIY","2djFVXs0hPyKqCCbJ3aqn1","2d91u3H7RGoaUeK5Oq7NGE","2eHR4YbchB8omSAC1olp4I","2eNPdb6jBHSawQuq9xcKXh","2enr5z7wRIuLV1ZVkgLSAu","2e03N43AJPQ7V4rlGzLNSs","2fIipVoo9MLaafW5jyANB6","2fZn/kfnlLHJPGvqrZA2jA","2fe4okjdZLg72A3JDXxzOI","2ffNJa9ABAa72kLM+WuIja","2flERaIAZKyLehypY1zakC","30JgR1JT5JDaUPcsEwzp7Z","30QTRMS8dONaPL8MbAnrnQ","30btftbzhA66Qb0Nt8bM/A","30ioPoSrBM5a94E5IegXyK","30ui1cN/5OLLTZRnv1p+CZ","31HeKgWRxAKpxPPfiEqnxB","31W5n6H+xLDKsdbzHeRy9q","31gslVqItCvZn5Dn0df4mx","31imbu5UBLi4BN8fpxTRxh","32S6AqgjNIGr+upAmgJ7RR","32YFqUD61AyYK1M1pbUY7z","32fFJIFwxBEqo9ZIW8cgeF","32krf5rkRHxLK/MAuYvIEA","33F/K3gEFBCLMj6QfFH9g7","33NOezgqNN2I4z++d16q8z","33PE/HUe1GCI2qedMKPLzT","33UQb4rRJIw6trroSs0zHd","33Zp/F2e9CcqT3fN4mjKqn","33vx3WiVdCboPhsA+apEWv","34FBln+UdBR60++7+9wDee","34e0KJy7pHgpQbhP57acPf","35NTJE9K9Hyq77nSATj5Ot","35hKgDitBLKqxHXyBpP7tk","35/oWPhk9AzIy/m8/IVYtp","36KZVWy5ZA5r7qfiUhiF3+","36LVOKPAdHkbuSAlT20ZPX","36h/UbFW9FNLHInbfq+KOh","36mHTtIwFPjrxSxKEMB8Yn","36tJBa3mVOR72igrLCyq+v","36wDYDtbhDcJahbCp4JDYq","37CqpMjXpBwKUN5ON0Fsv/","37Dtz7LLdEyL2leRQbEz7n","37F3SYEKlCn4jjKVol5+LO","37UvHjxmFPAobpPP/DZUeX","37sGwX7QNDR56POtQT0wIk","37uioXpr1HDIRtr5rq2XaG","372sd7uhlOWL7Vd/IwjL16","38OrauJg9LTad6r5h9qWzn","38iWZJaVxAZqUacMpFRsrr","38/tq7oRpLm78Wqg8cae0R","39FdV1UYdMG45wg1QrTiq9","3aDUOID15DHYP7dSt8xqLz","3aF5t9W7lAg55zqplqBzk6","3aSBy1agZK64O4J62Lygvt","3aeSZMEaBMyqAPaadrvjgk","3ae7efMv1CLq2ilvUY/tQi","3anhx+QtNAUbGv3Oifj6xH","3bLZ3f59tD2rXXVfhtI/Dv","3bOMYFYW1Moa6UoFR6CzbB","3bd0DZMi5Fdpg2WCVyhpOd","3blAHeNH1OlbY5oyquiPNH","3bxlpEZtNERLwOUPPUZVvx","3b6Ab3M1dJc5l/kXeCpyc5","3b6IK4QjNOOaPBr0KXRScG","3caU8JtDpP0INH0kFgyHI3","3cl9+IMQNNp6VzqhLE+M8B","3cmM6i8QpL96zIhP0pacpg","3c7o0f1fRINasJk5s210La","3c/x55ewpEV4xbHHdswzL5","3dNa25II9Cm54NAsL71sdZ","3dan5RGMhMh6PN0/RFiOOQ","3eFCMt3/1LR64bdiOywwK5","3e1IfLjshPmZaFClX7z1eH","3e2OXan8tK66GRxX50+e9R","3fAUIAibFOzKxVdIwoPlya","3fC8Oqr/dNQ7VTuwxTjCpW","3f0P8Mvj9KeI/jbhJP+Rnk","40QkYwd0BPCaXeDPfRuuzS","40x8kFJRpDQ5gq6LtwiTVd","400R2RAjFGBo0fOPG8yG4L","405XGTH9dKd4nR7y6q8Lw0","41Adszh/ZPPILV4aL6Dthp","41I68OlgBFc6O4sn7NgbQe","41VksKeYBHYKPXPh1rLHTR","41flUNGZ9Fs6BhvgNjHXJN","41qXOrvCxFabensRQLFdO7","41yQHadbFCLJkkK3Tud0DG","42T4wjWY9Pe4Mt+cWmYujO","42b4TmUnZE6Kx6uRO/4IY5","42jdwu58FCU6NRN/hZQwwN","42l57+CFdCXLkD/dnUNd8H","42zF6pP2NLfoC+gUJyh6N6","429cgEQNlIO5oUOutIYRpl","43PY29YCBMEIGvszR9/f10","43UESnlUtCnbsV4nCIzEo2","43gR1TFghCuaYT0+vmhylr","44rA7hoDxNMJmDeblwTz+D","45Ne8zaNFOGpWXkp2uSdKX","45T93wMNtII42el21Nnz6R","45k11Lnq1FsaTioYlGGbki","458BPKCntBi6TKki1cdjTC","46eg9Lp4RGLLAaHAs17DJM","46ylakH5JFpYAzY4INL0KV","461P86xdhF/JU0IzXDQTsu","468EnW+otI/oyDSh+mGGqK","47TcD4pZNDzKyTDQJqj5/6","47U1BiivpNFqtcI+6sGRum","47VhOZYXdLbIgIzmfrBXNJ","47mFZw8R5MZaQb/B3M5cYI","48SYTvnAtLk4H7eAAsdfpH","48WagpLH9LxpMzYfgvTJ2C","48XCzMF5JD/Kkmu4JD1sM0","48qCWJIABH1qNLip7igx4J","48wby6o+1P9a+a3WTlbr9n","484TEvaPtL4qmtbC/Pakka","49F7z1EkVCF53+BZ6q7gQh","49KF1swMFG/JjwRWePRrKn","49TrpjONtPoZ0gEaUopx35","49jENBKLtAv7pMLXqZmVfA","49uAVdqP9Hc5ZuesjW05Ar","49wTMtj4ZF3KPjs6FYpumW","4asgbskEJJcr0mz/SEmcPc","4auGWofbNJdqo3K56kCFy1","4a3psNhiVJloWUcqmPQ2c1","4a95XyU19JAII+JpndmHFL","4bMfldpyRPvYLcagY1LmQm","4bd/dQAh1NnqF41r2OJPUJ","4bfw5AHgdINobaxLDFx+QL","4bm3Hbk6tFpp0OEYD1OY/q","4bvbEXbXhPAqTC0YGRYHyX","4bxfSyTXxEJ63GWdDTp2EO","4cJ6wJWmhGWaKzwLyQK1v+","4cRfDxJuNG658kC7uziydo","4dTc4xs71AV6NE6Ii64whS","4dcaUoyQxOwISq1OymWNEP","4dfazvjtdIIKxtmyYA2/DS","4doojLSzhKPbrfYMqR0KU3","4dq7gkr+hJAIxetV1BG9rV","4drqOObSlC8Y44dJDvBYwi","4ds2rHgUNNxpP0ePW0BLP5","4dtZu3yIRM65st3eludrz9","4eABlEunpDBanu9xHB+aMu","4eCo08MihNNqy8zVlH7tn+","4eYOW8I0pF9p3IzLqSpjOc","4eg0wQvDpEvbBRO3bartXo","4ewJH+4nFOA4+BlXmmnBtf","4e7D9OrZ5LHaNL+xAPQwxZ","4e7s1ncWBHhp+QeyyNmTnD","4e86tigNBAoofmaXaakLC9","4fD/9ocLtNQLxInRIsGKpw","4fThfDhV9MjolsWTWnfHLg","4fbtvA/IpKjLk0NjAsImQe","4fprXzh/tOgrRAorVN67U5","50E+I8aDBL67A6oZ0G4ePv","50NpDdSL5B3JyY1M85YGz1","50iuvPQdNEg5qb1hw7aM7k","50qfHGwnFLOb/5yCdVHuuY","51CAn27RpOJZ3AjiTRcB7j","51KmOqeIlIfLBcoghdqzrG","51Ny7NyWlLlKijyubd9d+Q","51xOk95UZGiLsC+A4fEYl/","518CMiGpBMRY7AZkvtQvjH","52Xrai2ChNma2CsQVV+aBw","52kD88QQBDw4aF4wlaZpDY","52pp4bhOtB+IX8VZgVhk6/","527efLaahLMp4I7rNDwrxj","53f3DZ0axKs6IfHxYFCNCc","53srqo0yVJLZBg1UHpP4uD","53vNZjnmRN74gbhPkzcr7/","530b1DfzVDkLOHiU6am0sC","537cIa9YFJjqHu4vdDz/ic","54G9bCQhZG6rgdzXsVl1aY","54i9mfvelLkbZ3jMdx6LNR","54l9I5m3ZG9LTTpghZU/u6","54vpKsr8dO67aaVRaMfxUP","55C/ZS5QFNZoYIqa3D28s7","56f47hNDVGAbanrWhVjhqP","57WyeuqrBNLK55zyA+aDls","57aUuKnWxNz6dsbCbWFFGb","57scuRBWBAvpjVDC7bmH7+","57x/SmsJ1C1LGC3YR5b/Qs","58MdD+Iy1GN4IlYYl8vqIC","58TNBEqPlBrZ4clqQhopH8","58d6fSL6lAhaN0hDkZt5oG","58kcubJB1JPJoOGnSKLaSs","58lAMzI8NObYpIJnpnWehy","5arssMl6xDHq2sK8Ji5mTI","5bA1LljTZIcKTZBHeMzi0f","5bQz9G2jJCXrmZhp1oqrcA","5baV63wpRPp7HzIrlvtILd","5bl/qHloRKGKdG2ODkEOJT","5cLZPyTA9M8Kk/SmhEubkG","5cMlwKj7tP2bXO310L0I9C","5cO7kybDxGj4ipyMYdRYZB","5c4E8kFW5LeIYss07bgmSq","5dNHw3gmxOiqS37zl0r1CS","5dZcIPnSlAO7/Ez+q+oTIK","5degHfoC1KJbpx0arXc4Uh","5dppik7VdPcKuNRAzrlPQM","5eJOaTuYpNQ50oiVu2OHkO","5eNUxWVkFGqony6Cq1wyVf","5eWjQAELtJfqh/wbUtoCQS","5ee0FUv3RCBqlVxBjK4D5O","5ehPNJOWNBIbVuWzBAKj5q","5e3ApgM/xHSrZk38lBIOeh","5e3RbOCQROcLALbysZ7jWx","5fGDvZCMxDkoRKFHXGYMfq","5fJTKvbK1Kz4EgQdheE/iz","5fMn6scGNOV7NGN7Pg65Xn","5fTbnJ+jtLxJKaq3uwydsB","5fefKC4FlA5atlL6vGUhvt","5fq5BOtHRIULI1HaS5Y5UB","5fyC3RdDhGLoXuk4vGbqf0","5fztNcXpBE+YAQGj/xCs0y","5f5dyqtRNNxaFmVzYns6FZ","60+6eCBDBIcZLb3S2ySP/k","61Acv7NdFH1JZMZmkGLSUt","61soLzwz5Ij6injvbmxh9n","610vlXqFJHN5ZETERDEVmi","62CMDMTHNP7IG8VKHdRyAP","62UWMx+qZPMbzhxJrrbxqk","62V+fHbslDEJGjyYuiPZPE","62jiMKdklFELRKdNke16pF","6213btKUVBl4iVq7jXAb/U","624yCM11BJ/LHNv64PYRj3","63dLlGJ4FFVK+IOm+QZhjQ","63hBc/n1ZLM7tIoeqApjwK","64WAvE1QJAcLFKqk+6GSq/","64nijO9X1NDLAq6D8yCYkm","65OSMmQgVObp9irFuzT24X","65nOx+pv5HS5m+ccm96QOK","654NC7yrdNOqikeVIj/QjL","6596f7I/hJU4Seyp8M1EQX","66QnglhrVHm5G23RERJtZQ","66mdRcAydB/426HBauB9c/","66o3wDVYhE3qtaiMtPnnOl","66veLIRPRMT6vVIGyxFtvk","67C3QpM5ZF7awHrc7mAquh","67dM/2hsRGKJIX58QopNE3","67lznr+FhIu6WSf/MvQHZh","67r1iGdaRIm4TU6iEBZj24","6745XAWmdE0Zebza7yFHdm","68m+Z0MdhPpaJRZtWY4MYP","68ocYcixJLHbWiefrXpiyk","69PRYXRwdFdYPXw7b1egpt","69bAigCrFCJ7SH3TPbHdeK","69ggTm6E1FNZlPrZB7J//k","695lal/KtAYqrElbjzbcbi","6aEn9ohPpIbLba0TrAz0oK","6aGdbUim5FD5CAvmXyOq85","6aJycmxNNM9bKvTZrj1Nd8","6bDHFRkCxAXIO/CmRCRZXG","6bK4f37htG54I+2ZpyEMJL","6buBsCvDFGzYDhmZ26Inxn","6c0Am858pCSIIaBOg3obi9","6c/ObG1rhAZ5gBYKAngKAu","6dDgaf64dM6rzVWgrP8vIc","6dLI3mBuxCcZ00U8sNKYgk","6dLefLGGtORa+osjaiGHGc","6dLf11QSxOb47PDmI0DJK2","6eqkFdvt9PDb5PUrs71a7z","6ewLcqVctGGYhrK3C1mxen","6e8biXgKBOWJotDYeehUMA","6fBTeQ6yFLPJykz6tqrXDf","6fVhR9Xq1GOo9fwHt/KC5O","6f0lpAbFREF55UZtIihzjO","70ZsX2tUJCypiFHvlsaIXe","70b+jHXDtKz5Pb3CGUNids","70qc5rX6BH75CdIvaVXBL8","705DLhvFVHzp7wcupKJWZ1","71C+klIwZKdLWRT1foBp3y","71H6JHR8xGMZ4kwkSJxb+q","71L8NWZC1IW5QRS1LTFJ4k","71NJnyRuBDQZiZh8MmdtSu","71WZL/++BLHbPoLRca4YNR","72DRfz0BlMu4Om/N3GUFg6","72bNBdsnpJ2J+DYTKBAH5B","7275xOBQtH6rn/fRTz/f1B","73Eae0n+xBib5LDepHyQbe","73mAJb7OVHqYcu2fvFRNGo","74Boo/+NFLCYqDUcXv3o0T","74fFiOnXlFf7bslgZUIMpw","75JR8bjZZAPYmUvZaUKBvE","75XIjU7SROUb+hf+HKqwKV","75iztTnjRMNaPG6nDn9JK7","75jiCE7wxPVpsNlUl+3Xod","753lO8+MlIeodS9FUaN4no","759FUhxNtFo4x8Q4x625SL","759KGEgTVMeaK+fZanYN+d","76QoagftxN0LWhPeYUABNN","76SUiMj7RGyI2gEJdkpEzT","76Tf0dzqpPHYV/5nnKTKd0","76al5/hvtO6plCb/9BloLx","76hWYGZ99IYqhv+/qEvH6x","76qBRWC5BAE41KWTad8Zg+","763zQmVwJE8JdcSWvirFnp","77IBXQzp5M16QWF3UsXJCW","77KUZ5PdZNfaTZm00NA/TN","770luMan1NRKXNB+8qNYuf","78RpK3FqdLbKgZCCvZ1ipG","78UfBFDi1Gfr0Fyc+6nIN6","78rwjl8e9Li4DTb9VNwx0w","79Rq1aQnVBha621oMNX4Fn","79Szz3OCtLiK3B43Mp2PII","79UhEJATRLG6KzOWBVSrOY","79XSEuvsVHvofoDi/YcxDk","79bku7t/pIJa++PCI2zxls","79brVF3qJN1IrNsjsIK6Gc","79tvGgyJFAwrtQgHr96xd3","79xX+S9UlC36ov/+IB7XbK","7aHQWd/xZJq73xrx9kC5LD","7aMdAAlA5KVISKxEphDKph","7aPY6WP1JLA4xypRlqO5XS","7a/QZLET9IDreTiBfRn2PD","7bBWono2VMC6Roq9beUfor","7bTK7dUA5BTpTQh1ntmFIG","7bWZX/jIdIibKbdT1+aL2g","7bXUJ5sXpG85vT5h/1gkJE","7bdQ/F23VC1aNg6Or0e4DV","7bf53CRbtGfrTXndvByrz0","7by4PTLupFbb3W70vk4Mjn","7b0q/CZk9GI7GLYlP/1/Po","7b6Ow1TbZBOZx0DqqCKvuK","7cWYFy++ZMlpNMaFFmIoDt","7ca6qAHztE3p8ffMC4uD1P","7c0XaoCmZILpKoNtaPiz1I","7dG1ndfEhFZYHqXxzkjc4i","7dZehQ2fJN/I46tETenjge","7d8q6QnNpEWZD+nti1IEYA","7eBEKVIy9K8J+uP6v+FuiM","7eDbQJtdhMnbj1GO38+zVS","7eX/piMv1MBqtt+1CUxDHf","7emn+2R/hKXowPEkxu3Gfu","7eoQkogihG/7N8xjneqfvm","7fLhmwlI1CcpFzBMMm8ZOG","7fNLDPJnVEipO2oRtBUPMy","7fpfnAhVFAhadD1/7/OYtr","7fsRCcPu1C24FQQFPTdjg9","7f6c3D4MNG0rK+OU5feB89","7f9SESFYVOpatTND0G2zNP","80QMjsNPdPyrNAfbRf33/x","80SwPHjRlDPo/vB6PVkAGL","80ffcO9URHo6avC4DH0Kl/","80jylxCmtLBZKtQotS4hGp","80pLzZhnBA7I12HdgzIFFj","80y03lQRBI84K0ihREBIc4","803KpqhHlMkqogI1ez+i0S","80+H3TDcBHUoUEeU77RJur","81bf6E4gNPVbcjjpkEsQOY","81eN67A0lO6KWTNazbXNUn","81g4uncctBY6w8Pr+HsPmE","81j/e9nHZDs7WQW5sYPhrF","81mb6rY35DvYfDOvt6JRBK","81sVEEXm5HLKdzLzaXqALH","811TZQoghIuoCL72uNulL1","816h1NvLBFxKvx1F1IbET1","82hFW1H2lHC4b1is9m8GGX","82v5LEC6VD34NrmEhpRbh9","82xsPB7ZdNbrMF9wsIvfsq","82yK5Z3qhK65QTpTyo71JL","822wke59hAbq7PGrmlIMDk","825If7VudE/ZCI7NsgvUuf","83KrJAW2tPbqVCxqHHz+0v","83Seo+W/RKM6VVEu5WhD14","83XRDwWQhJKpweJfAdzowk","83bWo0CnNGkYgHtKRAD53H","83srVsmstOD5C8vgqAq0Om","83tmbuL9tNPJyvzQD5DdrG","83vwQ/bMJG2YyNe5Aw2ouk","83471+k8ROAbmEfGMeJcAZ","837E5xF3FB84pgyNq21e0k","84LDmNQWROPo0Xt5f7F03S","84VVoL8WpBmoH/tuJH/p0R","84sMVI149DXYu6rNDmcwyd","84skFwsmdFKopEHHYF49UA","84uW+IhB5NRrHyqHq09Prz","85HuGLCwNFcplsMZcbQqHI","85QxXDsFRMxKO7plEz8Fyo","85aKDDx45J9ZBNT7AqWzq8","85i2ExMvNEA5m7M5BtEWy4","85lduiAhBHRrQ5dna3LG2F","85zJfBx0lGlb5f4Qmz2Ynz","8523HXH5NGUZqyqzDZ7fpE","855yd7eN5Jq6lwhZ3t8uN9","86OFEZT39EH4pXjDBs5IsY","86fU1vHXNE95Rg/DI7gaKl","86vgIAU/FBTaLZUApkoXNX","8645De5/lPgoHhgh2Cq+nL","87pXyqSOdGaob4LBtYw9b0","88I67CarhCiIDMtkySEZ2j","88Xhndrl9MDreCztEcy11O","88c7L2vnhHSrA/7aykKAQf","88ns26TltHAq4ioe/AQLX3","883RA28slJB555mhYMHfpn","886OVMrmRLmJo5epad2+yr","88/DThr+xF1Zj7LhDJ3cHA","89DcdZ07NK2KYNJVHMdTcq","89EDOfhWdF/oaFlLnzNC4m","89PuNSg8VPoZeR+sz7+NxF","89T+BWFjVMN4tv0KmOOxMi","89ihCDtLJInaBN38L+74nJ","8aQrnQwFJAmL0ST97HUdny","8adkYEfRdIVpK0WE9a5vRm","8ahlQJ55JFJa7rSsBlzFQ4","8a/LanldlNZLVUnbkS17gS","8bFZNos+1BHrA0zNZuKCRs","8bJe7dIiVH1ZR1XcJUSyLc","8bWpYskz1IsJcQ9a6ceVVR","8cLRnGVgRFSJxeLESnajrI","8cl9UCWQZNE6GiQzN3MGF1","8cmb6c1DxFRodiD2SVGNrr","8cq2MQKfBOZqEpMzta8G8k","8c7Udf/VlJUpdAQnRRTI4d","8dHoEQRQ9FJ78spETpsYwC","8diCApzORNG5uamQEplefj","8dzhxeCgFEbYB+q/SHOKQQ","8d00h8x6BBapcoJLFImAEy","8d3oB4KulP251Weg5xmkNZ","8d+GGhLhRBGbnxcg82qFgf","8eAcLnjg5LBLkdMIfSGvaB","8efNMyyFpEkLK0UI6iCjfA","8e6kqRdKFMDJt4OKUcrDVw","8e7AUseHdEeblOOfRVHwkY","8fM31YTIhBm5bvNtcONpNo","8fNuj409dISauatK8DHL4i","8fUCI09yJOvrSBu5Jl86RA","8f46ZOpWNEqbcGTYfpEqQE","8f46nw5gNB6KP/8jZdbUg3","90ceqHZAlNHJc4F8uyz5aC","90cu2NAPNA8IyXMS5zzTjt","90jW6njJ9Nlo7E656UEQwL","90uMsu/XJFj4ERfceixn0F","9016hYKv9EZKumFpup04zp","91Szdy8fJEiZXAygj/STfy","91yY0DkyhD27R/pmmtSrTg","91ysbRUNBHWLQc0vrzmy1h","911Fsxja1NyLoPbJd0we1K","92BUYhMotBiojTdgi2Ma4F","92bXRik7REcrdVPX+wJbJF","929wLQf8ZHLZAEY0PFTZTf","93A4nWV9pNaqa4wJY50YNn","93JPE/uIhI1bAVHbTaRRxU","93qPLd1eVBI5JiDyNyFYan","93wGsmilxMUId3d+ZcsJK8","94e00+CvtBDpqz69Dp/WsR","94ndCrBMZCm4I/ksu7FR0H","94tBz6lPVKLqtlC+QZvf97","94wdqXNThIjKEsT1UgWfB1","94zzuKs4FDfZyHTEIamjwt","95ACszRb5N5L1siSZFmgbb","95GXsYMG1AEp2CsfA7XpXe","95HAS0K6BD0b2iDQHLf7Pm","95T4/OyJNAapgswBSONT63","95m4cMaRlMUbZbxklsIw1/","95xngEVolCAZ8YSrM2ZmnX","951jIsFkdG9ZVYHbULG5TQ","955mASvS9EXptyuqN3RSxt","96Mgz6hb5G6JUg9+bZv46b","96OLg6XcBKDKw6EMl0E9r7","96Xi0UZE5KNbN27QBRlzKb","96bVzxTrlCgrRN0HdOSQJS","96iUvYC+lHybLtPv2F0Faa","96p9ocs3xCFZU+VeQrvggR","96sDQpBVVKbbi8cpkf6OZ9","962jHywwZJOLgTBWqmVMnT","964eS1GnFGlIs59XP4/WhT","97OwgnwGJOoapdk/IvsMQY","98J1LYludLGIWklmYsZ6l4","98a+463HlGlZz32d/GCQwj","98h5GWKNdPfJ6MJ6r+rGPs","98jnpyUN9HaJNvDiZpdDxJ","98nAoFofFHtbz/yqSLyNos","981pYHrXtCDpDBNWZx993G","982be1RadEeJYEVpX67esn","9888yrbhdBNrhlIw2q0qOj","99Gl3oABRNRanUtgjjltjS","99Xpmc4ktE55DLND6AktMm","99orvLFr9PaLX7F2PRQbT9","990VIlr1ZLiLprJ2y6yAAF","9aOGMGnJJKiZU3WQwv+d+1","9bGhGuU/FHW7ZUobdRfd/w","9bWQvXVKNH+K60LH3sikPd","9bdyGR15ZKvJCv2pge4H4n","9b4aldViFL8Z++bPuaFWF9","9b6beIem5F6LXHVgaDvIYM","9c5XsOccxE9Z5A3W2AI23x","9dLko1E6RPFIwO2DZxtuA7","9dTtQleQVFA57XPEXIhF/Q","9dflL3P/xKtrLLVj35AXGZ","9dgWKSQOlGP5GTlg2MPyoi","9doDy1i8BHhr3+vHXvmZYJ","9dxZDGbKBLpJ4Q2p3ZJ4RS","9d5IPDnzBF9KastPmaEy14","9eGh+si0lEdbSgZFKYjaCB","9eaeK1DrxCGrsuXW35RdNS","9ecUS9+HRARrFwDXO49c5v","9eeuNnXDdEWY4HPIsb42V8","9egwMsUlZBALJvK8Lc6FH0","9eq+IyEr9DaJwJeUAqpjgd","9fMLVgaI5HJYdVXhEY5U3k","9fXmiJ3AxAzZ65vr120UBu","9fh27gNB9BMLthQ/U3rt2j","9fszR0pTVHMJrIFmSLoMrb","9f0uY7aYJE94qaPWkTx/o+","9f+QL4iptOM7BY0mpwPWaK","9f+xCq2N5Kr7rsMnd0qQ1y","a0J7KQ7pNGprw0dsuDVnxB","a0dVtsNmNEQqI+5S9pBg0q","a0j/aCGTZF4p5Jfz9LQf45","a0sfPFy+NLVK+1wKeSJn9k","a0+4hZkB9AQ6wBQ1gmbGs6","a1Ai9VLU1OwI8hmys2CDJc","a1BhvJARFJQr8FL8z/Xfto","a1hdl3ibpOur2eNcM7ss5Z","a1xugZmzpALJLYFsrzVSfm","a11ObHMyJKTr/K2uecuJ0j","a14WHUfnFEdJ4Y+MaoV/TY","a1/PpHdS1AaJ7AoVSwUGUu","a2C2e8dA9MTZMuoK/198OS","a2MjXRFdtLlYQ5ouAFv/+R","a2lzYJFYhF35YYX98aGO+L","a2p+C/SPhMYqn2zCWpnlwT","a2z/j4hEZLBoz7Gm3MizSf","a3CpKQBA5K9qEdnKRP0fi3","a3Foo8arpHw4ad8ckNmY6S","a3NA5MYNJBBJnpRZiVoKkn","a3N10hvqlO3o239SOfI7es","a3h4QaxExCgJds/Bz+HEnC","a3ii62vnJJfKxd41iX8b75","a3zGTvt/NEH6lkgLb9HhlD","a314rgtlFKgKBR1rrskJrk","a4BF0zAwZFmLdkO5dtb/8Z","a4F2c2jOZCNKYg9mjkSBkw","a4SWb/Bf1OaK7wR1hLlINn","a41BLiLjdN8IOwOX2/3sl2","a4850OSzNPTIUJoS2i1Ahi","a5NLTn8yxN/oXXoLFOgCLd","a5aHVUznBCtLDpRkT88myg","a5beWObXxGNKJu56l18wCA","a5hQ7v/LtOa4l6twZe6HFt","a55FGUmIFPJbRprJj0yE/G","a59iXJ4FpGcoSopz+LROAB","a6NoiEWjFNULnkRQJE2xP5","a6QH96xhpDZoKJlxsFvCGj","a6Ruuy4MhEE4rj4p10WTmh","a6Va9LofdA7a6feFQOzUKx","a6gxaMTlpOT52w8yVm/zu/","a6ynfzjlBB97B2b1pa72p1","a7iQYV2VFC3LQF6gkMm5E1","a70ExF2HxLX78gVDhkf6Xd","a76S4aldhDDYDVVSI8ukAr","a77vxOGE5C7pafFec/BG6F","a8IHYU16NBrJxwxYS3Eufp","a8K8OcbWBKc6aIaFx7imn0","a8RYQ19uVJ0oRUb4PAT8aD","a8R9zQ/mBJ2KJKe5Uo30GU","a8XdYf8lJLPY+t+NyA2Jjg","a8flf8dPJGraSFZX7g5dow","a8mFf43fhKaJI790CXDhsy","a8nLK3eUdPg7SErTs0iikM","a8nhJsH41E1I/fbZnQ0ZMY","a8s8QatPlGKZgpHk+Jf+An","a9AJFMgHhKRIzalWJe3ovZ","a9CP7s+n5BNpvt60uAOE/O","a9H1eMtIxEIrnhn/e9mjnH","a9bN1LEEJFs56oeAvSHXqy","a9gsfe5BZCp7nziVUCMp6i","a9hLp8vmBLKqoP8typ7ihm","a90y6/+tNP7qL1vtESNVY0","aaDWb3jMNFRowiO1B63xa3","aaN7iO2KNNnJS5V/xXgNlY","aabC2jMGdIHZw/M+Pw8fa9","aavigvylxA+7BZHoQRqQTZ","aa2CnUsg1Dea7LlmoHgduc","aa624BVw5BOL5wLfHXbMvu","aa/u4HOcRPfZCB57ByOqXP","ab0RncfBpH1qYGhV02pst9","acHwDOWxNJHIR+dRN50NYD","acViCBgpJAFLEJ/ho+Q8/A","acZ3BXX5FMUawBnQQTXj3b","act5DmegFCP5FueY1QUcX2","ac56tu825CWYz/jet4SPna","adGENbjMtPkZGx46sl7bJ6","adPJbVqkVPrpzJUlH0DYfm","adSnB/h0RGb4lr+jU5tswZ","admsFkm9NDvKEOrp6xjb2P","adtCanBTxAepq/6Hnz6D9e","ad3+DQa9ZE5I+fU79pOxhh","ad/DSmZFJG9ppsifNStsio","aeBwgJqYBJS6bajTQGO8P+","aeRBBmR4RE6oL2lTiS6KTk","aeeVw8JwBHGrkvbEYiTScR","aeqRQirftJNIjEEoM8MSow","ae1ChaZidAWYXNdPTvwLCl","ae93RkdBpLuImuun/MqDmn","afG8kJrbxKBb71pXt+/tin","afKn3YsMlIBpn0L9PA5pyj","afR/B18OtNDobntr915NrD","afVre9PEBHAaH5LKFRBQr7","afp9gztM1IK76UjaZSJ3sd","b0JugGT2RNuJ8VdVEOCId3","b0oV+yPjZJjKQXiKvgjCO7","b0scJYoZZFWro8bbgsjCpB","b1AZk/gZpG2arNq4UWMucl","b2ECW60shKW4wyb+H2OAZL","b2Pqe5Bz5KJ6ZMsQJz7FWg","b2d8nmbHlGo7TPPSRlFVz0","b2kFfVSpZPMoJmmd5O0OlR","b2o2+a20pNDq7eLtiIuWsG","b3H16iO8RPLpf7ViVlipAi","b3TNfhU6dPv6Ur3eslZbjE","b3oYZg8mVHGYWuiJUyCpbO","b3zpVxYLhJ+7+tU3Eb1euK","b35KPpb8JI4Y64XcxGUrwE","b4I/zMDu5IJq1XlcP2KCya","b4UbnmlnlGiY6I6rxJHXR4","b4b+4WAu5DVYpKooOr73Pk","b4ojJujDJClry3fLBdEbcF","b5DmP6tUNG17KWgJsMJUA5","b5F71xP3FG9aOrCu7q7beD","b5IiBx155HjIjWwPxz0VsP","b5WD8DMNhFsJ9pY1G5N3Fb","b5ZMe+cy5NtqoYDZHQlo9l","b5vCzUQgRCBZQViTHKqbfh","b55hvqPBJFd4izT/jFNSSi","b557NYf35JipN5vmiqmDUa","b5/V+diHlLf55mS33huGe4","b6DjlZTVtLSItsezppZNhY","b6UdcBcyNJRYG3/cg4X0P3","b6ffpYchVN/6RHYFV9QUee","b6isiP42hOQbZQDpPxEEPX","b6ut5U6YRC4pbj8gRkyoYL","b7ABnY/JBMQapJhecoLGTL","b7X+v4dtZHcZ53xI73S95P","b7oJqpu8BI+YsNeMVZFsBM","b72DW7H9xGvYexvwmoGUth","b8K5ef8FhMn6xsaiblmF6r","b8SH3SeAhLHrIMhbpTzSV0","b8TiaNhw1C9rAg9snCZftA","b8lpBUBzxGtbozyFK6ihzg","b8tPTq0CFD+YjsmUm+spqw","b9BgQeKeBPVYK+j3yfAHRi","b9DIbDSdNEmISo8uohiEwj","b9IhQcMX9FrK5kd3ZAy92x","b9QeKuOLJJRIylRJD4etaL","b9W2TMsSBFN5LIv4DN9zfT","b9nI3pX0VO/5BWirg96Thy","b910qtpxxHVo4uG8vLLN9y","b94WqCG0VKzrBQxUapZJME","b97PZGS1xN7rXf5hyZ8S5X","bakL9V5QhPbbuDtUJ3i4mZ","bakf68KT1M6a8Pqu6DYo10","barT7FFYlFRYzPk+TW/tWd","bard/BvjFOCZuoiZuqn8Qi","baxA/wa/ZHdJmRAQLCBc65","baydasLW9Pp5bFF5x4DqcE","ba3Dth0wZF/qU5JlJhPrJx","bbFWjJtQZJe6vepfRaM18v","bbKjJ1/QFGq7ODSxDC07zr","bbPLEVVIBEMoS4SmJuExVF","bbQwy5Y5JFtoeREjXnukRO","bbbf1RyCBLHqd1Jbmqp03G","bb8REdsqBJp5YfIlaiml1Y","bb89K9AelOva4KVCKEuRur","bctjMd7EpDroWZbk0upHFo","bctlPK5E1DhJVHh2+JEQOU","bcuGfCfUFC2aOHr0TU50X7","bc75u9w8hCyIylVrOKjPMV","bdCDqWZtJKAoIYHKBtUenu","bdIousetVMaK2gdMQ5MJeZ","bdL9BvGSFOybVT8vFrDTQO","bdUzifb95DBI6RssO/aNbx","bdcz4+ySNOwLrxOSkfEtWm","bdj6NkKh9MK66pEiIzhDUd","beCrRVX0JGeIQChFzh5SsR","beE3MylupGYJCl5IneaB/g","beJ8XI1WxL6pB7Qfk1mNf6","beOxPqjTtE0K7/gakeQbSt","beQjpRpmZITJU+0ZbL4XFt","beQ1UZG7pDJZiTQbYUPj5m","beVgzh/bZDLrMadDqdiu0S","bemBtsLRpDlq1dsnW6gKEJ","be/Ina3uNJSo61cnB1vJPA","bfARoPONNCcpKwREONIBp1","bfD3V1x/FJ7rMcVaJ/FcLI","bfbAmbgAFKupsp9n6nMCCv","bf6m99uT9DjLrLQqA3C7d5","c0MD6XW/ZEArQcuFWORxpa","c0Qnv0fDNHEoGr5LLBNWMo","c0SvGzX6RN4IEY1v6D6PLW","c0btiCgMFF/ac5DUJQQRze","c0eSal+YFJxZtbEeSRCUDD","c0nOmrh09Aj6IEiakTWA5u","c0ztE3nWVAsKj470rzYZzx","c05j5rEGxJv5r5lIhMBxB5","c07UnJcilKZ7nhvNgDD3LZ","c1AAKkLptEvZSZwkV35elW","c1MKgZE6VL8J+dRHFqrZ2X","c1R9YmUs1PEKXHu8CTgOZG","c1S2VmsWtO46Fmgj4Na67x","c1VKFN8LlKDKEfox9QNsGC","c1pbQ11tdOObSxgtfmk909","c1s4Ipb/xCv5YHBj2tJf/x","c2DBcLs+hAi7x9RdLeJX5b","c2L/rpiE1BiqZHdNWt18yb","c2OQLXY+xC7pk294AkEbou","c2iE13l3ZNFY4sc+dYIOtb","c2kOrXZ4NDoYOHh6/ibHmz","c2ozv+UNhER63VS1a9X65j","c2qPkYVwtAyb/ib3hf1GxP","c2uPEZ/etMM6Gtu9MNc+vW","c20Mp/rM1AkboRFBplQxRI","c2/hRpMyhH7o88i4c987lw","c3BFkDrNhMeZlaH53TV1Ze","c3d07nvVNOVYvbLNkd+j62","c3vlUk6OlC6JjcvS0PdH0U","c35QQJty1Jk4iWhYSm7jcK","c4jIMbpCxPX6MeXh/DwHd1","c4oAVifk1A5qMHJJTrg8FF","c5Ok9Wlj1BnrBVJVqkF5kH","c5ZEL94otA2oXTATLNukgM","c5bN3Ix2tIYaEmCbOBAH5G","c5pHC4lsVAKph2gd6HRmqe","c59Ehoq2NBS5g/z0piVS6+","c6GDCViw5NELpusYSjLorX","c6KrdQFyVMy4yKiGmQ0txd","c6UMttaVhAu4PPq1CBUXRs","c6aCIh70BLk76WljOJ6QkZ","c6l9+hzphNpLVUow9kut1H","c60zEPfFFFIZLqL10/CDKb","c7LueGAopNvJkZx5wQS55Z","c7OsNiCrJKEpNWo+EA+Xzy","c7UqKGVBJDeIcEsnN25Ylb","c7pr6fG2BKEKaS8aZ9G8lC","c7z/Qg85RLHI+Cjt0Vl2jD","c72BvNaVFOvo4qPDxElmdx","c8Jm7mDzVDNo+Hnnk2K8SS","c8RSMvoMpL26wgbO5TdWew","c8iZLJzLRH0JNeyNzXrIbf","c9FR4nyRpEI50YF/yvOOHD","c9HZW+7Q1IjpKK0h7sak/z","c9L++huCNPnJtHYveCH2pa","c9SsUtz3NPgL3bmItqGE+T","c9TzfI4pBFXJnNh8GexKLO","c9VupEoCxGbIrIXOJwwOth","c9t2MPy+xJ3bdwapgTV0S5","c99E6I7CxDiL+UKPa7qX9V","caKOECkgBByaN1y7qP5poI","cae020HJZEjbD5ymVYs44H","cajvoARJRFcbmveaZ4HNm6","catWfpmWRKlbuMXZBRMZR7","cavf3I+npPdqXyZDktsCEA","caz02+V0JDe6Fc76Sj6nyg","cbEIX4ywREvrzOl3nepOdc","cbVSn0HeVG17HuXGgiIqtF","cbf4557WRA5pRUKggcCF+A","cbj3miGjJNib/+6wwX4gye","ccAZl+RTZJprqUHg4iARDw","ccYeY/8tNGh5PERlOnvlmn","ccpt3uVj5NeoOpfiF0PRvO","cc1M5cioJBFIcTydUxdd2m","cc6MZDNM9EsLDZPW1bVamy","cdHh50XmNBmqJcw7jIcyc4","cdS2M6rh5JV7DASkMOgtii","cdoQz5K11PsoK45lEDRSik","ceHsPuBjxFxYUKS3wSaxY1","ceczXT7uhEBbD/0IjOFo6o","cel9g6eiFEXbAge1AFf8xu","ce67WbHJFFB6Rfddad4E4d","cfDu21IwlEQJPAT32fGSy9","cfEeiYiEFKBbK7pJwxuOyW","cfEgEr4llMgpEH326tbw/7","cfJC+LhipGmaCE0+J0yZ0z","cfN1oY7a9CmYzYBegLfOLq","cfvD31hn5HR4DUajrLqWyj","cf34/YuOhCpLbKDKgHLSC+","cf6XNtsFBDFZFJqqWkkNL6","cf61NBGEtPZbjdwvyJMQP1","d0IEWOkytLraIfEvm29vnv","d0MP/tLDhOFodJTnhIWuGP","d0Ri57UY5I8q+cfpjBV7DJ","d1Y368fZNBsYTfJILQ7hIe","d1hpBK2/hPo6/wiCFw4wtx","d17+yK+6tCdYUl9fCsTStm","d2IMahdsJCMqNSIW8dVDF6","d2VjLhmBtIX4uPyEljXgRt","d2WmkXe5pJv7Q4w2UsmJFS","d2rdokv7hNm4MWUxePziSf","d20HaTJghJfbxfLocWMqAv","d20TaeSSlOVLFLx6XF6qyH","d26+G60D9GSqI0u/pg0Ml8","d29NnOtlFLBLtnpiBy/vZF","d3KKZiqLtBbqzmZrgq0bz7","d3absBqzdJRIWMfKeah5d6","d3cbhd7aNGi5LrYrKdlNy3","d3p8WcgH1EJ54PaoTAmYnw","d3rAWuIstAm4VFDXFXOW4Y","d3uKPKLDJLCp4SXuWG1Ilo","d3ukNv4aBLLJ72Q5hI2eY8","d3555viR5Mubj+8CXRfWjd","d4MLm8orRB2pnF5tBxkvXb","d4MgzObm1MbbKAMePRcnWT","d4T+HU/1xN/aMosiGWWCyt","d4Uj0W/S5PSrqAtwTR8HfG","d4YJVl91RCBqUmslZ3r40V","d4Z9wEVW9Bu5XeIDrRzVJu","d4i/TIovtB0Z7owIIC9Cnm","d44h/O6T5OMK0DGsChyX9m","d46UP8umFCopUHNOGQ0u97","d47KZwG9BPA7fyTTPxURBr","d48roJSa1LuK0LT6vEVWM9","d5bXKmys9C3qySVpVMZqUw","d5ioK3alpAtJtTf0dLiFT8","d5ngX+o5NPTbOyW7TzIBiH","d5xk43LENOnIgsLX8zNxT3","d57huhMYJH1KsNs4YkSDJB","d6GWHqTBZGhJ6C96eCuSEQ","d6Jj+31rpHUZPxAIMtShMm","d7VKUnB6tJQ5gA3C+MiP6l","d7bkHDBk5CXaifM8scCdm1","d7eLmyicZDwrz2ENhYl7KV","d7xVr3D0xGx4HFh0ZOf8Ug","d77ZVlPOtCMrGzIgBPdJzE","d8D6st/OlMZ5UU9RTXz4Ge","d8KhUFN3xIirspB3C6AU7E","d8M1aMIopO/oVafBuyqv5M","d8NiO5+RZKn536ybaXCn9K","d8vgHyft9EKqGtUBAzqIyp","d9kbBtaiJI1Jlc7WWnBlgs","d9pVTqV1BIgIzk18cEN3+y","d9vHi3xNRCuLTdpErtECO3","d94Ib35SBDE4Wh3J7/gAZG","daIDhjcwhKpo8dGUs9uM1X","davpmYG3BJ/aBY345ZZvKA","dbM9Hq9IxGn4idHVpwOMbL","db450anppFiaVl+kLgEeVA","db5ut5Tw5M8KrHnaCDvHxA","dcRCtp99lCEa/zKtO5fbgx","dcVuHz7IRB+IwN4blsA4wW","dckdUivnxNs60z5y4J7F08","dcvV7n2y5Cm55I9QO7ORrM","dc+OC0mw1OSLL9BGpnZRFV","ddjdfHoupDgqPW6HLNwZT6","ddldyru2tNY6fHNsNvhVYr","ddr8jrWfxE1ovsqDxnpdLd","ddtze507RIr687PfVXcqqd","ddxuFsv9VPu64vaVrEyx6C","deDDNE1w9GbI9SEmKUotda","deDrpjCwhMeaFdwgz8CqMa","deG0luhc9G/4afj9HXrXFb","deT5kWwopMJIteGmYenh3v","dekvBS2MpPDbC9SjcbsQwT","de0NROOgZM3I55vq8Xy9DJ","de9BzHdc1GUbL2GxCsXzis","dfLKT7QE1JfpZq9YnOeJdy","dfR/Iz3PJItJjXcLkmEkcM","dfX1VEeCRKPIxg/kVpqmXX","dfh+Y1455Lkp5NmdNlgeTM","dfx+cKbwBJ9KZPVJPLdBGa","dfyvgI5EJBXZjRvfwXhju6","df1v2iJDtLEIUFEuoE4cf3","e0LV1GtURL6Lk9E4hMGtN8","e0OOTMafVOfK1mkzlAr6dJ","e0UeEoSS9J8LnQrWUEn4VU","e0YH5kSMBJ15Ia+Tw+mNym","e0n5KgmfxPqJ7PEUSvperw","e04UhE+2hKKbgocXC7ZyjN","e13FTVZSBEzLlGF/BIJaf9","e2KO1ngQ1E36YlxXSYl4ue","e2PU5NqQlHgpvBB4me7cDk","e2SYfz9z9EIZ5p8SocNaHh","e2gLuV5bhP9Zza6FZxhYU/","e2jUJukKJB6rxiwfg+pHwT","e2ozGpY5tF5JF01pcMd3TZ","e2qejfnONBD4iIrDo5ypUb","e2689+FrtG+K0PsZYTEv7s","e2/hfjo+1AW65fqyMxASB1","e3fjGJCHhHurxjuy2NviV5","e3izgSgxRAzICb70oteC48","e33MiYX9FIfr6KxGq0xysy","e4BIQVU9ZNJrjsICbntxzl","e4Bwg82JxFWLQ7M+oyJbCy","e4UheJvcxODr7R8r1MwOKG","e5gD1XmwdGwLV0VdxWRIvu","e5w8s8jilEuKJFq2YX02Pm","e6bRw8e79Go7kfv08MOU4H","e6hvvA3shFxLDob0BwmmML","e61PZhR/FBmYhJdsOcMJMd","e7H69Z/NNC7Y4ROcRlaO36","e7KgAcyNZO/oAeV9sH+P2v","e7o6dIzk1IELsIDzbI4OUn","e8DUAdyctODaDTqtE5QMSL","e8Ex7gpbtE7bCvXFFm42gq","e8JAX3t2NJq5OQXJkPq+v0","e8SCsLpRpHhLVtYHxZRbt9","e8S41a4hxLf597u1kL8h/S","e8k4sMtA9AHavM/xVJYyH1","e8nOGKPRxNMI7QXnlig+VQ","e8xaYqQb1N65yjpH2IkpJ/","e8y6mMmhhAJIDlM8VhVCQU","e9R7Q64CVBLZ36dXd7Dk1O","e9agKL9HJLZZ/KRYexqT8w","e9qqE0eGRGzYwLRIz2q7NO","e97GVMl6JHh5Ml5qEDdSGa","e9+hweAc1Ld4s1zNyjPPgN","eaYRaqEZdGSp9H96gD/rle","eagBqQkU9FBZlqE2ZYioy4","eawz5hgb5LFIdIxWMS/tuR","ebL1nppB9P2qI/FS1S+nsW","ecCTW49kJJYZX+93y4H/Sv","ecJ6K/70dAPrdoo8RuEEPq","echjktkjFJjoR9xViOe15u","ecpdLyjvZBwrvm+cedCcQy","ecvKSa9KpBuL8LV7nnmSdU","ecx6o6AcpGJb5jF0/87+jv","ec4k6N4NBFq5jcj8Nya2tW","edFo6T+kFAJLWVSs985Eni","edLAbUj7RJo7/JRV8AMQbi","edSrFTdF5E0LgCgFi6JGyT","edSx21uWlC9q6uZV/JfEEd","edsfDdZkZLv4rMOzDBSOY7","eeD30T2mlEGZechnlszU3V","eeElBXl6BIg5GrD40o8iv3","eeK3zPAlBGY6PUCLeboAvW","eeQLT9p2BIVq1xMr+X87o+","eek0nLAaZBQY/qqAZgf8ga","eerP1BuJpLLK614IFGLjRx","eezuMDB0FP0I1Bn/UGWTds","ee25Ih64BDdabehwzFt7qk","ee6q1L8vdLm4hz9VhvKbAR","efBwCoSdNNDYQDbqI9CMHF","efLN5TdaZMFIKLeWj1Tq2D","efTZSKBgdDOIfT7H84og7u","efpKAT3NBOYKlUsv9Svz9Q","ef0HygizFAYYgy8ZIgcjOY","ef7wULV9lEoooAET9QU9Ep","f0BIwQ8D5Ml7nTNQbh1YlS","f0BgTEYq5DGqfIOuJoMic+","f0DhliuiBNeIBmqugYSj3v","f0LeV0QkdPdaajroJV4Kuy","f0dpJW7gBHUog8hk08qOA1","f0xeIhmIVMioPnJeeWlRon","f054yxV2tG16tHsgTSTHmj","f1PpyKfK1GH7UuibjTq1qR","f1sZ19WTRB0JJchlp4dglu","f1wriQIgBG75XpYxwLYujr","f17+vUzBhJvoyC+ebpWfG5","f2CA7pddlEkr3LbNbv3aQm","f2CpBISgFGsaVSRQlTxJ90","f2tJ4npLlMjZcr9d/NAEw0","f21uuZ+vhFB5OmYfaIMd1h","f3NMtlUtFDj5bUuEF43c3p","f3S3J9en1BXKCG2PU5/6Hf","f3v782pvNKj6LudvZjwffT","f3ymNy3VpOWpIO11k0RXh+","f4DeDBKPxMG65Z+gxsi77O","f4EXKPz8RDSoG0onAoHRqu","f4Q/Hm2IZPibCLkPemVaJF","f45WLha6dNK66qAXUGk2Br","f5X8jxeS1HtaNXvv83POeP","f5ZjOqzdFEyqxeql7M5M4N","f506Nmqb5A9IezQX70F0CM","f6dndEdPlC4rhapOXoBYjQ","f6kSam2GlF27yHiYQ2PX9c","f6m1SNlvBBBa2Fzt+0L73i","f6n3n+5HpGQq9GaGTASnbj","f611f8P9xDirjVvhGmZMJE","f68Vz/vpdGYYSlGgoVxnrC","f7FGx9ld5HiYnD5AGD+9uT","f7h8Qz8GhGW5d7kAkcy9Zj","f7h+xQ/W9DeIfGiwMz4gwU","f7l+aJIzFBN5/SaQ5FxKaS","f75+c0ITFEAoiiXXDx9ZKa","f79670SGdJTYGEwpBErFMf","f8zXoOr8FFDItbCcqENGPE","f9CdP3KJVG0JLOFRuVuwFR","f9XcwRBcFPo42AmoDCae0Q","f9ebT7LDtBjqQWo2IeFeC8","f9+e1UsKZE4pu/hG8G4Kn+","f9/xxO4x5EW6ASy+nzS/uw","faA+h+WDRP0JPHUHv/svMO","faFq0n6txMeoFo8ikvMXbx","faw+u4B4FGTpXh2wOD/4o5","fa5JQJM9hD27AJoUiKBuwS","fa7MJlsiRPv5Y2E8xPDQ+f","fbO/vX3PhGoYipZEC0A73A","fbVk0/WKFMBbzc/XX3rvR0","fbj1fYp5lHHaT7Y4alYSJj","fbmOuw+c9J+byFuW58oW51","fb4esa13RJvrijLZrADKd+","fb5gcio1NPFaKwBJYUeX1l","fcAMSLu0VCw7M7YuKGCgI9","fcAgg29S1DuI+PD1hOjUtZ","fcDZrC/fZCpa27adO6DWXs","fcHd2ihtFONrZUDI3ycaeJ","fcq9vSDn5PCJqfYZOY7Uyl","fduRWA8S9AaqJNzmWyw8F2","fd/B8Yn0lDGZtnaAOGoHBt","fd/S6Enw9CR6J+7bBurdc1","feRo/NO39LiZaU1wlXcjdA","feS4CT4uJO5aTG9zx5kePy","feUISfCIxH9ZaMtaQKi6bX","feZAdxG11A1bmYDPRbMZPp","femlqnzP1OxoX47bH4Qkw/","fe2jMezfNIxYDTVidfXpYf","ffa6Ckix1MJL84Fq25DBXW","ffrk4kz+tIuphKysD2r8Ob","ffyL8YoTJGCa31hEQjTFp9","ff14MTtM5Ojp77B/eoUjud","ff3r9rzzhHJIDRIw/qqyuF"],"scenes":{"db://assets/Bundle/Medusa/Medusa.fire":183},"redirect":[514,0,604,1,742,0,763,0,862,1,1068,0,1293,0,1452,0,1458,0,1461,1,1485,0,1510,0],"deps":["resources","internal"],"packs":{"074c52e9b":[301,302,303,304,305,0,306,307,145,146,308,309,310,311,147,312,313,1,2,3,314,315,4,316,317,318,319,320,148,321,149,322,323,324,325,326,327,328,329,330,331,332,333,334,335,5,336,337,6,338,339,340,7,341,8,342,343,344,345,346,347,150,348,349,350,351,9,352,353,354,355,356,357,358,359,360,361,362,363,364,365,10,366,151,367,368,11,369,370,371,372,373,374,375,376,152,377,378,379,380,381,382,153,12,383,154,384,13,385,155,386,387,388,389,390,391,392,393,394,395,396,397,398,399,400,401,402,403,404,405,406,407,408,409,410,411,412,413,414,415,156,157,416,158,417,418,419,420,421,422,423,159,424,425,426,427,428,429,430,431,432,433,434,435,14,436,437,438,439,160,440,15,441,442,443,161,444,445,162,163,446,447,448,449,450,451,452,453,454,455,456,164,457,458,459,460,16,461,462,463,17,464,18,465,466,467,468,469,470,471,472,19,473,474,475,476,477,165,478,479,20,480,481,482,166,483,484,485,167,486,21,487,488,489,22,490,491,492,493,23,494,495,496,497,498,499,168,24,500,501,502,503,504,505,506,507,508,509,510,511,512,513,515,516,517,518,169,519,520,521,522,523,524,525,25,26,526,527,528,529,530,531,532,27,533,534,535,536,537,538,539,170,540,541,542,28,543,544,545,546,547,548,171,549,172,550,551,173,552,553,174,554,555,556,175,557,558,29,559,560,561,562,563,564,565,566,567,30,31,176,568,569,570,571,572,573,574,575,576,577,177,578,579,32,580,581,33,582,34,583,584,585,586,587,588,178,589,590,35,591,592,593,594,36,595,596,597,598,599,37,600,601,179,602,603,605,38,606,607,608,609,610,611,612,613,614,615,616,617,618,180,619,39,620,621,622,181,623,624,625,40,41,626,182,627,628,629,630,42,631,632,633,634,635,636,183,637,43,638,639,640,641,184,642,643,644,645,185,646,647,648,44,649,650,651,652,653,654,655,656,45,657,186,46,187,47,658,659,660,188,661,662,189,190,663,664,665,666,667,668,669,191,192,670,671,193,672,673,674,675,676,677,678,679,680,681,48,194,49,195,682,683,684,685,686,687,688,689,690,691,50,692,693,694,695,696,697,698,699,700,51,701,52,702,703,196,197,704,705,706,707,708,709,710,198,711,712,713,714,199,715,53,200,716,717,718,719,720,721,722,723,724,201,725,202,726,727,728,729,730,731,732,54,733,734,203,204,735,205,736,737,738,739,740,741,206,743,55,744,745,746,56,747,748,749,750,57,751,752,207,58,753,754,755,756,757,758,759,760,761,762,208,209,764,765,210,766,767,768,769,770,771,772,773,774,775,776,777,778,779,780,781,782,59,783,784,785,786,787,211,788,789,790,791,792,793,794,795,212,796,213,797,798,799,800,801,60,802,61,803,804,805,806,807,808,62,809,810,811,812,813,814,815,816,817,818,819,820,821,822,823,824,63,64,825,826,65,827,828,829,66,830,831,832,833,834,835,836,837,838,839,840,841,842,843,844,214,845,846,67,847,68,848,849,850,69,851,852,853,854,855,856,857,858,859,860,861,215,70,71,863,864,865,866,867,868,72,869,870,871,73,872,873,874,875,74,876,216,877,878,879,217,880,881,882,883,884,885,218,886,887,888,889,890,891,892,893,894,895,896,897,898,899,900,901,75,902,903,76,904,219,77,78,905,79,906,907,908,909,910,911,912,913,914,915,916,917,80,918,919,920,921,922,923,924,925,926,927,928,929,930,931,932,81,220,933,221,934,222,935,936,223,937,82,938,939,940,941,942,943,944,945,946,947,948,949,83,224,950,951,952,225,953,954,955,226,956,957,227,958,959,960,961,962,963,964,965,966,967,968,84,969,228,970,971,85,972,973,974,975,976,86,977,978,979,980,981,982,983,984,985,229,230,87,986,987,988,989,990,231,991,992,993,994,995,88,996,997,998,999,1000,89,90,1001,232,1002,1003,1004,1005,91,1006,92,1007,1008,93,1009,1010,1011,1012,233,234,1013,1014,1015,235,1016,1017,1018,1019,1020,1021,1022,236,1023,1024,1025,237,1026,94,1027,238,95,1028,1029,1030,1031,1032,1033,1034,1035,1036,1037,1038,1039,1040,1041,1042,1043,1044,1045,1046,1047,239,1048,1049,240,241,1050,242,1051,1052,1053,1054,1055,96,1056,1057,243,1058,1059,1060,1061,1062,1063,1064,1065,1066,97,1067,1069,1070,1071,244,1072,1073,1074,1075,98,1076,1077,1078,1079,99,1080,1081,1082,1083,1084,1085,1086,1087,245,1088,1089,1090,1091,1092,1093,1094,1095,1096,1097,1098,1099,1100,100,1101,1102,1103,1104,1105,1106,1107,1108,1109,1110,1111,1112,1113,1114,1115,1116,1117,1118,1119,1120,101,1121,1122,1123,1124,1125,1126,1127,1128,1129,1130,1131,1132,1133,1134,1135,1136,1137,1138,1139,1140,246,1141,1142,247,1143,1144,1145,1146,1147,248,1148,102,1149,1150,1151,1152,1153,1154,1155,1156,1157,249,1158,1159,250,1160,1161,1162,1163,1164,1165,1166,251,1167,1168,1169,1170,1171,1172,103,1173,1174,1175,1176,1177,1178,1179,1180,1181,1182,1183,1184,104,1185,1186,1187,1188,1189,1190,1191,1192,1193,1194,1195,1196,1197,1198,252,1199,1200,1201,1202,1203,1204,1205,253,1206,1207,1208,1209,1210,254,1211,1212,105,106,1213,1214,255,1215,1216,1217,1218,1219,1220,1221,1222,1223,1224,1225,256,1226,1227,1228,1229,107,1230,257,1231,1232,1233,1234,1235,1236,1237,1238,258,1239,1240,1241,1242,1243,1244,1245,1246,1247,1248,1249,1250,1251,1252,1253,1254,1255,1256,1257,1258,259,1259,1260,108,1261,1262,109,1263,1264,1265,110,1266,1267,1268,260,1269,1270,1271,1272,1273,111,1274,261,1275,1276,1277,262,1278,1279,1280,1281,1282,1283,1284,1285,1286,263,1287,1288,1289,1290,1291,1292,1294,1295,112,1296,1297,1298,1299,1300,1301,113,1302,1303,1304,1305,1306,1307,264,1308,265,1309,1310,1311,1312,1313,1314,114,1315,1316,1317,1318,1319,1320,1321,1322,266,1323,1324,1325,1326,1327,1328,1329,1330,1331,1332,115,1333,1334,1335,116,1336,1337,1338,1339,117,1340,1341,267,1342,1343,1344,1345,1346,1347,1348,1349,1350,1351,1352,1353,1354,1355,1356,1357,1358,1359,1360,1361,118,1362,268,1363,1364,1365,1366,119,120,1367,121,122,1368,1369,269,1370,123,1371,1372,1373,1374,1375,1376,124,125,270,1377,1378,1379,1380,1381,126,1382,271,272,1383,127,273,1384,1385,128,1386,1387,1388,1389,1390,1391,1392,1393,1394,1395,1396,1397,1398,1399,1400,129,1401,1402,130,274,1403,1404,1405,1406,1407,1408,1409,1410,1411,1412,1413,1414,1415,131,275,1416,1417,1418,1419,1420,1421,1422,1423,1424,1425,276,1426,1427,1428,1429,1430,1431,1432,1433,277,1434,1435,1436,1437,1438,1439,132,1440,1441,1442,1443,1444,1445,1446,1447,1448,278,1449,1450,1451,1453,1454,1455,133,1456,279,1457,134,280,135,1459,281,1460,1462,1463,1464,136,1465,1466,282,283,1467,1468,1469,137,1470,1471,138,1472,1473,284,1474,1475,1476,1477,1478,285,286,1479,287,1480,288,1481,1482,1483,1484,1486,1487,1488,1489,289,1490,1491,1492,1493,1494,1495,290,1496,1497,291,139,1498,140,1499,292,1500,1501,141,1502,1503,1504,1505,1506,1507,1508,1509,142,1511,1512,1513,1514,1515,1516,1517,1518,1519,1520,293,1521,1522,1523,1524,1525,1526,1527,1528,1529,1530,294,1531,1532,1533,1534,1535,295,1536,1537,1538,1539,1540,1541,1542,143,1543,1544,1545,296,1546,1547,1548,1549,1550,1551,1552,1553,297,1554,298,144,1555,299,1556,1557,300,1558]},"name":"51","importBase":"import","nativeBase":"native","debug":false,"isZip":false,"encrypted":false,"versions":{"import":["074c52e9b","23b38"],"native":[0,"30cbe",1,"ec90e",2,"92931",3,"bb925",4,"28a14",5,"d1282",6,"6c7bc",7,"99539",8,"fca5b",9,"8216e",10,"23c5b",11,"3770d",12,"82eee",13,"db37a",14,"6bf4f",15,"b8374",16,"6bf4f",17,"25c2a",18,"b940d",19,"3b240",20,"6bc4a",21,"704eb",22,"c9e27",23,"6bf4f",24,"2726b",25,"55bea",26,"7f82f",27,"6bf4f",28,"3196e",29,"7a24a",30,"9fd30",31,"d446c",32,"c06a9",33,"c3f38",34,"8c568",35,"d96f5",36,"8982c",37,"9f98d",38,"69ec1",39,"aebf9",40,"6bf4f",41,"51fbf",42,"10d0a",43,"ef777",44,"ebc2a",45,"6a613",46,"f6313",187,"4265d",47,"babe8",48,"ba649",49,"9295b",50,"e9fd9",51,"41ba3",52,"27cb8",53,"716df",54,"5c4b6",55,"6664e",56,"d1af2",57,"975e2",58,"4c98c",59,"c3efa",60,"064b8",61,"4e05d",62,"f8c5f",63,"6bf4f",64,"d4175",65,"37bed",66,"f438a",67,"8a4c7",68,"a458d",69,"3ecd5",70,"648e7",71,"a77c6",72,"f3e22",73,"6bf4f",74,"f53c7",75,"364d3",76,"c3a74",77,"490f4",78,"90cf4",79,"a3993",80,"6bf4f",81,"83da1",82,"42c77",83,"d0e77",84,"e3143",85,"06b33",86,"714e7",87,"67b17",88,"d65b4",89,"bb13e",90,"f4b71",91,"73ed7",92,"150cc",93,"1edb6",94,"9ac9a",95,"2d53d",96,"982d6",97,"0df4e",98,"6c20d",99,"6bf4f",100,"b159c",101,"987bf",102,"55b8f",103,"866bf",104,"0864c",105,"9f68b",106,"9bb67",107,"7e14e",108,"37acc",109,"996fc",110,"a3222",111,"8b488",112,"68bad",113,"142d6",114,"0b106",115,"5e75c",116,"eb6bc",117,"04c2f",118,"41a7a",119,"6bde6",120,"949b2",121,"827e1",122,"6bf4f",123,"fe79b",124,"0c944",125,"902a8",126,"9231b",127,"17312",128,"17312",129,"1ef79",130,"c4bdd",131,"8e88a",132,"c20fe",133,"83fcc",134,"d8686",135,"bea60",136,"529ea",137,"d6073",138,"69bde",139,"ecd39",140,"8750e",292,"955ad",141,"15134",142,"723e7",143,"a3c64",144,"5e874"]}}