[1,["7acnuLX5hF5r+WgkMo+v9M","32SDgOvZFHaZhBuNU7UrCV","3bQjbu3Y9By5QrFZOeae7V","2aF93cQKpGToGhX6n/fyN4","79M9ZUf6VDpKFfTmEI2aK+","d4NgyxztlADp0apMfJWYER","00DkdvI6FNmZEOE/eQzmOf","afu6nUoAtOkbSgI1C3HZA2","2agSUKBGFPZbQZWLUPW95c"],["top_multiplier_ring","top_multiplier_mask","top_multiplier_arch","x30","x5","x2","x10","x3","_textureSetter"],["cc.SpriteFrame",["cc.SpriteAtlas",["_name","_spriteFrames"],2,11]],[[1,0,1,2]],[[[[0,"Alats15.plist",[{},"top_multiplier_ring",6,0,"top_multiplier_mask",6,1,"top_multiplier_arch",6,2,"x30",6,3,"x5",6,4,"x2",6,5,"x10",6,6,"x3",6,7]]],0,0,[0,0,0,0,0,0,0,0],[0,1,2,3,4,5,6,7],[0,1,2,3,4,5,6,7]],[[{"name":"top_multiplier_arch","rect":[1,1,249,298],"offset":[0,0],"originalSize":[249,298],"rotated":1,"capInsets":[0,0,0,0]}],[0],0,[0],[8],[8]]]]