[1,["72H7Y+dKdHP6tSCfRmIW20","29UInsCHREHanA2IhK2Ixn","051HIMWGJNMoTgmdaeR9rW","679dW1y7hMNoysF5fNkHmj","c8xExH6CZFYIS4bxRi9fCD","16Q9032ApBQYY+afbUsXy8","6fKsdm2JdNVoyODDp7/iCb"],["_textureSetter","arrow_grey_blur","autospin","arrow","arrow_grey","arrow_blur","button"],["cc.SpriteFrame",["cc.SpriteAtlas",["_name","_spriteFrames"],2,11]],[[1,0,1,2]],[[[{"name":"arrow_blur","rect":[1,289,141,141],"offset":[0,0],"originalSize":[141,141],"capInsets":[0,0,0,0]}],[0],0,[0],[0],[0]],[[{"name":"arrow_grey_blur","rect":[1,575,141,141],"offset":[0,0],"originalSize":[141,141],"capInsets":[0,0,0,0]}],[0],0,[0],[0],[0]],[[{"name":"arrow_grey","rect":[1,432,141,141],"offset":[0,0],"originalSize":[141,141],"capInsets":[0,0,0,0]}],[0],0,[0],[0],[0]],[[[0,"Alats28.plist",[{},"arrow_grey_blur",6,0,"autospin",6,1,"arrow",6,2,"arrow_grey",6,3,"arrow_blur",6,4,"button",6,5]]],0,0,[0,0,0,0,0,0],[1,2,3,4,5,6],[1,2,3,4,5,6]]]]