[1,["d2PQIXykFGYqu83yfOXi/V","e3Djze2wVNwIWOaHpyl9O8","75QoEHmiRFIaYDwLOTzLBB","ecXoj2uftIJ4xJU72tF6bj","3drUszfMZJnqlgCVmmT5rS","d2TEzEIZNHt4K9VNq99dOR","6es9gAMJpCoYsf0Gnuat4U","c5WkUV6RlDi6n7mTYeG/Bh","4bsQjF5uVNFpc5MxpN8oOx","9agjm2FxZKr6tYcnChAvmS","53x2II5hVEvpm+76zZM4LL","eaWuVaJvRCe6vOncUxT0y2","c1cratdiZL0b7YO120lpPF","b4b2kWK2pFpJ0srWP5zQJs","d6jimv99FJXbsS9BEvg4Cl","d2JWS1IPBOGK+bC7woPHjs","9fj7evLxFODLvQG7+bB8+1","baBP19csNL8YrC5k9fV9RH","7bDu6okUdOCq37kwk2Hh0W","37riShmeFHBqihGsdHIkZS","b5QAjzHYZLOYcJ4m70VZbZ","c4NafCj4hHz4mGaHWplhAe","88r0McYIBHRIKSKq119URz","2bVjSik91Nt6UA4o8fWm0E","8cRXge6UJMXLRr2f3PlrZm"],["wild_vfx_d_01_00","wild_vfx_d_01_14","wild_vfx_d_01_21","wild_vfx_d_01_05","wild_vfx_d_01_07","wild_vfx_d_01_12","wild_vfx_d_01_16","wild_vfx_d_01_23","wild_vfx_d_01_09","wild_vfx_d_01_02","wild_vfx_d_01_18","wild_vfx_d_01_13","wild_vfx_d_01_06","wild_vfx_d_01_19","wild_vfx_d_01_22","wild_vfx_d_01_20","wild_vfx_d_01_15","wild_vfx_d_01_10","wild_vfx_d_01_17","wild_vfx_d_01_03","wild_vfx_d_01_04","wild_vfx_d_01_11","wild_vfx_d_01_01","wild_vfx_d_01_08","_textureSetter"],["cc.SpriteFrame",["cc.SpriteAtlas",["_name","_spriteFrames"],2,11]],[[1,0,1,2]],[[[[0,"Alats3.plist",[{},"wild_vfx_d_01_00",6,0,"wild_vfx_d_01_14",6,1,"wild_vfx_d_01_21",6,2,"wild_vfx_d_01_05",6,3,"wild_vfx_d_01_07",6,4,"wild_vfx_d_01_12",6,5,"wild_vfx_d_01_16",6,6,"wild_vfx_d_01_23",6,7,"wild_vfx_d_01_09",6,8,"wild_vfx_d_01_02",6,9,"wild_vfx_d_01_18",6,10,"wild_vfx_d_01_13",6,11,"wild_vfx_d_01_06",6,12,"wild_vfx_d_01_19",6,13,"wild_vfx_d_01_22",6,14,"wild_vfx_d_01_20",6,15,"wild_vfx_d_01_15",6,16,"wild_vfx_d_01_10",6,17,"wild_vfx_d_01_17",6,18,"wild_vfx_d_01_03",6,19,"wild_vfx_d_01_04",6,20,"wild_vfx_d_01_11",6,21,"wild_vfx_d_01_01",6,22,"wild_vfx_d_01_08",6,23]]],0,0,[0,0,0,0,0,0,0,0,0,0,0,0,0,0,0,0,0,0,0,0,0,0,0,0],[0,1,2,3,4,5,6,7,8,9,10,11,12,13,14,15,16,17,18,19,20,21,22,23],[0,1,2,3,4,5,6,7,8,9,10,11,12,13,14,15,16,17,18,19,20,21,22,23]],[[{"name":"wild_vfx_d_01_01","rect":[676,1,119,127],"offset":[4,-86],"originalSize":[155,339],"rotated":1,"capInsets":[0,0,0,0]}],[0],0,[0],[24],[24]]]]