[1,["05RO03qQFK0ruTJnEWkdc+"],["_textureSetter"],["cc.SpriteFrame"],0,[[[{"name":"wh_vfx_c_02_01","rect":[1,1,155,460],"offset":[0,0],"originalSize":[155,460],"capInsets":[0,0,0,0]}],[0],0,[0],[0],[0]],[[{"name":"wh_vfx_c_02_04","rect":[158,463,153,458],"offset":[0,0],"originalSize":[155,460],"capInsets":[0,0,0,0]}],[0],0,[0],[0],[0]],[[{"name":"wh_vfx_c_02_12","rect":[436,554,121,420],"offset":[0,-1],"originalSize":[155,460],"rotated":1,"capInsets":[0,0,0,0]}],[0],0,[0],[0],[0]],[[{"name":"wh_vfx_c_02_02","rect":[1,463,155,460],"offset":[0,0],"originalSize":[155,460],"capInsets":[0,0,0,0]}],[0],0,[0],[0],[0]],[[{"name":"wh_vfx_c_02_06","rect":[466,1,123,428],"offset":[0,-1],"originalSize":[155,460],"capInsets":[0,0,0,0]}],[0],0,[0],[0],[0]],[[{"name":"wh_vfx_c_02_08","rect":[716,1,123,428],"offset":[0,-1],"originalSize":[155,460],"capInsets":[0,0,0,0]}],[0],0,[0],[0],[0]],[[{"name":"wh_vfx_c_02_15","rect":[858,554,115,420],"offset":[0,-1],"originalSize":[155,460],"capInsets":[0,0,0,0]}],[0],0,[0],[0],[0]],[[{"name":"wh_vfx_c_02_10","rect":[466,431,121,426],"offset":[0,0],"originalSize":[155,460],"rotated":1,"capInsets":[0,0,0,0]}],[0],0,[0],[0],[0]],[[{"name":"wh_vfx_c_02_05","rect":[315,1,149,454],"offset":[0,0],"originalSize":[155,460],"capInsets":[0,0,0,0]}],[0],0,[0],[0],[0]],[[{"name":"wh_vfx_c_02_13","rect":[436,677,119,420],"offset":[0,-1],"originalSize":[155,460],"rotated":1,"capInsets":[0,0,0,0]}],[0],0,[0],[0],[0]],[[{"name":"wh_vfx_c_02_03","rect":[158,1,155,460],"offset":[0,0],"originalSize":[155,460],"capInsets":[0,0,0,0]}],[0],0,[0],[0],[0]],[[{"name":"wh_vfx_c_02_09","rect":[841,1,123,428],"offset":[0,0],"originalSize":[155,460],"capInsets":[0,0,0,0]}],[0],0,[0],[0],[0]],[[{"name":"wh_vfx_c_02_14","rect":[436,798,119,420],"offset":[0,-1],"originalSize":[155,460],"rotated":1,"capInsets":[0,0,0,0]}],[0],0,[0],[0],[0]],[[{"name":"wh_vfx_c_02_07","rect":[591,1,123,428],"offset":[0,-1],"originalSize":[155,460],"capInsets":[0,0,0,0]}],[0],0,[0],[0],[0]],[[{"name":"wh_vfx_c_02_11","rect":[313,463,121,422],"offset":[0,0],"originalSize":[155,460],"capInsets":[0,0,0,0]}],[0],0,[0],[0],[0]],[[{"name":"wh_vfx_c_02_00","rect":[315,457,3,3],"offset":[-76,228.5],"originalSize":[155,460],"capInsets":[0,0,0,0]}],[0],0,[0],[0],[0]]]]