[1,["06q0vzfmZLL55zNIQpoOJG","cd2AfZukVKuo0RDKkZuQ6W","88OCUVne5KZoplo5PmBIcu","70S6tov5FJu4g68io0D6Kz","7csQ6Bk4pKZIipsvy5xyjb","05mCq5SDhJUZHmA+76WwR2","8eNQ5GxZJBt4oqLIYgzIme","496wO2fSdKFZNsQZfYz2h0","a2DJcY/iZF9ox8flMMd+VU","7es33EoQNCD79C3fvoX8v9","57YhQAviNB45NSHZ8HrTsZ","betCs15rBCtKLJj5HbclmG","d0uwim3SZGwYc/rZ11n/Jp","01XhzXkd5JRZMKW+hprGgd","b2hm3CLmpJ1L045s2Pvdw3","3fzxzBgJhJto5xWV/R19dT","87Q9SumjlMRKHdIx99KMXj","62avyeSANGXpORdl4wDuwW","f4hAijca1DEIqY/+SF3RZL","4f2IDiBs5DnY38/HFWtnkB","a2lO139n5CH5z1d671BYV1","a53FHx20hI8YVTKNVHc85U","24y/zcVYdJU6Ad+PEt33YG","c5mgicYOVAM77yij69thz2","a9Z0+Ej9VBQKQg7eDWb5tl","b0wNJo6/hLAZlDDtn7EqR0","deZ0xch/NG7K7wLLxn0ex1","0ecQ+bQatOQYAeGrrxNf6F","269yxv1DhJL7akxy2pbC/L","57EjzWF15L/IzPHIGRc60c","54doHLqkdAQplgnqu/kFga","b00UKrODdLxrJnLMwrVGqh","98Z7WQEzZP9ZLQhyL9/xeE"],["_textureSetter","h_wheel_frame_a","l_q","h_car","h_tools","h_pump","h_wheel_frame_c","s_mult_a","h_car_frame_b","h_wheel_frame_b","l_frame_a","h_wheel","h_tools_frame_a","l_10","l_j","h_gloves_frame_a","h_tools_frame_c","h_car_frame_a","h_gloves","h_pump_frame_c","l_a","l_k","s_mult_c","h_gloves_frame_b","s_mult_b","h_gloves_frame_c","h_pump_frame_b","h_pump_frame_a","l_frame_b","h_tools_frame_b","l_frame_c","h_car_frame_c","s_symbol"],["cc.SpriteFrame",["cc.SpriteAtlas",["_name","_spriteFrames"],2,11]],[[1,0,1,2]],[[[{"name":"l_10","rect":[1093,729,114,90],"offset":[0,0],"originalSize":[350,350],"capInsets":[0,0,0,0]}],[0],0,[0],[0],[0]],[[{"name":"h_pump","rect":[543,729,172,170],"offset":[-1,3],"originalSize":[350,350],"capInsets":[0,0,0,0]}],[0],0,[0],[0],[0]],[[{"name":"h_pump_frame_a","rect":[183,551,178,184],"offset":[0,0],"originalSize":[350,350],"capInsets":[0,0,0,0]}],[0],0,[0],[0],[0]],[[{"name":"s_mult_c","rect":[1,1,180,550],"offset":[-1,1],"originalSize":[480,760],"capInsets":[0,0,0,0]}],[0],0,[0],[0],[0]],[[{"name":"l_frame_b","rect":[911,549,178,366],"offset":[0,0],"originalSize":[350,736],"rotated":1,"capInsets":[0,0,0,0]}],[0],0,[0],[0],[0]],[[{"name":"s_mult_a","rect":[1,553,180,186],"offset":[-1,1],"originalSize":[480,480],"capInsets":[0,0,0,0]}],[0],0,[0],[0],[0]],[[{"name":"h_pump_frame_c","rect":[723,1,178,546],"offset":[0,0],"originalSize":[350,736],"capInsets":[0,0,0,0]}],[0],0,[0],[0],[0]],[[{"name":"l_frame_c","rect":[363,1,178,548],"offset":[0,0],"originalSize":[350,736],"capInsets":[0,0,0,0]}],[0],0,[0],[0],[0]],[[{"name":"h_tools_frame_b","rect":[1805,1,178,366],"offset":[0,0],"originalSize":[350,736],"capInsets":[0,0,0,0]}],[0],0,[0],[0],[0]],[[{"name":"l_frame_a","rect":[1465,549,178,184],"offset":[0,0],"originalSize":[350,350],"rotated":1,"capInsets":[0,0,0,0]}],[0],0,[0],[0],[0]],[[{"name":"h_car_frame_a","rect":[1631,369,178,184],"offset":[0,0],"originalSize":[350,350],"rotated":1,"capInsets":[0,0,0,0]}],[0],0,[0],[0],[0]],[[{"name":"h_car","rect":[915,729,176,168],"offset":[-1,-3],"originalSize":[350,350],"capInsets":[0,0,0,0]}],[0],0,[0],[0],[0]],[[{"name":"h_tools","rect":[183,737,162,182],"offset":[-1,9],"originalSize":[350,350],"rotated":1,"capInsets":[0,0,0,0]}],[0],0,[0],[0],[0]],[[{"name":"h_wheel_frame_b","rect":[543,549,178,366],"offset":[0,0],"originalSize":[350,736],"rotated":1,"capInsets":[0,0,0,0]}],[0],0,[0],[0],[0]],[[{"name":"h_tools_frame_c","rect":[903,1,178,546],"offset":[0,0],"originalSize":[350,736],"capInsets":[0,0,0,0]}],[0],0,[0],[0],[0]],[[{"name":"l_q","rect":[1209,729,94,108],"offset":[-1,1],"originalSize":[350,350],"rotated":1,"capInsets":[0,0,0,0]}],[0],0,[0],[0],[0]],[[{"name":"h_wheel_frame_c","rect":[1083,1,178,546],"offset":[0,0],"originalSize":[350,736],"capInsets":[0,0,0,0]}],[0],0,[0],[0],[0]],[[{"name":"s_symbol","rect":[1765,555,178,184],"offset":[0,0],"originalSize":[178,184],"rotated":1,"capInsets":[0,0,0,0]}],[0],0,[0],[0],[0]],[[{"name":"h_car_frame_b","rect":[1445,1,178,366],"offset":[0,0],"originalSize":[350,736],"capInsets":[0,0,0,0]}],[0],0,[0],[0],[0]],[[{"name":"l_a","rect":[367,737,104,106],"offset":[0,1],"originalSize":[350,350],"capInsets":[0,0,0,0]}],[0],0,[0],[0],[0]],[[{"name":"l_k","rect":[1651,549,112,106],"offset":[-1,1],"originalSize":[350,350],"capInsets":[0,0,0,0]}],[0],0,[0],[0],[0]],[[{"name":"s_mult_b","rect":[1263,1,180,366],"offset":[-1,0],"originalSize":[480,480],"capInsets":[0,0,0,0]}],[0],0,[0],[0],[0]],[[{"name":"h_car_frame_c","rect":[183,1,178,548],"offset":[0,0],"originalSize":[350,736],"capInsets":[0,0,0,0]}],[0],0,[0],[0],[0]],[[{"name":"l_j","rect":[1319,729,82,90],"offset":[1,0],"originalSize":[350,350],"capInsets":[0,0,0,0]}],[0],0,[0],[0],[0]],[[{"name":"h_wheel","rect":[717,729,164,196],"offset":[7,13],"originalSize":[350,350],"rotated":1,"capInsets":[0,0,0,0]}],[0],0,[0],[0],[0]],[[{"name":"h_gloves_frame_b","rect":[1625,1,178,366],"offset":[0,0],"originalSize":[350,736],"capInsets":[0,0,0,0]}],[0],0,[0],[0],[0]],[[{"name":"h_wheel_frame_a","rect":[1279,549,178,184],"offset":[0,0],"originalSize":[350,350],"rotated":1,"capInsets":[0,0,0,0]}],[0],0,[0],[0],[0]],[[{"name":"h_tools_frame_a","rect":[363,551,178,184],"offset":[0,0],"originalSize":[350,350],"capInsets":[0,0,0,0]}],[0],0,[0],[0],[0]],[[[0,"Alats59.plist",[{},"h_wheel_frame_a",6,0,"l_q",6,1,"h_car",6,2,"h_tools",6,3,"h_pump",6,4,"h_wheel_frame_c",6,5,"s_mult_a",6,6,"h_car_frame_b",6,7,"h_wheel_frame_b",6,8,"l_frame_a",6,9,"h_wheel",6,10,"h_tools_frame_a",6,11,"l_10",6,12,"l_j",6,13,"h_gloves_frame_a",6,14,"h_tools_frame_c",6,15,"h_car_frame_a",6,16,"h_gloves",6,17,"h_pump_frame_c",6,18,"l_a",6,19,"l_k",6,20,"s_mult_c",6,21,"h_gloves_frame_b",6,22,"s_mult_b",6,23,"h_gloves_frame_c",6,24,"h_pump_frame_b",6,25,"h_pump_frame_a",6,26,"l_frame_b",6,27,"h_tools_frame_b",6,28,"l_frame_c",6,29,"h_car_frame_c",6,30,"s_symbol",6,31]]],0,0,[0,0,0,0,0,0,0,0,0,0,0,0,0,0,0,0,0,0,0,0,0,0,0,0,0,0,0,0,0,0,0,0],[1,2,3,4,5,6,7,8,9,10,11,12,13,14,15,16,17,18,19,20,21,22,23,24,25,26,27,28,29,30,31,32],[1,2,3,4,5,6,7,8,9,10,11,12,13,14,15,16,17,18,19,20,21,22,23,24,25,26,27,28,29,30,31,32]],[[{"name":"h_pump_frame_b","rect":[1263,369,178,366],"offset":[0,0],"originalSize":[350,736],"rotated":1,"capInsets":[0,0,0,0]}],[0],0,[0],[0],[0]],[[{"name":"h_gloves","rect":[1,741,150,160],"offset":[0,0],"originalSize":[350,350],"rotated":1,"capInsets":[0,0,0,0]}],[0],0,[0],[0],[0]]]]