[1,["f2slldTrBL8IvxkM5QqNGp"],["_textureSetter"],["cc.SpriteFrame"],0,[[[{"name":"fs_vfx_a_screen_02","rect":[1,168,167,649],"offset":[-3,0],"originalSize":[173,665],"rotated":1,"capInsets":[0,0,0,0]}],[0],0,[0],[0],[0]],[[{"name":"fs_vfx_a_screen_17","rect":[1303,846,167,649],"offset":[-3,0],"originalSize":[173,665],"rotated":1,"capInsets":[0,0,0,0]}],[0],0,[0],[0],[0]],[[{"name":"fs_vfx_a_screen_10","rect":[1303,508,167,649],"offset":[-3,0],"originalSize":[173,665],"rotated":1,"capInsets":[0,0,0,0]}],[0],0,[0],[0],[0]],[[{"name":"fs_vfx_a_screen_14","rect":[1,844,167,649],"offset":[-3,0],"originalSize":[173,665],"rotated":1,"capInsets":[0,0,0,0]}],[0],0,[0],[0],[0]],[[{"name":"fs_vfx_a_screen_06","rect":[652,339,167,649],"offset":[-3,0],"originalSize":[173,665],"rotated":1,"capInsets":[0,0,0,0]}],[0],0,[0],[0],[0]],[[{"name":"fs_vfx_a_screen_15","rect":[652,846,167,649],"offset":[-3,0],"originalSize":[173,665],"rotated":1,"capInsets":[0,0,0,0]}],[0],0,[0],[0],[0]],[[{"name":"fs_vfx_a_screen_13","rect":[1303,677,167,649],"offset":[-3,0],"originalSize":[173,665],"rotated":1,"capInsets":[0,0,0,0]}],[0],0,[0],[0],[0]],[[{"name":"fs_vfx_a_screen_09","rect":[652,508,167,649],"offset":[-3,0],"originalSize":[173,665],"rotated":1,"capInsets":[0,0,0,0]}],[0],0,[0],[0],[0]],[[{"name":"fs_vfx_a_screen_04","rect":[1303,170,167,649],"offset":[-3,0],"originalSize":[173,665],"rotated":1,"capInsets":[0,0,0,0]}],[0],0,[0],[0],[0]],[[{"name":"fs_vfx_a_screen_08","rect":[1,506,167,649],"offset":[-3,0],"originalSize":[173,665],"rotated":1,"capInsets":[0,0,0,0]}],[0],0,[0],[0],[0]],[[{"name":"fs_vfx_a_screen_12","rect":[652,677,167,649],"offset":[-3,0],"originalSize":[173,665],"rotated":1,"capInsets":[0,0,0,0]}],[0],0,[0],[0],[0]],[[{"name":"fs_vfx_a_screen_16","rect":[1,1,165,649],"offset":[-4,0],"originalSize":[173,665],"rotated":1,"capInsets":[0,0,0,0]}],[0],0,[0],[0],[0]],[[{"name":"fs_vfx_a_screen_07","rect":[1303,339,167,649],"offset":[-3,0],"originalSize":[173,665],"rotated":1,"capInsets":[0,0,0,0]}],[0],0,[0],[0],[0]],[[{"name":"fs_vfx_a_screen_03","rect":[652,170,167,649],"offset":[-3,0],"originalSize":[173,665],"rotated":1,"capInsets":[0,0,0,0]}],[0],0,[0],[0],[0]],[[{"name":"fs_vfx_a_screen_00","rect":[652,1,167,649],"offset":[-3,0],"originalSize":[173,665],"rotated":1,"capInsets":[0,0,0,0]}],[0],0,[0],[0],[0]],[[{"name":"fs_vfx_a_screen_19","rect":[652,1015,167,649],"offset":[-3,0],"originalSize":[173,665],"rotated":1,"capInsets":[0,0,0,0]}],[0],0,[0],[0],[0]],[[{"name":"fs_vfx_a_screen_01","rect":[1303,1,167,649],"offset":[-3,0],"originalSize":[173,665],"rotated":1,"capInsets":[0,0,0,0]}],[0],0,[0],[0],[0]],[[{"name":"fs_vfx_a_screen_11","rect":[1,675,167,649],"offset":[-3,0],"originalSize":[173,665],"rotated":1,"capInsets":[0,0,0,0]}],[0],0,[0],[0],[0]],[[{"name":"fs_vfx_a_screen_18","rect":[1,1013,167,649],"offset":[-3,0],"originalSize":[173,665],"rotated":1,"capInsets":[0,0,0,0]}],[0],0,[0],[0],[0]],[[{"name":"fs_vfx_a_screen_05","rect":[1,337,167,649],"offset":[-3,0],"originalSize":[173,665],"rotated":1,"capInsets":[0,0,0,0]}],[0],0,[0],[0],[0]]]]