[1,["a5Yfzh+cJKm6Lj1Ewy3ect"],["_textureSetter"],["cc.SpriteFrame"],0,[[[{"name":"ui_bg_vfx_a_add_06","rect":[1,1081,540,268],"offset":[0,0],"originalSize":[540,268],"capInsets":[0,0,0,0]}],[0],0,[0],[0],[0]],[[{"name":"ui_bg_vfx_a_add_02","rect":[1,271,540,268],"offset":[0,0],"originalSize":[540,268],"capInsets":[0,0,0,0]}],[0],0,[0],[0],[0]],[[{"name":"ui_bg_vfx_a_add_09","rect":[1,1621,540,268],"offset":[0,0],"originalSize":[540,268],"capInsets":[0,0,0,0]}],[0],0,[0],[0],[0]],[[{"name":"ui_bg_vfx_a_add_08","rect":[1,1351,540,268],"offset":[0,0],"originalSize":[540,268],"capInsets":[0,0,0,0]}],[0],0,[0],[0],[0]],[[{"name":"ui_bg_vfx_a_add_03","rect":[1,541,540,268],"offset":[0,0],"originalSize":[540,268],"capInsets":[0,0,0,0]}],[0],0,[0],[0],[0]],[[{"name":"ui_bg_vfx_a_add_07","rect":[543,1085,540,268],"offset":[0,0],"originalSize":[540,268],"rotated":1,"capInsets":[0,0,0,0]}],[0],0,[0],[0],[0]],[[{"name":"ui_bg_vfx_a_add_05","rect":[1,811,540,268],"offset":[0,0],"originalSize":[540,268],"capInsets":[0,0,0,0]}],[0],0,[0],[0],[0]],[[{"name":"ui_bg_vfx_a_add_01","rect":[543,1,540,268],"offset":[0,0],"originalSize":[540,268],"rotated":1,"capInsets":[0,0,0,0]}],[0],0,[0],[0],[0]],[[{"name":"ui_bg_vfx_a_add_00","rect":[1,1,540,268],"offset":[0,0],"originalSize":[540,268],"capInsets":[0,0,0,0]}],[0],0,[0],[0],[0]],[[{"name":"ui_bg_vfx_a_add_04","rect":[543,543,540,268],"offset":[0,0],"originalSize":[540,268],"rotated":1,"capInsets":[0,0,0,0]}],[0],0,[0],[0],[0]]]]