[1,["58LdlT1nhDgrLsB3nCOhCm"],0,[["sp.SkeletonData",["_name","_atlasText","textureNames","_skeletonJson","textures"],-1,3]],[[0,0,1,2,3,4,5]],[[0,"EFFECT_LODE","\r\nEFFECT_LODE.png\r\nsize: 278,278\r\nformat: RGBA8888\r\nfilter: MipMapNearestLinear,MipMapNearestLinear\r\nrepeat: none\r\nA1\r\n  rotate: false\r\n  xy: 2, 186\r\n  size: 243, 90\r\n  orig: 243, 90\r\n  offset: 0, 0\r\n  index: -1\r\nA2\r\n  rotate: false\r\n  xy: 2, 94\r\n  size: 243, 90\r\n  orig: 243, 90\r\n  offset: 0, 0\r\n  index: -1\r\nA3\r\n  rotate: false\r\n  xy: 2, 2\r\n  size: 243, 90\r\n  orig: 243, 90\r\n  offset: 0, 0\r\n  index: -1\r\n",["EFFECT_LODE.png"],{"skeleton":{"hash":"mBx7oCo9PWMwohBGbT0HwzvV5Go","spine":"3.7.93","width":243,"height":90,"images":"/Users/sam/Documents/JOB/Go88/LoDe/Effect/Buttonselect","audio":""},"bones":[{"name":"root"},{"name":"bone","parent":"root"},{"name":"bone2","parent":"root"},{"name":"bone3","parent":"root"}],"slots":[{"name":"A1","bone":"bone","attachment":"A1"},{"name":"A2","bone":"bone2","attachment":"A2"},{"name":"A3","bone":"bone3","attachment":"A3"}],"skins":{"default":{"A1":{"A1":{"x":0.5,"width":243,"height":90}},"A2":{"A2":{"x":0.5,"width":243,"height":90}},"A3":{"A3":{"x":0.5,"width":243,"height":90}}}},"animations":{"animation":{"slots":{"A2":{"color":[{"time":0,"color":"ffffff00"},{"time":1,"color":"ffffffff"},{"time":1.3333,"color":"ffffff00"}]},"A3":{"color":[{"time":0,"color":"ffffffff"},{"time":0.3333,"color":"ffffff00","curve":"stepped"},{"time":0.7667,"color":"ffffff00"},{"time":0.8333,"color":"ffffffff"},{"time":1.1667,"color":"ffffff00"}]}},"bones":{"bone3":{"scale":[{"time":0,"x":1,"y":1},{"time":0.3333,"x":1.1,"y":1.2},{"time":0.8333,"x":1,"y":1},{"time":1.1667,"x":1.1,"y":1.2}]}}}}},[0]]],0,0,[0],[-1],[0]]