[1,["90pUXRTcNP6LO4oh6F8q6u"],["_textureSetter"],["cc.SpriteFrame"],0,[[[{"name":"bw_vfx_f_11","rect":[991,343,306,515],"offset":[-20,-14],"originalSize":[346,749],"rotated":1,"capInsets":[0,0,0,0]}],[0],0,[0],[0],[0]],[[{"name":"bw_vfx_f_19","rect":[1289,999,272,459],"offset":[16,-5],"originalSize":[346,749],"rotated":1,"capInsets":[0,0,0,0]}],[0],0,[0],[0],[0]],[[{"name":"bw_vfx_f_16","rect":[1,740,346,691],"offset":[0,-16],"originalSize":[346,749],"capInsets":[0,0,0,0]}],[0],0,[0],[0],[0]],[[{"name":"bw_vfx_f_05","rect":[1,1433,196,225],"offset":[5,2],"originalSize":[346,749],"rotated":1,"capInsets":[0,0,0,0]}],[0],0,[0],[0],[0]],[[{"name":"bw_vfx_f_12","rect":[697,661,316,545],"offset":[-15,-28],"originalSize":[346,749],"capInsets":[0,0,0,0]}],[0],0,[0],[0],[0]],[[{"name":"bw_vfx_f_17","rect":[1,1,346,737],"offset":[0,-6],"originalSize":[346,749],"capInsets":[0,0,0,0]}],[0],0,[0],[0],[0]],[[{"name":"bw_vfx_f_10","rect":[1289,651,346,467],"offset":[0,-10],"originalSize":[346,749],"rotated":1,"capInsets":[0,0,0,0]}],[0],0,[0],[0],[0]],[[{"name":"bw_vfx_f_13","rect":[388,335,324,601],"offset":[-11,-31],"originalSize":[346,749],"rotated":1,"capInsets":[0,0,0,0]}],[0],0,[0],[0],[0]],[[{"name":"bw_vfx_f_04","rect":[228,1433,158,181],"offset":[2,2],"originalSize":[346,749],"capInsets":[0,0,0,0]}],[0],0,[0],[0],[0]],[[{"name":"bw_vfx_f_06","rect":[1508,343,232,273],"offset":[9,1],"originalSize":[346,749],"capInsets":[0,0,0,0]}],[0],0,[0],[0],[0]],[[{"name":"bw_vfx_f_03","rect":[1034,1128,122,137],"offset":[0,0],"originalSize":[346,749],"capInsets":[0,0,0,0]}],[0],0,[0],[0],[0]],[[{"name":"bw_vfx_f_18","rect":[349,661,346,597],"offset":[0,76],"originalSize":[346,749],"capInsets":[0,0,0,0]}],[0],0,[0],[0],[0]],[[{"name":"bw_vfx_f_15","rect":[1047,1,340,643],"offset":[-3,-14],"originalSize":[346,749],"rotated":1,"capInsets":[0,0,0,0]}],[0],0,[0],[0],[0]],[[{"name":"bw_vfx_f_01","rect":[1692,1,56,59],"offset":[0,0],"originalSize":[346,749],"rotated":1,"capInsets":[0,0,0,0]}],[0],0,[0],[0],[0]],[[{"name":"bw_vfx_f_02","rect":[1158,1128,86,99],"offset":[-1,0],"originalSize":[346,749],"rotated":1,"capInsets":[0,0,0,0]}],[0],0,[0],[0],[0]],[[{"name":"bw_vfx_f_09","rect":[700,1208,332,417],"offset":[7,-7],"originalSize":[346,749],"capInsets":[0,0,0,0]}],[0],0,[0],[0],[0]],[[{"name":"bw_vfx_f_21","rect":[1306,1273,276,363],"offset":[20,-67],"originalSize":[346,749],"rotated":1,"capInsets":[0,0,0,0]}],[0],0,[0],[0],[0]],[[{"name":"bw_vfx_f_08","rect":[388,1260,310,367],"offset":[14,-4],"originalSize":[346,749],"capInsets":[0,0,0,0]}],[0],0,[0],[0],[0]],[[{"name":"bw_vfx_f_14","rect":[388,1,332,657],"offset":[-7,-36],"originalSize":[346,749],"rotated":1,"capInsets":[0,0,0,0]}],[0],0,[0],[0],[0]],[[{"name":"bw_vfx_f_20","rect":[1015,651,272,475],"offset":[19,-5],"originalSize":[346,749],"capInsets":[0,0,0,0]}],[0],0,[0],[0],[0]],[[{"name":"bw_vfx_f_07","rect":[1034,1273,270,321],"offset":[12,-1],"originalSize":[346,749],"capInsets":[0,0,0,0]}],[0],0,[0],[0],[0]]]]