[1,["e6mWAY101MfJqqX0TU05vb","4aIoppd19HwadZBalqLHXF","31dcCKpX9LT5Cl2CFT7yXg","abGEQ+vwVF6aHcMyTYrps3","2bcDhnVHpFH5RhLSNrxUIy","f1G680BXNMDoOlXJXZVWom","8fk0Q9kopNr6gT11r4cl5e","eezTelHGhArY6y7eukmF5+","c9bfir8TZBqoRTrOX1Sln1","ffnyd/o/VOE4MWA+Ub/XIC","6cfBOKrqpJubYJO+ZcqCT/","5bKD3eM1xMP7vjNj81i51U","12Nwa4HwZJ6L891qzJ9Ym4","38FuldS2JJdbGE9dZzdlKB","5c5ejMja5CYrTIRoWF9hPY","24rpmptttB4pVq7aMq9w28","dfGR6vJaVIS5jOBKv/7bIG","62oihGGvhFTbLpN2+4Pnzl","d5qOSBd0RDT5y2bedxl2WJ","309J5tAqtIpI403+5hkWeT","1bN8Yn3q1Dl4degcSI1vWn","65ghTteqpOnJhufja79vHQ","c0vAuZaIZM8YNqbhX6kFOd","d1YsKrurxJGofTe/LN/roL","2fTSi7pI1LQJXXeSBK/55f","8dYATFJDtKgY3SIFAuBC9e","42GdTzOJFAUKjf08sI4SI8","3fheTGljRNyaThMQvL+TRb","40cu+dG6VI7Yk71Padiqx+","9cTX5+wG5FN4w8O7ShPkma","9aVN8l3d9KCLEmswesGW/c","9dc9LsAfFKMbVUoo8A2SKb","ef0ceXsOdAYJRDxGqKjT3r","0chfcpW9hMGZdIZ0RieCvN","eeEH2nMwFAxKraGPKW9aSN","aaH/HftsRKhqa9cyqm0wKE","f1FH1t+oFJn4adhITXYG4L","aeq4T1YX5K2a+lPSTNjGZD","94WFO0GS9AlZ2Zh9oWTFsZ","delKmNhYRDQ6htpWha9VUg","843UBDDHFEjp8zTvbG5YSz","11srSSPLFBjbnKg0suGUc0","87J0mnKDlNHqdU6T4DWgRI","39/s5LdFxLg4RAnkrPXCcG","f5Z0lGf6BDPZqQXgKXWe8B","15B0ZYbpBIBrrgCUrRq8Ie"],["_textureSetter","3","4","5","6","7","8","9","10","11","12","13","14","15","16","17","18","18x","3x","bgSoiCau","boxchat","btnDen","btnDo","btnTrang","btnXingau1","btnXingau1Unsellect","btnXingau2","btnXingau2Unsellect","btnXingau3","btnXingau3Unsellect","buttonGui","cauden","cautrang","icXingau1","icXingau2","icXingau3","icoExit","icoNext","icoNextCopy","line1","line2","line3","line5","lineBoder2","lineBoder3","lineLSP"],["cc.SpriteFrame",["cc.SpriteAtlas",["_name","_spriteFrames"],2,11]],[[1,0,1,2]],[[[{"name":"line3","rect":[1024,280,55,3],"offset":[0,0],"originalSize":[55,3],"rotated":1,"capInsets":[0,0,0,0]}],[0],0,[0],[0],[0]],[[{"name":"18x","rect":[842,386,23,23],"offset":[0,0],"originalSize":[23,23],"capInsets":[0,0,0,0]}],[0],0,[0],[0],[0]],[[{"name":"btnDen","rect":[516,386,144,29],"offset":[0,0],"originalSize":[144,29],"capInsets":[0,0,0,0]}],[0],0,[0],[0],[0]],[[{"name":"line2","rect":[1024,223,55,3],"offset":[0,0],"originalSize":[55,3],"rotated":1,"capInsets":[0,0,0,0]}],[0],0,[0],[0],[0]],[[{"name":"line5","rect":[1029,166,55,3],"offset":[0,0],"originalSize":[55,3],"rotated":1,"capInsets":[0,0,0,0]}],[0],0,[0],[0],[0]],[[{"name":"icoNextCopy","rect":[965,374,23,35],"offset":[0,0],"originalSize":[23,35],"rotated":1,"capInsets":[0,0,0,0]}],[0],0,[0],[0],[0]],[[{"name":"btnDo","rect":[367,386,147,29],"offset":[0,0],"originalSize":[147,29],"capInsets":[0,0,0,0]}],[0],0,[0],[0],[0]],[[{"name":"btnTrang","rect":[934,329,80,29],"offset":[0,0],"originalSize":[80,29],"rotated":1,"capInsets":[0,0,0,0]}],[0],0,[0],[0],[0]],[[{"name":"3x","rect":[1002,358,23,23],"offset":[0,0],"originalSize":[23,23],"capInsets":[0,0,0,0]}],[0],0,[0],[0],[0]],[[{"name":"line1","rect":[1024,166,55,3],"offset":[0,0],"originalSize":[55,3],"rotated":1,"capInsets":[0,0,0,0]}],[0],0,[0],[0],[0]],[[[0,"Alats5.plist",[{},"3",6,0,"4",6,1,"5",6,2,"6",6,3,"7",6,4,"8",6,5,"9",6,6,"10",6,7,"11",6,8,"12",6,9,"13",6,10,"14",6,11,"15",6,12,"16",6,13,"17",6,14,"18",6,15,"18x",6,16,"3x",6,17,"bgSoiCau",6,18,"boxchat",6,19,"btnDen",6,20,"btnDo",6,21,"btnTrang",6,22,"btnXingau1",6,23,"btnXingau1Unsellect",6,24,"btnXingau2",6,25,"btnXingau2Unsellect",6,26,"btnXingau3",6,27,"btnXingau3Unsellect",6,28,"buttonGui",6,29,"cauden",6,30,"cautrang",6,31,"icXingau1",6,32,"icXingau2",6,33,"icXingau3",6,34,"icoExit",6,35,"icoNext",6,36,"icoNextCopy",6,37,"line1",6,38,"line2",6,39,"line3",6,40,"line5",6,41,"lineBoder2",6,42,"lineBoder3",6,43,"lineLSP",6,44]]],0,0,[0,0,0,0,0,0,0,0,0,0,0,0,0,0,0,0,0,0,0,0,0,0,0,0,0,0,0,0,0,0,0,0,0,0,0,0,0,0,0,0,0,0,0,0,0],[1,2,3,4,5,6,7,8,9,10,11,12,13,14,15,16,17,18,19,20,21,22,23,24,25,26,27,28,29,30,31,32,33,34,35,36,37,38,39,40,41,42,43,44,45],[1,2,3,4,5,6,7,8,9,10,11,12,13,14,15,16,17,18,19,20,21,22,23,24,25,26,27,28,29,30,31,32,33,34,35,36,37,38,39,40,41,42,43,44,45]],[[{"name":"icoExit","rect":[327,342,73,38],"offset":[0,0],"originalSize":[73,38],"rotated":1,"capInsets":[0,0,0,0]}],[0],0,[0],[0],[0]],[[{"name":"lineBoder3","rect":[1,319,21,386],"offset":[0,0],"originalSize":[21,386],"rotated":1,"capInsets":[0,0,0,0]}],[0],0,[0],[0],[0]]]]