[1,["f3z0PDoW9HOapTkr3xJ07L","30vMs2dZBJY7GnnAui8WsX","4dznSmd09NcoWLs4cv7JTD","1fDHa1/15AJ6hqKlu17LOb","51ENhTBBlDrqMCTX77jkMr","3aiqHeKiZIz4nSsEpY2cVA","d2O4XiBhNAYZ9uu8xRFxTn","cdXjQtYslCTII5dfBguVwe"],["value","_textureSetter"],["cc.SpriteFrame",["cc.AnimationClip",["_name","_duration","curveData"],1,11]],[[1,0,1,2,3]],[[[[0,"ShowMega",0.38333333333333336,[{},"paths",11,[{},"ParentRong",11,[{},"props",11,[{},"scale",12,[[[{"frame":0,"curve":[0.18,0.89,0.31,1.21]},"value",8,[0,0,0]],[{"frame":0.38333333333333336},"value",8,[0,1.1,1.1]]],11,11]]],"ParentRong/duoi",11,[{},"comps",11,[{},"cc.Sprite",11,[{},"spriteFrame",12,[[[{"frame":0},"value",6,0]],11]]]],"ParentRong/than",11,[{},"comps",11,[{},"cc.Sprite",11,[{},"spriteFrame",12,[[[{"frame":0},"value",6,1]],11]]]],"ParentRong/Dau",11,[{},"comps",11,[{},"cc.Sprite",11,[{},"spriteFrame",12,[[[{"frame":0},"value",6,2]],11]]]],"ParentMoney",11,[{},"props",11,[{},"scale",12,[[[{"frame":0},"value",8,[0,1,1]],[{"frame":0.18333333333333332},"value",8,[0,1.2,1.2]],[{"frame":0.35},"value",8,[0,1,1]]],11,11,11]]],"ParentMoney/bw",11,[{},"comps",11,[{},"cc.Sprite",11,[{},"spriteFrame",12,[[[{"frame":0},"value",6,3]],11]]]]]]]],0,0,[0,0,0,0],[0,0,0,0],[0,1,2,3]],[[{"name":"mw","rect":[1,0,668,165],"offset":[0,0.5],"originalSize":[670,166],"capInsets":[0,0,0,0]}],[0],0,[0],[1],[4]],[[{"name":"bw_vfx_g_05_normal","rect":[0,0,412,430],"offset":[0,0],"originalSize":[412,430],"capInsets":[0,0,0,0]}],[0],0,[0],[1],[5]],[[{"name":"bw_vfx_g_06_normal","rect":[0,0,756,601],"offset":[0,0],"originalSize":[756,601],"capInsets":[0,0,0,0]}],[0],0,[0],[1],[6]],[[{"name":"bw_vfx_g_04_normal","rect":[1,0,333,236],"offset":[0.5,0],"originalSize":[334,236],"capInsets":[0,0,0,0]}],[0],0,[0],[1],[7]]]]