[1,["68+zItlu5GH5tbGWN1u1Cr","72XOQDgJRNyZG9M+fhxdmD","0a0X15kE9Cm4KZOv1TaQJO","96n2kn1XxAQKiIsFqtPWlT","d56hmd/5VBh4ZdzGcieSv/","87OCaYsbhEjbLRwfkRPcnz","d0+isl2/lLL5U1RaLcwpMJ","b5TJeGkStEHZ06F2je963p","33RkXsg6hOc4qSirwFMHpn","07JS5EWlBMHJu4QF9Worwf","aa7tLJcVZIsKrBTrJousIh","a6MXkYHqxCLqE0QBc7dSOq","e4ZsQ375BFO4RCk/E3oRkf","47VAnZ5BxIF6Jq2+aguy4Y","e77gQ+2/RMAIaaz5f1t4YM","97+VESJyRIBKsOuBM5JFp3","3bXFGDBwNNoYhgBh1K6Eq3","ffI/nxovVNcZ9bGnURIByg","b1K3uE2KpGubEH3nAuFBAM","a4WSAyvOtP4693txoRfgZO","6aICOfhnROJYSUa1gdbF1p","ddkJabpXJIo6oEmLgpXuLD","eadEkufNBDSLic2mphHMY8","76McaLjmhCO7M79Lpqa5b5","b9XAzh8rFB+6Idqh/qGPnK","62APLaD09N0pG5B2kxtSNJ"],["value","_textureSetter"],["cc.SpriteFrame",["cc.AnimationClip",["_name","_duration","sample","wrapMode","curveData"],-1,11]],[[1,0,1,2,3,4,5]],[[[{"name":"fs_vfx_b_screen_06","rect":[0,0,147,390],"offset":[0,0],"originalSize":[147,390],"capInsets":[0,0,0,0]}],[0],0,[0],[1],[1]],[[{"name":"fs_vfx_b_screen_05","rect":[0,0,147,390],"offset":[0,0],"originalSize":[147,390],"capInsets":[0,0,0,0]}],[0],0,[0],[1],[2]],[[{"name":"fs_vfx_b_screen_10","rect":[0,0,147,390],"offset":[0,0],"originalSize":[147,390],"capInsets":[0,0,0,0]}],[0],0,[0],[1],[3]],[[[0,"NearWin1",0.9333333333333333,15,2,[{},"comps",11,[{},"cc.Sprite",11,[{},"spriteFrame",12,[[[{"frame":0},"value",6,0],[{"frame":0.06666666666666667},"value",6,1],[{"frame":0.13333333333333333},"value",6,2],[{"frame":0.2},"value",6,3],[{"frame":0.26666666666666666},"value",6,4],[{"frame":0.3333333333333333},"value",6,5],[{"frame":0.4},"value",6,6],[{"frame":0.4666666666666667},"value",6,7],[{"frame":0.5333333333333333},"value",6,8],[{"frame":0.6},"value",6,9],[{"frame":0.6666666666666666},"value",6,10],[{"frame":0.7333333333333333},"value",6,11],[{"frame":0.8},"value",6,12],[{"frame":0.8666666666666667},"value",6,13]],11,11,11,11,11,11,11,11,11,11,11,11,11,11]]]]]],0,0,[0,0,0,0,0,0,0,0,0,0,0,0,0,0],[0,0,0,0,0,0,0,0,0,0,0,0,0,0],[0,0,4,5,6,7,8,9,10,11,12,13,14,15]],[[{"name":"fs_vfx_b_screen_00","rect":[0,0,147,390],"offset":[0,0],"originalSize":[147,390],"capInsets":[0,31,0,35]}],[0],0,[0],[1],[16]],[[{"name":"fs_vfx_b_screen_02","rect":[0,0,147,390],"offset":[0,0],"originalSize":[147,390],"capInsets":[0,0,0,0]}],[0],0,[0],[1],[17]],[[{"name":"fs_vfx_b_screen_12","rect":[0,0,147,390],"offset":[0,0],"originalSize":[147,390],"capInsets":[0,0,0,0]}],[0],0,[0],[1],[18]],[[{"name":"fs_vfx_b_screen_08","rect":[0,0,147,390],"offset":[0,0],"originalSize":[147,390],"capInsets":[0,0,0,0]}],[0],0,[0],[1],[19]],[[{"name":"fs_vfx_b_screen_07","rect":[0,0,147,390],"offset":[0,0],"originalSize":[147,390],"capInsets":[0,0,0,0]}],[0],0,[0],[1],[20]],[[{"name":"fs_vfx_b_screen_04","rect":[0,0,147,390],"offset":[0,0],"originalSize":[147,390],"capInsets":[0,0,0,0]}],[0],0,[0],[1],[21]],[[{"name":"fs_vfx_b_screen_03","rect":[0,0,147,390],"offset":[0,0],"originalSize":[147,390],"capInsets":[0,0,0,0]}],[0],0,[0],[1],[22]],[[{"name":"fs_vfx_b_screen_01","rect":[0,0,147,390],"offset":[0,0],"originalSize":[147,390],"capInsets":[0,0,0,0]}],[0],0,[0],[1],[23]],[[{"name":"fs_vfx_b_screen_09","rect":[0,0,147,390],"offset":[0,0],"originalSize":[147,390],"capInsets":[0,0,0,0]}],[0],0,[0],[1],[24]],[[{"name":"fs_vfx_b_screen_11","rect":[0,0,147,390],"offset":[0,0],"originalSize":[147,390],"capInsets":[0,0,0,0]}],[0],0,[0],[1],[25]]]]